/*
MySQL Backup
Source Server Version: 5.0.45
Source Database: waretech_grandt_apertura2009
Date: 05/02/2010 16:44:14
*/


-- ----------------------------
--  Table structure for `access`
-- ----------------------------
DROP TABLE IF EXISTS `access`;
CREATE TABLE `access` (
  `id` bigint(20) NOT NULL auto_increment,
  `version` bigint(20) NOT NULL default '0',
  `value` varchar(255) NOT NULL,
  `description` varchar(255) NOT NULL,
  PRIMARY KEY  (`id`)
) ENGINE=InnoDB AUTO_INCREMENT=15 DEFAULT CHARSET=latin1;

-- ----------------------------
--  Table structure for `category`
-- ----------------------------
DROP TABLE IF EXISTS `category`;
CREATE TABLE `category` (
  `id` bigint(20) NOT NULL auto_increment,
  `version` bigint(20) NOT NULL default '0',
  `name` varchar(255) NOT NULL,
  PRIMARY KEY  (`id`),
  UNIQUE KEY `UK_PlayerPosition_name` (`name`)
) ENGINE=InnoDB AUTO_INCREMENT=3 DEFAULT CHARSET=latin1;

-- ----------------------------
--  Table structure for `club`
-- ----------------------------
DROP TABLE IF EXISTS `club`;
CREATE TABLE `club` (
  `id` bigint(20) NOT NULL auto_increment,
  `version` bigint(20) NOT NULL default '0',
  `name` varchar(255) NOT NULL,
  PRIMARY KEY  (`id`),
  UNIQUE KEY `UK_Club_name` (`name`)
) ENGINE=InnoDB AUTO_INCREMENT=47 DEFAULT CHARSET=latin1;

-- ----------------------------
--  Table structure for `match_`
-- ----------------------------
DROP TABLE IF EXISTS `match_`;
CREATE TABLE `match_` (
  `id` bigint(20) NOT NULL auto_increment,
  `version` bigint(20) NOT NULL default '0',
  `week` bigint(20) NOT NULL,
  `homeClub` bigint(20) NOT NULL,
  `awayClub` bigint(20) NOT NULL,
  `homeGoals` int(11) default NULL,
  `awayGoals` int(11) default NULL,
  `date` date default NULL,
  `time` time default NULL,
  PRIMARY KEY  (`id`),
  KEY `FK_Match_week` (`week`),
  KEY `FK_Match_homeClub` (`homeClub`),
  KEY `FK_Match_awayClub` (`awayClub`),
  CONSTRAINT `FK_Match_awayClub` FOREIGN KEY (`awayClub`) REFERENCES `club` (`id`),
  CONSTRAINT `FK_Match_homeClub` FOREIGN KEY (`homeClub`) REFERENCES `club` (`id`),
  CONSTRAINT `FK_Match_week` FOREIGN KEY (`week`) REFERENCES `week` (`id`)
) ENGINE=InnoDB AUTO_INCREMENT=192 DEFAULT CHARSET=latin1;

-- ----------------------------
--  Table structure for `player`
-- ----------------------------
DROP TABLE IF EXISTS `player`;
CREATE TABLE `player` (
  `id` bigint(20) NOT NULL auto_increment,
  `version` bigint(20) NOT NULL default '0',
  `firstname` varchar(255) NOT NULL,
  `lastname` varchar(255) NOT NULL,
  `number` int(2) default NULL,
  `club` bigint(20) NOT NULL,
  `position` bigint(20) NOT NULL,
  `value` varchar(255) NOT NULL,
  `selected` tinyint(1) NOT NULL default '0',
  PRIMARY KEY  (`id`),
  KEY `FK_Player_club` (`club`),
  KEY `FK_Player_position` (`position`),
  CONSTRAINT `FK_Player_club` FOREIGN KEY (`club`) REFERENCES `club` (`id`),
  CONSTRAINT `FK_Player_position` FOREIGN KEY (`position`) REFERENCES `playerposition` (`id`)
) ENGINE=InnoDB AUTO_INCREMENT=699 DEFAULT CHARSET=latin1;

-- ----------------------------
--  Table structure for `playermatch`
-- ----------------------------
DROP TABLE IF EXISTS `playermatch`;
CREATE TABLE `playermatch` (
  `id` bigint(20) NOT NULL auto_increment,
  `version` bigint(20) NOT NULL default '0',
  `player` bigint(20) NOT NULL,
  `match_` bigint(20) NOT NULL,
  `totalPoints` double default NULL,
  `olePoints` double default NULL,
  `cleanGoal` tinyint(1) default NULL,
  `ownGoal` int(11) default NULL,
  `mom` tinyint(1) default NULL,
  `goals` int(11) default NULL,
  `penaltyGoals` int(11) default NULL,
  `freeKickGoals` int(11) default NULL,
  `missedPenalties` int(11) default NULL,
  `cachedPenalties` int(11) default NULL,
  `yellowCard` tinyint(1) default NULL,
  `redCard` tinyint(1) default NULL,
  PRIMARY KEY  (`id`),
  UNIQUE KEY `UK_PlayerMatch_player_match` (`player`,`match_`),
  KEY `FK_PlayerMatch_player` (`player`),
  KEY `FK_PlayerMatch_match` (`match_`),
  CONSTRAINT `FK_PlayerMatch_match` FOREIGN KEY (`match_`) REFERENCES `match_` (`id`),
  CONSTRAINT `FK_PlayerMatch_player` FOREIGN KEY (`player`) REFERENCES `player` (`id`)
) ENGINE=InnoDB AUTO_INCREMENT=1471 DEFAULT CHARSET=latin1;

-- ----------------------------
--  Table structure for `playerposition`
-- ----------------------------
DROP TABLE IF EXISTS `playerposition`;
CREATE TABLE `playerposition` (
  `id` bigint(20) NOT NULL auto_increment,
  `version` bigint(20) NOT NULL default '0',
  `name` varchar(255) NOT NULL,
  PRIMARY KEY  (`id`),
  UNIQUE KEY `UK_PlayerPosition_name` (`name`)
) ENGINE=InnoDB AUTO_INCREMENT=5 DEFAULT CHARSET=latin1;

-- ----------------------------
--  Table structure for `playerteam`
-- ----------------------------
DROP TABLE IF EXISTS `playerteam`;
CREATE TABLE `playerteam` (
  `id` bigint(20) NOT NULL auto_increment,
  `version` bigint(20) NOT NULL default '0',
  `player` bigint(20) NOT NULL,
  `team` bigint(20) NOT NULL,
  `isCaptain1` tinyint(1) default NULL,
  `isCaptain2` tinyint(1) default NULL,
  `isCaptain3` tinyint(1) default NULL,
  `isPrincipal` tinyint(1) default NULL,
  `isList` tinyint(1) default NULL,
  `isSubstitute` tinyint(1) default NULL,
  PRIMARY KEY  (`id`),
  UNIQUE KEY `UK_PlayerTeam_player_team` (`player`,`team`),
  KEY `FK_PlayerTeam_player` (`player`),
  KEY `FK_PlayerTeam_team` (`team`),
  CONSTRAINT `FK_PlayerTeam_player` FOREIGN KEY (`player`) REFERENCES `player` (`id`),
  CONSTRAINT `FK_PlayerTeam_team` FOREIGN KEY (`team`) REFERENCES `team` (`id`)
) ENGINE=InnoDB AUTO_INCREMENT=1161 DEFAULT CHARSET=latin1;

-- ----------------------------
--  Table structure for `playerteamweek`
-- ----------------------------
DROP TABLE IF EXISTS `playerteamweek`;
CREATE TABLE `playerteamweek` (
  `id` bigint(20) NOT NULL auto_increment,
  `version` bigint(20) NOT NULL default '0',
  `playerteam` bigint(20) NOT NULL,
  `week` bigint(20) NOT NULL,
  `plays` tinyint(1) default NULL,
  `points` double default NULL,
  PRIMARY KEY  (`id`),
  UNIQUE KEY `UK_PlayerTeamWeek_playerteam_week` (`playerteam`,`week`),
  KEY `FK_PlayerTeamWeek_playerteam` (`playerteam`),
  KEY `FK_PlayerTeamWeek_week` (`week`),
  CONSTRAINT `FK_PlayerTeamWeek_playerteam` FOREIGN KEY (`playerteam`) REFERENCES `playerteam` (`id`),
  CONSTRAINT `FK_PlayerTeamWeek_week` FOREIGN KEY (`week`) REFERENCES `week` (`id`)
) ENGINE=InnoDB AUTO_INCREMENT=31585 DEFAULT CHARSET=latin1;

-- ----------------------------
--  Table structure for `playerweek`
-- ----------------------------
DROP TABLE IF EXISTS `playerweek`;
CREATE TABLE `playerweek` (
  `id` bigint(20) NOT NULL auto_increment,
  `version` bigint(20) NOT NULL default '0',
  `player` bigint(20) NOT NULL,
  `week` bigint(20) NOT NULL,
  `totalPoints` double default NULL,
  `olePoints` double default NULL,
  `cleanGoal` tinyint(1) default NULL,
  `ownGoal` int(11) default NULL,
  `mom` tinyint(1) default NULL,
  `goals` int(11) default NULL,
  `penaltyGoals` int(11) default NULL,
  `freeKickGoals` int(11) default NULL,
  `missedPenalties` int(11) default NULL,
  `cachedPenalties` int(11) default NULL,
  `yellowCard` tinyint(1) default NULL,
  `redCard` tinyint(1) default NULL,
  PRIMARY KEY  (`id`),
  UNIQUE KEY `UK_PlayerWeek_player_week` (`player`,`week`),
  KEY `FK_PlayerWeek_player` (`player`),
  KEY `FK_PlayerWeek_week` (`week`),
  CONSTRAINT `FK_PlayerWeek_player` FOREIGN KEY (`player`) REFERENCES `player` (`id`),
  CONSTRAINT `FK_PlayerWeek_week` FOREIGN KEY (`week`) REFERENCES `week` (`id`)
) ENGINE=InnoDB AUTO_INCREMENT=2 DEFAULT CHARSET=latin1;

-- ----------------------------
--  Table structure for `positionteamweek`
-- ----------------------------
DROP TABLE IF EXISTS `positionteamweek`;
CREATE TABLE `positionteamweek` (
  `id` bigint(20) NOT NULL auto_increment,
  `version` bigint(20) NOT NULL default '0',
  `team` bigint(20) NOT NULL,
  `week` bigint(20) NOT NULL,
  `category` bigint(20) default NULL,
  `position` int(11) default NULL,
  `points` double default NULL,
  `weekPoints` double default NULL,
  PRIMARY KEY  (`id`),
  UNIQUE KEY `UK_PositionTeamWeek_team_week` (`team`,`week`),
  KEY `FK_PositionTeamWeek_team` (`team`),
  KEY `FK_PositionTeamWeek_week` (`week`),
  KEY `FK_PositionTeamWeek_category` (`category`),
  CONSTRAINT `FK_PositionTeamWeek_category` FOREIGN KEY (`category`) REFERENCES `category` (`id`),
  CONSTRAINT `FK_PositionTeamWeek_team` FOREIGN KEY (`team`) REFERENCES `team` (`id`),
  CONSTRAINT `FK_PositionTeamWeek_week` FOREIGN KEY (`week`) REFERENCES `week` (`id`)
) ENGINE=InnoDB AUTO_INCREMENT=1576 DEFAULT CHARSET=latin1;

-- ----------------------------
--  Table structure for `team`
-- ----------------------------
DROP TABLE IF EXISTS `team`;
CREATE TABLE `team` (
  `id` bigint(20) NOT NULL auto_increment,
  `version` bigint(20) NOT NULL default '0',
  `name` varchar(255) NOT NULL,
  `user` bigint(20) NOT NULL,
  `category` bigint(20) NOT NULL,
  PRIMARY KEY  (`id`),
  UNIQUE KEY `UK_Team_name` (`name`),
  KEY `FK_Team_user` (`user`),
  KEY `FK_Team_category` (`category`),
  CONSTRAINT `FK_Team_category` FOREIGN KEY (`category`) REFERENCES `category` (`id`),
  CONSTRAINT `FK_Team_user` FOREIGN KEY (`user`) REFERENCES `user` (`id`)
) ENGINE=InnoDB AUTO_INCREMENT=72 DEFAULT CHARSET=latin1;

-- ----------------------------
--  Table structure for `user`
-- ----------------------------
DROP TABLE IF EXISTS `user`;
CREATE TABLE `user` (
  `id` bigint(20) NOT NULL auto_increment,
  `version` bigint(20) NOT NULL default '0',
  `firstname` varchar(255) NOT NULL,
  `lastname` varchar(255) NOT NULL,
  `username` varchar(255) NOT NULL,
  `password` varchar(255) NOT NULL,
  `email` varchar(255) NOT NULL,
  PRIMARY KEY  (`id`),
  UNIQUE KEY `UK_User_username` (`username`),
  UNIQUE KEY `UK_User_firstname_lastname` (`firstname`,`lastname`)
) ENGINE=InnoDB AUTO_INCREMENT=73 DEFAULT CHARSET=latin1;

-- ----------------------------
--  Table structure for `useraccess`
-- ----------------------------
DROP TABLE IF EXISTS `useraccess`;
CREATE TABLE `useraccess` (
  `id` bigint(20) NOT NULL auto_increment,
  `version` bigint(20) NOT NULL default '0',
  `user` bigint(20) NOT NULL,
  `access` bigint(20) NOT NULL,
  PRIMARY KEY  (`id`),
  KEY `FK_UserAccess_user` (`user`),
  KEY `FK_UserAccess_access` (`access`),
  CONSTRAINT `FK_UserAccess_access` FOREIGN KEY (`access`) REFERENCES `access` (`id`),
  CONSTRAINT `FK_UserAccess_user` FOREIGN KEY (`user`) REFERENCES `user` (`id`)
) ENGINE=InnoDB AUTO_INCREMENT=93 DEFAULT CHARSET=latin1;

-- ----------------------------
--  Table structure for `week`
-- ----------------------------
DROP TABLE IF EXISTS `week`;
CREATE TABLE `week` (
  `id` bigint(20) NOT NULL auto_increment,
  `version` bigint(20) NOT NULL default '0',
  `number` int(11) NOT NULL,
  PRIMARY KEY  (`id`),
  UNIQUE KEY `UK_Week_number` (`number`)
) ENGINE=InnoDB AUTO_INCREMENT=20 DEFAULT CHARSET=latin1;

-- ----------------------------
--  Records 
-- ----------------------------
INSERT INTO `access` VALUES ('1','1','MatchEdit.jsp!enabled','Edicion de Partido'),  ('2','0','WeekEdit.jsp!change','Calcular la fecha'),  ('3','0','AccessList.jsp','Lista de accesos'),  ('13','0','TeamEdit.jsp!change','Cambiar jugador de la lista'),  ('14','5','UserEdit.jsp!update','Edicion de usuario');
INSERT INTO `category` VALUES ('1','0','Primera A'),  ('2','0','Nacional B');
INSERT INTO `club` VALUES ('27','0','Vélez Sarsfield'),  ('28','0','San Lorenzo'),  ('29','0','River Plate'),  ('30','0','Newell\'s Old Boys'),  ('31','0','Lanús'),  ('32','0','Huracán'),  ('33','0','Estudiantes (La Plata)'),  ('34','0','Colón (Santa Fé)'),  ('35','0','Boca Jrs.'),  ('36','0','Tigre'),  ('37','0','Rosario Central'),  ('38','0','Racing Club'),  ('39','0','Independiente'),  ('40','0','Godoy Cruz (Mendoza)'),  ('41','0','Gimnasia y Esgrima (La Plata)'),  ('42','0','Chacarita Jrs.'),  ('43','0','Banfield'),  ('44','0','Atletico Tucumán'),  ('45','0','Arsenal'),  ('46','0','Argentinos Jrs.');
INSERT INTO `match_` VALUES ('1','0','1','41','40',NULL,NULL,'2009-08-16',NULL),  ('2','0','1','39','30',NULL,NULL,'2009-08-16',NULL),  ('3','0','1','28','44',NULL,NULL,'2009-08-16',NULL),  ('4','0','1','42','36',NULL,NULL,'2009-08-16',NULL),  ('5','0','1','45','33',NULL,NULL,'2009-08-16',NULL),  ('6','0','1','37','38',NULL,NULL,'2009-08-16',NULL),  ('7','0','1','32','31',NULL,NULL,'2009-08-16',NULL),  ('8','0','1','35','46',NULL,NULL,'2009-08-16',NULL),  ('9','0','1','43','29',NULL,NULL,'2009-08-16',NULL),  ('10','0','1','34','27',NULL,NULL,'2009-08-16',NULL),  ('11','0','2','38','34',NULL,NULL,'2009-08-23',NULL),  ('12','0','2','36','37',NULL,NULL,'2009-08-23',NULL),  ('13','0','2','29','42',NULL,NULL,'2009-08-23',NULL),  ('14','0','2','46','43',NULL,NULL,'2009-08-23',NULL),  ('15','0','2','31','35',NULL,NULL,'2009-08-23',NULL),  ('16','0','2','30','32',NULL,NULL,'2009-08-23',NULL),  ('17','0','2','44','39',NULL,NULL,'2009-08-23',NULL),  ('18','0','2','40','28',NULL,NULL,'2009-08-23',NULL),  ('19','0','2','33','41',NULL,NULL,'2009-08-23',NULL),  ('20','0','2','27','45',NULL,NULL,'2009-08-23',NULL),  ('21','0','3','39','40',NULL,NULL,'2009-08-30',NULL),  ('22','0','3','32','44',NULL,NULL,'2009-08-30',NULL),  ('23','0','3','35','30',NULL,NULL,'2009-08-30',NULL),  ('24','0','3','46','31',NULL,NULL,'2009-08-30',NULL),  ('25','0','3','43','42',NULL,NULL,'2009-08-30',NULL),  ('26','0','3','37','29',NULL,NULL,'2009-08-30',NULL),  ('27','0','3','34','36',NULL,NULL,'2009-08-30',NULL),  ('28','0','3','45','38',NULL,NULL,'2009-08-30',NULL),  ('29','0','3','41','27',NULL,NULL,'2009-08-30',NULL),  ('30','0','3','28','33',NULL,NULL,'2009-08-30',NULL),  ('31','0','4','38','41',NULL,NULL,'2009-09-02',NULL),  ('32','0','4','36','45',NULL,NULL,'2009-09-02',NULL),  ('33','0','4','29','34',NULL,NULL,'2009-09-02',NULL),  ('34','0','4','42','37',NULL,NULL,'2009-09-02',NULL),  ('35','0','4','31','43',NULL,NULL,'2009-09-02',NULL),  ('36','0','4','30','46',NULL,NULL,'2009-09-02',NULL),  ('37','0','4','44','35',NULL,NULL,'2009-09-02',NULL),  ('38','0','4','40','32',NULL,NULL,'2009-09-02',NULL),  ('39','0','4','33','39',NULL,NULL,'2009-09-02',NULL),  ('40','0','4','27','28',NULL,NULL,'2009-09-02',NULL),  ('41','0','5','39','27',NULL,NULL,'2009-09-13',NULL),  ('42','0','5','32','33',NULL,NULL,'2009-09-13',NULL),  ('43','0','5','35','40',NULL,NULL,'2009-09-13',NULL),  ('44','0','5','46','44',NULL,NULL,'2009-09-13',NULL),  ('45','0','5','31','30',NULL,NULL,'2009-09-13',NULL),  ('46','0','5','37','43',NULL,NULL,'2009-09-13',NULL),  ('47','0','5','34','42',NULL,NULL,'2009-09-13',NULL),  ('48','0','5','45','29',NULL,NULL,'2009-09-13',NULL),  ('49','0','5','41','36',NULL,NULL,'2009-09-13',NULL),  ('50','0','5','28','38',NULL,NULL,'2009-09-13',NULL),  ('51','0','6','38','39',NULL,NULL,'2009-09-20',NULL),  ('52','0','6','36','28',NULL,NULL,'2009-09-20',NULL),  ('53','0','6','29','41',NULL,NULL,'2009-09-20',NULL),  ('54','0','6','42','45',NULL,NULL,'2009-09-20',NULL),  ('55','0','6','43','30',NULL,NULL,'2009-09-20',NULL),  ('56','0','6','37','34',NULL,NULL,'2009-09-20',NULL),  ('57','0','6','44','31',NULL,NULL,'2009-09-20',NULL),  ('58','0','6','40','46',NULL,NULL,'2009-09-20',NULL),  ('59','0','6','33','35',NULL,NULL,'2009-09-20',NULL),  ('60','0','6','27','32',NULL,NULL,'2009-09-20',NULL),  ('61','0','7','39','36',NULL,NULL,'2009-09-27',NULL),  ('62','0','7','32','38',NULL,NULL,'2009-09-27',NULL),  ('63','0','7','35','27',NULL,NULL,'2009-09-27',NULL),  ('64','0','7','46','33',NULL,NULL,'2009-09-27',NULL),  ('65','0','7','31','40',NULL,NULL,'2009-09-27',NULL),  ('66','0','7','30','44',NULL,NULL,'2009-09-27',NULL),  ('67','0','7','34','43',NULL,NULL,'2009-09-27',NULL),  ('68','0','7','45','37',NULL,NULL,'2009-09-27',NULL),  ('69','0','7','41','42',NULL,NULL,'2009-09-27',NULL),  ('70','0','7','28','29',NULL,NULL,'2009-09-27',NULL),  ('71','0','8','38','35',NULL,NULL,'2009-10-04',NULL),  ('72','0','8','36','32',NULL,NULL,'2009-10-04',NULL),  ('73','0','8','29','39',NULL,NULL,'2009-10-04',NULL),  ('74','0','8','42','28',NULL,NULL,'2009-10-04',NULL),  ('75','0','8','43','44',NULL,NULL,'2009-10-04',NULL),  ('76','0','8','37','41',NULL,NULL,'2009-10-04',NULL),  ('77','0','8','34','45',NULL,NULL,'2009-10-04',NULL),  ('78','0','8','40','30',NULL,NULL,'2009-10-04',NULL),  ('79','0','8','33','31',NULL,NULL,'2009-10-04',NULL),  ('80','0','8','27','46',NULL,NULL,'2009-10-04',NULL),  ('81','0','9','39','42',NULL,NULL,'2009-10-07',NULL),  ('82','0','9','32','29',NULL,NULL,'2009-10-07',NULL),  ('83','0','9','35','36',NULL,NULL,'2009-10-07',NULL),  ('84','0','9','46','38',NULL,NULL,'2009-10-07',NULL),  ('85','0','9','31','27',NULL,NULL,'2009-10-07',NULL),  ('86','0','9','30','33',NULL,NULL,'2009-10-07',NULL),  ('87','0','9','44','40',NULL,NULL,'2009-10-07',NULL),  ('88','0','9','45','43',NULL,NULL,'2009-10-07',NULL),  ('89','0','9','41','34',NULL,NULL,'2009-10-07',NULL),  ('90','0','9','28','28',NULL,NULL,'2009-10-07',NULL),  ('91','0','9','37','37',NULL,NULL,'2009-10-07',NULL),  ('92','0','10','38','31',NULL,NULL,'2009-10-18',NULL),  ('93','0','10','36','46',NULL,NULL,'2009-10-18',NULL),  ('94','0','10','29','35',NULL,NULL,'2009-10-18',NULL),  ('95','0','10','42','32',NULL,NULL,'2009-10-18',NULL),  ('96','0','10','43','40',NULL,NULL,'2009-10-18',NULL),  ('97','0','10','37','39',NULL,NULL,'2009-10-18',NULL),  ('98','0','10','34','28',NULL,NULL,'2009-10-18',NULL),  ('99','0','10','45','41',NULL,NULL,'2009-10-18',NULL),  ('100','0','10','33','44',NULL,NULL,'2009-10-18',NULL),  ('101','0','10','27','30',NULL,NULL,'2009-10-18',NULL),  ('102','0','11','39','34',NULL,NULL,'2009-10-25',NULL),  ('103','0','11','32','37',NULL,NULL,'2009-10-25',NULL),  ('104','0','11','35','42',NULL,NULL,'2009-10-25',NULL),  ('105','0','11','46','29',NULL,NULL,'2009-10-25',NULL),  ('106','0','11','31','36',NULL,NULL,'2009-10-25',NULL),  ('107','0','11','30','38',NULL,NULL,'2009-10-25',NULL),  ('108','0','11','44','27',NULL,NULL,'2009-10-25',NULL),  ('109','0','11','40','33',NULL,NULL,'2009-10-25',NULL),  ('110','0','11','41','43',NULL,NULL,'2009-10-25',NULL),  ('111','0','11','28','45',NULL,NULL,'2009-10-25',NULL),  ('112','1','12','38','44','4','0','2009-10-28',NULL),  ('113','6','12','36','30','1','2','2009-10-28',NULL),  ('114','3','12','29','31','0','1','2009-10-28',NULL),  ('115','2','12','42','46','2','2','2009-10-28',NULL),  ('116','3','12','43','33','2','1','2009-10-28',NULL),  ('117','3','12','37','35','2','1','2009-10-28',NULL),  ('118','2','12','34','32','3','0','2009-10-28',NULL),  ('119','1','12','45','39','1','0','2009-10-28',NULL),  ('120','1','12','41','28','2','2','2009-10-28',NULL),  ('121','2','12','27','40','2','0','2009-10-28',NULL),  ('122','2','13','39','41','1','0','2009-11-01',NULL),  ('123','2','13','32','45','1','1','2009-11-01',NULL),  ('124','2','13','35','34','0','0','2009-11-01',NULL),  ('125','4','13','46','37','1','1','2009-11-01',NULL),  ('126','2','13','31','42','0','3','2009-11-01',NULL),  ('127','2','13','30','29','2','1','2009-11-01',NULL),  ('128','3','13','44','36','4','2','2009-11-01',NULL),  ('129','3','13','40','38','3','1','2009-11-01',NULL),  ('130','3','13','33','27','3','0','2009-11-01',NULL),  ('131','4','13','28','43','0','1','2009-11-01',NULL),  ('132','2','14','38','33','1','0','2009-11-08',NULL),  ('133','2','14','36','40','2','0','2009-11-08',NULL),  ('134','2','14','29','44','3','1','2009-11-08',NULL),  ('135','2','14','42','30','0','1','2009-11-08',NULL),  ('136','3','14','43','27','3','0','2009-11-08',NULL),  ('137','2','14','37','31','0','0','2009-11-08',NULL),  ('138','3','14','34','46','2','0','2009-11-08',NULL),  ('139','2','14','45','35','1','1','2009-11-08',NULL),  ('140','2','14','41','32','4','1','2009-11-08',NULL),  ('141','2','14','28','39','0','3','2009-11-08',NULL),  ('142','2','15','39','43','1','2','2009-11-15',NULL),  ('143','2','15','32','28','0','2','2009-11-15',NULL),  ('144','2','15','35','41','4','0','2009-11-15',NULL),  ('145','3','15','46','45','1','1','2009-11-15',NULL),  ('146','2','15','31','34','3','0','2009-11-15',NULL),  ('147','2','15','30','37','2','2','2009-11-15',NULL),  ('148','2','15','44','42','2','1','2009-11-15',NULL),  ('149','2','15','40','29','0','0','2009-11-15',NULL),  ('150','4','15','33','36','3','1','2009-11-15',NULL),  ('151','3','15','27','38','4','2','2009-11-15',NULL),  ('152','2','16','39','32','2','0','2009-11-22',NULL),  ('153','2','16','36','27','0','3','2009-11-22',NULL),  ('154','2','16','29','33','1','1','2009-11-22',NULL),  ('155','2','16','42','40','2','1','2009-11-22',NULL),  ('156','3','16','43','38','1','2','2009-11-22',NULL),  ('157','2','16','37','44','1','1','2009-11-22',NULL),  ('158','2','16','34','30','0','1','2009-11-22',NULL),  ('159','2','16','45','31','2','5','2009-11-22',NULL),  ('160','2','16','41','46','1','2','2009-11-22',NULL),  ('161','3','16','28','35','3','0','2009-11-22',NULL),  ('162','2','17','38','36','1','0','2009-11-29',NULL),  ('163','2','17','32','43','0','1','2009-11-29',NULL),  ('164','2','17','35','39','1','2','2009-11-29',NULL),  ('165','2','17','46','28','2','1','2009-11-29',NULL),  ('166','2','17','31','41','2','0','2009-11-29',NULL),  ('167','2','17','30','45','1','2','2009-11-29',NULL),  ('168','2','17','44','34','2','0','2009-11-29',NULL),  ('169','2','17','40','37','1','1','2009-11-29',NULL),  ('170','2','17','33','42','0','0','2009-11-29',NULL),  ('171','2','17','27','29','0','0','2009-11-29',NULL),  ('172','2','18','39','46','1','1','2009-12-06',NULL),  ('173','2','18','32','35','0','0','2009-12-06',NULL),  ('174','2','18','29','38','2','0','2009-12-06',NULL),  ('175','2','18','42','27','0','0','2009-12-06',NULL),  ('176','2','18','43','36','1','0','2009-12-06',NULL),  ('177','3','18','37','33','3','0','2009-12-06',NULL),  ('178','3','18','34','40','1','0','2009-12-06',NULL),  ('179','2','18','45','44','0','0','2009-12-06',NULL),  ('180','2','18','41','30','0','2','2009-12-06',NULL),  ('181','2','18','28','31','0','1','2009-12-06',NULL),  ('182','2','19','38','42','0','2','2009-12-13',NULL),  ('183','2','19','36','29','0','2','2009-12-13',NULL),  ('184','3','19','35','43','2','0','2009-12-13',NULL),  ('185','1','19','46','32','5','1','2009-12-13',NULL),  ('186','2','19','31','39','0','0','2009-12-13',NULL),  ('187','2','19','30','28','0','2','2009-12-13',NULL),  ('188','2','19','44','41','0','0','2009-12-13',NULL),  ('189','2','19','40','45','0','0','2009-12-13',NULL),  ('190','2','19','33','34','0','1','2009-12-13',NULL),  ('191','2','19','27','37','1','2','2009-12-13',NULL);
INSERT INTO `player` VALUES ('1','0','Maximiliano','Moralez',NULL,'27','3','3','1'),  ('2','0','Hernán','López',NULL,'27','4','3','0'),  ('3','0','Nicolás','Otamendi',NULL,'27','2','3','1'),  ('4','0','Sebastián','Domínguez',NULL,'27','2','3','0'),  ('5','0','Leandro','Somoza',NULL,'27','3','3','0'),  ('6','0','Leandro','Romagnoli',NULL,'28','3','3','1'),  ('7','0','Alejandro','Gómez',NULL,'28','3','3','0'),  ('8','0','Marcelo','Gallardo',NULL,'29','3','3','0'),  ('9','0','Ariel','Ortega',NULL,'29','4','3','1'),  ('10','0','Diego','Buonanotte',NULL,'29','3','3','0'),  ('11','0','Rolando','Schiavi',NULL,'30','2','3','0'),  ('12','0','Sebastián','Blanco',NULL,'31','3','3','0'),  ('13','0','Eduardo','Salvio',NULL,'31','3','3','1'),  ('14','0','Mario','Bolatti',NULL,'32','3','3','1'),  ('15','0','Juan Sebastián','Verón',NULL,'33','3','3','1'),  ('16','0','Mauro','Boselli',NULL,'33','4','3','1'),  ('17','0','Enzo','Pérez',NULL,'33','3','2','1'),  ('18','0','Esteban','Fuertes',NULL,'34','4','3','1'),  ('19','0','Martín','Palermo',NULL,'35','4','3','0'),  ('20','0','Juan Román','Riquelme',NULL,'35','3','3','1'),  ('21','0','Sebastián','Battaglia',NULL,'35','3','3','1'),  ('22','0','Federico','Insúa',NULL,'35','3','3','0'),  ('23','0','Víctor','Zapata',NULL,'27','3','2','1'),  ('24','0','Germán','Montoya',NULL,'27','1','3','0'),  ('25','0','Leandro','Caruso',NULL,'27','4','2','1'),  ('26','0','Emiliano','Papa',NULL,'27','2','2','1'),  ('27','0','Fabián','Cubero',NULL,'27','3','2','1'),  ('28','0','Jonathan','Cristaldo',NULL,'27','4','2','0'),  ('29','0','Waldo','Ponce',NULL,'27','2','2','0'),  ('30','0','Juan M.','Martínez',NULL,'27','4','2','0'),  ('31','0','Rolando','Zárate',NULL,'27','4','2','0'),  ('32','0','Pablo','Lima',NULL,'27','2','1','0'),  ('33','0','Franco','Razzotti',NULL,'27','3','1','0'),  ('34','0','Nicolás','Cabrera',NULL,'27','3','2','0'),  ('35','0','Marcelo','Barovero',NULL,'27','1','2','0'),  ('36','0','Leandro','Velázquez',NULL,'27','3','1','0'),  ('37','0','Gastón','Díaz',NULL,'27','2','1','0'),  ('38','0','Leandro','Coronel',NULL,'27','3','1','0'),  ('39','0','Alejandro','Cabral',NULL,'27','3','1','0'),  ('40','0','Fernando','Tobio',NULL,'27','2','1','0'),  ('41','0','Iván','Bella',NULL,'27','3','1','0'),  ('42','0','Marco','Torsiglieri',NULL,'27','2','1','0'),  ('43','0','Javier','Robles',NULL,'27','3','1','0'),  ('44','0','Andrés','Guzmán',NULL,'27','4','1','0'),  ('45','0','Pablo','Despósito',NULL,'27','3','1','0'),  ('46','0','Maximiliano','Timpanaro',NULL,'27','4','1','0'),  ('47','0','Ezequiel','Cacace',NULL,'27','1','1','0'),  ('48','0','Ricardo','Alvarez',NULL,'27','3','1','0'),  ('49','0','Mariano','Bittolo',NULL,'27','2','1','0'),  ('50','0','Leonardo','Piris',NULL,'27','4','1','0'),  ('51','0','Luciano','Cigno',NULL,'27','3','1','0'),  ('52','0','Martín','Morel',NULL,'36','3','2','1'),  ('53','0','Carlos','Luna',NULL,'36','4','2','1'),  ('54','0','Daniel','Islas',NULL,'36','1','2','1'),  ('55','0','Leandro','Lazzaro',NULL,'36','4','2','0'),  ('56','0','Matías','Giménez',NULL,'36','3','2','0'),  ('57','0','Diego','Castaño',NULL,'36','3','2','0'),  ('58','0','Rodolfo','Arruabarrena',NULL,'36','2','2','0'),  ('59','0','Julio','Manzur',NULL,'36','2','2','1'),  ('60','0','José','Montiel',NULL,'36','3','1','0'),  ('61','0','Norberto','Paparatto',NULL,'36','2','1','0'),  ('62','0','Julio','Aguilar',NULL,'36','4','1','0'),  ('63','0','Guillermo','Suárez',NULL,'36','4','1','0'),  ('64','0','Lucas','Oviedo',NULL,'36','3','1','1'),  ('65','0','Ramiro','Leone',NULL,'36','3','1','0'),  ('66','0','Cristian','Bardaro',NULL,'36','4','1','0'),  ('67','0','Damián','Leyes',NULL,'36','2','1','0'),  ('68','0','José Ignacio','San Román',NULL,'36','2','1','0'),  ('69','0','Jonathan','Blanco',NULL,'36','3','1','0'),  ('70','0','Fabio','Pieters',NULL,'36','3','1','0'),  ('71','0','Juan Pablo','Garat',NULL,'36','2','1','0'),  ('72','0','Mariano','Pasini',NULL,'36','3','1','0'),  ('73','0','Carlos','Fondacaro',NULL,'36','2','1','0'),  ('74','0','Luis','Ardente',NULL,'36','1','1','0'),  ('75','0','Maximiliano','Oliva',NULL,'36','2','1','0'),  ('76','0','Diego','Ferreyra',NULL,'36','3','1','0'),  ('77','0','Gregorio','Abregú',NULL,'36','3','1','0'),  ('78','0','Rubén','Botta',NULL,'36','3','1','0'),  ('79','0','Facundo','Pumpido',NULL,'36','4','1','0'),  ('80','0','Emiliano','Cincotta',NULL,'36','2','1','0'),  ('81','0','Lucas','Abud',NULL,'36','1','1','1'),  ('82','0','Hernán','Castria',NULL,'36','2','1','0'),  ('83','0','Milton','Blanco',NULL,'36','3','1','0'),  ('84','0','Juan Miguel','Maldonado',NULL,'36','3','1','0'),  ('85','0','Walter','Sánchez',NULL,'36','3','1','0'),  ('86','0','Jeremías Pablo','Attadia',NULL,'36','4','1','0'),  ('87','0','Pablo','Migliore',NULL,'28','1','2','1'),  ('88','0','Agustín','Orion',NULL,'28','1','2','0'),  ('89','0','Juan Manuel','Torres',NULL,'28','3','2','0'),  ('90','0','Jonathan','Bottinelli',NULL,'28','2','2','1'),  ('91','0','Cristian','González',NULL,'28','3','2','0'),  ('92','0','Gastón','Aguirre',NULL,'28','2','2','1'),  ('93','0','Aureliano','Torres',NULL,'28','2','2','1'),  ('94','0','Diego','Rivero',NULL,'28','3','2','1'),  ('95','0','Cristian','Leiva',NULL,'28','3','2','0'),  ('96','0','Bernardo','Romeo',NULL,'28','4','2','0'),  ('97','0','Renato','Civelli',NULL,'28','2','2','0'),  ('98','0','Juan Carlos','Menseguez',NULL,'28','4','2','0'),  ('99','0','Pablo','Pintos',NULL,'28','2','2','1'),  ('100','0','Nicolás','Bianchi Arce',NULL,'28','2','2','0'),  ('101','0','Germán','Voboril',NULL,'28','2','1','0'),  ('102','0','Fabián','Bordagaray',NULL,'28','4','1','0'),  ('103','0','Gustavo','Campagnuolo',NULL,'28','1','1','0'),  ('104','0','Sebastián','Luna',NULL,'28','3','2','0'),  ('105','0','Nereo','Champagne',NULL,'28','1','1','0'),  ('106','0','Félix','Orode',NULL,'28','4','1','0'),  ('107','0','Fernando','Meza',NULL,'28','2','1','0'),  ('108','0','Axel','Juárez',NULL,'28','3','1','0'),  ('109','0','Damián','Martínez',NULL,'28','2','1','0'),  ('110','0','Sebastián','González',NULL,'28','3','1','0'),  ('111','0','Salvador','Reynoso',NULL,'28','3','1','0'),  ('112','0','Bruno','Centeno',NULL,'28','1','1','0'),  ('113','0','Juan Martín','Cadelago',NULL,'28','2','1','0'),  ('114','0','Leonel','Rinaldi',NULL,'28','3','1','0'),  ('115','0','Gonzalo','Bazán',NULL,'28','3','1','0'),  ('116','0','Nahuel','De Vico',NULL,'28','3','1','0'),  ('117','0','José Luis','Palomino',NULL,'28','2','1','0'),  ('118','0','Santiago','Prim',NULL,'28','3','1','0'),  ('119','0','Jorge','Broun',NULL,'37','1','2','1'),  ('120','0','Emilio','Zelaya',NULL,'37','4','2','1'),  ('121','0','Andrés','Franzoia',NULL,'37','4','2','0'),  ('122','0','Martín','Astudillo',NULL,'37','3','2','0'),  ('123','0','Jesús','Méndez',NULL,'37','3','2','1'),  ('124','0','Milton','Caraglio',NULL,'37','4','1','0'),  ('125','0','Gonzalo','Choy González',NULL,'37','3','2','0'),  ('126','0','Diego','Chitzoff',NULL,'37','2','1','0'),  ('127','0','Darío','Ocampo',NULL,'37','3','2','0'),  ('128','0','Diego','Braghieri',NULL,'37','2','1','1'),  ('129','0','Guillermo','Burdisso',NULL,'37','2','2','1'),  ('130','0','Alexis','Danelón',NULL,'37','2','1','0'),  ('131','0','Gervasio','Núñez',NULL,'37','3','1','1'),  ('132','0','Paul','Ambrossi',NULL,'37','2','2','0'),  ('133','0','Ignacio','Bogino',NULL,'37','2','1','0'),  ('134','0','Mario','Paglialunga',NULL,'37','3','1','1'),  ('135','0','Nahuel','Valentini',NULL,'37','2','1','0'),  ('136','0','Hernán','Galíndez',NULL,'37','1','1','1'),  ('137','0','Jonatan','Gómez',NULL,'37','4','1','0'),  ('138','0','Abel','Espinosa',NULL,'37','2','1','0'),  ('139','0','Lucas','Moya',NULL,'37','3','1','0'),  ('140','0','Leandro','Gurrieri',NULL,'37','4','1','0'),  ('141','0','Gonzalo','Castillejos',NULL,'37','4','1','1'),  ('142','0','Santiago','García',NULL,'37','2','1','0'),  ('143','0','Ignacio','Calcaterra',NULL,'37','3','1','0'),  ('144','0','Manuel','García',NULL,'37','1','1','0'),  ('145','0','Facundo','Lupardo',NULL,'37','1','1','0'),  ('146','0','Rafael','Delgado',NULL,'37','2','1','0'),  ('147','0','Cristian','Godoy',NULL,'37','2','1','0'),  ('148','0','Cristian','Paz',NULL,'37','2','1','0'),  ('149','0','Mario','Vallejo',NULL,'37','2','1','0'),  ('150','0','Matías','Ballini',NULL,'37','3','1','0'),  ('151','0','Milton','Zárate',NULL,'37','3','1','0'),  ('152','0','Martín','Rivero',NULL,'37','3','1','0'),  ('153','0','Emanuel','Serra',NULL,'37','4','1','0'),  ('154','0','Cristian','Fabbiani',NULL,'29','4','2','0'),  ('155','0','Paulo','Ferrari',NULL,'29','2','2','1'),  ('156','0','Patricio','Toranzo',NULL,'29','3','2','0'),  ('157','0','Matías','Abelairas',NULL,'29','3','2','0'),  ('158','0','Mauro','Rosales',NULL,'29','4','2','0'),  ('159','0','Nicolás','Navarro',NULL,'29','1','2','0'),  ('160','0','Mario Daniel','Vega',NULL,'29','1','2','0'),  ('161','0','Gustavo','Cabral',NULL,'29','2','2','0'),  ('162','0','Facundo','Quiroga',NULL,'29','2','2','0'),  ('163','0','Nicolás','Sánchez',NULL,'29','2','2','0'),  ('164','0','Cristian','Villagra',NULL,'29','2','2','0'),  ('165','0','Oscar','Ahumada',NULL,'29','3','2','0'),  ('166','0','Juan Marcelo','Ojeda',NULL,'29','1','1','0'),  ('167','0','Diego','Barrado',NULL,'29','3','2','0'),  ('168','0','Martín','Galmarini',NULL,'29','3','1','0'),  ('169','0','Rodrigo','Archubi',NULL,'29','3','1','0'),  ('170','0','Miguel','Paniagua',NULL,'29','3','2','0'),  ('171','0','Matías','Almeyda',NULL,'29','3','2','1'),  ('172','0','Mauro','Díaz',NULL,'29','3','2','0'),  ('173','0','Nicolás','Domingo',NULL,'29','3','1','0'),  ('174','0','Javier','Cohene Mereles',NULL,'29','2','1','0'),  ('175','0','Andrés','Ríos',NULL,'29','4','1','0'),  ('176','0','Gustavo','Bou',NULL,'29','4','1','0'),  ('177','0','Lucas','Orban',NULL,'29','2','1','0'),  ('178','0','Gustavo','Fernández',NULL,'29','4','1','0'),  ('179','0','Daniel','Villalba',NULL,'29','4','1','0'),  ('180','0','Facundo','Affranchino',NULL,'29','3','1','0'),  ('181','0','Gustavo','Gil',NULL,'29','4','1','0'),  ('182','0','Erik','Lamela',NULL,'29','3','1','0'),  ('183','0','Leandro','Chichizola',NULL,'29','1','1','0'),  ('184','0','Maximiliano','Coronel',NULL,'29','2','1','0'),  ('185','0','Eial','Strahman',NULL,'29','4','1','0'),  ('186','0','Gonzalo','Marinelli',NULL,'29','1','1','0'),  ('187','0','Germán','Pezzella',NULL,'29','2','1','0'),  ('188','0','Rubén','Ramírez',NULL,'38','4','2','1'),  ('189','0','Pablo','Lugüercio',NULL,'38','4','2','0'),  ('190','0','Matías','Martínez',NULL,'38','2','2','1'),  ('191','0','Claudio','Yacob',NULL,'38','3','2','0'),  ('192','0','Lucas','Aveldaño',NULL,'38','2','2','0'),  ('193','0','Lucas','Castromán',NULL,'38','3','2','0'),  ('194','0','Adrián','Lucero',NULL,'38','3','2','0'),  ('195','0','Sebastián','Rosano',NULL,'38','3','1','0'),  ('196','0','Marcos','Cáceres',NULL,'38','2','2','1'),  ('197','0','Matías','Cahais',NULL,'38','2','2','1'),  ('198','0','Sebastián','Grazzini',NULL,'38','3','2','0'),  ('199','0','Pablo','Santillo',NULL,'38','1','2','0'),  ('200','0','Martín','Wagner',NULL,'38','3','1','0'),  ('201','0','Juan Carlos','Falcón',NULL,'38','3','2','0'),  ('202','0','Damián','Ledesma',NULL,'38','3','1','0'),  ('203','0','Gabriel','Mercado',NULL,'38','2','1','0'),  ('204','0','Damián','Steinert',NULL,'38','4','1','0'),  ('205','0','Cristian','Tavio',NULL,'38','2','1','0'),  ('206','0','Pablo','Caballero',NULL,'38','4','1','0'),  ('207','0','José','Martínez Gullotta',NULL,'38','1','1','0'),  ('208','0','Marcos','Brítez Ojeda',NULL,'38','3','1','1'),  ('209','0','Pablo','Monsalvo',NULL,'38','3','1','0'),  ('210','0','Braian','Lluy',NULL,'38','2','1','1'),  ('211','0','Jorge','De Olivera',NULL,'38','1','1','1'),  ('212','0','Diego','Menghi',NULL,'38','2','1','0'),  ('213','0','José Luis','Fernández',NULL,'38','3','1','0'),  ('214','0','Juan','Sánchez Sotelo',NULL,'38','4','1','0'),  ('215','0','Javier','Velázquez',NULL,'38','4','1','0'),  ('216','0','Gonzalo','Pérez',NULL,'38','3','1','0'),  ('217','0','Mauro','Dobler',NULL,'38','1','1','0'),  ('218','0','Martín','Puchetta',NULL,'38','2','1','0'),  ('219','0','Nicolás','Sainz',NULL,'38','2','1','0'),  ('220','0','Luis','Fariña',NULL,'38','3','1','0'),  ('221','0','Juan Cruz','Respuela',NULL,'38','4','1','0'),  ('222','0','Brian','Risso',NULL,'38','4','1','0'),  ('223','0','Valentín','Viola',NULL,'38','4','1','0'),  ('224','0','Mauro','Formica',NULL,'30','3','2','1'),  ('225','0','Sebastián','Peratta',NULL,'30','1','2','1'),  ('226','0','Leonel','Vangioni',NULL,'30','3','2','1'),  ('227','0','Juan M.','Insaurralde',NULL,'30','2','2','1'),  ('228','0','Mauricio','Sperdutti',NULL,'30','3','2','0'),  ('229','0','Cristian','Sánchez Prette',NULL,'30','3','2','1'),  ('230','0','Joaquín A.','Boghossian',NULL,'30','4','1','0'),  ('231','0','Alejandro','Da Silva',NULL,'30','4','1','0'),  ('232','0','Lucas','Bernardi',NULL,'30','3','2','0'),  ('233','0','Jorge','Achucarro',NULL,'30','4','1','0'),  ('234','0','Hugo','Barrientos',NULL,'30','3','1','0'),  ('235','0','Diego','Mateo',NULL,'30','3','2','0'),  ('236','0','Diego','Torres',NULL,'30','4','1','0'),  ('237','0','Juan','Quiroga',NULL,'30','2','1','1'),  ('238','0','Germán','Caffa',NULL,'30','1','1','1'),  ('239','0','Pablo','Aguilar',NULL,'30','2','1','0'),  ('240','0','Franco','Dolci',NULL,'30','3','1','0'),  ('241','0','Diego','Casaneve',NULL,'30','3','1','0'),  ('242','0','Matías','Quiroga',NULL,'30','3','1','0'),  ('243','0','Cristian','Núñez',NULL,'30','4','1','1'),  ('244','0','Miguel','Torren',NULL,'30','2','1','0'),  ('245','0','Ignacio','Fideleff',NULL,'30','2','1','0'),  ('246','0','Pablo','Pérez',NULL,'30','3','1','0'),  ('247','0','Nahuel','Roselli',NULL,'30','2','1','0'),  ('248','0','Mauricio','Carrasco',NULL,'30','4','1','0'),  ('249','0','Martín','Seri',NULL,'30','3','1','0'),  ('250','0','Juan Manuel','Sosa',NULL,'30','3','1','0'),  ('251','0','Alexis','Machuca',NULL,'30','2','1','0'),  ('252','0','Carlos','Vaca',NULL,'30','2','1','0'),  ('253','0','Santiago','Fernández',NULL,'30','4','1','0'),  ('254','0','Rodrigo','Chávez',NULL,'30','2','1','0'),  ('255','0','Cristian','Díaz',NULL,'30','3','1','0'),  ('256','0','Hernán','Zanni',NULL,'30','3','1','0'),  ('257','0','Emanuel','Dening',NULL,'30','4','1','0'),  ('258','0','Federico','Falcone',NULL,'30','4','1','0'),  ('259','0','Lucas','Hoyos',NULL,'30','1','1','0'),  ('260','0','Alejandro','Cascio',NULL,'30','3','1','0'),  ('261','0','Juan Manuel','Cobelli',NULL,'30','4','1','0'),  ('262','0','Santiago','Salcedo',NULL,'31','4','2','1'),  ('263','0','Diego','Lagos',NULL,'31','4','2','0'),  ('264','0','Mauricio','Caranta',NULL,'31','1','2','1'),  ('265','0','Agustín','Pelletieri',NULL,'31','3','2','1'),  ('266','0','Matías','Fritzler',NULL,'31','3','2','1'),  ('267','0','Maximiliano','Velázquez',NULL,'31','2','2','0'),  ('268','0','Marcos','Aguirre',NULL,'31','3','2','0'),  ('269','0','Santiago','Hoyos',NULL,'31','2','2','0'),  ('270','0','Diego','González',NULL,'31','3','1','1'),  ('271','0','Santiago','Biglieri',NULL,'31','4','1','1'),  ('272','0','Jadson','Viera',NULL,'31','2','2','0'),  ('273','0','Emir','Faccioli',NULL,'31','2','1','1'),  ('274','0','Eduardo','Ledesma',NULL,'31','3','2','1'),  ('275','0','Adrián','Peralta',NULL,'31','3','1','0'),  ('276','0','Hernán','Grana',NULL,'31','2','1','0'),  ('277','0','Carlos','Quintana',NULL,'31','2','1','0'),  ('278','0','Carlos','Arce',NULL,'31','2','1','0'),  ('279','0','Cristian','Menéndez',NULL,'31','4','1','0'),  ('280','0','Agustín','Marchesín',NULL,'31','1','1','0'),  ('281','0','Roberto','Dovetta',NULL,'31','4','1','0'),  ('282','0','Iván','Macalik',NULL,'31','2','1','0'),  ('283','0','Maximiliano','Lugo',NULL,'31','2','1','0'),  ('284','0','Mario','Zaninovic',NULL,'31','3','1','0'),  ('285','0','Marcelo','Benítez',NULL,'31','3','1','0'),  ('286','0','Rodrigo','Erramuspe',NULL,'31','2','1','0'),  ('287','0','Leandro','Benítez',NULL,'31','3','1','0'),  ('288','0','Javier','Carrasco',NULL,'31','3','1','0'),  ('289','0','Gonzalo','Díaz Nachar',NULL,'31','3','1','0'),  ('290','0','Guido','Pizarro',NULL,'31','3','1','0'),  ('291','0','Esteban','Andrada',NULL,'31','1','1','0'),  ('292','0','Ariel','Alarcón',NULL,'31','2','1','0'),  ('293','0','Luciano','Balbi',NULL,'31','2','1','0'),  ('294','0','Gastón','Lolli',NULL,'31','2','1','0'),  ('295','0','Leonel','Pérez',NULL,'31','2','1','0'),  ('296','0','Javier','Arias',NULL,'31','4','1','0'),  ('297','0','Diego','Bielkiewicz',NULL,'31','4','1','0'),  ('298','0','Andrés','Silvera',NULL,'39','4','2','0'),  ('299','0','Fabián','Assmann',NULL,'39','1','2','0'),  ('300','0','Hilario','Navarro',NULL,'39','1','2','1'),  ('301','0','Leonel','Núñez',NULL,'39','4','2','0'),  ('302','0','Walter','Busse',NULL,'39','3','2','0'),  ('303','0','Ignacio','Piatti',NULL,'39','3','2','0'),  ('304','0','Eduardo','Tuzzio',NULL,'39','2','2','0'),  ('305','0','Darío','Gandín',NULL,'39','4','2','1'),  ('306','0','Gastón','Machín',NULL,'39','3','2','0'),  ('307','0','Carlos','Matheu',NULL,'39','2','2','1'),  ('308','0','Walter','Acevedo',NULL,'39','3','2','0'),  ('309','0','Luciano','Vella',NULL,'39','2','1','1'),  ('310','0','Lucas','Pusineri',NULL,'39','3','1','0'),  ('311','0','Lucas','Mareque',NULL,'39','2','2','0'),  ('312','0','Ricardo','Moreira',NULL,'39','2','1','0'),  ('313','0','Federico','Mancuello',NULL,'39','3','1','1'),  ('314','0','Patricio','Rodríguez',NULL,'39','3','2','1'),  ('315','0','Angel','Puertas',NULL,'39','2','1','0'),  ('316','0','Sergio','Vittor',NULL,'39','3','1','0'),  ('317','0','Fernando','Godoy',NULL,'39','3','1','0'),  ('318','0','Martín','Gómez',NULL,'39','4','1','1'),  ('319','0','Nicolás','Mazzola',NULL,'39','4','1','0'),  ('320','0','Samuel','Cáceres',NULL,'39','2','1','0'),  ('321','0','Federico','González',NULL,'39','4','1','0'),  ('322','0','Adrián','Gabbarini',NULL,'39','1','1','1'),  ('323','0','Héctor','Echagüe',NULL,'39','3','1','0'),  ('324','0','Leonel','Galeano',NULL,'39','2','1','0'),  ('325','0','Lucas','Kruspzky',NULL,'39','2','1','0'),  ('326','0','Nicolás','Martínez',NULL,'39','3','1','0'),  ('327','0','Roberto','Vissio',NULL,'39','3','1','0'),  ('328','0','Matías','Canteros',NULL,'39','2','1','0'),  ('329','0','Diego','Rodríguez',NULL,'39','1','1','0'),  ('330','0','Julián','Velázquez',NULL,'39','2','1','0'),  ('331','0','Mariano','Berriex',NULL,'39','3','1','1'),  ('332','0','David','Escalante',NULL,'39','4','1','0'),  ('333','0','Patricio','Toranzo',NULL,'32','3','2','0'),  ('334','0','Paolo','Goltz',NULL,'32','2','2','1'),  ('335','0','Gastón','Monzón',NULL,'32','1','2','0'),  ('336','0','Eduardo','Domínguez',NULL,'32','2','2','0'),  ('337','0','Leandro','Díaz',NULL,'32','3','2','0'),  ('338','0','Pablo','Jerez',NULL,'32','2','1','1'),  ('339','0','Gastón','Esmerado',NULL,'32','3','1','0'),  ('340','0','Rodrigo','Díaz',NULL,'32','3','2','0'),  ('341','0','Alan','Sánchez',NULL,'32','3','1','0'),  ('342','0','Diego','Rodríguez',NULL,'32','2','1','0'),  ('343','0','Gonzalo','García',NULL,'32','2','1','0'),  ('344','0','Lucas','Trecarichi',NULL,'32','3','1','0'),  ('345','0','Federico','Laurito',NULL,'32','4','1','0'),  ('346','0','Kevin','Cura',NULL,'32','2','1','0'),  ('347','0','Juan Carlos','Carrizo',NULL,'32','3','1','0'),  ('348','0','Nicolás','De Bruno',NULL,'32','3','1','0'),  ('349','0','Leandro','Benegas',NULL,'32','4','1','1'),  ('350','0','Ezequiel','Filipetto',NULL,'32','2','1','0'),  ('351','0','Luciano','Nieto',NULL,'32','4','1','0'),  ('352','0','Nicolás','Trecco',NULL,'32','4','1','0'),  ('353','0','Rodrigo','Malbernat',NULL,'32','3','1','0'),  ('354','0','Lucas','Calviño',NULL,'32','1','1','0'),  ('355','0','Daniel','Medina',NULL,'32','3','1','0'),  ('356','0','Gastón','Rudniesky',NULL,'32','1','1','0'),  ('357','0','César','Vallejos',NULL,'32','1','1','0'),  ('358','0','Cristian','Fernández',NULL,'32','2','1','0'),  ('359','0','Ezequiel','Llesona',NULL,'32','2','1','0'),  ('360','0','Gerardo','Maidana',NULL,'32','2','1','0'),  ('361','0','Mariano','Cosentino',NULL,'32','3','1','0'),  ('362','0','Francisco','Hernández',NULL,'32','3','1','0'),  ('363','0','Marcos','Moreno',NULL,'32','3','1','0'),  ('364','0','Gino','Clara',NULL,'32','4','1','0'),  ('365','0','Carlos','Ortiz López',NULL,'32','4','1','0'),  ('366','0','Nelson','Ibáñez',NULL,'40','1','2','0'),  ('367','0','Federico','Higuaín',NULL,'40','4','2','1'),  ('368','0','Daniel','Vega',NULL,'40','4','1','1'),  ('369','0','Sebastián','Salomón',NULL,'40','3','2','0'),  ('370','0','Lautaro','Formica',NULL,'40','2','2','0'),  ('371','0','Francisco','Dutari',NULL,'40','2','1','0'),  ('372','0','Sebastián','Martínez',NULL,'40','2','1','0'),  ('373','0','Leonardo','Sigali',NULL,'40','2','1','1'),  ('374','0','Nicolás','Olmedo',NULL,'40','3','1','1'),  ('375','0','Cristian','Chávez',NULL,'40','4','1','0'),  ('376','0','Leandro','Torres',NULL,'40','3','1','0'),  ('377','0','Jorge','Curbelo',NULL,'40','2','1','0'),  ('378','0','Gabriel','Vallés',NULL,'40','2','1','0'),  ('379','0','Ariel','Rojas',NULL,'40','3','1','0'),  ('380','0','Martín','Aguirre',NULL,'40','3','1','0'),  ('381','0','José','Ramírez',NULL,'40','1','1','0'),  ('382','0','Diego','Trotta',NULL,'40','2','1','0'),  ('383','0','Luis','Lobos',NULL,'40','2','1','0'),  ('384','0','Ernesto','Garín',NULL,'40','3','1','0'),  ('385','0','Carlos','Valencia',NULL,'40','3','1','0'),  ('386','0','Matías','Jara',NULL,'40','4','1','1'),  ('387','0','Zelmar','García',NULL,'40','2','1','0'),  ('388','0','Jesús','Vera',NULL,'40','4','1','0'),  ('389','0','César','Mena',NULL,'40','2','1','0'),  ('390','0','Cristian','Cuevas',NULL,'40','2','1','0'),  ('391','0','Sergio','Sánchez',NULL,'40','3','1','0'),  ('392','0','Maximiliano','Alaniz',NULL,'40','4','1','0'),  ('393','0','Cristian','Del Castillo',NULL,'40','2','1','0'),  ('394','0','Facundo','Bailo',NULL,'40','3','1','0'),  ('395','0','Marcio','Conejero',NULL,'40','3','1','0'),  ('396','0','Federico','Villegas',NULL,'40','3','1','0'),  ('397','0','Cristian','Aracena',NULL,'40','1','1','0'),  ('398','0','Juan','Marital',NULL,'40','2','1','0'),  ('399','0','Paolo','Santander',NULL,'40','2','1','0'),  ('400','0','Nicolás','Triviño',NULL,'40','2','1','0'),  ('401','0','Alejandro','Camargo',NULL,'40','3','1','0'),  ('402','0','Paul','Martín',NULL,'40','3','1','0'),  ('403','0','Adrián','Escudero',NULL,'40','4','1','0'),  ('404','0','Sebastián','Romero',NULL,'41','3','2','1'),  ('405','0','Gastón','Sessa',NULL,'41','1','2','0'),  ('406','0','Juan','Cuevas',NULL,'41','4','2','0'),  ('407','0','Fabián','Rinaudo',NULL,'41','3','2','0'),  ('408','0','José','Vizcarra',NULL,'41','4','2','0'),  ('409','0','Ariel','Agüero',NULL,'41','2','1','1'),  ('410','0','Alvaro','Ormeño',NULL,'41','2','2','0'),  ('411','0','Esteban','González',NULL,'41','3','2','0'),  ('412','0','Rubén','Maldonado',NULL,'41','2','2','0'),  ('413','0','Roberto','Sosa',NULL,'41','4','1','0'),  ('414','0','Diego','Villar',NULL,'41','3','1','0'),  ('415','0','Mariano','Messera',NULL,'41','3','2','0'),  ('416','0','Marcelo','Cardozo',NULL,'41','2','1','0'),  ('417','0','Marco','Pérez',NULL,'41','4','1','0'),  ('418','0','Luciano','Aued',NULL,'41','3','1','1'),  ('419','0','Sebastián','Ereros',NULL,'41','4','1','0'),  ('420','0','Hugo','Iriarte',NULL,'41','2','1','0'),  ('421','0','Cristian','Piarrou',NULL,'41','2','1','0'),  ('422','0','Néstor','Martinena',NULL,'41','4','1','1'),  ('423','0','Lucas','Landa',NULL,'41','2','1','0'),  ('424','0','Denis','Stracqualursi',NULL,'41','4','1','1'),  ('425','0','Pablo','Bangardino',NULL,'41','1','1','0'),  ('426','0','Juan','Neira',NULL,'41','4','1','0'),  ('427','0','Pablo','De Blasis',NULL,'41','3','1','0'),  ('428','0','Milton','Casco',NULL,'41','3','1','0'),  ('429','0','Lucas','Castro',NULL,'41','3','1','0'),  ('430','0','Dardo','Miloc',NULL,'41','3','1','0'),  ('431','0','Andrés','Angelini',NULL,'41','1','1','0'),  ('432','0','Yair','Bonnin',NULL,'41','1','1','0'),  ('433','0','Fernando','Monetti',NULL,'41','1','1','0'),  ('434','0','Raúl Alberto','Albornoz',NULL,'41','2','1','0'),  ('435','0','Miguel Angel','Juárez',NULL,'41','2','1','1'),  ('436','0','Federico','Quiroga',NULL,'41','2','1','0'),  ('437','0','Nery','Espinoza',NULL,'41','3','1','0'),  ('438','0','Alfredo Israel','Roldán',NULL,'41','3','1','1'),  ('439','0','Rodrigo','Braña',NULL,'33','3','2','1'),  ('440','0','Clemente','Rodríguez',NULL,'33','2','2','1'),  ('441','0','José Luis','Calderón',NULL,'33','4','1','0'),  ('442','0','Marcos','Angeleri',NULL,'33','2','1','0'),  ('443','0','Marcelo','Carrusca',NULL,'33','3','2','0'),  ('444','0','Leandro','Desábato',NULL,'33','2','2','1'),  ('445','0','Agustín','Alayes',NULL,'33','2','2','0'),  ('446','0','Christian','Cellay',NULL,'33','2','2','1'),  ('447','0','Leandro','Benítez',NULL,'33','3','2','1'),  ('448','0','Juan Manuel','Salgueiro',NULL,'33','4','2','0'),  ('449','0','Germán','Ré',NULL,'33','2','2','0'),  ('450','0','Damián','Albil',NULL,'33','1','2','1'),  ('451','0','Matías','Sánchez',NULL,'33','3','2','0'),  ('452','0','Leandro','González',NULL,'33','3','1','0'),  ('453','0','Roberto','Fernández',NULL,'33','1','1','0'),  ('454','0','Edgar','González',NULL,'33','3','1','0'),  ('455','0','César','Taborda',NULL,'33','1','1','0'),  ('456','0','Juan Manuel','Díaz',NULL,'33','2','1','0'),  ('457','0','J.','Morales Neumann',NULL,'33','4','1','0'),  ('458','0','Federico','Fernández',NULL,'33','2','1','0'),  ('459','0','Raúl','Iberbia',NULL,'33','2','1','0'),  ('460','0','Maximiliano','Núñez',NULL,'33','3','1','0'),  ('461','0','Milton','Galeana',NULL,'33','4','1','0'),  ('462','0','Diego','Armani',NULL,'33','1','1','0'),  ('463','0','Marcos','Rojo',NULL,'33','2','1','0'),  ('464','0','Cristian','Gaitán',NULL,'33','2','1','0'),  ('465','0','Matías','Sarulyte',NULL,'33','2','1','0'),  ('466','0','Matías','Birge',NULL,'33','3','1','0'),  ('467','0','Agustín','Silva',NULL,'33','1','1','0'),  ('468','0','Diego','Pozo',NULL,'34','1','2','1'),  ('469','0','Alexis','Ferrero',NULL,'34','2','2','1'),  ('470','0','Germán','Rivarola',NULL,'34','2','2','1'),  ('471','0','Federico','Nieto',NULL,'34','4','2','0'),  ('472','0','Cristian','Pellerano',NULL,'34','3','2','0'),  ('473','0','Marcelo','Goux',NULL,'34','2','1','1'),  ('474','0','Ariel','Garcé',NULL,'34','2','2','1'),  ('475','0','Alejandro','Capurro',NULL,'34','3','2','0'),  ('476','0','Ricardo','Gómez',NULL,'34','3','2','0'),  ('477','0','Daley','Mena',NULL,'34','4','1','0'),  ('478','0','Lucas','Acosta',NULL,'34','3','1','0'),  ('479','0','Juan Manuel','Lucero',NULL,'34','4','1','0'),  ('480','0','Alfredo','Ramírez',NULL,'34','3','1','1'),  ('481','0','Facundo','Bertoglio',NULL,'34','3','2','1'),  ('482','0','Luis','Quinteros',NULL,'34','4','1','0'),  ('483','0','Salustiano','Candia',NULL,'34','2','1','0'),  ('484','0','Nicolás','Torres',NULL,'34','3','1','0'),  ('485','0','Fabián','Castillo',NULL,'34','4','1','0'),  ('486','0','Omar','Merlo',NULL,'34','2','1','0'),  ('487','0','Cristian','Barinaga',NULL,'34','3','1','0'),  ('488','0','Maximiliano','Caire',NULL,'34','2','1','0'),  ('489','0','Pablo','De Miranda',NULL,'34','2','1','0'),  ('490','0','Federico','García',NULL,'34','2','1','0'),  ('491','0','Mauricio','Mansilla',NULL,'34','2','1','0'),  ('492','0','Facundo','Sánchez',NULL,'34','3','1','0'),  ('493','0','Marcos','Díaz',NULL,'34','1','1','0'),  ('494','0','Ismael','Quilez',NULL,'34','2','1','0'),  ('495','0','Mauro','Bellone',NULL,'34','3','1','0'),  ('496','0','Rodrigo','Canario',NULL,'34','4','1','0'),  ('497','0','Iván','Gorosito',NULL,'34','1','1','0'),  ('498','0','Gonzalo','Gaydou',NULL,'34','2','1','0'),  ('499','0','Santiago','Soto',NULL,'34','3','1','0'),  ('500','0','Sebastián','Sciorilli',NULL,'42','3','2','0'),  ('501','0','Nicolás','Tauber',NULL,'42','1','1','1'),  ('502','0','Cristian','Grabinski',NULL,'42','2','1','1'),  ('503','0','Matías','Alustiza',NULL,'42','4','2','1'),  ('504','0','Diego','Crosa',NULL,'42','2','2','0'),  ('505','0','Facundo','Parra',NULL,'42','4','1','0'),  ('506','0','Sebastián','Cejas',NULL,'42','1','1','0'),  ('507','0','Fernando','Crosa',NULL,'42','2','1','0'),  ('508','0','Jorge','Núñez',NULL,'42','2','1','0'),  ('509','0','Emanuel','Centurión',NULL,'42','3','2','0'),  ('510','0','Federico','Vismara',NULL,'42','3','1','1'),  ('511','0','Omar','Zarif',NULL,'42','3','1','1'),  ('512','0','Cristian','Milla',NULL,'42','4','1','0'),  ('513','0','Daniel','Pereira',NULL,'42','3','1','0'),  ('514','0','Juan Manuel','Aróstegui',NULL,'42','4','1','1'),  ('515','0','Alejandro','Frezzotti',NULL,'42','3','1','0'),  ('516','0','Nicolás','Ramírez',NULL,'42','3','1','0'),  ('517','0','Mariano','Echeverría',NULL,'42','2','1','0'),  ('518','0','Fernando','Fontana',NULL,'42','2','1','0'),  ('519','0','Franco','Miranda',NULL,'42','2','1','0'),  ('520','0','Federico','Iñíguez',NULL,'42','3','1','0'),  ('521','0','Diego','Churín',NULL,'42','4','1','0'),  ('522','0','José Luis','Gómez',NULL,'42','3','1','0'),  ('523','0','Germán','Cano',NULL,'42','4','1','0'),  ('524','0','Daniel','Ponce',NULL,'42','3','1','0'),  ('525','0','Emiliano','Strappini',NULL,'42','4','1','0'),  ('526','0','Cristian','Gutiérrez',NULL,'42','2','1','0'),  ('527','0','Diego','Morales',NULL,'42','4','1','0'),  ('528','0','Franco','Coria',NULL,'42','2','1','0'),  ('529','0','Jorge','Myma',NULL,'42','3','1','0'),  ('530','0','Federico','Rosso',NULL,'42','2','1','0'),  ('531','0','Matías','Pisano',NULL,'42','3','1','0'),  ('532','0','Diego','Torres',NULL,'42','4','1','0'),  ('533','0','Pedro','Fernández',NULL,'42','1','1','0'),  ('534','0','Lisandro','López',NULL,'42','2','1','0'),  ('535','0','Daniel','Giordano',NULL,'42','4','1','0'),  ('536','0','Roberto','Abbondanzieri',NULL,'35','1','2','0'),  ('537','0','Hugo','Ibarra',NULL,'35','2','2','1'),  ('538','0','Claudio','Morel Rodríguez',NULL,'35','2','2','0'),  ('539','0','Gary','Medel',NULL,'35','3','2','1'),  ('540','0','Julio César','Cáceres',NULL,'35','2','2','1'),  ('541','0','Pablo','Mouche',NULL,'35','4','2','1'),  ('542','0','Cristian','Chávez',NULL,'35','3','1','0'),  ('543','0','Lucas','Viatri',NULL,'35','4','1','1'),  ('544','0','Gabriel','Paletta',NULL,'35','2','2','1'),  ('545','0','Guillermo','Marino',NULL,'35','3','2','1'),  ('546','0','Ariel','Rosada',NULL,'35','3','1','1'),  ('547','0','Luciano','Monzón',NULL,'35','2','2','0'),  ('548','0','Ricardo','Noir',NULL,'35','4','1','0'),  ('549','0','Nicolás','Gaitán',NULL,'35','3','1','1'),  ('550','0','Juan','Krupoviesa',NULL,'35','2','1','0'),  ('551','0','José María','Calvo',NULL,'35','2','1','0'),  ('552','0','Javier','García',NULL,'35','1','1','0'),  ('553','0','Adrián','Gunino',NULL,'35','2','1','1'),  ('554','0','Ezequiel','Muñoz',NULL,'35','2','1','0'),  ('555','0','Gastón','Sauro',NULL,'35','2','1','0'),  ('556','0','Josué','Ayala',NULL,'35','1','1','0'),  ('557','0','Exequiel','Benavídez',NULL,'35','3','1','0'),  ('558','0','Breyner','Bonilla',NULL,'35','2','1','0'),  ('559','0','S. Alberto','Battaglia',NULL,'35','3','1','0'),  ('560','0','Jonathan','Philippe',NULL,'35','4','1','0'),  ('561','0','Nicolás','Colazo',NULL,'35','3','1','0'),  ('562','0','Leandro','Aguirre',NULL,'35','2','1','0'),  ('563','0','Omar','Alfonso',NULL,'35','2','1','0'),  ('564','0','Enzo Adrián','Ruiz',NULL,'35','2','1','0'),  ('565','0','Cristian','Erbes',NULL,'35','3','1','0'),  ('566','0','Sebastián','Vidal',NULL,'35','3','1','0'),  ('567','0','Cristian','Lucchetti',NULL,'43','1','2','1'),  ('568','0','Santiago','Silva',NULL,'43','4','2','1'),  ('569','0','Sebastián','Fernández',NULL,'43','4','2','1'),  ('570','0','Walter','Erviti',NULL,'43','3','2','1'),  ('571','0','Víctor','López',NULL,'43','2','2','1'),  ('572','0','Daniel','Bilos',NULL,'43','3','2','0'),  ('573','0','Roberto','Battión',NULL,'43','3','1','1'),  ('574','0','Maximiliano','Bustos',NULL,'43','3','1','0'),  ('575','0','Sebastián','Méndez',NULL,'43','2','2','0'),  ('576','0','Marcelo','Quinteros',NULL,'43','3','2','0'),  ('577','0','Julio','Marchant',NULL,'43','3','1','1'),  ('578','0','Marcelo','Bustamante',NULL,'43','2','1','1'),  ('579','0','Santiago','Ladino',NULL,'43','2','1','0'),  ('580','0','Emmanuel','Pío',NULL,'43','3','1','0'),  ('581','0','Luis','Salmerón',NULL,'43','4','1','0'),  ('582','0','José','Devaca',NULL,'43','2','1','0'),  ('583','0','Julio','Barraza',NULL,'43','2','1','1'),  ('584','0','James','Rodríguez',NULL,'43','3','2','1'),  ('585','0','Ariel','Broggi',NULL,'43','2','1','0'),  ('586','0','Cristian','García',NULL,'43','4','1','0'),  ('587','0','Enrique','Bologna',NULL,'43','1','1','0'),  ('588','0','Maximiliano','Laso',NULL,'43','3','1','0'),  ('589','0','Marcos','Galarza',NULL,'43','2','1','0'),  ('590','0','Fabián','Santana',NULL,'43','3','1','0'),  ('591','0','Gustavo','Gómez',NULL,'43','3','1','0'),  ('592','0','Mauro','Dos Santos',NULL,'43','2','1','0'),  ('593','0','Facundo','Ferreyra',NULL,'43','4','1','0'),  ('594','0','Federico','Sardella',NULL,'43','3','1','0'),  ('595','0','Pablo','Vergara',NULL,'43','2','1','0'),  ('596','0','Gonzalo','Robledo',NULL,'43','2','1','0'),  ('597','0','Diego','Galeano',NULL,'43','3','1','0'),  ('598','0','Guido','Di Vanni',NULL,'43','4','1','0'),  ('599','0','Sebastián','López',NULL,'43','1','1','0'),  ('600','0','Favio','Segovia',NULL,'43','2','1','0'),  ('601','0','Héctor','Desvaux',NULL,'44','2','1','1'),  ('602','0','Raúl','Saavedra',NULL,'44','2','1','0'),  ('603','0','Luis','Rodríguez',NULL,'44','4','2','0'),  ('604','0','Pablo','Calandria',NULL,'44','4','1','0'),  ('605','0','Matías','Villavicencio',NULL,'44','2','1','0'),  ('606','0','Matías','Escobar',NULL,'44','3','1','0'),  ('607','0','Claudio','Sarría',NULL,'44','3','1','1'),  ('608','0','Deivis','Barone',NULL,'44','2','1','0'),  ('609','0','Juan Manuel','Azconzábal',NULL,'44','2','1','0'),  ('610','0','Javier','Páez',NULL,'44','2','1','0'),  ('611','0','Jonathan','Blanes',NULL,'44','3','1','0'),  ('612','0','Lucas','Ischuk',NULL,'44','1','1','1'),  ('613','0','Andrés','Bressán',NULL,'44','2','1','0'),  ('614','0','Diego','Erroz',NULL,'44','3','1','0'),  ('615','0','Martín','Granero',NULL,'44','3','1','0'),  ('616','0','Damián','Musto',NULL,'44','3','1','0'),  ('617','0','Fabio','Escobar',NULL,'44','4','1','0'),  ('618','0','Sebastián','Longo',NULL,'44','3','1','0'),  ('619','0','César','Montiglio',NULL,'44','3','1','0'),  ('620','0','Juan','Pereyra',NULL,'44','4','1','1'),  ('621','0','Matías','García',NULL,'44','3','1','0'),  ('622','0','Emanuel','Gigliotti',NULL,'44','4','1','0'),  ('623','0','Esteban','Dei Rossi',NULL,'44','1','1','0'),  ('624','0','David','Drocco',NULL,'44','3','1','1'),  ('625','0','Rodrigo','Herrera',NULL,'44','2','1','0'),  ('626','0','José','Saavedra',NULL,'44','3','1','0'),  ('627','0','Claudio','González',NULL,'44','3','1','0'),  ('628','0','Cristian','Campestrini',NULL,'45','1','2','0'),  ('629','0','Javier','Yacuzzi',NULL,'45','3','2','0'),  ('630','0','Mauro','Matos',NULL,'45','4','2','0'),  ('631','0','Aníbal','Matellán',NULL,'45','2','2','0'),  ('632','0','Diego','Galván',NULL,'45','3','2','0'),  ('633','0','Franco','Jara',NULL,'45','4','2','1'),  ('634','0','Sergio','Sena',NULL,'45','3','1','0'),  ('635','0','Cristian','Alvarez',NULL,'45','3','2','0'),  ('636','0','Federico','Poggi',NULL,'45','3','1','0'),  ('637','0','Franco','Peppino',NULL,'45','2','1','1'),  ('638','0','Cristian','Tula',NULL,'45','2','1','1'),  ('639','0','Facundo','Pérez Castro',NULL,'45','3','1','0'),  ('640','0','Darío','Espínola',NULL,'45','2','1','0'),  ('641','0','Matías','Pérez',NULL,'45','2','1','0'),  ('642','0','Matías','Carabajal',NULL,'45','3','1','0'),  ('643','0','Alexander','Medina',NULL,'45','4','1','0'),  ('644','0','Mariano Sebastián','Brau',NULL,'45','2','1','0'),  ('645','0','Jonathan','López',NULL,'45','4','1','0'),  ('646','0','Juan','Bottaro',NULL,'45','4','1','0'),  ('647','0','Hugo','Nervo',NULL,'45','2','1','0'),  ('648','0','Iván','Marcone',NULL,'45','3','1','0'),  ('649','0','Darío','Benedetto',NULL,'45','4','1','0'),  ('650','0','Mariano','Martínez',NULL,'45','4','1','0'),  ('651','0','Catriel','Orcellet',NULL,'45','1','1','0'),  ('652','0','Nahuel','Sachetto',NULL,'45','3','1','0'),  ('653','0','Raúl','Speroni',NULL,'45','4','1','0'),  ('654','0','Damián','Pérez',NULL,'45','2','1','0'),  ('655','0','Facundo','Silva',NULL,'45','3','1','0'),  ('656','0','Nicolás','Aguirre',NULL,'45','3','1','0'),  ('657','0','Martín','Reichel',NULL,'45','2','1','0'),  ('658','0','Alexander','Corro',NULL,'45','3','1','0'),  ('659','0','Javier Nicolás','Burrai',NULL,'45','1','1','0'),  ('660','0','Ludovico','Paulucci',NULL,'45','1','1','0'),  ('661','0','Víctor','Cuesta',NULL,'45','2','1','0'),  ('662','0','Claudio','Mosca',NULL,'45','3','1','0'),  ('663','0','Matías Javier','Sierra',NULL,'45','4','1','0'),  ('664','0','Pablo','Villalba Fretes',NULL,'45','4','1','0'),  ('665','0','Gabriel','Hauche',NULL,'46','4','2','1'),  ('666','0','Néstor','Ortigoza',NULL,'46','3','2','1'),  ('667','0','Santiago','Raymonda',NULL,'46','3','1','1'),  ('668','0','Juan','Mercier',NULL,'46','3','2','1'),  ('669','0','Nicolás','Pavlovich',NULL,'46','4','1','0'),  ('670','0','Sebastián','Torrico',NULL,'46','1','1','1'),  ('671','0','Ignacio','Canuto',NULL,'46','2','2','1'),  ('672','0','Andrés','Scotti',NULL,'46','2','2','1'),  ('673','0','Federico','Domínguez',NULL,'46','2','1','1'),  ('674','0','Matías','Caruzzo',NULL,'46','2','2','1'),  ('675','0','Gustavo','Oberman',NULL,'46','4','1','0'),  ('676','0','Ismael','Sosa',NULL,'46','4','2','0'),  ('677','0','René','Lima',NULL,'46','3','1','0'),  ('678','0','Nicolás','Peric',NULL,'46','1','1','0'),  ('679','0','Gonzalo','Prósperi',NULL,'46','2','1','1'),  ('680','0','Juan Alberto','Sabia',NULL,'46','2','1','0'),  ('681','0','Franco','Quiroga',NULL,'46','3','1','0'),  ('682','0','Ciro','Rius',NULL,'46','3','1','0'),  ('683','0','Nicolás','Gianni',NULL,'46','4','1','0'),  ('684','0','Mauro','Bogado',NULL,'46','3','1','0'),  ('685','0','Germán','Basualdo',NULL,'46','3','1','0'),  ('686','0','Facundo','Coria',NULL,'46','4','1','0'),  ('687','0','Andrés','Romero',NULL,'46','4','1','0'),  ('688','0','Diego','García',NULL,'46','4','1','0'),  ('689','0','Nicolás','Berardo',NULL,'46','2','1','0'),  ('690','0','Julián','Fernández',NULL,'46','2','1','0'),  ('691','0','Sebastián','Jaime',NULL,'46','4','1','0'),  ('692','0','Facundo','Alfonso',NULL,'46','3','1','0'),  ('693','0','Diego','Morales',NULL,'46','1','1','0'),  ('694','0','Maximiliano','Sola',NULL,'46','2','1','0'),  ('695','0','Hernán','Salazar',NULL,'46','4','1','0'),  ('696','0','Gabriel Oscar','Frandino',NULL,'46','1','1','0'),  ('697','0','Daniel Alejandro','Franco',NULL,'46','2','1','0'),  ('698','0','Edgardo','Rotondi',NULL,'46','4','1','0');
INSERT INTO `playermatch` VALUES ('710','1','409','120','5','5','0','0','0','0','0','0','0','0','0','0'),  ('711','1','92','120','7','7','0','0','0','0','0','0','0','0','0','0'),  ('712','1','450','116','5','7','0','2','0','0','0','0','0','0','0','0'),  ('713','1','171','114','5','6','0','0','0','0','0','0','0','0','1','0'),  ('714','1','418','120','13','7','0','0','1','0','0','0','0','0','1','0'),  ('715','1','583','116','4','5','0','0','0','0','0','0','0','0','1','0'),  ('716','1','266','114','4','5','0','0','0','0','0','0','0','0','1','0'),  ('717','1','21','117','5','5','0','0','0','0','0','0','0','0','0','0'),  ('718','1','211','112','7','5','1',NULL,'0','0','0','0','0','0','0','0'),  ('719','1','481','118','5','6','0','0','0','0','0','0','0','0','1','0'),  ('720','1','14','118','4','4','0','0','0','0','0','0','0','0','0','0'),  ('721','1','16','116','3','3','0','0','0','0','0','0','0','0','0','0'),  ('722','1','90','120','3','4','0','0','0','0','0','0','0','0','1','0'),  ('723','1','119','117','6','7','0','1','0','0','0','0','0','0','0','0'),  ('724','1','129','117','4.5','5.5','0','0','0','0','0','0','0','0','1','0'),  ('725','1','578','116','5','5','0','0','0','0','0','0','0','0','0','0'),  ('726','1','197','112','8','8','0','0','0','0','0','0','0','0','0','0'),  ('727','1','671','115','3','4','0','0','0','0','0','0','0','0','1','0'),  ('728','1','25','121','5','5','0','0','0','0','0','0','0','0','0','0'),  ('729','1','674','115','4','4','0','0','0','0','0','0','0','0','0','0'),  ('730','2','141','117','7','7','0','0','0','1','0','0','0','0','1','0'),  ('731','1','27','121','17','7.5','0','0','1','1','0','0','0','0','1','0'),  ('732','1','444','116','5','5','0','0','0','0','0','0','0','0','0','0'),  ('733','1','601','112','0','3','0','1','0','0','0','0','0','0','0','1'),  ('734','1','673','115','4','4','0','0','0','0','0','0','0','0','0','0'),  ('735','1','570','116','11','8','0','0','0','1','0','0','0','0','0','0'),  ('736','1','569','116','3','4','0','0','0','0','0','0','0','0','1','0'),  ('737','1','155','114','4','4','0','0','0','0','0','0','0','0','0','0'),  ('738','1','469','118','5.5','5.5','0','0','0','0','0','0','0','0','0','0'),  ('740','4','224','113','9.5','6.5','0','0','0','1','0','0','0','0','0','0'),  ('741','1','322','119','5','6','0','1','0','0','0','0','0','0','0','0'),  ('742','1','549','117','7','7','0','0','0','0','0','0','0','0','0','0'),  ('743','1','305','119','4','4','0','0','0','0','0','0','0','0','0','0'),  ('744','1','474','118','6','6','0','0','0','0','0','0','0','0','0','0'),  ('745','1','334','118','4','4','0','0','0','0','0','0','0','0','0','0'),  ('746','1','318','119','6','6','0','0','0','0','0','0','0','0','0','0'),  ('747','1','473','118','4','4','0','0','0','0','0','0','0','0','0','0'),  ('748','1','665','115','5','5','0','0','0','0','0','0','0','0','0','0'),  ('749','1','367','121','4.5','4.5','0','0','0','0','0','0','0','0','0','0'),  ('751','1','612','112','0','4','0','4','0','0','0','0','0','0','0','0'),  ('752','1','54','113','4','6','0','2','0','0','0','0','0','0','0','0'),  ('753','3','633','119','16','8','0','0','1','1','0','0','0','0','1','0'),  ('754','1','386','121','5','5','0','0','0','0','0','0','0','0','0','0'),  ('755','1','210','112','5','5','0','0','0','0','0','0','0','0','0','0'),  ('756','1','571','116','6','6','0','0','0','0','0','0','0','0','0','0'),  ('757','1','567','116','5','6','0','1','0','0','0','0','0','0','0','0'),  ('758','1','53','113','3','3','0','0','0','0','0','0','0','0','0','0'),  ('759','1','313','119','4','4','0','0','0','0','0','0','0','0','0','0'),  ('760','1','577','116','5','5','0','0','0','0','0','0','0','0','0','0'),  ('761','1','190','112','7','7','0','0','0','0','0','0','0','0','0','0'),  ('762','1','307','119','4','5','0','0','0','0','0','0','0','0','1','0'),  ('763','1','539','117','4','4','0','0','0','0','0','0','0','0','0','0'),  ('764','1','668','115','1','3','0','0','0','0','0','0','0','0','0','1'),  ('765','1','87','120','2','4','0','2','0','0','0','0','0','0','0','0'),  ('766','1','1','121','7','7','0','0','0','0','0','0','0','0','0','0'),  ('767','1','52','113','5.5','5.5','0','0','0','0','0','0','0','0','0','0'),  ('768','1','374','121','6','6','0','0','0','0','0','0','0','0','0','0'),  ('769','1','666','115','4.5','4.5','0','0','0','0','0','0','0','0','0','0'),  ('770','1','3','121','6.5','6.5','0','0','0','0','0','0','0','0','0','0'),  ('771','1','134','117','6.5','6.5','0','0','0','0','0','0','0','0','0','0'),  ('772','1','544','117','3.5','4.5','0','0','0','0','0','0','0','0','1','0'),  ('773','1','26','121','5.5','5.5','0','0','0','0','0','0','0','0','0','0'),  ('774','1','265','114','4','4','0','0','0','0','0','0','0','0','0','0'),  ('776','1','620','112','5','5','0','0','0','0','0','0','0','0','0','0'),  ('777','1','17','116','0','2','0','0','0','0','0','0','0','0','0','1'),  ('778','1','99','120','11','6','0','0','0','1','0','0','0','0','0','0'),  ('779','1','468','118','7.5','5.5','1',NULL,'0','0','0','0','0','0','0','0'),  ('780','1','480','118','4.5','4.5','0','0','0','0','0','0','0','0','0','0'),  ('781','1','667','115','3','3','0','0','0','0','0','0','0','0','0','0'),  ('782','1','470','118','7','7','0','0','0','0','0','0','0','0','0','0'),  ('783','1','94','120','6.5','6.5','0','0','0','0','0','0','0','0','0','0'),  ('784','1','440','116','6','6','0','0','0','0','0','0','0','0','0','0'),  ('785','1','314','119','5','5','0','0','0','0','0','0','0','0','0','0'),  ('786','1','404','120','5','6','0','0','0','0','0','0','0','0','1','0'),  ('787','1','546','117','3','4','0','0','0','0','0','0','0','0','1','0'),  ('788','1','262','114','6','6','0','0','0','0','0','0','0','0','0','0'),  ('789','0','573','114','6','6',NULL,NULL,NULL,NULL,NULL,NULL,NULL,NULL,NULL,NULL),  ('790','1','502','115','6','6','0','0','0','0','0','0','0','0','0','0'),  ('791','1','672','115','4','4','0','0','0','0','0','0','0','0','0','0'),  ('792','1','568','116','8','7','0','0','0','1','0','0','0','0','0','0'),  ('793','1','93','120','5.5','5.5','0','0','0','0','0','0','0','0','0','0'),  ('794','1','670','115','14','8','0','2','1','0','0','0','0','0','0','0'),  ('795','1','638','119','6','6','0','0','0','0','0','0','0','0','0','0'),  ('796','4','226','113','5','6','0','0','0','0','0','0','0','0','1','0'),  ('797','1','120','117','4','4','0','0','0','0','0','0','0','0','0','0'),  ('798','1','309','119','4','4','0','0','0','0','0','0','0','0','0','0'),  ('799','1','15','116','18','8','0','0','1','1','0','0','0','0','1','0'),  ('800','1','23','121','6','6','0','0','0','0','0','0','0','0','0','0'),  ('801','1','511','115','5','6','0','0','0','0','0','0','0','0','1','0'),  ('804','0','227','113','5','6','0','0','0','0','0','0','0','0','1','0'),  ('805','0','13','114','6','6','0','0','0','0','0','0','0','0','0','0'),  ('806','1','123','117','23','8','0','0','1','1','0','1','0','0','0','0'),  ('807','0','225','113','6','7','0','1','0','0','0','0','0','0','0','0'),  ('808','0','131','117','4.5','4.5','0','0','0','0','0','0','0','0','0','0'),  ('809','0','447','116','4','4','0','0','0','0','0','0','0','0','0','0'),  ('810','0','305','122','3.5','3.5','0','0','0','0','0','0','0','0','0','0'),  ('811','0','307','122','5','5','0','0','0','0','0','0','0','0','0','0'),  ('812','1','309','122','4','5','0','0','0','0','0','0','0','0','1','0'),  ('813','0','313','122','4','4','0','0','0','0','0','0','0','0','0','0'),  ('814','1','314','122','6','6','0','0','0','0','0','0','0','0','0','0'),  ('815','0','318','122','6','6','0','0','0','0','0','0','0','0','0','0'),  ('816','1','322','122','8','6','1',NULL,'0','0','0','0','0','0','0','0'),  ('817','0','404','122','4','4','0','0','0','0','0','0','0','0','0','0'),  ('818','0','409','122','4','5','0','0','0','0','0','0','0','0','1','0'),  ('819','0','418','122','5.5','6.5','0','0','0','0','0','0','0','0','1','0'),  ('820','0','14','123','6.5','6.5','0','0','0','0','0','0','0','0','0','0'),  ('821','0','334','123','0.5','4.5','0','0','0','0','0','0','1','0','0','0'),  ('822','0','338','123','4.5','5.5','0','0','0','0','0','0','0','0','1','0'),  ('823','0','638','123','4.5','4.5','0','0','0','0','0','0','0','0','0','0'),  ('824','0','537','124','5.5','5.5','0','0','0','0','0','0','0','0','0','0'),  ('825','0','539','124','5.5','6.5','0','0','0','0','0','0','0','0','1','0'),  ('826','0','540','124','6','6','0','0','0','0','0','0','0','0','0','0'),  ('827','0','541','124','6','6','0','0','0','0','0','0','0','0','0','0'),  ('828','0','545','124','6','6','0','0','0','0','0','0','0','0','0','0'),  ('829','0','546','124','5','6','0','0','0','0','0','0','0','0','1','0'),  ('830','0','549','124','6.5','6.5','0','0','0','0','0','0','0','0','0','0'),  ('831','0','18','124','5','5','0','0','0','0','0','0','0','0','0','0'),  ('832','0','468','124','8','6','1','0','0','0','0','0','0','0','0','0'),  ('833','0','469','124','6','7','0','0','0','0','0','0','0','0','1','0'),  ('834','0','470','124','5','5','0','0','0','0','0','0','0','0','0','0'),  ('835','0','474','124','15','7.5','0','0','1','0','0','0','0','0','0','0'),  ('836','0','480','124','5','5','0','0','0','0','0','0','0','0','0','0'),  ('837','0','481','124','5.5','5.5','0','0','0','0','0','0','0','0','0','0'),  ('838','0','13','126','3.5','3.5','0','0','0','0','0','0','0','0','0','0'),  ('839','0','262','126','3','4','0','0','0','0','0','0','0','0','1','0'),  ('840','0','265','126','5','5','0','0','0','0','0','0','0','0','0','0'),  ('841','0','266','126','4','4','0','0','0','0','0','0','0','0','0','0'),  ('842','0','271','126','3.5','4.5','0','0','0','0','0','0','0','0','1','0'),  ('843','0','274','126','3','3','0','0','0','0','0','0','0','0','0','0'),  ('844','0','502','126','7','7','0','0','0','0','0','0','0','0','0','0'),  ('845','0','511','126','5','6','0','0','0','0','0','0','0','0','1','0'),  ('846','0','224','127','8','8','0','0','0','0','0','0','0','0','0','0'),  ('847','0','225','127','5','6','0','1','0','0','0','0','0','0','0','0'),  ('848','0','226','127','5','5','0','0','0','0','0','0','0','0','0','0'),  ('849','0','227','127','6','7','0','0','0','0','0','0','0','0','1','0'),  ('850','0','237','127','5','5','0','0','0','0','0','0','0','0','0','0'),  ('851','0','155','127','4.5','4.5','0','0','0','0','0','0','0','0','0','0'),  ('852','0','612','128','4','6','0','2','0','0','0','0','0','0','0','0'),  ('853','0','620','128','22','10','0','0','1','2','0','0','0','0','0','0'),  ('854','0','624','128','6','6','0','0','0','0','0','0','0','0','0','0'),  ('855','0','53','128','6','6','0','0','0','1','0','0','0','0','1','0'),  ('856','0','54','128','1','5','0','4','0','0','0','0','0','0','0','0'),  ('857','0','64','128','4','5','0','0','0','0','0','0','0','0','1','0'),  ('858','0','367','129','10','8','0','0','0','0','1','0','0','0','0','0'),  ('859','0','368','129','5','5','0','0','0','0','0','0','0','0','0','0'),  ('860','0','373','129','3.5','4.5','0','1','0','0','0','0','0','0','0','0'),  ('861','0','374','129','5','6','0','0','0','0','0','0','0','0','1','0'),  ('862','0','188','129','5','5','0','0','0','0','0','0','0','0','0','0'),  ('863','0','190','129','1','3','0','0','0','0','0','0','0','0','0','1'),  ('864','0','210','129','7','7','0','0','0','0','0','0','0','0','0','0'),  ('865','0','15','130','8.5','8.5','0','0','0','0','0','0','0','0','0','0'),  ('866','0','440','130','5.5','5.5','0','0','0','0','0','0','0','0','0','0'),  ('867','0','87','131','3','4','0','1','0','0','0','0','0','0','0','0'),  ('868','0','94','131','6','6','0','0','0','0','0','0','0','0','0','0'),  ('869','0','99','131','5.5','5.5','0','0','0','0','0','0','0','0','0','0'),  ('870','1','567','131','10','8','1',NULL,'0','0','0','0','0','0','0','0'),  ('871','0','568','131','5.5','5.5','0','0','0','0','0','0','0','0','0','0'),  ('872','0','571','131','7','7','0','0','0','0','0','0','0','0','0','0'),  ('873','0','584','131','4','5','0','0','0','0','0','0','0','0','1','0'),  ('874','0','665','125','5','5','0','0','0','0','0','0','0','0','0','0'),  ('875','0','666','125','6','6','0','0','0','0','0','0','0','0','0','0'),  ('876','0','667','125','4.5','4.5','0','0','0','0','0','0','0','0','0','0'),  ('877','0','670','125','5','6','0','1','0','0','0','0','0','0','0','0'),  ('878','1','672','125','4','5','0','0','0','0','0','0','0','0','1','0'),  ('879','0','679','125','5','5','0','0','0','0','0','0','0','0','0','0'),  ('880','0','120','125','6','6','0','0','0','0','0','0','0','0','0','0'),  ('881','0','123','125','6','6','0','0','0','0','0','0','0','0','0','0'),  ('882','0','131','125','4','4','0','0','0','0','0','0','0','0','0','0'),  ('883','0','134','125','6','6','0','0','0','0','0','0','0','0','0','0'),  ('884','0','16','130','19','9','0','0','1','1','0','0','0','0','0','0'),  ('885','0','439','130','7.5','7.5','0','0','0','0','0','0','0','0','0','0'),  ('886','0','444','130','11.5','6.5','0','0','0','1','0','0','0','0','0','0'),  ('887','0','446','130','6','6','0','0','0','0','0','0','0','0','0','0'),  ('888','0','447','130','11','9','0','0','0','1','0','0','0','0','1','0'),  ('889','0','450','130','8','6','1','0','0','0','0','0','0','0','0','0'),  ('890','0','25','130','5','5','0','0','0','0','0','0','0','0','0','0'),  ('891','0','119','125','15','8','0','1','1','0','0','0','0','0','0','0'),  ('892','0','129','125','6','6','0','0','0','0','0','0','0','0','0','0'),  ('893','0','141','125','5','5','0','0','0','0','0','0','0','0','0','0'),  ('894','0','671','125','5','5','0','0','0','0','0','0','0','0','0','0'),  ('895','0','674','125','6','6','0','0','0','0','0','0','0','0','0','0'),  ('896','0','569','131','18','8.5','0','0','1','1','0','0','0','0','0','0'),  ('897','0','570','131','7','7','0','0','0','0','0','0','0','0','0','0'),  ('898','0','573','131','4','5','0','0','0','0','0','0','0','0','1','0'),  ('899','0','578','131','5','6','0','0','0','0','0','0','0','0','1','0'),  ('900','0','583','131','6','6','0','0','0','0','0','0','0','0','0','0'),  ('901','0','90','131','2.5','3.5','0','0','0','0','0','0','0','0','1','0'),  ('902','0','197','129','2.5','2.5','0','0','0','0','0','0','0','0','0','0'),  ('903','0','211','129','3','6','0','3','0','0','0','0','0','0','0','0'),  ('904','0','502','135','6','6','0','0','0','0','0','0','0','0','0','0'),  ('905','0','511','135','2','3','0','1','0','0','0','0','0','0','0','0'),  ('906','0','224','135','5','5','0','0','0','0','0','0','0','0','0','0'),  ('907','0','225','135','22','10','1',NULL,'1','0','0','0','0','0','0','0'),  ('908','0','226','135','4.5','4.5','0','0','0','0','0','0','0','0','0','0'),  ('909','0','229','135','5','5','0','0','0','0','0','0','0','0','0','0'),  ('910','0','237','135','5','5','0','0','0','0','0','0','0','0','0','0'),  ('911','0','52','133','9.5','6.5','0','0','0','1','0','0','0','0','0','0'),  ('912','0','53','133','5.5','5.5','0','0','0','0','0','0','0','0','0','0'),  ('913','0','54','133','7.5','6.5','1',NULL,'0','0','0','0','0','0','1','0'),  ('914','0','367','133','5','5','0','0','0','0','0','0','0','0','0','0'),  ('915','0','368','133','6','6','0','0','0','0','0','0','0','0','0','0'),  ('916','0','373','133','4','4','0','0','0','0','0','0','0','0','0','0'),  ('917','0','386','133','6','6','0','0','0','0','0','0','0','0','0','0'),  ('918','0','18','138','20','8','0','0','1','0','2','0','0','0','0','0'),  ('919','0','468','138','8','6','1',NULL,'0','0','0','0','0','0','0','0'),  ('920','0','469','138','6','6','0','0','0','0','0','0','0','0','0','0'),  ('921','0','470','138','6.5','6.5','0','0','0','0','0','0','0','0','0','0'),  ('922','0','473','138','5','5','0','0','0','0','0','0','0','0','0','0'),  ('923','0','474','138','6','7','0','0','0','0','0','0','0','0','1','0'),  ('924','0','480','138','4','4','0','0','0','0','0','0','0','0','0','0'),  ('925','0','481','138','6.5','6.5','0','0','0','0','0','0','0','0','0','0'),  ('926','0','665','138','4','4','0','0','0','0','0','0','0','0','0','0'),  ('927','0','667','138','3','3','0','0','0','0','0','0','0','0','0','0'),  ('928','0','668','138','5','5','0','0','0','0','0','0','0','0','0','0'),  ('929','0','670','138','3','5','0','2','0','0','0','0','0','0','0','0'),  ('930','0','671','138','5','6','0','0','0','0','0','0','0','0','1','0'),  ('931','0','674','138','4','5','0','0','0','0','0','0','0','0','1','0'),  ('932','0','679','138','4.5','4.5','0','0','0','0','0','0','0','0','0','0'),  ('933','0','567','136','9','7','1',NULL,'0','0','0','0','0','0','0','0'),  ('934','0','568','136','17','8.5','0','0','1','0','0','0','0','0','0','0'),  ('935','0','570','136','6','6','0','0','0','0','0','0','0','0','0','0'),  ('936','0','571','136','7','7','0','0','0','0','0','0','0','0','0','0'),  ('937','0','573','136','7','7','0','0','0','0','0','0','0','0','0','0'),  ('938','0','577','136','5','5','0','0','0','0','0','0','0','0','0','0'),  ('939','0','578','136','7','7','0','0','0','0','0','0','0','0','0','0'),  ('940','0','583','136','4','5','0','0','0','0','0','0','0','0','1','0'),  ('941','0','584','136','10','7','0','0','0','1','0','0','0','0','0','0'),  ('942','0','1','136','5','6','0','0','0','0','0','0','0','0','1','0'),  ('943','0','3','136','3','4','0','0','0','0','0','0','0','0','1','0'),  ('944','0','23','136','3','4','0','0','0','0','0','0','0','0','1','0'),  ('945','0','25','136','3','3','0','0','0','0','0','0','0','0','0','0'),  ('946','0','26','136','4','4','0','0','0','0','0','0','0','0','0','0'),  ('947','0','27','136','2','4','0','0','0','0','0','0','0','0','0','1'),  ('948','0','87','141','1','4','0','3','0','0','0','0','0','0','0','0'),  ('949','0','90','141','3','3','0','0','0','0','0','0','0','0','0','0'),  ('950','0','305','141','7','6','0','0','0','1','0','0','0','0','0','0'),  ('951','0','307','141','6.5','6.5','0','0','0','0','0','0','0','0','0','0'),  ('952','0','313','141','6','6','0','0','0','0','0','0','0','0','0','0'),  ('953','0','318','141','8.5','7.5','0','0','0','1','0','0','0','0','0','0'),  ('954','0','322','141','9','7','1',NULL,'0','0','0','0','0','0','0','0'),  ('955','0','633','139','6.5','6.5','0','0','0','0','0','0','0','0','0','0'),  ('956','0','638','139','4','5','0','0','0','0','0','0','0','0','1','0'),  ('957','0','537','139','5','5','0','0','0','0','0','0','0','0','0','0'),  ('958','0','539','139','9.5','6.5','0','0','0','1','0','0','0','0','0','0'),  ('959','0','546','139','6','6','0','0','0','0','0','0','0','0','0','0'),  ('960','0','549','139','7','7','0','0','0','0','0','0','0','0','0','0'),  ('961','0','155','134','5','5','0','0','0','0','0','0','0','0','0','0'),  ('962','0','171','134','6','6','0','0','0','0','0','0','0','0','0','0'),  ('963','0','612','134','2','5','0','3','0','0','0','0','0','0','0','0'),  ('964','0','620','134','6','6','0','0','0','0','0','0','0','0','0','0'),  ('965','0','188','132','4','4','0','0','0','0','0','0','0','0','0','0'),  ('966','0','197','132','6','6','0','0','0','0','0','0','0','0','0','0'),  ('967','0','210','132','6.5','6.5','0','0','0','0','0','0','0','0','0','0'),  ('968','0','211','132','10','8','1',NULL,'0','0','0','0','0','0','0','0'),  ('969','0','15','132','7','7','0','0','0','0','0','0','0','0','0','0'),  ('970','0','16','132','4','4','0','0','0','0','0','0','0','0','0','0'),  ('971','0','17','132','6','6','0','0','0','0','0','0','0','0','0','0'),  ('972','0','439','132','6','7','0','0','0','0','0','0','0','0','1','0'),  ('973','0','440','132','4','4','0','0','0','0','0','0','0','0','0','0'),  ('974','0','444','132','5','6','0','0','0','0','0','0','0','0','1','0'),  ('975','0','446','132','6','6','0','0','0','0','0','0','0','0','0','0'),  ('976','0','447','132','4','5','0','0','0','0','0','0','0','0','1','0'),  ('977','0','450','132','5','6','0','1','0','0','0','0','0','0','0','0'),  ('978','0','404','140','10','7','0','0','0','1','0','0','0','0','0','0'),  ('979','0','409','140','5','5','0','0','0','0','0','0','0','0','0','0'),  ('980','0','418','140','7.5','7.5','0','0','0','0','0','0','0','0','0','0'),  ('981','0','422','140','5.5','5.5','0','0','0','0','0','0','0','0','0','0'),  ('982','0','424','140','7','6','0','0','0','1','0','0','0','0','0','0'),  ('983','0','14','140','5','5','0','0','0','0','0','0','0','0','0','0'),  ('984','0','334','140','4','4','0','0','0','0','0','0','0','0','0','0'),  ('985','0','338','140','4','4','0','0','0','0','0','0','0','0','0','0'),  ('986','0','119','137','8.5','6.5','1',NULL,'0','0','0','0','0','0','0','0'),  ('987','0','120','137','4.5','4.5','0','0','0','0','0','0','0','0','0','0'),  ('988','0','123','137','5.5','6.5','0','0','0','0','0','0','0','0','1','0'),  ('989','0','128','137','6','6','0','0','0','0','0','0','0','0','0','0'),  ('990','0','129','137','6','6','0','0','0','0','0','0','0','0','0','0'),  ('991','0','131','137','5.5','5.5','0','0','0','0','0','0','0','0','0','0'),  ('992','0','134','137','6','6','0','0','0','0','0','0','0','0','0','0'),  ('993','0','141','137','6','6','0','0','0','0','0','0','0','0','0','0'),  ('994','0','262','137','4','4','0','0','0','0','0','0','0','0','0','0'),  ('995','0','265','137','4.5','5.5','0','0','0','0','0','0','0','0','1','0'),  ('996','0','266','137','4','5','0','0','0','0','0','0','0','0','1','0'),  ('997','0','271','137','6','6','0','0','0','0','0','0','0','0','0','0'),  ('998','1','262','146','3','5','0','0','0','0','1','0','1','0','0','0'),  ('999','0','265','146','5.5','5.5','0','0','0','0','0','0','0','0','0','0'),  ('1000','0','18','146','4','4','0','0','0','0','0','0','0','0','0','0'),  ('1001','0','468','146','3','6','0','3','0','0','0','0','0','0','0','0'),  ('1002','0','469','146','4.5','4.5','0','0','0','0','0','0','0','0','0','0'),  ('1003','0','470','146','3','3','0','0','0','0','0','0','0','0','0','0'),  ('1004','0','474','146','5','5','0','0','0','0','0','0','0','0','0','0'),  ('1005','0','480','146','5','5','0','0','0','0','0','0','0','0','0','0'),  ('1006','0','481','146','4','4','0','0','0','0','0','0','0','0','0','0'),  ('1007','0','15','150','17','8.5','0','0','1','0','0','0','0','0','0','0'),  ('1008','0','16','150','10.5','8.5','0','0','0','2','0','0','0','0','0','0'),  ('1009','0','439','150','8','8','0','0','0','0','0','0','0','0','0','0'),  ('1010','0','444','150','5','6','0','0','0','0','0','0','0','0','1','0'),  ('1011','0','446','150','4.5','6.5','0','1','0','0','0','0','0','0','1','0'),  ('1012','0','450','150','4.5','5.5','0','1','0','0','0','0','0','0','0','0'),  ('1013','0','54','150','2.5','5.5','0','3','0','0','0','0','0','0','0','0'),  ('1014','0','52','150','3','3','0','0','0','0','0','0','0','0','0','0'),  ('1015','0','53','150','6','6','0','0','0','0','0','0','0','0','0','0'),  ('1016','0','305','142','7','6','0','0','0','1','0','0','0','0','0','0'),  ('1017','0','307','142','5','5','0','0','0','0','0','0','0','0','0','0'),  ('1018','0','313','142','3.5','3.5','0','0','0','0','0','0','0','0','0','0'),  ('1019','0','314','142','4','4','0','0','0','0','0','0','0','0','0','0'),  ('1020','0','318','142','4','4','0','0','0','0','0','0','0','0','0','0'),  ('1021','0','322','142','2','4','0','2','0','0','0','0','0','0','0','0'),  ('1022','0','567','142','5','6','0','1','0','0','0','0','0','0','0','0'),  ('1023','0','568','142','16','7.5','0','0','1','1','0','0','0','0','0','0'),  ('1024','0','569','142','6','6','0','0','0','0','0','0','0','0','0','0'),  ('1025','0','570','142','6','6','0','0','0','0','0','0','0','0','0','0'),  ('1026','0','571','142','6','6','0','0','0','0','0','0','0','0','0','0'),  ('1027','0','573','142','5','5','0','0','0','0','0','0','0','0','0','0'),  ('1028','0','578','142','6','6','0','0','0','0','0','0','0','0','0','0'),  ('1029','0','583','142','5','5','0','0','0','0','0','0','0','0','0','0'),  ('1030','0','584','142','4.5','4.5','0','0','0','0','0','0','0','0','0','0'),  ('1031','0','612','148','3','4','0','1','0','0','0','0','0','0','0','0'),  ('1032','0','620','148','5','5','0','0','0','0','0','0','0','0','0','0'),  ('1033','0','502','148','5','5','0','0','0','0','0','0','0','0','0','0'),  ('1034','0','503','148','3','4','0','0','0','0','0','0','0','0','1','0'),  ('1035','0','511','148','4','4','0','0','0','0','0','0','0','0','0','0'),  ('1036','0','14','143','3','4','0','0','0','0','0','0','0','0','1','0'),  ('1037','0','334','143','0','2','0','0','0','0','0','0','0','0','0','1'),  ('1038','0','338','143','3','4','0','0','0','0','0','0','0','0','1','0'),  ('1039','0','6','143','6','6','0','0','0','0','0','0','0','0','0','0'),  ('1040','0','87','143','8','6','1',NULL,'0','0','0','0','0','0','0','0'),  ('1041','0','90','143','5','5','0','0','0','0','0','0','0','0','0','0'),  ('1042','0','92','143','5','5','0','0','0','0','0','0','0','0','0','0'),  ('1043','0','94','143','8','8','0','0','0','0','0','0','0','0','0','0'),  ('1044','0','99','143','5','5','0','0','0','0','0','0','0','0','0','0'),  ('1045','0','224','147','2','3','0','0','0','0','0','0','0','0','1','0'),  ('1046','0','225','147','3','5','0','2','0','0','0','0','0','0','0','0'),  ('1047','0','226','147','4','4','0','0','0','0','0','0','0','0','0','0'),  ('1048','0','227','147','5','5','0','0','0','0','0','0','0','0','0','0'),  ('1049','0','237','147','5','5','0','0','0','0','0','0','0','0','0','0'),  ('1050','0','119','147','3','5','0','2','0','0','0','0','0','0','0','0'),  ('1051','0','120','147','4','4','0','0','0','0','0','0','0','0','0','0'),  ('1052','0','123','147','13','7','0','0','1','0','0','0','0','0','1','0'),  ('1053','0','128','147','5','5','0','0','0','0','0','0','0','0','0','0'),  ('1054','0','129','147','4','4','0','0','0','0','0','0','0','0','0','0'),  ('1055','0','131','147','9','6','0','0','0','1','0','0','0','0','0','0'),  ('1056','0','134','147','4.5','4.5','0','0','0','0','0','0','0','0','0','0'),  ('1057','0','141','147','3','4','0','0','0','0','0','0','0','0','1','0'),  ('1058','0','537','144','5','5','0','0','0','0','0','0','0','0','0','0'),  ('1059','0','539','144','9','7','0','0','0','1','0','0','0','0','1','0'),  ('1060','0','540','144','7','7','0','0','0','0','0','0','0','0','0','0'),  ('1061','0','541','144','4','5','0','0','0','0','0','0','0','0','1','0'),  ('1062','0','546','144','6','6','0','0','0','0','0','0','0','0','0','0'),  ('1063','0','549','144','11','8','0','0','0','1','0','0','0','0','0','0'),  ('1064','0','409','144','5','5','0','0','0','0','0','0','0','0','0','0'),  ('1065','0','418','144','4','4','0','0','0','0','0','0','0','0','0','0'),  ('1066','0','422','144','3','3','0','0','0','0','0','0','0','0','0','0'),  ('1067','0','367','149','6','6','0','0','0','0','0','0','0','0','0','0'),  ('1068','0','373','149','4.5','4.5','0','0','0','0','0','0','0','0','0','0'),  ('1069','0','9','149','5','5','0','0','0','0','0','0','0','0','0','0'),  ('1070','0','155','149','5.5','5.5','0','0','0','0','0','0','0','0','0','0'),  ('1071','0','171','149','6.5','6.5','0','0','0','0','0','0','0','0','0','0'),  ('1072','0','1','151','16','8','0','0','1','0','0','0','0','0','0','0'),  ('1073','0','3','151','5','6','0','0','0','0','0','0','0','0','1','0'),  ('1074','0','25','151','8','7','0','0','0','1','0','0','0','0','0','0'),  ('1075','0','26','151','7','7','0','0','0','0','0','0','0','0','0','0'),  ('1076','0','188','151','3','4','0','0','0','0','0','0','0','0','1','0'),  ('1077','0','197','151','3','4','0','0','0','0','0','0','0','0','1','0'),  ('1078','0','211','151','-1','3','0','4','0','0','0','0','0','0','0','0'),  ('1079','0','665','145','6','6','0','0','0','0','0','0','0','0','0','0'),  ('1080','0','666','145','4.5','4.5','0','0','0','0','0','0','0','0','0','0'),  ('1081','0','667','145','4','4','0','0','0','0','0','0','0','0','0','0'),  ('1082','0','668','145','3.5','4.5','0','0','0','0','0','0','0','0','1','0'),  ('1083','0','670','145','5.5','6.5','0','0','0','0','0','0','0','0','1','0'),  ('1084','0','672','145','4','4','0','0','0','0','0','0','0','0','0','0'),  ('1085','0','674','145','4','4','0','0','0','0','0','0','0','0','0','0'),  ('1086','0','679','145','6','6','0','0','0','0','0','0','0','0','0','0'),  ('1087','0','633','145','2','4','0','0','0','0','0','0','0','0','0','1'),  ('1088','0','638','145','3','3','0','0','0','0','0','0','0','0','0','0'),  ('1089','0','210','151','4.5','4.5','0','0','0','0','0','0','0','0','0','0'),  ('1090','0','305','152','15','7','0','0','1','1','0','0','0','0','0','0'),  ('1091','0','307','152','5','5','0','0','0','0','0','0','0','0','0','0'),  ('1092','0','313','152','4.5','4.5','0','0','0','0','0','0','0','0','0','0'),  ('1093','0','314','152','4','4','0','0','0','0','0','0','0','0','0','0'),  ('1094','0','318','152','6','6','0','0','0','0','0','0','0','0','0','0'),  ('1095','0','322','152','9','7','1',NULL,'0','0','0','0','0','0','0','0'),  ('1096','0','14','152','5','6','0','0','0','0','0','0','0','0','1','0'),  ('1097','0','338','152','4','4','0','0','0','0','0','0','0','0','0','0'),  ('1098','0','119','157','8','6','1',NULL,'0','0','0','0','0','0','0','0'),  ('1099','0','123','157','4.5','4.5','0','0','0','0','0','0','0','0','0','0'),  ('1100','0','128','157','5','6','0','0','0','0','0','0','0','0','1','0'),  ('1101','0','129','157','11','6','0','0','0','1','0','0','0','0','0','0'),  ('1102','0','131','157','4.5','4.5','0','0','0','0','0','0','0','0','0','0'),  ('1103','0','134','157','13','6.5','0','0','1','0','0','0','0','0','0','0'),  ('1104','0','136','157','4.5','5.5','0','1','0','0','0','0','0','0','0','0'),  ('1105','0','141','157','5.5','5.5','0','0','0','0','0','0','0','0','0','0'),  ('1106','0','607','157','6','6','0','0','0','0','0','0','0','0','0','0'),  ('1107','0','612','157','4.5','5.5','0','1','0','0','0','0','0','0','0','0'),  ('1108','0','620','157','6','6','0','0','0','0','0','0','0','0','0','0'),  ('1109','0','9','154','6','6','0','0','0','1','0','0','0','0','1','0'),  ('1110','0','155','154','4','4','0','0','0','0','0','0','0','0','0','0'),  ('1111','0','171','154','5','6','0','0','0','0','0','0','0','0','1','0'),  ('1112','0','15','154','5','6','0','0','0','0','0','0','0','0','1','0'),  ('1113','0','16','154','4','4','0','0','0','0','0','0','0','0','0','0'),  ('1114','0','17','154','5','5','0','0','0','0','0','0','0','0','0','0'),  ('1115','0','439','154','13','7','0','0','1','0','0','0','0','0','1','0'),  ('1116','0','444','154','11.5','6.5','0','0','0','1','0','0','0','0','0','0'),  ('1117','0','446','154','5','5','0','0','0','0','0','0','0','0','0','0'),  ('1118','0','447','154','4','4','0','0','0','0','0','0','0','0','0','0'),  ('1119','0','450','154','3','5','0','1','0','0','0','0','0','0','1','0'),  ('1120','0','502','155','4','4','0','0','0','0','0','0','0','0','0','0'),  ('1121','0','503','155','5','5','0','0','0','1','0','0','0','0','1','0'),  ('1122','0','510','155','5','5','0','0','0','0','0','0','0','0','0','0'),  ('1123','0','511','155','6','6','0','0','0','0','0','0','0','0','0','0'),  ('1124','0','367','155','4','5','0','0','0','0','0','0','0','0','1','0'),  ('1125','0','368','155','5.5','5.5','0','0','0','0','0','0','0','0','0','0'),  ('1126','0','373','155','1.5','3.5','0','0','0','0','0','0','0','0','0','1'),  ('1127','0','374','155','5','5','0','0','0','0','0','0','0','0','0','0'),  ('1128','0','53','153','5','6','0','0','0','0','0','0','0','0','1','0'),  ('1129','0','54','153','5','5','0','0','0','0','0','0','0','0','0','0'),  ('1130','0','59','153','5','5','0','0','0','0','0','0','0','0','0','0'),  ('1131','0','1','153','5.5','5.5','0','0','0','0','0','0','0','0','0','0'),  ('1132','0','23','153','5.5','5.5','0','0','0','0','0','0','0','0','0','0'),  ('1133','0','25','153','4','4','0','0','0','0','0','0','0','0','0','0'),  ('1134','0','26','153','12.5','7.5','0','0','0','1','0','0','0','0','0','0'),  ('1135','0','27','153','5.5','5.5','0','0','0','0','0','0','0','0','0','0'),  ('1136','1','567','156','3','5','0','2','0','0','0','0','0','0','0','0'),  ('1137','0','568','156','7.5','7.5','0','0','0','1','0','0','0','0','1','0'),  ('1138','0','569','156','5','5','0','0','0','0','0','0','0','0','0','0'),  ('1139','0','570','156','5','6','0','0','0','0','0','0','0','0','1','0'),  ('1140','0','571','156','5','5','0','0','0','0','0','0','0','0','0','0'),  ('1141','0','573','156','5','5','0','0','0','0','0','0','0','0','0','0'),  ('1142','0','577','156','4','4','0','0','0','0','0','0','0','0','0','0'),  ('1143','0','578','156','3','4','0','0','0','0','0','0','0','0','1','0'),  ('1144','0','583','156','4','4','0','0','0','0','0','0','0','0','0','0'),  ('1145','0','584','156','3.5','3.5','0','0','0','0','0','0','0','0','0','0'),  ('1146','0','211','156','5.5','6.5','0','1','0','0','0','0','0','0','0','0'),  ('1147','0','188','156','4','4','0','0','0','0','0','0','0','0','0','0'),  ('1148','0','190','156','12','7','0','0','0','1','0','0','0','0','0','0'),  ('1149','0','197','156','4','5','0','0','0','0','0','0','0','0','1','0'),  ('1150','0','6','161','5','5','0','0','0','0','0','0','0','0','0','0'),  ('1151','0','87','161','10','8','1',NULL,'0','0','0','0','0','0','0','0'),  ('1152','0','90','161','6','6','0','0','0','0','0','0','0','0','0','0'),  ('1153','0','92','161','30','10','0','0','1','2','0','0','0','0','0','0'),  ('1154','0','93','161','5','6','0','0','0','0','0','0','0','0','1','0'),  ('1155','0','94','161','7','7','0','0','0','0','0','0','0','0','0','0'),  ('1156','0','99','161','6','6','0','0','0','0','0','0','0','0','0','0'),  ('1157','0','537','161','5','5','0','0','0','0','0','0','0','0','0','0'),  ('1158','0','539','161','4','5','0','0','0','0','0','0','0','0','1','0'),  ('1159','0','540','161','2','2','0','0','0','0','0','0','0','0','0','0'),  ('1160','0','541','161','4','4','0','0','0','0','0','0','0','0','0','0'),  ('1161','0','543','161','5','5','0','0','0','0','0','0','0','0','0','0'),  ('1162','0','546','161','3','3','0','0','0','0','0','0','0','0','0','0'),  ('1163','0','549','161','3','3','0','0','0','0','0','0','0','0','0','0'),  ('1164','0','18','158','4','4','0','0','0','0','0','0','0','0','0','0'),  ('1165','0','468','158','5.5','6.5','0','0','0','0','0','0','0','0','1','0'),  ('1166','0','469','158','5','5','0','0','0','0','0','0','0','0','0','0'),  ('1167','0','470','158','2','4','0','0','0','0','0','0','0','0','0','1'),  ('1168','0','473','158','3.5','4.5','0','0','0','0','0','0','0','0','1','0'),  ('1169','0','474','158','6.5','6.5','0','0','0','0','0','0','0','0','0','0'),  ('1170','0','481','158','5.5','5.5','0','0','0','0','0','0','0','0','0','0'),  ('1171','0','224','158','5','5','0','0','0','0','0','0','0','0','0','0'),  ('1172','0','225','158','10','8','1',NULL,'0','0','0','0','0','0','0','0'),  ('1173','0','226','158','4.5','4.5','0','0','0','0','0','0','0','0','0','0'),  ('1174','0','227','158','7','7','0','0','0','0','0','0','0','0','0','0'),  ('1175','0','237','158','5.5','5.5','0','0','0','0','0','0','0','0','0','0'),  ('1176','0','638','159','3.5','4.5','0','0','0','0','0','0','0','0','1','0'),  ('1177','0','262','159','8.5','6.5','0','0','0','0','1','0','0','0','0','0'),  ('1178','0','265','159','8.5','6.5','0','0','0','1','0','0','0','0','1','0'),  ('1179','0','266','159','6.5','6.5','0','0','0','0','0','0','0','0','0','0'),  ('1180','0','271','159','7.5','6.5','0','0','0','1','0','0','0','0','0','0'),  ('1181','0','274','159','6','6','0','0','0','0','0','0','0','0','0','0'),  ('1182','0','409','160','4.5','4.5','0','0','0','0','0','0','0','0','0','0'),  ('1183','0','418','160','6','6','0','0','0','0','0','0','0','0','0','0'),  ('1184','0','424','160','3.5','3.5','0','0','0','0','0','0','0','0','0','0'),  ('1185','0','665','160','7.5','6.5','0','0','0','1','0','0','0','0','0','0'),  ('1186','0','667','160','4.5','4.5','0','0','0','0','0','0','0','0','0','0'),  ('1187','0','668','160','6','6','0','0','0','0','0','0','0','0','0','0'),  ('1188','0','670','160','13','7','0','1','1','0','0','0','0','0','0','0'),  ('1189','0','672','160','6','6','0','0','0','0','0','0','0','0','0','0'),  ('1190','0','674','160','6.5','6.5','0','0','0','0','0','0','0','0','0','0'),  ('1191','0','679','160','11','6','0','0','0','1','0','0','0','0','0','0'),  ('1192','0','15','170','14','7','0','0','1','0','0','0','0','0','0','0'),  ('1193','0','16','170','5','5','0','0','0','0','0','0','0','0','0','0'),  ('1194','0','17','170','5','5','0','0','0','0','0','0','0','0','0','0'),  ('1195','0','440','170','5.5','6.5','0','0','0','0','0','0','0','0','1','0'),  ('1196','0','447','170','5','5','0','0','0','0','0','0','0','0','0','0'),  ('1197','0','450','170','8','6','1',NULL,'0','0','0','0','0','0','0','0'),  ('1198','0','502','170','4.5','5.5','0','0','0','0','0','0','0','0','1','0'),  ('1199','0','503','170','5','6','0','0','0','0','0','0','0','0','1','0'),  ('1200','0','511','170','4','5','0','0','0','0','0','0','0','0','1','0'),  ('1201','0','514','170','5','5','0','0','0','0','0','0','0','0','0','0'),  ('1202','0','367','169','7','5','0','0','0','0','1','0','0','0','0','0'),  ('1203','0','368','169','5','5','0','0','0','0','0','0','0','0','0','0'),  ('1204','0','374','169','5','6','0','0','0','0','0','0','0','0','1','0'),  ('1205','0','120','169','6','6','0','0','0','0','0','0','0','0','0','0'),  ('1206','0','123','169','5','6','0','0','0','0','0','0','0','0','1','0'),  ('1207','0','128','169','11','6','0','0','0','1','0','0','0','0','0','0'),  ('1208','0','131','169','6','6','0','0','0','0','0','0','0','0','0','0'),  ('1209','0','134','169','7','7','0','0','0','0','0','0','0','0','0','0'),  ('1210','0','136','169','2','3','0','1','0','0','0','0','0','0','0','0'),  ('1211','0','141','169','5','5','0','0','0','0','0','0','0','0','0','0'),  ('1212','0','188','162','5','5','0','0','0','0','0','0','0','0','0','0'),  ('1213','0','190','162','5','6','0','0','0','0','0','0','0','0','1','0'),  ('1214','0','197','162','6.5','6.5','0','0','0','0','0','0','0','0','0','0'),  ('1215','0','210','162','5','5','0','0','0','0','0','0','0','0','0','0'),  ('1216','0','211','162','8.5','6.5','1',NULL,'0','0','0','0','0','0','0','0'),  ('1217','0','53','162','6','6','0','0','0','0','0','0','0','0','0','0'),  ('1218','0','54','162','5','6','0','1','0','0','0','0','0','0','0','0'),  ('1219','0','59','162','5.5','5.5','0','0','0','0','0','0','0','0','0','0'),  ('1220','0','14','163','6','6','0','0','0','0','0','0','0','0','0','0'),  ('1221','0','334','163','5','6','0','0','0','0','0','0','0','0','1','0'),  ('1222','0','338','163','5','5','0','0','0','0','0','0','0','0','0','0'),  ('1223','0','567','163','8','6','1',NULL,'0','0','0','0','0','0','0','0'),  ('1224','0','568','163','17','8','0','0','1','1','0','0','0','0','0','0'),  ('1225','0','569','163','6','6','0','0','0','0','0','0','0','0','0','0'),  ('1226','0','570','163','6.5','6.5','0','0','0','0','0','0','0','0','0','0'),  ('1227','0','571','163','6','6','0','0','0','0','0','0','0','0','0','0'),  ('1228','0','573','163','5','5','0','0','0','0','0','0','0','0','0','0'),  ('1229','0','577','163','5','5','0','0','0','0','0','0','0','0','0','0'),  ('1230','0','578','163','7','7','0','0','0','0','0','0','0','0','0','0'),  ('1231','0','583','163','4','5','0','0','0','0','0','0','0','0','1','0'),  ('1232','0','584','163','4.5','5.5','0','0','0','0','0','0','0','0','1','0'),  ('1233','0','537','164','5','5','0','0','0','0','0','0','0','0','0','0'),  ('1234','0','539','164','6','6','0','0','0','0','0','0','0','0','0','0'),  ('1235','0','541','164','8','7','0','0','0','1','0','0','0','0','0','0'),  ('1236','0','543','164','6','6','0','0','0','0','0','0','0','0','0','0'),  ('1237','0','544','164','5','5','0','0','0','0','0','0','0','0','0','0'),  ('1238','0','546','164','7','7','0','0','0','0','0','0','0','0','0','0'),  ('1239','0','549','164','9','9','0','0','0','0','0','0','0','0','0','0'),  ('1240','0','305','164','5','5','0','0','0','0','0','0','0','0','0','0'),  ('1241','0','307','164','4.5','4.5','0','0','0','0','0','0','0','0','0','0'),  ('1242','0','309','164','6','6','0','0','0','0','0','0','0','0','0','0'),  ('1243','0','313','164','5','5','0','0','0','0','0','0','0','0','0','0'),  ('1244','0','314','164','7','7','0','0','0','0','0','0','0','0','0','0'),  ('1245','0','318','164','6.5','6.5','0','0','0','0','0','0','0','0','0','0'),  ('1246','0','322','164','5','6','0','1','0','0','0','0','0','0','0','0'),  ('1247','0','665','165','5.5','5.5','0','0','0','0','0','0','0','0','0','0'),  ('1248','0','666','165','5','6','0','0','0','0','0','0','0','0','1','0'),  ('1249','0','667','165','5.5','5.5','0','0','0','0','0','0','0','0','0','0'),  ('1250','0','668','165','7','7','0','0','0','0','0','0','0','0','0','0'),  ('1251','0','672','165','5','5','0','0','0','0','0','0','0','0','0','0'),  ('1252','0','674','165','4','5','0','0','0','0','0','0','0','0','1','0'),  ('1253','0','679','165','5.5','5.5','0','0','0','0','0','0','0','0','0','0'),  ('1254','0','6','165','4.5','5.5','0','0','0','0','0','0','0','0','1','0'),  ('1255','0','87','165','3','5','0','2','0','0','0','0','0','0','0','0'),  ('1256','0','90','165','5','5','0','0','0','0','0','0','0','0','0','0'),  ('1257','0','92','165','4','5','0','0','0','0','0','0','0','0','1','0'),  ('1258','0','93','165','5.5','5.5','0','0','0','0','0','0','0','0','0','0'),  ('1259','0','94','165','5.5','5.5','0','0','0','0','0','0','0','0','0','0'),  ('1260','0','99','165','11.5','6.5','0','0','0','1','0','0','0','0','0','0'),  ('1261','0','612','168','9','7','1',NULL,'0','0','0','0','0','0','0','0'),  ('1262','0','620','168','6','6','0','0','0','0','0','0','0','0','0','0'),  ('1263','0','469','168','4','4','0','0','0','0','0','0','0','0','0','0'),  ('1264','0','473','168','3','4','0','0','0','0','0','0','0','0','1','0'),  ('1265','0','480','168','5','6','0','0','0','0','0','0','0','0','1','0'),  ('1266','0','481','168','4','4','0','0','0','0','0','0','0','0','0','0'),  ('1267','0','224','167','5.5','5.5','0','0','0','0','0','0','0','0','0','0'),  ('1268','0','225','167','3','5','0','2','0','0','0','0','0','0','0','0'),  ('1269','0','226','167','3.5','3.5','0','0','0','0','0','0','0','0','0','0'),  ('1270','0','227','167','3','4','0','0','0','0','0','0','0','0','1','0'),  ('1271','0','237','167','5','5','0','0','0','0','0','0','0','0','0','0'),  ('1272','0','243','167','4','4','0','0','0','0','0','0','0','0','0','0'),  ('1273','0','633','167','17','8','0','0','1','1','0','0','0','0','0','0'),  ('1274','0','637','167','6','6','0','0','0','0','0','0','0','0','0','0'),  ('1275','0','638','167','7','7','0','0','0','0','0','0','0','0','0','0'),  ('1276','0','1','171','19','8','0','0','1','1','0','0','0','0','0','0'),  ('1277','0','3','171','6','6','0','0','0','0','0','0','0','0','0','0'),  ('1278','0','23','171','6.5','6.5','0','0','0','0','0','0','0','0','0','0'),  ('1279','0','25','171','5','5','0','0','0','0','0','0','0','0','0','0'),  ('1280','0','26','171','6','7','0','0','0','0','0','0','0','0','1','0'),  ('1281','0','27','171','6','6','0','0','0','0','0','0','0','0','0','0'),  ('1282','0','9','171','4','5','0','0','0','0','0','0','0','0','1','0'),  ('1283','0','155','171','4','4','0','0','0','0','0','0','0','0','0','0'),  ('1284','0','171','171','5','5','0','0','0','0','0','0','0','0','0','0'),  ('1285','0','262','166','7','6','0','0','0','1','0','0','0','0','0','0'),  ('1286','0','266','166','5.5','5.5','0','0','0','0','0','0','0','0','0','0'),  ('1287','0','274','166','5','5','0','0','0','0','0','0','0','0','0','0'),  ('1288','0','409','166','4','4','0','0','0','0','0','0','0','0','0','0'),  ('1289','0','418','166','4','4','0','0','0','0','0','0','0','0','0','0'),  ('1290','0','422','166','5','5','0','0','0','0','0','0','0','0','0','0'),  ('1291','0','424','166','4','4','0','0','0','0','0','0','0','0','0','0'),  ('1292','0','305','172','6.5','5.5','0','0','0','1','0','0','0','0','0','0'),  ('1293','0','307','172','6','6','0','0','0','0','0','0','0','0','0','0'),  ('1294','0','309','172','5','5','0','0','0','0','0','0','0','0','0','0'),  ('1295','0','314','172','5.5','5.5','0','0','0','0','0','0','0','0','0','0'),  ('1296','0','318','172','4','4','0','0','0','0','0','0','0','0','0','0'),  ('1297','0','322','172','6','7','0','1','0','0','0','0','0','0','0','0'),  ('1298','0','665','172','6','6','0','0','0','0','0','0','0','0','0','0'),  ('1299','0','666','172','14','7','0','0','1','0','0','0','0','0','0','0'),  ('1300','0','667','172','4','5','0','0','0','0','0','0','0','0','1','0'),  ('1301','0','668','172','5','5','0','0','0','0','0','0','0','0','0','0'),  ('1302','0','679','172','10','6','0','0','0','1','0','0','0','0','1','0'),  ('1303','0','14','173','6','6','0','0','0','0','0','0','0','0','0','0'),  ('1304','0','334','173','5','5','0','0','0','0','0','0','0','0','0','0'),  ('1305','0','338','173','6','6','0','0','0','0','0','0','0','0','0','0'),  ('1306','0','349','173','4','4','0','0','0','0','0','0','0','0','0','0'),  ('1307','0','537','173','5','5','0','0','0','0','0','0','0','0','0','0'),  ('1308','0','539','173','4','5','0','0','0','0','0','0','0','0','1','0'),  ('1309','0','541','173','4','4','0','0','0','0','0','0','0','0','0','0'),  ('1310','0','544','173','6','6','0','0','0','0','0','0','0','0','0','0'),  ('1311','0','545','173','2','3','0','0','0','0','0','0','0','0','1','0'),  ('1312','0','546','173','6','6','0','0','0','0','0','0','0','0','0','0'),  ('1313','0','549','173','5.5','5.5','0','0','0','0','0','0','0','0','0','0'),  ('1314','0','468','178','8.5','6.5','1',NULL,'0','0','0','0','0','0','0','0'),  ('1315','0','469','178','4.5','5.5','0','0','0','0','0','0','0','0','1','0'),  ('1316','0','474','178','6','6','0','0','0','0','0','0','0','0','0','0'),  ('1317','0','480','178','5.5','5.5','0','0','0','0','0','0','0','0','0','0'),  ('1318','0','481','178','6.5','6.5','0','0','0','0','0','0','0','0','0','0'),  ('1319','0','367','178','5.5','5.5','0','0','0','0','0','0','0','0','0','0'),  ('1320','0','368','178','5','5','0','0','0','0','0','0','0','0','0','0'),  ('1321','0','374','178','5.5','5.5','0','0','0','0','0','0','0','0','0','0'),  ('1322','0','567','176','8','6','1',NULL,'0','0','0','0','0','0','0','0'),  ('1323','0','568','176','4','4','0','0','0','0','0','0','0','0','0','0'),  ('1324','0','569','176','5','5','0','0','0','0','0','0','0','0','0','0'),  ('1325','0','570','176','5','6','0','0','0','0','0','0','0','0','1','0'),  ('1326','0','571','176','23','9','0','0','1','1','0','0','0','0','0','0'),  ('1327','0','573','176','5','5','0','0','0','0','0','0','0','0','0','0'),  ('1328','0','577','176','5','5','0','0','0','0','0','0','0','0','0','0'),  ('1329','0','578','176','4','4','0','0','0','0','0','0','0','0','0','0'),  ('1330','0','583','176','6','6','0','0','0','0','0','0','0','0','0','0'),  ('1331','0','584','176','5','5','0','0','0','0','0','0','0','0','0','0'),  ('1332','0','53','176','6','6','0','0','0','0','0','0','0','0','0','0'),  ('1333','0','54','176','6','6','0','0','0','0','0','0','0','0','0','0'),  ('1334','0','59','176','5','6','0','0','0','0','0','0','0','0','1','0'),  ('1335','0','409','180','4.5','4.5','0','0','0','0','0','0','0','0','0','0'),  ('1336','0','418','180','5','5','0','0','0','0','0','0','0','0','0','0'),  ('1337','0','424','180','3','3','0','0','0','0','0','0','0','0','0','0'),  ('1338','0','224','180','20','8.5','0','0','1','1','0','0','0','0','0','0'),  ('1339','0','225','180','6','6','0','0','0','0','0','0','0','0','0','0'),  ('1340','0','226','180','6','6','0','0','0','0','0','0','0','0','0','0'),  ('1341','0','227','180','6.5','6.5','0','0','0','0','0','0','0','0','0','0'),  ('1342','0','237','180','6.5','6.5','0','0','0','0','0','0','0','0','0','0'),  ('1343','0','87','181','4.5','4.5','0','0','0','0','0','0','0','0','0','0'),  ('1344','0','90','181','5','5','0','0','0','0','0','0','0','0','0','0'),  ('1345','0','92','181','2.5','3.5','0','1','0','0','0','0','0','0','0','0'),  ('1346','0','93','181','5.5','5.5','0','0','0','0','0','0','0','0','0','0'),  ('1347','0','94','181','6','6','0','0','0','0','0','0','0','0','0','0'),  ('1348','0','99','181','4','4','0','0','0','0','0','0','0','0','0','0'),  ('1349','0','262','181','4','4','0','0','0','0','0','0','0','0','0','0'),  ('1350','0','265','181','5','6','0','0','0','0','0','0','0','0','1','0'),  ('1351','0','266','181','5','5','0','0','0','0','0','0','0','0','0','0'),  ('1352','0','155','174','4','4','0','0','0','0','0','0','0','0','0','0'),  ('1353','0','171','174','7','7','0','0','0','0','0','0','0','0','0','0'),  ('1354','0','188','174','3','3','0','0','0','0','0','0','0','0','0','0'),  ('1355','0','190','174','4','4','0','0','0','0','0','0','0','0','0','0'),  ('1356','0','197','174','5.5','5.5','0','0','0','0','0','0','0','0','0','0'),  ('1357','0','210','174','4','4','0','0','0','0','0','0','0','0','0','0'),  ('1358','0','211','174','6.5','6.5','0','0','0','0','0','0','0','0','0','0'),  ('1359','0','502','175','6.5','6.5','0','0','0','0','0','0','0','0','0','0'),  ('1360','0','511','175','4','4','0','0','0','0','0','0','0','0','0','0'),  ('1361','0','1','175','3','4','0','0','0','0','0','0','0','0','1','0'),  ('1362','0','3','175','6','6','0','0','0','0','0','0','0','0','0','0'),  ('1363','0','23','175','4','4','0','0','0','0','0','0','0','0','0','0'),  ('1364','0','25','175','4','4','0','0','0','0','0','0','0','0','0','0'),  ('1365','0','26','175','5.5','5.5','0','0','0','0','0','0','0','0','0','0'),  ('1366','0','27','175','4','4','0','0','0','0','0','0','0','0','0','0'),  ('1367','0','633','179','15','7','0','0','1','1','0','0','0','0','0','0'),  ('1368','0','637','179','4','4','0','0','0','0','0','0','0','0','0','0'),  ('1369','0','638','179','5','5','0','0','0','0','0','0','0','0','0','0'),  ('1370','0','607','179','5','5','0','0','0','0','0','0','0','0','0','0'),  ('1371','0','612','179','5','5','0','0','0','0','0','0','0','0','0','0'),  ('1372','0','620','179','4.5','4.5','0','0','0','0','0','0','0','0','0','0'),  ('1373','0','15','177','3.5','4.5','0','1','0','0','0','0','0','0','0','0'),  ('1374','0','16','177','5.5','5.5','0','0','0','0','0','0','0','0','0','0'),  ('1375','0','17','177','4.5','4.5','0','0','0','0','0','0','0','0','0','0'),  ('1376','0','440','177','4.5','4.5','0','0','0','0','0','0','0','0','0','0'),  ('1377','0','446','177','4.5','4.5','0','0','0','0','0','0','0','0','0','0'),  ('1378','0','450','177','1','4','0','3','0','0','0','0','0','0','0','0'),  ('1379','0','119','177','9','7','1',NULL,'0','0','0','0','0','0','0','0'),  ('1380','1','120','177','4.5','5.5','0','0','0','0','0','0','0','0','1','0'),  ('1381','0','123','177','6','6','0','0','0','0','0','0','0','0','0','0'),  ('1382','0','128','177','6','6','0','0','0','0','0','0','0','0','0','0'),  ('1383','0','129','177','6.5','6.5','0','0','0','0','0','0','0','0','0','0'),  ('1384','0','131','177','5.5','5.5','0','0','0','0','0','0','0','0','0','0'),  ('1385','0','134','177','15','7.5','0','0','1','0','0','0','0','0','0','0'),  ('1386','0','141','177','8','7','0','0','0','1','0','0','0','0','0','0'),  ('1387','0','262','186','5.5','5.5','0','0','0','0','0','0','0','0','0','0'),  ('1388','0','265','186','7','7','0','0','0','0','0','0','0','0','0','0'),  ('1389','0','266','186','6','6','0','0','0','0','0','0','0','0','0','0'),  ('1390','0','274','186','5.5','5.5','0','0','0','0','0','0','0','0','0','0'),  ('1391','0','305','186','3','4','0','0','0','0','0','0','0','0','1','0'),  ('1392','0','307','186','6','6','0','0','0','0','0','0','0','0','0','0'),  ('1393','0','309','186','5','5','0','0','0','0','0','0','0','0','0','0'),  ('1394','0','318','186','5.5','5.5','0','0','0','0','0','0','0','0','0','0'),  ('1395','0','322','186','18','8','1',NULL,'1','0','0','0','0','0','0','0'),  ('1396','0','665','185','21','9','0','0','1','3','0','0','0','0','0','0'),  ('1397','0','666','185','7','7','0','0','0','0','0','0','0','0','0','0'),  ('1398','0','667','185','5','5','0','0','0','0','0','0','0','0','0','0'),  ('1399','0','668','185','7','7','0','0','0','0','0','0','0','0','0','0'),  ('1400','0','670','185','5','6','0','1','0','0','0','0','0','0','0','0'),  ('1401','0','674','185','6','6','0','0','0','0','0','0','0','0','0','0'),  ('1402','0','679','185','6.5','6.5','0','0','0','0','0','0','0','0','0','0'),  ('1403','0','537','184','5','5','0','0','0','0','0','0','0','0','0','0'),  ('1404','1','540','184','6','7','0','0','0','0','0','0','0','0','1','0'),  ('1405','0','541','184','5','5','0','0','0','0','0','0','0','0','0','0'),  ('1406','0','544','184','7.5','7.5','0','0','0','0','0','0','0','0','0','0'),  ('1407','0','545','184','5','5','0','0','0','0','0','0','0','0','0','0'),  ('1408','0','546','184','7','7','0','0','0','0','0','0','0','0','0','0'),  ('1409','0','549','184','5.5','5.5','0','0','0','0','0','0','0','0','0','0'),  ('1410','0','567','184','3','5','0','2','0','0','0','0','0','0','0','0'),  ('1411','0','583','184','2','3','0','0','0','0','0','0','0','0','1','0'),  ('1412','0','568','184','5','5','0','0','0','0','0','0','0','0','0','0'),  ('1413','0','569','184','5','5','0','0','0','0','0','0','0','0','0','0'),  ('1414','0','570','184','6','6','0','0','0','0','0','0','0','0','0','0'),  ('1415','0','571','184','6','6','0','0','0','0','0','0','0','0','0','0'),  ('1416','0','573','184','6','6','0','0','0','0','0','0','0','0','0','0'),  ('1417','0','577','184','4','4','0','0','0','0','0','0','0','0','0','0'),  ('1418','0','578','184','4','4','0','0','0','0','0','0','0','0','0','0'),  ('1419','0','584','184','4','4','0','0','0','0','0','0','0','0','0','0'),  ('1420','0','224','187','5','6','0','0','0','0','0','0','0','0','1','0'),  ('1421','0','225','187','5','7','0','2','0','0','0','0','0','0','0','0'),  ('1422','0','226','187','3.5','4.5','0','0','0','0','0','0','0','0','1','0'),  ('1423','0','227','187','3','3','0','0','0','0','0','0','0','0','0','0'),  ('1424','0','237','187','1','2','0','0','0','0','0','0','0','0','1','0'),  ('1425','0','87','187','10','8','1',NULL,'0','0','0','0','0','0','0','0'),  ('1426','0','90','187','8','8','0','0','0','0','0','0','0','0','0','0'),  ('1427','0','92','187','7','7','0','0','0','0','0','0','0','0','0','0'),  ('1428','0','93','187','5','5','0','0','0','0','0','0','0','0','0','0'),  ('1429','0','94','187','6','7','0','0','0','0','0','0','0','0','1','0'),  ('1430','0','99','187','8','8','0','0','0','0','0','0','0','0','0','0'),  ('1431','0','3','191','5','5','0','0','0','0','0','0','0','0','0','0'),  ('1432','0','23','191','4.5','4.5','0','0','0','0','0','0','0','0','0','0'),  ('1433','0','26','191','6','6','0','0','0','0','0','0','0','0','0','0'),  ('1434','0','120','191','9','8','0','0','0','1','0','0','0','0','0','0'),  ('1435','0','128','191','6','6','0','0','0','0','0','0','0','0','0','0'),  ('1436','0','129','191','7.5','7.5','0','0','0','0','0','0','0','0','0','0'),  ('1437','0','131','191','5','5','0','0','0','0','0','0','0','0','0','0'),  ('1438','0','134','191','6.5','6.5','0','0','0','0','0','0','0','0','0','0'),  ('1439','1','136','191','2','4','0','2','0','0','0','0','0','0','0','0'),  ('1440','0','141','191','7','6','0','0','0','1','0','0','0','0','0','0'),  ('1441','0','190','182','3','4','0','0','0','0','0','0','0','0','1','0'),  ('1442','0','197','182','5','5','0','0','0','0','0','0','0','0','0','0'),  ('1443','0','211','182','4','6','0','2','0','0','0','0','0','0','0','0'),  ('1444','0','502','182','5','5','0','0','0','0','0','0','0','0','0','0'),  ('1445','0','511','182','4.5','5.5','0','0','0','0','0','0','0','0','1','0'),  ('1446','0','52','183','4','4','0','0','0','0','0','0','0','0','0','0'),  ('1447','0','53','183','6','6','0','0','0','0','0','0','0','0','0','0'),  ('1448','0','54','183','3','5','0','2','0','0','0','0','0','0','0','0'),  ('1449','0','440','190','5','6','0','0','0','0','0','0','0','0','1','0'),  ('1450','0','450','190','5','6','0','1','0','0','0','0','0','0','0','0'),  ('1451','0','18','190','6','6','0','0','0','0','0','0','0','0','0','0'),  ('1452','0','468','190','6','6','0','0','0','0','0','0','0','0','0','0'),  ('1453','0','469','190','5','5','0','0','0','0','0','0','0','0','0','0'),  ('1454','0','470','190','5.5','5.5','0','0','0','0','0','0','0','0','0','0'),  ('1455','0','473','190','5','6','0','0','0','0','0','0','0','0','1','0'),  ('1456','0','474','190','6','6','0','0','0','0','0','0','0','0','0','0'),  ('1457','0','480','190','5','5','0','0','0','0','0','0','0','0','0','0'),  ('1458','0','367','189','4','5','0','0','0','0','0','0','0','0','1','0'),  ('1459','0','368','189','5','5','0','0','0','0','0','0','0','0','0','0'),  ('1460','0','374','189','14','7','0','0','1','0','0','0','0','0','0','0'),  ('1461','0','633','189','5','6','0','0','0','0','0','0','0','0','1','0'),  ('1462','0','637','189','5','5','0','0','0','0','0','0','0','0','0','0'),  ('1463','0','638','189','5','5','0','0','0','0','0','0','0','0','0','0'),  ('1464','0','607','188','4','4','0','0','0','0','0','0','0','0','0','0'),  ('1465','0','612','188','17','7.5','1',NULL,'1','0','0','0','0','0','0','0'),  ('1466','0','620','188','5','5','0','0','0','0','0','0','0','0','0','0'),  ('1467','0','409','188','6','6','0','0','0','0','0','0','0','0','0','0'),  ('1468','0','9','183','5','5','0','0','0','0','0','0','0','0','0','0'),  ('1469','0','155','183','6','6','0','0','0','0','0','0','0','0','0','0'),  ('1470','0','171','183','5','6','0','0','0','0','0','0','0','0','1','0');
INSERT INTO `playerposition` VALUES ('1','0','Arquero'),  ('2','0','Defensor'),  ('3','0','Volante'),  ('4','0','Delantero');
INSERT INTO `playerteam` VALUES ('801','0','225','52',NULL,NULL,NULL,'1',NULL,'0'),  ('802','0','227','52',NULL,NULL,NULL,'1',NULL,'0'),  ('803','0','469','52',NULL,NULL,NULL,'1',NULL,'0'),  ('804','0','334','52',NULL,NULL,NULL,'1',NULL,'0'),  ('805','0','129','52',NULL,NULL,NULL,'1',NULL,'0'),  ('806','0','15','52','1',NULL,NULL,'1',NULL,'0'),  ('807','0','17','52',NULL,NULL,NULL,'1',NULL,'0'),  ('808','0','208','52',NULL,NULL,NULL,'1',NULL,'0'),  ('809','0','229','52',NULL,NULL,NULL,'1',NULL,'0'),  ('810','0','14','52',NULL,'1',NULL,'1',NULL,'0'),  ('811','0','16','52',NULL,NULL,'1','1',NULL,'0'),  ('812','0','670','52',NULL,NULL,NULL,'0',NULL,'1'),  ('813','0','210','52',NULL,NULL,NULL,'0',NULL,'1'),  ('814','0','309','52',NULL,NULL,NULL,'0',NULL,'1'),  ('815','0','607','52',NULL,NULL,NULL,'0',NULL,'1'),  ('816','0','374','52',NULL,NULL,NULL,'0',NULL,'1'),  ('817','0','569','52',NULL,NULL,NULL,'0',NULL,'1'),  ('818','0','620','52',NULL,NULL,NULL,'0',NULL,'1'),  ('819','0','567','53',NULL,NULL,'1','1',NULL,'0'),  ('820','0','470','53',NULL,NULL,NULL,'1',NULL,'0'),  ('821','0','227','53',NULL,NULL,NULL,'1',NULL,'0'),  ('822','0','26','53',NULL,NULL,NULL,'1',NULL,'0'),  ('823','0','20','53','1',NULL,NULL,'1',NULL,'0'),  ('824','0','313','53',NULL,NULL,NULL,'1',NULL,'0'),  ('825','0','6','53',NULL,'1',NULL,'1',NULL,'0'),  ('826','0','1','53',NULL,NULL,NULL,'1',NULL,'0'),  ('827','0','224','53',NULL,NULL,NULL,'1',NULL,'0'),  ('828','0','568','53',NULL,NULL,NULL,'1',NULL,'0'),  ('829','0','53','53',NULL,NULL,NULL,'0',NULL,'1'),  ('830','0','468','53',NULL,NULL,NULL,'0',NULL,'1'),  ('831','0','679','53',NULL,NULL,NULL,'0',NULL,'1'),  ('832','0','601','53',NULL,NULL,NULL,'0',NULL,'1'),  ('833','0','23','53',NULL,NULL,NULL,'0',NULL,'1'),  ('834','0','480','53',NULL,NULL,NULL,'0',NULL,'1'),  ('835','0','368','53',NULL,NULL,NULL,'0',NULL,'1'),  ('836','0','305','53',NULL,NULL,NULL,'1',NULL,'0'),  ('837','0','567','54',NULL,NULL,NULL,'1',NULL,'0'),  ('838','0','446','54',NULL,NULL,NULL,'1',NULL,'0'),  ('839','0','227','54',NULL,NULL,NULL,'1',NULL,'0'),  ('840','0','129','54',NULL,NULL,NULL,'1',NULL,'0'),  ('841','0','123','54',NULL,NULL,NULL,'1',NULL,'0'),  ('842','0','584','54',NULL,NULL,NULL,'1',NULL,'0'),  ('843','0','13','54',NULL,'1',NULL,'1',NULL,'0'),  ('844','0','1','54','1',NULL,NULL,'1',NULL,'0'),  ('845','0','16','54',NULL,NULL,'1','1',NULL,'0'),  ('846','3','262','54',NULL,NULL,NULL,'0',NULL,'1'),  ('847','1','25','54',NULL,NULL,NULL,'1',NULL,'0'),  ('848','0','670','54',NULL,NULL,NULL,'0',NULL,'1'),  ('849','0','409','54',NULL,NULL,NULL,'0',NULL,'1'),  ('850','0','673','54',NULL,NULL,NULL,'0',NULL,'1'),  ('851','0','265','54',NULL,NULL,NULL,'0',NULL,'1'),  ('852','0','510','54',NULL,NULL,NULL,'0',NULL,'1'),  ('853','1','568','54',NULL,NULL,NULL,'1',NULL,'0'),  ('854','0','141','54',NULL,NULL,NULL,'0',NULL,'1'),  ('855','0','468','55',NULL,NULL,'1','1',NULL,'0'),  ('856','0','3','55',NULL,NULL,NULL,'1',NULL,'0'),  ('857','0','92','55',NULL,NULL,NULL,'1',NULL,'0'),  ('858','0','26','55',NULL,NULL,NULL,'1',NULL,'0'),  ('859','0','224','55',NULL,NULL,NULL,'1',NULL,'0'),  ('860','0','226','55',NULL,NULL,NULL,'1',NULL,'0'),  ('861','0','1','55',NULL,'1',NULL,'1',NULL,'0'),  ('862','0','14','55','1',NULL,NULL,'1',NULL,'0'),  ('863','0','314','55',NULL,NULL,NULL,'1',NULL,'0'),  ('864','0','568','55',NULL,NULL,NULL,'1',NULL,'0'),  ('865','0','262','55',NULL,NULL,NULL,'1',NULL,'0'),  ('866','0','119','55',NULL,NULL,NULL,'0',NULL,'1'),  ('867','0','578','55',NULL,NULL,NULL,'0',NULL,'1'),  ('868','0','473','55',NULL,NULL,NULL,'0',NULL,'1'),  ('869','0','418','55',NULL,NULL,NULL,'0',NULL,'1'),  ('870','0','549','55',NULL,NULL,NULL,'0',NULL,'1'),  ('871','0','53','55',NULL,NULL,NULL,'0',NULL,'1'),  ('872','0','368','55',NULL,NULL,NULL,'0',NULL,'1'),  ('873','0','87','56',NULL,NULL,NULL,'1',NULL,'0'),  ('874','0','90','56',NULL,NULL,NULL,'1',NULL,'0'),  ('875','0','444','56',NULL,NULL,NULL,'1',NULL,'0'),  ('876','0','59','56',NULL,NULL,NULL,'1',NULL,'0'),  ('877','0','17','56',NULL,NULL,NULL,'1',NULL,'0'),  ('878','0','265','56',NULL,NULL,NULL,'1',NULL,'0'),  ('879','0','15','56','1',NULL,NULL,'1',NULL,'0'),  ('880','0','314','56',NULL,NULL,NULL,'1',NULL,'0'),  ('881','0','6','56',NULL,NULL,'1','1',NULL,'0'),  ('882','0','9','56',NULL,'1',NULL,'1',NULL,'0'),  ('883','0','568','56',NULL,NULL,NULL,'1',NULL,'0'),  ('884','0','670','56',NULL,NULL,NULL,'0',NULL,'1'),  ('885','0','637','56',NULL,NULL,NULL,'0',NULL,'1'),  ('886','0','671','56',NULL,NULL,NULL,'0',NULL,'1'),  ('887','0','64','56',NULL,NULL,NULL,'0',NULL,'1'),  ('888','0','131','56',NULL,NULL,NULL,'0',NULL,'1'),  ('889','0','262','56',NULL,NULL,NULL,'0',NULL,'1'),  ('890','0','243','56',NULL,NULL,NULL,'0',NULL,'1'),  ('891','0','119','57',NULL,NULL,NULL,'1',NULL,'0'),  ('892','0','470','57',NULL,NULL,NULL,'1',NULL,'0'),  ('893','0','435','57',NULL,NULL,NULL,'1',NULL,'0'),  ('894','0','446','57',NULL,NULL,NULL,'1',NULL,'0'),  ('895','0','13','57',NULL,NULL,'1','1',NULL,'0'),  ('896','0','1','57','1',NULL,NULL,'1',NULL,'0'),  ('897','0','438','57',NULL,NULL,NULL,'1',NULL,'0'),  ('898','0','666','57',NULL,NULL,NULL,'1',NULL,'0'),  ('899','0','23','57',NULL,NULL,NULL,'1',NULL,'0'),  ('900','0','18','57',NULL,'1',NULL,'1',NULL,'0'),  ('901','0','422','57',NULL,NULL,NULL,'1',NULL,'0'),  ('902','0','136','57',NULL,NULL,NULL,'0',NULL,'1'),  ('903','0','155','57',NULL,NULL,NULL,'0',NULL,'1'),  ('904','0','473','57',NULL,NULL,NULL,'0',NULL,'1'),  ('905','0','123','57',NULL,NULL,NULL,'0',NULL,'1'),  ('906','0','265','57',NULL,NULL,NULL,'0',NULL,'1'),  ('907','0','568','57',NULL,NULL,NULL,'0',NULL,'1'),  ('908','0','262','57',NULL,NULL,NULL,'0',NULL,'1'),  ('909','0','300','58',NULL,NULL,NULL,'1',NULL,'0'),  ('910','0','99','58',NULL,NULL,NULL,'1',NULL,'0'),  ('911','0','540','58',NULL,NULL,NULL,'1',NULL,'0'),  ('912','0','571','58',NULL,NULL,NULL,'1',NULL,'0'),  ('913','0','26','58',NULL,NULL,NULL,'1',NULL,'0'),  ('914','0','94','58',NULL,NULL,NULL,'1',NULL,'0'),  ('915','0','539','58',NULL,NULL,NULL,'1',NULL,'0'),  ('916','0','6','58',NULL,NULL,'1','1',NULL,'0'),  ('917','0','20','58',NULL,'1',NULL,'1',NULL,'0'),  ('918','0','9','58','1',NULL,NULL,'1',NULL,'0'),  ('919','0','305','58',NULL,NULL,NULL,'1',NULL,'0'),  ('920','0','322','58',NULL,NULL,NULL,'0',NULL,'1'),  ('921','0','210','58',NULL,NULL,NULL,'0',NULL,'1'),  ('922','0','473','58',NULL,NULL,NULL,'0',NULL,'1'),  ('923','0','480','58',NULL,NULL,NULL,'0',NULL,'1'),  ('924','0','570','58',NULL,NULL,NULL,'0',NULL,'1'),  ('925','0','568','58',NULL,NULL,NULL,'0',NULL,'1'),  ('926','0','368','58',NULL,NULL,NULL,'0',NULL,'1'),  ('927','2','54','59',NULL,NULL,NULL,'1',NULL,'0'),  ('928','0','583','59',NULL,NULL,NULL,'1',NULL,'0'),  ('929','0','444','59',NULL,NULL,NULL,'1',NULL,'0'),  ('930','0','571','59',NULL,NULL,NULL,'1',NULL,'0'),  ('931','0','99','59',NULL,NULL,NULL,'1',NULL,'0'),  ('932','0','17','59',NULL,NULL,NULL,'1',NULL,'0'),  ('933','1','265','59',NULL,NULL,NULL,'0',NULL,'1'),  ('934','0','52','59',NULL,NULL,NULL,'1',NULL,'0'),  ('935','0','1','59',NULL,'1',NULL,'1',NULL,'0'),  ('936','0','13','59','1',NULL,NULL,'1',NULL,'0'),  ('937','0','16','59',NULL,NULL,'1','1',NULL,'0'),  ('938','2','612','59',NULL,NULL,NULL,'0',NULL,'1'),  ('939','0','373','59',NULL,NULL,NULL,'0',NULL,'1'),  ('940','0','673','59',NULL,NULL,NULL,'0',NULL,'1'),  ('941','0','123','59',NULL,NULL,NULL,'0',NULL,'1'),  ('942','1','481','59',NULL,NULL,NULL,'1',NULL,'0'),  ('943','0','568','59',NULL,NULL,NULL,'0',NULL,'1'),  ('944','0','620','59',NULL,NULL,NULL,'0',NULL,'1'),  ('945','0','225','60',NULL,NULL,NULL,'1',NULL,'0'),  ('946','0','227','60',NULL,NULL,NULL,'1',NULL,'0'),  ('947','0','672','60',NULL,NULL,NULL,'1',NULL,'0'),  ('948','0','93','60',NULL,NULL,NULL,'1',NULL,'0'),  ('949','0','1','60',NULL,NULL,NULL,'1',NULL,'0'),  ('950','0','13','60',NULL,NULL,NULL,'1',NULL,'0'),  ('951','0','23','60',NULL,NULL,NULL,'1',NULL,'0'),  ('952','0','21','60',NULL,NULL,'1','1',NULL,'0'),  ('953','1','503','60',NULL,'1',NULL,'0',NULL,'1'),  ('954','0','262','60','1',NULL,NULL,'1',NULL,'0'),  ('955','0','367','60',NULL,NULL,NULL,'1',NULL,'0'),  ('956','0','238','60',NULL,NULL,NULL,'0',NULL,'1'),  ('957','0','409','60',NULL,NULL,NULL,'0',NULL,'1'),  ('958','0','469','60',NULL,NULL,NULL,'0',NULL,'1'),  ('959','0','666','60',NULL,NULL,NULL,'0',NULL,'1'),  ('960','0','573','60',NULL,NULL,NULL,'0',NULL,'1'),  ('961','3','318','60',NULL,NULL,NULL,'1',NULL,'0'),  ('962','2','424','60',NULL,NULL,NULL,'0',NULL,'1'),  ('963','0','119','61',NULL,NULL,NULL,'1',NULL,'0'),  ('964','0','446','61',NULL,NULL,NULL,'1',NULL,'0'),  ('965','0','334','61',NULL,NULL,NULL,'1',NULL,'0'),  ('966','0','237','61',NULL,NULL,NULL,'1',NULL,'0'),  ('967','0','539','61',NULL,NULL,NULL,'1',NULL,'0'),  ('968','0','15','61',NULL,'1',NULL,'1',NULL,'0'),  ('969','0','481','61',NULL,NULL,NULL,'1',NULL,'0'),  ('970','0','20','61','1',NULL,NULL,'1',NULL,'0'),  ('971','0','1','61',NULL,NULL,'1','1',NULL,'0'),  ('972','0','568','61',NULL,NULL,NULL,'1',NULL,'0'),  ('973','0','262','61',NULL,NULL,NULL,'1',NULL,'0'),  ('974','0','670','61',NULL,NULL,NULL,'0',NULL,'1'),  ('975','0','638','61',NULL,NULL,NULL,'0',NULL,'1'),  ('976','0','128','61',NULL,NULL,NULL,'0',NULL,'1'),  ('977','0','314','61',NULL,NULL,NULL,'0',NULL,'1'),  ('978','0','667','61',NULL,NULL,NULL,'0',NULL,'1'),  ('979','0','503','61',NULL,NULL,NULL,'0',NULL,'1'),  ('980','0','569','61',NULL,NULL,NULL,'0',NULL,'1'),  ('981','0','119','62',NULL,NULL,NULL,'1',NULL,'0'),  ('982','0','470','62',NULL,NULL,NULL,'1',NULL,'0'),  ('983','0','227','62',NULL,NULL,NULL,'1',NULL,'0'),  ('984','0','129','62',NULL,NULL,NULL,'1',NULL,'0'),  ('985','0','334','62',NULL,NULL,NULL,'1',NULL,'0'),  ('986','0','23','62',NULL,NULL,'1','1',NULL,'0'),  ('987','0','224','62',NULL,NULL,NULL,'1',NULL,'0'),  ('988','0','123','62',NULL,'1',NULL,'1',NULL,'0'),  ('989','0','584','62',NULL,NULL,NULL,'1',NULL,'0'),  ('990','0','570','62',NULL,NULL,NULL,'1',NULL,'0'),  ('991','0','568','62','1',NULL,NULL,'1',NULL,'0'),  ('992','0','670','62',NULL,NULL,NULL,'0',NULL,'1'),  ('993','0','210','62',NULL,NULL,NULL,'0',NULL,'1'),  ('994','0','409','62',NULL,NULL,NULL,'0',NULL,'1'),  ('995','0','27','62',NULL,NULL,NULL,'0',NULL,'1'),  ('996','0','510','62',NULL,NULL,NULL,'0',NULL,'1'),  ('997','0','262','62',NULL,NULL,NULL,'0',NULL,'1'),  ('998','0','368','62',NULL,NULL,NULL,'0',NULL,'1'),  ('999','0','450','63',NULL,NULL,NULL,'1',NULL,'0'),  ('1000','0','210','63',NULL,NULL,NULL,'1',NULL,'0'),  ('1001','0','671','63',NULL,NULL,NULL,'1',NULL,'0'),  ('1002','0','129','63',NULL,NULL,NULL,'1',NULL,'0'),  ('1003','0','17','63',NULL,NULL,NULL,'1',NULL,'0'),  ('1004','0','23','63',NULL,'1',NULL,'1',NULL,'0'),  ('1005','0','584','63',NULL,NULL,NULL,'1',NULL,'0'),  ('1006','0','226','63',NULL,NULL,'1','1',NULL,'0'),  ('1007','1','503','63',NULL,NULL,NULL,'0',NULL,'1'),  ('1008','0','568','63','1',NULL,NULL,'1',NULL,'0'),  ('1009','0','569','63',NULL,NULL,NULL,'1',NULL,'0'),  ('1010','0','501','63',NULL,NULL,NULL,'0',NULL,'1'),  ('1011','0','473','63',NULL,NULL,NULL,'0',NULL,'1'),  ('1012','0','273','63',NULL,NULL,NULL,'0',NULL,'1'),  ('1013','0','208','63',NULL,NULL,NULL,'0',NULL,'1'),  ('1014','0','265','63',NULL,NULL,NULL,'0',NULL,'1'),  ('1015','1','665','63',NULL,NULL,NULL,'1',NULL,'0'),  ('1016','0','633','63',NULL,NULL,NULL,'0',NULL,'1'),  ('1017','0','450','64',NULL,NULL,NULL,'1',NULL,'0'),  ('1018','0','444','64',NULL,'1',NULL,'1',NULL,'0'),  ('1019','0','26','64',NULL,NULL,NULL,'1',NULL,'0'),  ('1020','0','129','64',NULL,NULL,NULL,'1',NULL,'0'),  ('1021','0','334','64',NULL,NULL,NULL,'1',NULL,'0'),  ('1022','0','314','64',NULL,NULL,NULL,'1',NULL,'0'),  ('1023','0','545','64',NULL,NULL,NULL,'1',NULL,'0'),  ('1024','0','17','64','1',NULL,NULL,'1',NULL,'0'),  ('1025','0','229','64',NULL,NULL,NULL,'1',NULL,'0'),  ('1026','0','305','64',NULL,NULL,'1','1',NULL,'0'),  ('1027','0','568','64',NULL,NULL,NULL,'1',NULL,'0'),  ('1028','0','670','64',NULL,NULL,NULL,'0',NULL,'1'),  ('1029','0','227','64',NULL,NULL,NULL,'0',NULL,'1'),  ('1030','0','338','64',NULL,NULL,NULL,'0',NULL,'1'),  ('1031','0','134','64',NULL,NULL,NULL,'0',NULL,'1'),  ('1032','0','27','64',NULL,NULL,NULL,'0',NULL,'1'),  ('1033','0','349','64',NULL,NULL,NULL,'0',NULL,'1'),  ('1034','0','141','64',NULL,NULL,NULL,'0',NULL,'1'),  ('1035','0','450','65',NULL,'1',NULL,'1',NULL,'0'),  ('1036','0','227','65',NULL,NULL,NULL,'1',NULL,'0'),  ('1037','0','307','65',NULL,NULL,NULL,'1',NULL,'0'),  ('1038','0','446','65',NULL,NULL,NULL,'1',NULL,'0'),  ('1039','0','409','65',NULL,NULL,NULL,'1',NULL,'0'),  ('1040','0','17','65','1',NULL,NULL,'1',NULL,'0'),  ('1041','0','23','65',NULL,NULL,NULL,'1',NULL,'0'),  ('1042','0','666','65',NULL,NULL,'1','1',NULL,'0'),  ('1043','0','52','65',NULL,NULL,NULL,'1',NULL,'0'),  ('1044','0','27','65',NULL,NULL,NULL,'1',NULL,'0'),  ('1045','0','318','65',NULL,NULL,NULL,'1',NULL,'0'),  ('1046','0','501','65',NULL,NULL,NULL,'0',NULL,'1'),  ('1047','0','309','65',NULL,NULL,NULL,'0',NULL,'1'),  ('1048','0','583','65',NULL,NULL,NULL,'0',NULL,'1'),  ('1049','0','171','65',NULL,NULL,NULL,'0',NULL,'1'),  ('1050','0','224','65',NULL,NULL,NULL,'0',NULL,'1'),  ('1051','0','569','65',NULL,NULL,NULL,'0',NULL,'1'),  ('1052','0','541','65',NULL,NULL,NULL,'0',NULL,'1'),  ('1053','0','468','66',NULL,NULL,NULL,'1',NULL,'0'),  ('1054','0','671','66',NULL,NULL,NULL,'1',NULL,'0'),  ('1055','0','196','66',NULL,NULL,NULL,'1',NULL,'0'),  ('1056','0','474','66',NULL,NULL,NULL,'1',NULL,'0'),  ('1057','0','440','66',NULL,NULL,NULL,'1',NULL,'0'),  ('1058','0','447','66',NULL,NULL,NULL,'1',NULL,'0'),  ('1059','0','666','66','1',NULL,NULL,'1',NULL,'0'),  ('1060','0','584','66',NULL,NULL,NULL,'1',NULL,'0'),  ('1061','0','314','66',NULL,NULL,'1','1',NULL,'0'),  ('1062','0','481','66',NULL,NULL,NULL,'1',NULL,'0'),  ('1063','0','568','66',NULL,'1',NULL,'1',NULL,'0'),  ('1064','0','612','66',NULL,NULL,NULL,'0',NULL,'1'),  ('1065','0','583','66',NULL,NULL,NULL,'0',NULL,'1'),  ('1066','0','638','66',NULL,NULL,NULL,'0',NULL,'1'),  ('1067','0','624','66',NULL,NULL,NULL,'0',NULL,'1'),  ('1068','0','667','66',NULL,NULL,NULL,'0',NULL,'1'),  ('1069','0','367','66',NULL,NULL,NULL,'0',NULL,'1'),  ('1070','0','503','66',NULL,NULL,NULL,'0',NULL,'1'),  ('1071','0','468','67',NULL,NULL,NULL,'1',NULL,'0'),  ('1072','0','26','67','1',NULL,NULL,'1',NULL,'0'),  ('1073','0','674','67',NULL,NULL,NULL,'1',NULL,'0'),  ('1074','0','129','67',NULL,NULL,NULL,'1',NULL,'0'),  ('1075','0','27','67',NULL,NULL,'1','1',NULL,'0'),  ('1076','0','668','67',NULL,NULL,NULL,'1',NULL,'0'),  ('1077','0','439','67',NULL,'1',NULL,'1',NULL,'0'),  ('1078','0','94','67',NULL,NULL,NULL,'1',NULL,'0'),  ('1079','0','577','67',NULL,NULL,NULL,'1',NULL,'0'),  ('1080','0','665','67',NULL,NULL,NULL,'1',NULL,'0'),  ('1081','1','514','67',NULL,NULL,NULL,'0',NULL,'1'),  ('1082','0','225','67',NULL,NULL,NULL,'0',NULL,'1'),  ('1083','0','197','67',NULL,NULL,NULL,'0',NULL,'1'),  ('1084','0','544','67',NULL,NULL,NULL,'0',NULL,'1'),  ('1085','0','546','67',NULL,NULL,NULL,'0',NULL,'1'),  ('1086','0','511','67',NULL,NULL,NULL,'0',NULL,'1'),  ('1087','1','569','67',NULL,NULL,NULL,'1',NULL,'0'),  ('1088','0','271','67',NULL,NULL,NULL,'0',NULL,'1'),  ('1089','0','87','68',NULL,NULL,NULL,'1',NULL,'0'),  ('1090','0','446','68',NULL,NULL,NULL,'1',NULL,'0'),  ('1091','0','473','68',NULL,NULL,NULL,'1',NULL,'0'),  ('1092','0','334','68',NULL,NULL,NULL,'1',NULL,'0'),  ('1093','0','439','68',NULL,NULL,NULL,'1',NULL,'0'),  ('1094','0','23','68','1',NULL,NULL,'1',NULL,'0'),  ('1095','0','224','68',NULL,NULL,NULL,'1',NULL,'0'),  ('1096','0','404','68',NULL,NULL,NULL,'1',NULL,'0'),  ('1097','0','568','68',NULL,'1',NULL,'1',NULL,'0'),  ('1098','0','53','68',NULL,NULL,NULL,'1',NULL,'0'),  ('1099','0','541','68',NULL,NULL,'1','1',NULL,'0'),  ('1100','0','501','68',NULL,NULL,NULL,'0',NULL,'1'),  ('1101','0','210','68',NULL,NULL,NULL,'0',NULL,'1'),  ('1102','0','129','68',NULL,NULL,NULL,'0',NULL,'1'),  ('1103','0','331','68',NULL,NULL,NULL,'0',NULL,'1'),  ('1104','0','265','68',NULL,NULL,NULL,'0',NULL,'1'),  ('1105','0','665','68',NULL,NULL,NULL,'0',NULL,'1'),  ('1106','0','543','68',NULL,NULL,NULL,'0',NULL,'1'),  ('1107','0','119','69',NULL,NULL,NULL,'1',NULL,'0'),  ('1108','0','210','69',NULL,NULL,NULL,'1',NULL,'0'),  ('1109','0','26','69',NULL,NULL,NULL,'1',NULL,'0'),  ('1110','0','129','69',NULL,NULL,NULL,'1',NULL,'0'),  ('1111','0','23','69',NULL,NULL,'1','1',NULL,'0'),  ('1112','0','539','69',NULL,NULL,NULL,'1',NULL,'0'),  ('1113','0','584','69',NULL,NULL,NULL,'1',NULL,'0'),  ('1114','0','274','69',NULL,NULL,NULL,'1',NULL,'0'),  ('1115','1','314','69','1',NULL,NULL,'0',NULL,'1'),  ('1116','0','568','69',NULL,'1',NULL,'1',NULL,'0'),  ('1117','0','262','69',NULL,NULL,NULL,'1',NULL,'0'),  ('1118','0','501','69',NULL,NULL,NULL,'0',NULL,'1'),  ('1119','0','190','69',NULL,NULL,NULL,'0',NULL,'1'),  ('1120','0','409','69',NULL,NULL,NULL,'0',NULL,'1'),  ('1121','0','510','69',NULL,NULL,NULL,'0',NULL,'1'),  ('1122','1','224','69',NULL,NULL,NULL,'1',NULL,'0'),  ('1123','0','188','69',NULL,NULL,NULL,'0',NULL,'1'),  ('1124','0','141','69',NULL,NULL,NULL,'0',NULL,'1'),  ('1125','0','450','70','1',NULL,NULL,'1',NULL,'0'),  ('1126','0','26','70',NULL,NULL,NULL,'1',NULL,'0'),  ('1127','0','440','70',NULL,'1',NULL,'1',NULL,'0'),  ('1128','0','470','70',NULL,NULL,NULL,'1',NULL,'0'),  ('1129','0','17','70',NULL,NULL,'1','1',NULL,'0'),  ('1130','0','266','70',NULL,NULL,NULL,'1',NULL,'0'),  ('1131','0','226','70',NULL,NULL,NULL,'1',NULL,'0'),  ('1132','0','584','70',NULL,NULL,NULL,'1',NULL,'0'),  ('1133','0','367','70',NULL,NULL,NULL,'1',NULL,'0'),  ('1134','0','569','70',NULL,NULL,NULL,'1',NULL,'0'),  ('1135','0','262','70',NULL,NULL,NULL,'1',NULL,'0'),  ('1136','0','211','70',NULL,NULL,NULL,'0',NULL,'1'),  ('1137','0','679','70',NULL,NULL,NULL,'0',NULL,'1'),  ('1138','0','502','70',NULL,NULL,NULL,'0',NULL,'1'),  ('1139','0','374','70',NULL,NULL,NULL,'0',NULL,'1'),  ('1140','0','52','70',NULL,NULL,NULL,'0',NULL,'1'),  ('1141','0','620','70',NULL,NULL,NULL,'0',NULL,'1'),  ('1142','0','120','70',NULL,NULL,NULL,'0',NULL,'1'),  ('1143','0','54','71',NULL,NULL,NULL,'1',NULL,'0'),  ('1144','0','129','71',NULL,NULL,NULL,'1',NULL,'0'),  ('1145','0','227','71',NULL,NULL,'1','1',NULL,'0'),  ('1146','0','26','71',NULL,NULL,NULL,'1',NULL,'0'),  ('1147','0','537','71',NULL,NULL,NULL,'1',NULL,'0'),  ('1148','0','52','71',NULL,NULL,NULL,'1',NULL,'0'),  ('1149','0','123','71',NULL,NULL,NULL,'1',NULL,'0'),  ('1150','1','314','71','1',NULL,NULL,'0',NULL,'1'),  ('1151','0','439','71',NULL,NULL,NULL,'1',NULL,'0'),  ('1152','0','568','71',NULL,'1',NULL,'1',NULL,'0'),  ('1153','0','262','71',NULL,NULL,NULL,'1',NULL,'0'),  ('1154','0','81','71',NULL,NULL,NULL,'0',NULL,'1'),  ('1155','0','553','71',NULL,NULL,NULL,'0',NULL,'1'),  ('1156','0','409','71',NULL,NULL,NULL,'0',NULL,'1'),  ('1157','1','539','71',NULL,NULL,NULL,'1',NULL,'0'),  ('1158','0','270','71',NULL,NULL,NULL,'0',NULL,'1'),  ('1159','0','569','71',NULL,NULL,NULL,'0',NULL,'1'),  ('1160','0','386','71',NULL,NULL,NULL,'0',NULL,'1');
INSERT INTO `playerteamweek` VALUES ('26905','0','801','16','1','10'),  ('26906','0','802','16','1','7'),  ('26907','0','803','16','1','5'),  ('26908','0','804','16','0',NULL),  ('26909','0','805','16','1','11'),  ('26910','0','806','16','1','10'),  ('26911','0','807','16','1','5'),  ('26912','0','808','16','0',NULL),  ('26913','0','809','16','0',NULL),  ('26914','0','810','16','1','5'),  ('26915','0','811','16','1','4'),  ('26916','0','812','16','0','13'),  ('26917','0','813','16','0',NULL),  ('26918','0','814','16','0',NULL),  ('26919','0','815','16','1','6'),  ('26920','0','816','16','1','5'),  ('26921','0','817','16','0','5'),  ('26922','0','818','16','1','6'),  ('26923','0','819','16','1','3'),  ('26924','0','820','16','1','2'),  ('26925','0','821','16','1','7'),  ('26926','0','822','16','1','12.5'),  ('26927','0','823','16','0',NULL),  ('26928','0','824','16','1','4.5'),  ('26929','0','825','16','1','10'),  ('26930','0','826','16','1','5.5'),  ('26931','0','827','16','1','5'),  ('26932','0','828','16','1','7.5'),  ('26933','0','829','16','0','5'),  ('26934','0','830','16','0','5.5'),  ('26935','0','831','16','0','11'),  ('26936','0','832','16','0',NULL),  ('26937','0','833','16','1','5.5'),  ('26938','0','834','16','0',NULL),  ('26939','0','835','16','0','5.5'),  ('26940','0','836','16','1','15'),  ('26941','0','837','16','1','3'),  ('26942','0','838','16','1','5'),  ('26943','0','839','16','1','7'),  ('26944','0','840','16','1','11'),  ('26945','0','841','16','1','4.5'),  ('26946','0','842','16','1','3.5'),  ('26947','0','843','16','0',NULL),  ('26948','0','844','16','1','11'),  ('26949','0','845','16','1','4'),  ('26950','0','846','16','0','8.5'),  ('26951','0','847','16','1','4'),  ('26952','0','848','16','0','13'),  ('26953','0','849','16','0','4.5'),  ('26954','0','850','16','0',NULL),  ('26955','0','851','16','1','8.5'),  ('26956','0','852','16','0','5'),  ('26957','0','853','16','1','7.5'),  ('26958','0','854','16','0','5.5'),  ('26959','0','855','16','1','5.5'),  ('26960','0','856','16','0',NULL),  ('26961','0','857','16','1','30'),  ('26962','0','858','16','1','12.5'),  ('26963','0','859','16','1','5'),  ('26964','0','860','16','1','4.5'),  ('26965','0','861','16','1','5.5'),  ('26966','0','862','16','1','10'),  ('26967','0','863','16','1','4'),  ('26968','0','864','16','1','7.5'),  ('26969','0','865','16','1','8.5'),  ('26970','0','866','16','0','8'),  ('26971','0','867','16','0','3'),  ('26972','0','868','16','1','3.5'),  ('26973','0','869','16','0','6'),  ('26974','0','870','16','0','3'),  ('26975','0','871','16','0','5'),  ('26976','0','872','16','0','5.5'),  ('26977','0','873','16','1','10'),  ('26978','0','874','16','1','6'),  ('26979','0','875','16','1','11.5'),  ('26980','0','876','16','1','5'),  ('26981','0','877','16','1','5'),  ('26982','0','878','16','1','8.5'),  ('26983','0','879','16','1','10'),  ('26984','0','880','16','1','4'),  ('26985','0','881','16','1','5'),  ('26986','0','882','16','1','6'),  ('26987','0','883','16','1','7.5'),  ('26988','0','884','16','0','13'),  ('26989','0','885','16','0',NULL),  ('26990','0','886','16','0',NULL),  ('26991','0','887','16','0',NULL),  ('26992','0','888','16','0','4.5'),  ('26993','0','889','16','0','8.5'),  ('26994','0','890','16','0',NULL),  ('26995','0','891','16','1','8'),  ('26996','0','892','16','1','2'),  ('26997','0','893','16','0',NULL),  ('26998','0','894','16','1','5'),  ('26999','0','895','16','0',NULL),  ('27000','0','896','16','1','11'),  ('27001','0','897','16','0',NULL),  ('27002','0','898','16','0',NULL),  ('27003','0','899','16','1','5.5'),  ('27004','0','900','16','1','4'),  ('27005','0','901','16','0',NULL),  ('27006','0','902','16','0','4.5'),  ('27007','0','903','16','1','4'),  ('27008','0','904','16','1','3.5'),  ('27009','0','905','16','1','4.5'),  ('27010','0','906','16','1','8.5'),  ('27011','0','907','16','0','7.5'),  ('27012','0','908','16','1','8.5'),  ('27013','0','909','16','0',NULL),  ('27014','0','910','16','1','6'),  ('27015','0','911','16','1','2'),  ('27016','0','912','16','1','5'),  ('27017','0','913','16','1','12.5'),  ('27018','0','914','16','1','7'),  ('27019','0','915','16','1','4'),  ('27020','0','916','16','1','5'),  ('27021','0','917','16','0',NULL),  ('27022','0','918','16','1','12'),  ('27023','0','919','16','1','15'),  ('27024','0','920','16','1','9'),  ('27025','0','921','16','0',NULL),  ('27026','0','922','16','0','3.5'),  ('27027','0','923','16','0',NULL),  ('27028','0','924','16','1','5'),  ('27029','0','925','16','0','7.5'),  ('27030','0','926','16','0','5.5'),  ('27031','0','927','16','1','5'),  ('27032','0','928','16','1','4'),  ('27033','0','929','16','1','11.5'),  ('27034','0','930','16','1','5'),  ('27035','0','931','16','1','6'),  ('27036','0','932','16','1','5'),  ('27037','0','933','16','1','8.5'),  ('27038','0','934','16','0',NULL),  ('27039','0','935','16','1','11'),  ('27040','0','936','16','0',NULL),  ('27041','0','937','16','1','4'),  ('27042','0','938','16','0','4.5'),  ('27043','0','939','16','0','1.5'),  ('27044','0','940','16','0',NULL),  ('27045','0','941','16','1','4.5'),  ('27046','0','942','16','1','5.5'),  ('27047','0','943','16','0','7.5'),  ('27048','0','944','16','0','6'),  ('27049','0','945','16','1','10'),  ('27050','0','946','16','1','7'),  ('27051','0','947','16','1','6'),  ('27052','0','948','16','1','5'),  ('27053','0','949','16','1','5.5'),  ('27054','0','950','16','0',NULL),  ('27055','0','951','16','1','5.5'),  ('27056','0','952','16','0',NULL),  ('27057','0','953','16','0','5'),  ('27058','0','954','16','1','17'),  ('27059','0','955','16','1','4'),  ('27060','0','956','16','0',NULL),  ('27061','0','957','16','0','4.5'),  ('27062','0','958','16','1','5'),  ('27063','0','959','16','0',NULL),  ('27064','0','960','16','1','5'),  ('27065','0','961','16','1','6'),  ('27066','0','962','16','0','3.5'),  ('27067','0','963','16','1','8'),  ('27068','0','964','16','1','5'),  ('27069','0','965','16','0',NULL),  ('27070','0','966','16','1','5.5'),  ('27071','0','967','16','1','4'),  ('27072','0','968','16','1','10'),  ('27073','0','969','16','1','5.5'),  ('27074','0','970','16','0',NULL),  ('27075','0','971','16','1','5.5'),  ('27076','0','972','16','1','7.5'),  ('27077','0','973','16','1','8.5'),  ('27078','0','974','16','0','13'),  ('27079','0','975','16','0','3.5'),  ('27080','0','976','16','1','5'),  ('27081','0','977','16','0','4'),  ('27082','0','978','16','1','4.5'),  ('27083','0','979','16','0','5'),  ('27084','0','980','16','0','5'),  ('27085','0','981','16','1','8'),  ('27086','0','982','16','1','2'),  ('27087','0','983','16','1','7'),  ('27088','0','984','16','1','11'),  ('27089','0','985','16','0',NULL),  ('27090','0','986','16','1','5.5'),  ('27091','0','987','16','1','5'),  ('27092','0','988','16','1','4.5'),  ('27093','0','989','16','1','3.5'),  ('27094','0','990','16','1','5'),  ('27095','0','991','16','1','15'),  ('27096','0','992','16','0','13'),  ('27097','0','993','16','0',NULL),  ('27098','0','994','16','1','4.5'),  ('27099','0','995','16','0','5.5'),  ('27100','0','996','16','0','5'),  ('27101','0','997','16','0','8.5'),  ('27102','0','998','16','0','5.5'),  ('27103','0','999','16','1','3'),  ('27104','0','1000','16','0',NULL),  ('27105','0','1001','16','0',NULL),  ('27106','0','1002','16','1','11'),  ('27107','0','1003','16','1','5'),  ('27108','0','1004','16','1','5.5'),  ('27109','0','1005','16','1','3.5'),  ('27110','0','1006','16','1','4.5'),  ('27111','0','1007','16','0','5'),  ('27112','0','1008','16','1','15'),  ('27113','0','1009','16','1','5'),  ('27114','0','1010','16','0',NULL),  ('27115','0','1011','16','1','3.5'),  ('27116','0','1012','16','0',NULL),  ('27117','0','1013','16','0',NULL),  ('27118','0','1014','16','1','8.5'),  ('27119','0','1015','16','1','7.5'),  ('27120','0','1016','16','0',NULL),  ('27121','0','1017','16','1','3'),  ('27122','0','1018','16','1','11.5'),  ('27123','0','1019','16','1','12.5'),  ('27124','0','1020','16','1','11'),  ('27125','0','1021','16','0',NULL),  ('27126','0','1022','16','1','4'),  ('27127','0','1023','16','0',NULL),  ('27128','0','1024','16','1','10'),  ('27129','0','1025','16','0',NULL),  ('27130','0','1026','16','1','15'),  ('27131','0','1027','16','1','7.5'),  ('27132','0','1028','16','0','13'),  ('27133','0','1029','16','1','7'),  ('27134','0','1030','16','0','4'),  ('27135','0','1031','16','1','13'),  ('27136','0','1032','16','1','5.5'),  ('27137','0','1033','16','0',NULL),  ('27138','0','1034','16','0','5.5'),  ('27139','0','1035','16','1','3'),  ('27140','0','1036','16','1','7'),  ('27141','0','1037','16','1','5'),  ('27142','0','1038','16','1','5'),  ('27143','0','1039','16','1','4.5'),  ('27144','0','1040','16','1','10'),  ('27145','0','1041','16','1','5.5'),  ('27146','0','1042','16','0',NULL),  ('27147','0','1043','16','0',NULL),  ('27148','0','1044','16','1','5.5'),  ('27149','0','1045','16','1','6'),  ('27150','0','1046','16','0',NULL),  ('27151','0','1047','16','0',NULL),  ('27152','0','1048','16','0','4'),  ('27153','0','1049','16','1','5'),  ('27154','0','1050','16','1','5'),  ('27155','0','1051','16','0','5'),  ('27156','0','1052','16','0','4'),  ('27157','0','1053','16','1','5.5'),  ('27158','0','1054','16','0',NULL),  ('27159','0','1055','16','0',NULL),  ('27160','0','1056','16','1','6.5'),  ('27161','0','1057','16','0',NULL),  ('27162','0','1058','16','1','4'),  ('27163','0','1059','16','0',NULL),  ('27164','0','1060','16','1','3.5'),  ('27165','0','1061','16','1','4'),  ('27166','0','1062','16','1','5.5'),  ('27167','0','1063','16','1','15'),  ('27168','0','1064','16','0','4.5'),  ('27169','0','1065','16','1','4'),  ('27170','0','1066','16','1','3.5'),  ('27171','0','1067','16','0',NULL),  ('27172','0','1068','16','1','4.5'),  ('27173','0','1069','16','0','4'),  ('27174','0','1070','16','1','5'),  ('27175','0','1071','16','1','5.5'),  ('27176','0','1072','16','1','25'),  ('27177','0','1073','16','1','6.5'),  ('27178','0','1074','16','1','11'),  ('27179','0','1075','16','1','5.5'),  ('27180','0','1076','16','1','6'),  ('27181','0','1077','16','1','13'),  ('27182','0','1078','16','1','7'),  ('27183','0','1079','16','1','4'),  ('27184','0','1080','16','1','7.5'),  ('27185','0','1081','16','0',NULL),  ('27186','0','1082','16','0','10'),  ('27187','0','1083','16','0','4'),  ('27188','0','1084','16','0',NULL),  ('27189','0','1085','16','0','3'),  ('27190','0','1086','16','0','6'),  ('27191','0','1087','16','1','5'),  ('27192','0','1088','16','0','7.5'),  ('27193','0','1089','16','1','10'),  ('27194','0','1090','16','1','5'),  ('27195','0','1091','16','1','3.5'),  ('27196','0','1092','16','0',NULL),  ('27197','0','1093','16','1','13'),  ('27198','0','1094','16','1','11'),  ('27199','0','1095','16','1','5'),  ('27200','0','1096','16','0',NULL),  ('27201','0','1097','16','1','7.5'),  ('27202','0','1098','16','1','5'),  ('27203','0','1099','16','1','4'),  ('27204','0','1100','16','0',NULL),  ('27205','0','1101','16','0',NULL),  ('27206','0','1102','16','1','11'),  ('27207','0','1103','16','0',NULL),  ('27208','0','1104','16','1','8.5'),  ('27209','0','1105','16','0','7.5'),  ('27210','0','1106','16','0','5'),  ('27211','0','1107','16','1','8'),  ('27212','0','1108','16','0',NULL),  ('27213','0','1109','16','1','12.5'),  ('27214','0','1110','16','1','11'),  ('27215','0','1111','16','1','5.5'),  ('27216','0','1112','16','1','4'),  ('27217','0','1113','16','1','3.5'),  ('27218','0','1114','16','1','6'),  ('27219','0','1115','16','0','4'),  ('27220','0','1116','16','1','15'),  ('27221','0','1117','16','1','8.5'),  ('27222','0','1118','16','0',NULL),  ('27223','0','1119','16','1','12'),  ('27224','0','1120','16','0','4.5'),  ('27225','0','1121','16','0','5'),  ('27226','0','1122','16','1','5'),  ('27227','0','1123','16','0','4'),  ('27228','0','1124','16','0','5.5'),  ('27229','0','1125','16','1','6'),  ('27230','0','1126','16','1','12.5'),  ('27231','0','1127','16','0',NULL),  ('27232','0','1128','16','1','2'),  ('27233','0','1129','16','1','5'),  ('27234','0','1130','16','1','6.5'),  ('27235','0','1131','16','1','4.5'),  ('27236','0','1132','16','1','3.5'),  ('27237','0','1133','16','1','4'),  ('27238','0','1134','16','1','5'),  ('27239','0','1135','16','1','8.5'),  ('27240','0','1136','16','0','5.5'),  ('27241','0','1137','16','1','11'),  ('27242','0','1138','16','0','4'),  ('27243','0','1139','16','0','5'),  ('27244','0','1140','16','0',NULL),  ('27245','0','1141','16','0','6'),  ('27246','0','1142','16','0',NULL),  ('27247','0','1143','16','1','5'),  ('27248','0','1144','16','1','11'),  ('27249','0','1145','16','1','7'),  ('27250','0','1146','16','1','12.5'),  ('27251','0','1147','16','1','5'),  ('27252','0','1148','16','0',NULL),  ('27253','0','1149','16','1','4.5'),  ('27254','0','1150','16','1','8'),  ('27255','0','1151','16','1','13'),  ('27256','0','1152','16','1','7.5'),  ('27257','0','1153','16','1','8.5'),  ('27258','0','1154','16','0',NULL),  ('27259','0','1155','16','0',NULL),  ('27260','0','1156','16','0','4.5'),  ('27261','0','1157','16','1','4'),  ('27262','0','1158','16','0',NULL),  ('27263','0','1159','16','0','5'),  ('27264','0','1160','16','0',NULL),  ('27265','0','801','15','1','3'),  ('27266','0','802','15','1','5'),  ('27267','0','803','15','1','4.5'),  ('27268','0','804','15','1','0'),  ('27269','0','805','15','1','4'),  ('27270','0','806','15','1','34'),  ('27271','0','807','15','0',NULL),  ('27272','0','808','15','0',NULL),  ('27273','0','809','15','0',NULL),  ('27274','0','810','15','1','3'),  ('27275','0','811','15','1','10.5'),  ('27276','0','812','15','0','5.5'),  ('27277','0','813','15','1','4.5'),  ('27278','0','814','15','0',NULL),  ('27279','0','815','15','0',NULL),  ('27280','0','816','15','0',NULL),  ('27281','0','817','15','1','6'),  ('27282','0','818','15','1','5'),  ('27283','0','819','15','1','5'),  ('27284','0','820','15','1','3'),  ('27285','0','821','15','1','5'),  ('27286','0','822','15','1','7'),  ('27287','0','823','15','0',NULL),  ('27288','0','824','15','1','3.5'),  ('27289','0','825','15','1','12'),  ('27290','0','826','15','1','16'),  ('27291','0','827','15','1','2'),  ('27292','0','828','15','1','16'),  ('27293','0','829','15','0','6'),  ('27294','0','830','15','0','3'),  ('27295','0','831','15','0','6'),  ('27296','0','832','15','0',NULL),  ('27297','0','833','15','0',NULL),  ('27298','0','834','15','1','5'),  ('27299','0','835','15','0',NULL),  ('27300','0','836','15','1','7'),  ('27301','0','837','15','1','5'),  ('27302','0','838','15','1','4.5'),  ('27303','0','839','15','1','5'),  ('27304','0','840','15','1','4'),  ('27305','0','841','15','1','13'),  ('27306','0','842','15','1','4.5'),  ('27307','0','843','15','0',NULL),  ('27308','0','844','15','1','32'),  ('27309','0','845','15','1','10.5'),  ('27310','0','846','15','0','3'),  ('27311','0','847','15','1','8'),  ('27312','0','848','15','0','5.5'),  ('27313','0','849','15','0','5'),  ('27314','0','850','15','0',NULL),  ('27315','0','851','15','1','5.5'),  ('27316','0','852','15','0',NULL),  ('27317','0','853','15','1','16'),  ('27318','0','854','15','0','3'),  ('27319','0','855','15','1','3'),  ('27320','0','856','15','1','5'),  ('27321','0','857','15','1','5'),  ('27322','0','858','15','1','7'),  ('27323','0','859','15','1','2'),  ('27324','0','860','15','1','4'),  ('27325','0','861','15','1','16'),  ('27326','0','862','15','1','6'),  ('27327','0','863','15','1','4'),  ('27328','0','864','15','1','16'),  ('27329','0','865','15','1','3'),  ('27330','0','866','15','0','3'),  ('27331','0','867','15','0','6'),  ('27332','0','868','15','0',NULL),  ('27333','0','869','15','0','4'),  ('27334','0','870','15','0','11'),  ('27335','0','871','15','0','6'),  ('27336','0','872','15','0',NULL),  ('27337','0','873','15','1','8'),  ('27338','0','874','15','1','5'),  ('27339','0','875','15','1','5'),  ('27340','0','876','15','0',NULL),  ('27341','0','877','15','0',NULL),  ('27342','0','878','15','1','5.5'),  ('27343','0','879','15','1','34'),  ('27344','0','880','15','1','4'),  ('27345','0','881','15','1','6'),  ('27346','0','882','15','1','5'),  ('27347','0','883','15','1','16'),  ('27348','0','884','15','0','5.5'),  ('27349','0','885','15','0',NULL),  ('27350','0','886','15','0',NULL),  ('27351','0','887','15','0',NULL),  ('27352','0','888','15','1','9'),  ('27353','0','889','15','1','3'),  ('27354','0','890','15','0',NULL),  ('27355','0','891','15','1','3'),  ('27356','0','892','15','1','3'),  ('27357','0','893','15','0',NULL),  ('27358','0','894','15','1','4.5'),  ('27359','0','895','15','0',NULL),  ('27360','0','896','15','1','32'),  ('27361','0','897','15','0',NULL),  ('27362','0','898','15','1','4.5'),  ('27363','0','899','15','0',NULL),  ('27364','0','900','15','1','4'),  ('27365','0','901','15','1','3'),  ('27366','0','902','15','0',NULL),  ('27367','0','903','15','1','5.5'),  ('27368','0','904','15','0',NULL),  ('27369','0','905','15','1','13'),  ('27370','0','906','15','1','5.5'),  ('27371','0','907','15','1','16'),  ('27372','0','908','15','0','3'),  ('27373','0','909','15','0',NULL),  ('27374','0','910','15','1','5'),  ('27375','0','911','15','1','7'),  ('27376','0','912','15','1','6'),  ('27377','0','913','15','1','7'),  ('27378','0','914','15','1','8'),  ('27379','0','915','15','1','9'),  ('27380','0','916','15','1','6'),  ('27381','0','917','15','0',NULL),  ('27382','0','918','15','1','10'),  ('27383','0','919','15','1','7'),  ('27384','0','920','15','1','2'),  ('27385','0','921','15','0','4.5'),  ('27386','0','922','15','0',NULL),  ('27387','0','923','15','0','5'),  ('27388','0','924','15','1','6'),  ('27389','0','925','15','0','16'),  ('27390','0','926','15','0',NULL),  ('27391','0','927','15','1','2.5'),  ('27392','0','928','15','1','5'),  ('27393','0','929','15','1','5'),  ('27394','0','930','15','1','6'),  ('27395','0','931','15','1','5'),  ('27396','0','932','15','0',NULL),  ('27397','0','933','15','1','5.5'),  ('27398','0','934','15','1','3'),  ('27399','0','935','15','1','32'),  ('27400','0','936','15','0',NULL),  ('27401','0','937','15','1','10.5'),  ('27402','0','938','15','0','3'),  ('27403','0','939','15','0','4.5'),  ('27404','0','940','15','0',NULL),  ('27405','0','941','15','1','13'),  ('27406','0','942','15','1','4'),  ('27407','0','943','15','0','16'),  ('27408','0','944','15','0','5'),  ('27409','0','945','15','1','3'),  ('27410','0','946','15','1','5'),  ('27411','0','947','15','1','4'),  ('27412','0','948','15','0',NULL),  ('27413','0','949','15','1','16'),  ('27414','0','950','15','0',NULL),  ('27415','0','951','15','0',NULL),  ('27416','0','952','15','0',NULL),  ('27417','0','953','15','0','3'),  ('27418','0','954','15','1','6'),  ('27419','0','955','15','1','6'),  ('27420','0','956','15','0',NULL),  ('27421','0','957','15','1','5'),  ('27422','0','958','15','1','4.5'),  ('27423','0','959','15','1','4.5'),  ('27424','0','960','15','1','5'),  ('27425','0','961','15','1','4'),  ('27426','0','962','15','0',NULL),  ('27427','0','963','15','1','3'),  ('27428','0','964','15','1','4.5'),  ('27429','0','965','15','1','0'),  ('27430','0','966','15','1','5'),  ('27431','0','967','15','1','9'),  ('27432','0','968','15','1','34'),  ('27433','0','969','15','1','4'),  ('27434','0','970','15','0',NULL),  ('27435','0','971','15','1','16'),  ('27436','0','972','15','1','16'),  ('27437','0','973','15','1','3'),  ('27438','0','974','15','0','5.5'),  ('27439','0','975','15','0','3'),  ('27440','0','976','15','0','5'),  ('27441','0','977','15','1','4'),  ('27442','0','978','15','0','4'),  ('27443','0','979','15','0','3'),  ('27444','0','980','15','0','6'),  ('27445','0','981','15','1','3'),  ('27446','0','982','15','1','3'),  ('27447','0','983','15','1','5'),  ('27448','0','984','15','1','4'),  ('27449','0','985','15','1','0'),  ('27450','0','986','15','0',NULL),  ('27451','0','987','15','1','2'),  ('27452','0','988','15','1','13'),  ('27453','0','989','15','1','4.5'),  ('27454','0','990','15','1','6'),  ('27455','0','991','15','1','32'),  ('27456','0','992','15','0','5.5'),  ('27457','0','993','15','0','4.5'),  ('27458','0','994','15','1','5'),  ('27459','0','995','15','0',NULL),  ('27460','0','996','15','0',NULL),  ('27461','0','997','15','0','3'),  ('27462','0','998','15','0',NULL),  ('27463','0','999','15','1','4.5'),  ('27464','0','1000','15','1','4.5'),  ('27465','0','1001','15','0',NULL),  ('27466','0','1002','15','1','4'),  ('27467','0','1003','15','0',NULL),  ('27468','0','1004','15','0',NULL),  ('27469','0','1005','15','1','4.5'),  ('27470','0','1006','15','1','4'),  ('27471','0','1007','15','1','3'),  ('27472','0','1008','15','1','32'),  ('27473','0','1009','15','1','6'),  ('27474','0','1010','15','0',NULL),  ('27475','0','1011','15','0',NULL),  ('27476','0','1012','15','0',NULL),  ('27477','0','1013','15','0',NULL),  ('27478','0','1014','15','1','5.5'),  ('27479','0','1015','15','1','6'),  ('27480','0','1016','15','1','2'),  ('27481','0','1017','15','1','4.5'),  ('27482','0','1018','15','1','10'),  ('27483','0','1019','15','1','7'),  ('27484','0','1020','15','1','4'),  ('27485','0','1021','15','1','0'),  ('27486','0','1022','15','1','4'),  ('27487','0','1023','15','0',NULL),  ('27488','0','1024','15','0',NULL),  ('27489','0','1025','15','0',NULL),  ('27490','0','1026','15','1','7'),  ('27491','0','1027','15','1','16'),  ('27492','0','1028','15','0','5.5'),  ('27493','0','1029','15','1','5'),  ('27494','0','1030','15','1','3'),  ('27495','0','1031','15','1','4.5'),  ('27496','0','1032','15','0',NULL),  ('27497','0','1033','15','0',NULL),  ('27498','0','1034','15','0','3'),  ('27499','0','1035','15','1','9'),  ('27500','0','1036','15','1','5'),  ('27501','0','1037','15','1','5'),  ('27502','0','1038','15','1','4.5'),  ('27503','0','1039','15','1','5'),  ('27504','0','1040','15','0',NULL),  ('27505','0','1041','15','0',NULL),  ('27506','0','1042','15','1','4.5'),  ('27507','0','1043','15','1','3'),  ('27508','0','1044','15','0',NULL),  ('27509','0','1045','15','1','4'),  ('27510','0','1046','15','0',NULL),  ('27511','0','1047','15','0',NULL),  ('27512','0','1048','15','1','5'),  ('27513','0','1049','15','1','6.5'),  ('27514','0','1050','15','1','2'),  ('27515','0','1051','15','0','6'),  ('27516','0','1052','15','0','4'),  ('27517','0','1053','15','1','3'),  ('27518','0','1054','15','0',NULL),  ('27519','0','1055','15','0',NULL),  ('27520','0','1056','15','1','5'),  ('27521','0','1057','15','0',NULL),  ('27522','0','1058','15','0',NULL),  ('27523','0','1059','15','1','9'),  ('27524','0','1060','15','1','4.5'),  ('27525','0','1061','15','1','4'),  ('27526','0','1062','15','1','4'),  ('27527','0','1063','15','1','16'),  ('27528','0','1064','15','0','3'),  ('27529','0','1065','15','1','5'),  ('27530','0','1066','15','1','3'),  ('27531','0','1067','15','0',NULL),  ('27532','0','1068','15','1','4'),  ('27533','0','1069','15','1','6'),  ('27534','0','1070','15','0','3'),  ('27535','0','1071','15','1','3'),  ('27536','0','1072','15','1','14'),  ('27537','0','1073','15','1','4'),  ('27538','0','1074','15','1','4'),  ('27539','0','1075','15','0',NULL),  ('27540','0','1076','15','1','3.5'),  ('27541','0','1077','15','1','8'),  ('27542','0','1078','15','1','8'),  ('27543','0','1079','15','0',NULL),  ('27544','0','1080','15','1','6'),  ('27545','0','1081','15','0',NULL),  ('27546','0','1082','15','0','3'),  ('27547','0','1083','15','0','3'),  ('27548','0','1084','15','0',NULL),  ('27549','0','1085','15','1','6'),  ('27550','0','1086','15','1','4'),  ('27551','0','1087','15','1','6'),  ('27552','0','1088','15','0',NULL),  ('27553','0','1089','15','1','8'),  ('27554','0','1090','15','1','4.5'),  ('27555','0','1091','15','0',NULL),  ('27556','0','1092','15','1','0'),  ('27557','0','1093','15','1','8'),  ('27558','0','1094','15','0',NULL),  ('27559','0','1095','15','1','2'),  ('27560','0','1096','15','0',NULL),  ('27561','0','1097','15','1','32'),  ('27562','0','1098','15','1','6'),  ('27563','0','1099','15','1','4'),  ('27564','0','1100','15','0',NULL),  ('27565','0','1101','15','1','4.5'),  ('27566','0','1102','15','1','4'),  ('27567','0','1103','15','0',NULL),  ('27568','0','1104','15','1','5.5'),  ('27569','0','1105','15','0','6'),  ('27570','0','1106','15','0',NULL),  ('27571','0','1107','15','1','3'),  ('27572','0','1108','15','1','4.5'),  ('27573','0','1109','15','1','7'),  ('27574','0','1110','15','1','4'),  ('27575','0','1111','15','0',NULL),  ('27576','0','1112','15','1','9'),  ('27577','0','1113','15','1','4.5'),  ('27578','0','1114','15','0',NULL),  ('27579','0','1115','15','1','8'),  ('27580','0','1116','15','1','16'),  ('27581','0','1117','15','1','3'),  ('27582','0','1118','15','0',NULL),  ('27583','0','1119','15','0',NULL),  ('27584','0','1120','15','1','5'),  ('27585','0','1121','15','0',NULL),  ('27586','0','1122','15','1','2'),  ('27587','0','1123','15','0','3'),  ('27588','0','1124','15','0','3'),  ('27589','0','1125','15','1','9'),  ('27590','0','1126','15','1','7'),  ('27591','0','1127','15','0',NULL),  ('27592','0','1128','15','1','3'),  ('27593','0','1129','15','0',NULL),  ('27594','0','1130','15','0',NULL),  ('27595','0','1131','15','1','4'),  ('27596','0','1132','15','1','4.5'),  ('27597','0','1133','15','1','6'),  ('27598','0','1134','15','1','6'),  ('27599','0','1135','15','1','3'),  ('27600','0','1136','15','0','-1'),  ('27601','0','1137','15','1','6'),  ('27602','0','1138','15','1','5'),  ('27603','0','1139','15','0',NULL),  ('27604','0','1140','15','1','3'),  ('27605','0','1141','15','0','5'),  ('27606','0','1142','15','0','4'),  ('27607','0','1143','15','1','2.5'),  ('27608','0','1144','15','1','4'),  ('27609','0','1145','15','1','5'),  ('27610','0','1146','15','1','7'),  ('27611','0','1147','15','1','5'),  ('27612','0','1148','15','1','3'),  ('27613','0','1149','15','1','13'),  ('27614','0','1150','15','0','4'),  ('27615','0','1151','15','1','8'),  ('27616','0','1152','15','1','32'),  ('27617','0','1153','15','1','3'),  ('27618','0','1154','15','0',NULL),  ('27619','0','1155','15','0',NULL),  ('27620','0','1156','15','0','5'),  ('27621','0','1157','15','1','9'),  ('27622','0','1158','15','0',NULL),  ('27623','0','1159','15','0','6'),  ('27624','0','1160','15','0',NULL),  ('27625','0','801','14','1','22'),  ('27626','0','802','14','0',NULL),  ('27627','0','803','14','1','6'),  ('27628','0','804','14','1','4'),  ('27629','0','805','14','1','6'),  ('27630','0','806','14','1','14'),  ('27631','0','807','14','1','6'),  ('27632','0','808','14','0',NULL),  ('27633','0','809','14','1','5'),  ('27634','0','810','14','1','5'),  ('27635','0','811','14','1','4'),  ('27636','0','812','14','0','3'),  ('27637','0','813','14','1','6.5'),  ('27638','0','814','14','0',NULL),  ('27639','0','815','14','0',NULL),  ('27640','0','816','14','0',NULL),  ('27641','0','817','14','0',NULL),  ('27642','0','818','14','1','6'),  ('27643','0','819','14','1','18'),  ('27644','0','820','14','1','6.5'),  ('27645','0','821','14','0',NULL),  ('27646','0','822','14','1','4'),  ('27647','0','823','14','0',NULL),  ('27648','0','824','14','1','6'),  ('27649','0','825','14','0',NULL),  ('27650','0','826','14','1','5'),  ('27651','0','827','14','1','5'),  ('27652','0','828','14','1','17'),  ('27653','0','829','14','0','5.5'),  ('27654','0','830','14','0','8'),  ('27655','0','831','14','1','4.5'),  ('27656','0','832','14','0',NULL),  ('27657','0','833','14','1','3'),  ('27658','0','834','14','1','4'),  ('27659','0','835','14','0','6'),  ('27660','0','836','14','1','7'),  ('27661','0','837','14','1','9'),  ('27662','0','838','14','1','6'),  ('27663','0','839','14','0',NULL),  ('27664','0','840','14','1','6'),  ('27665','0','841','14','1','5.5'),  ('27666','0','842','14','1','10'),  ('27667','0','843','14','0',NULL),  ('27668','0','844','14','1','10'),  ('27669','0','845','14','1','4'),  ('27670','0','846','14','0','4'),  ('27671','0','847','14','1','3'),  ('27672','0','848','14','0','3'),  ('27673','0','849','14','1','5'),  ('27674','0','850','14','0',NULL),  ('27675','0','851','14','1','4.5'),  ('27676','0','852','14','0',NULL),  ('27677','0','853','14','1','17'),  ('27678','0','854','14','0','6'),  ('27679','0','855','14','1','8'),  ('27680','0','856','14','1','3'),  ('27681','0','857','14','0',NULL),  ('27682','0','858','14','1','4'),  ('27683','0','859','14','1','5'),  ('27684','0','860','14','1','4.5'),  ('27685','0','861','14','1','5'),  ('27686','0','862','14','1','10'),  ('27687','0','863','14','0',NULL),  ('27688','0','864','14','1','17'),  ('27689','0','865','14','1','4'),  ('27690','0','866','14','0','8.5'),  ('27691','0','867','14','1','7'),  ('27692','0','868','14','0','5'),  ('27693','0','869','14','1','7.5'),  ('27694','0','870','14','0','7'),  ('27695','0','871','14','0','5.5'),  ('27696','0','872','14','0','6'),  ('27697','0','873','14','1','1'),  ('27698','0','874','14','1','3'),  ('27699','0','875','14','1','5'),  ('27700','0','876','14','0',NULL),  ('27701','0','877','14','1','6'),  ('27702','0','878','14','1','4.5'),  ('27703','0','879','14','1','14'),  ('27704','0','880','14','0',NULL),  ('27705','0','881','14','0',NULL),  ('27706','0','882','14','0',NULL),  ('27707','0','883','14','1','17'),  ('27708','0','884','14','0','3'),  ('27709','0','885','14','0',NULL),  ('27710','0','886','14','1','5'),  ('27711','0','887','14','0',NULL),  ('27712','0','888','14','1','5.5'),  ('27713','0','889','14','1','4'),  ('27714','0','890','14','0',NULL),  ('27715','0','891','14','1','8.5'),  ('27716','0','892','14','1','6.5'),  ('27717','0','893','14','0',NULL),  ('27718','0','894','14','1','6'),  ('27719','0','895','14','0',NULL),  ('27720','0','896','14','1','10'),  ('27721','0','897','14','0',NULL),  ('27722','0','898','14','0',NULL),  ('27723','0','899','14','1','3'),  ('27724','0','900','14','1','20'),  ('27725','0','901','14','1','5.5'),  ('27726','0','902','14','0',NULL),  ('27727','0','903','14','1','5'),  ('27728','0','904','14','1','5'),  ('27729','0','905','14','1','5.5'),  ('27730','0','906','14','1','4.5'),  ('27731','0','907','14','0','17'),  ('27732','0','908','14','0','4'),  ('27733','0','909','14','0',NULL),  ('27734','0','910','14','0',NULL),  ('27735','0','911','14','0',NULL),  ('27736','0','912','14','1','7'),  ('27737','0','913','14','1','4'),  ('27738','0','914','14','0',NULL),  ('27739','0','915','14','1','9.5'),  ('27740','0','916','14','0',NULL),  ('27741','0','917','14','0',NULL),  ('27742','0','918','14','0',NULL),  ('27743','0','919','14','1','7'),  ('27744','0','920','14','1','9'),  ('27745','0','921','14','1','6.5'),  ('27746','0','922','14','1','5'),  ('27747','0','923','14','1','4'),  ('27748','0','924','14','1','6'),  ('27749','0','925','14','1','17'),  ('27750','0','926','14','1','6'),  ('27751','0','927','14','1','7.5'),  ('27752','0','928','14','1','4'),  ('27753','0','929','14','1','5'),  ('27754','0','930','14','1','7'),  ('27755','0','931','14','0',NULL),  ('27756','0','932','14','1','6'),  ('27757','0','933','14','0','4.5'),  ('27758','0','934','14','1','9.5'),  ('27759','0','935','14','1','10'),  ('27760','0','936','14','0',NULL),  ('27761','0','937','14','1','4'),  ('27762','0','938','14','0','2'),  ('27763','0','939','14','1','4'),  ('27764','0','940','14','0',NULL),  ('27765','0','941','14','1','5.5'),  ('27766','0','942','14','1','6.5'),  ('27767','0','943','14','0','17'),  ('27768','0','944','14','0','6'),  ('27769','0','945','14','1','22'),  ('27770','0','946','14','0',NULL),  ('27771','0','947','14','0',NULL),  ('27772','0','948','14','0',NULL),  ('27773','0','949','14','1','5'),  ('27774','0','950','14','0',NULL),  ('27775','0','951','14','1','3'),  ('27776','0','952','14','0',NULL),  ('27777','0','953','14','0',NULL),  ('27778','0','954','14','1','8'),  ('27779','0','955','14','1','5'),  ('27780','0','956','14','0',NULL),  ('27781','0','957','14','1','5'),  ('27782','0','958','14','1','6'),  ('27783','0','959','14','0',NULL),  ('27784','0','960','14','1','7'),  ('27785','0','961','14','1','8.5'),  ('27786','0','962','14','1','7'),  ('27787','0','963','14','1','8.5'),  ('27788','0','964','14','1','6'),  ('27789','0','965','14','1','4'),  ('27790','0','966','14','1','5'),  ('27791','0','967','14','1','9.5'),  ('27792','0','968','14','1','14'),  ('27793','0','969','14','1','6.5'),  ('27794','0','970','14','0',NULL),  ('27795','0','971','14','1','5'),  ('27796','0','972','14','1','17'),  ('27797','0','973','14','1','4'),  ('27798','0','974','14','0','3'),  ('27799','0','975','14','0','4'),  ('27800','0','976','14','0','6'),  ('27801','0','977','14','0',NULL),  ('27802','0','978','14','1','3'),  ('27803','0','979','14','0',NULL),  ('27804','0','980','14','0',NULL),  ('27805','0','981','14','1','8.5'),  ('27806','0','982','14','1','6.5'),  ('27807','0','983','14','0',NULL),  ('27808','0','984','14','1','6'),  ('27809','0','985','14','1','4'),  ('27810','0','986','14','1','3'),  ('27811','0','987','14','1','5'),  ('27812','0','988','14','1','5.5'),  ('27813','0','989','14','1','10'),  ('27814','0','990','14','1','6'),  ('27815','0','991','14','1','34'),  ('27816','0','992','14','0','3'),  ('27817','0','993','14','1','6.5'),  ('27818','0','994','14','0','5'),  ('27819','0','995','14','0','2'),  ('27820','0','996','14','0',NULL),  ('27821','0','997','14','0','4'),  ('27822','0','998','14','0','6'),  ('27823','0','999','14','1','5'),  ('27824','0','1000','14','1','6.5'),  ('27825','0','1001','14','1','5'),  ('27826','0','1002','14','1','6'),  ('27827','0','1003','14','1','6'),  ('27828','0','1004','14','1','3'),  ('27829','0','1005','14','1','10'),  ('27830','0','1006','14','1','4.5'),  ('27831','0','1007','14','0',NULL),  ('27832','0','1008','14','1','34'),  ('27833','0','1009','14','0',NULL),  ('27834','0','1010','14','0',NULL),  ('27835','0','1011','14','0','5'),  ('27836','0','1012','14','0',NULL),  ('27837','0','1013','14','0',NULL),  ('27838','0','1014','14','0','4.5'),  ('27839','0','1015','14','1','4'),  ('27840','0','1016','14','1','6.5'),  ('27841','0','1017','14','1','5'),  ('27842','0','1018','14','1','5'),  ('27843','0','1019','14','1','4'),  ('27844','0','1020','14','1','6'),  ('27845','0','1021','14','1','4'),  ('27846','0','1022','14','0',NULL),  ('27847','0','1023','14','0',NULL),  ('27848','0','1024','14','1','12'),  ('27849','0','1025','14','1','5'),  ('27850','0','1026','14','1','7'),  ('27851','0','1027','14','1','17'),  ('27852','0','1028','14','0','3'),  ('27853','0','1029','14','0',NULL),  ('27854','0','1030','14','0','4'),  ('27855','0','1031','14','1','6'),  ('27856','0','1032','14','1','2'),  ('27857','0','1033','14','0',NULL),  ('27858','0','1034','14','0','6'),  ('27859','0','1035','14','1','5'),  ('27860','0','1036','14','0',NULL),  ('27861','0','1037','14','1','6.5'),  ('27862','0','1038','14','1','6'),  ('27863','0','1039','14','1','5'),  ('27864','0','1040','14','1','12'),  ('27865','0','1041','14','1','3'),  ('27866','0','1042','14','0',NULL),  ('27867','0','1043','14','1','9.5'),  ('27868','0','1044','14','1','2'),  ('27869','0','1045','14','1','8.5'),  ('27870','0','1046','14','0',NULL),  ('27871','0','1047','14','0',NULL),  ('27872','0','1048','14','1','4'),  ('27873','0','1049','14','1','6'),  ('27874','0','1050','14','0','5'),  ('27875','0','1051','14','0',NULL),  ('27876','0','1052','14','0',NULL),  ('27877','0','1053','14','1','8'),  ('27878','0','1054','14','1','5'),  ('27879','0','1055','14','0',NULL),  ('27880','0','1056','14','1','6'),  ('27881','0','1057','14','1','4'),  ('27882','0','1058','14','1','4'),  ('27883','0','1059','14','0',NULL),  ('27884','0','1060','14','1','10'),  ('27885','0','1061','14','0',NULL),  ('27886','0','1062','14','1','6.5'),  ('27887','0','1063','14','1','34'),  ('27888','0','1064','14','0','2'),  ('27889','0','1065','14','1','4'),  ('27890','0','1066','14','1','4'),  ('27891','0','1067','14','0',NULL),  ('27892','0','1068','14','1','3'),  ('27893','0','1069','14','0','5'),  ('27894','0','1070','14','0',NULL),  ('27895','0','1071','14','1','8'),  ('27896','0','1072','14','1','8'),  ('27897','0','1073','14','1','4'),  ('27898','0','1074','14','1','6'),  ('27899','0','1075','14','1','2'),  ('27900','0','1076','14','1','5'),  ('27901','0','1077','14','1','6'),  ('27902','0','1078','14','0',NULL),  ('27903','0','1079','14','1','5'),  ('27904','0','1080','14','1','4'),  ('27905','0','1081','14','0',NULL),  ('27906','0','1082','14','0','22'),  ('27907','0','1083','14','0','6'),  ('27908','0','1084','14','0',NULL),  ('27909','0','1085','14','1','6'),  ('27910','0','1086','14','0','2'),  ('27911','0','1087','14','0',NULL),  ('27912','0','1088','14','1','6'),  ('27913','0','1089','14','1','1'),  ('27914','0','1090','14','1','6'),  ('27915','0','1091','14','1','5'),  ('27916','0','1092','14','1','4'),  ('27917','0','1093','14','1','6'),  ('27918','0','1094','14','1','6'),  ('27919','0','1095','14','1','5'),  ('27920','0','1096','14','1','10'),  ('27921','0','1097','14','1','17'),  ('27922','0','1098','14','1','5.5'),  ('27923','0','1099','14','0',NULL),  ('27924','0','1100','14','0',NULL),  ('27925','0','1101','14','0','6.5'),  ('27926','0','1102','14','0','6'),  ('27927','0','1103','14','0',NULL),  ('27928','0','1104','14','0','4.5'),  ('27929','0','1105','14','1','4'),  ('27930','0','1106','14','0',NULL),  ('27931','0','1107','14','1','8.5'),  ('27932','0','1108','14','1','6.5'),  ('27933','0','1109','14','1','4'),  ('27934','0','1110','14','1','6'),  ('27935','0','1111','14','1','3'),  ('27936','0','1112','14','1','9.5'),  ('27937','0','1113','14','1','10'),  ('27938','0','1114','14','0',NULL),  ('27939','0','1115','14','0',NULL),  ('27940','0','1116','14','1','34'),  ('27941','0','1117','14','1','4'),  ('27942','0','1118','14','0',NULL),  ('27943','0','1119','14','0',NULL),  ('27944','0','1120','14','1','5'),  ('27945','0','1121','14','0',NULL),  ('27946','0','1122','14','1','5'),  ('27947','0','1123','14','0','4'),  ('27948','0','1124','14','0','6'),  ('27949','0','1125','14','1','10'),  ('27950','0','1126','14','1','4'),  ('27951','0','1127','14','1','4'),  ('27952','0','1128','14','1','6.5'),  ('27953','0','1129','14','1','6'),  ('27954','0','1130','14','1','4'),  ('27955','0','1131','14','1','4.5'),  ('27956','0','1132','14','1','10'),  ('27957','0','1133','14','1','5'),  ('27958','0','1134','14','0',NULL),  ('27959','0','1135','14','1','4'),  ('27960','0','1136','14','0','10'),  ('27961','0','1137','14','0','4.5'),  ('27962','0','1138','14','0','6'),  ('27963','0','1139','14','0',NULL),  ('27964','0','1140','14','0','9.5'),  ('27965','0','1141','14','1','6'),  ('27966','0','1142','14','0','4.5'),  ('27967','0','1143','14','1','7.5'),  ('27968','0','1144','14','1','6'),  ('27969','0','1145','14','0',NULL),  ('27970','0','1146','14','1','4'),  ('27971','0','1147','14','1','5'),  ('27972','0','1148','14','1','9.5'),  ('27973','0','1149','14','1','5.5'),  ('27974','0','1150','14','0',NULL),  ('27975','0','1151','14','1','6'),  ('27976','0','1152','14','1','34'),  ('27977','0','1153','14','1','4'),  ('27978','0','1154','14','0',NULL),  ('27979','0','1155','14','0',NULL),  ('27980','0','1156','14','1','5'),  ('27981','0','1157','14','1','9.5'),  ('27982','0','1158','14','0',NULL),  ('27983','0','1159','14','0',NULL),  ('27984','0','1160','14','0','6'),  ('27985','0','801','13','1','5'),  ('27986','0','802','13','1','6'),  ('27987','0','803','13','1','6'),  ('27988','0','804','13','1','0.5'),  ('27989','0','805','13','1','6'),  ('27990','0','806','13','1','17'),  ('27991','0','807','13','0',NULL),  ('27992','0','808','13','0',NULL),  ('27993','0','809','13','0',NULL),  ('27994','0','810','13','1','6.5'),  ('27995','0','811','13','1','19'),  ('27996','0','812','13','0','5'),  ('27997','0','813','13','1','7'),  ('27998','0','814','13','1','4'),  ('27999','0','815','13','0',NULL),  ('28000','0','816','13','1','5'),  ('28001','0','817','13','0','18'),  ('28002','0','818','13','0','22'),  ('28003','0','819','13','1','20'),  ('28004','0','820','13','1','5'),  ('28005','0','821','13','1','6'),  ('28006','0','822','13','0',NULL),  ('28007','0','823','13','0',NULL),  ('28008','0','824','13','1','4'),  ('28009','0','825','13','0',NULL),  ('28010','0','826','13','0',NULL),  ('28011','0','827','13','1','8'),  ('28012','0','828','13','1','5.5'),  ('28013','0','829','13','1','6'),  ('28014','0','830','13','0','8'),  ('28015','0','831','13','1','5'),  ('28016','0','832','13','0',NULL),  ('28017','0','833','13','0',NULL),  ('28018','0','834','13','1','5'),  ('28019','0','835','13','1','5'),  ('28020','0','836','13','1','3.5'),  ('28021','0','837','13','1','10'),  ('28022','0','838','13','1','6'),  ('28023','0','839','13','1','6'),  ('28024','0','840','13','1','6'),  ('28025','0','841','13','1','6'),  ('28026','0','842','13','1','4'),  ('28027','0','843','13','1','7'),  ('28028','0','844','13','0',NULL),  ('28029','0','845','13','1','19'),  ('28030','0','846','13','0','3'),  ('28031','0','847','13','1','5'),  ('28032','0','848','13','0','5'),  ('28033','0','849','13','0','4'),  ('28034','0','850','13','0',NULL),  ('28035','0','851','13','1','5'),  ('28036','0','852','13','0',NULL),  ('28037','0','853','13','1','5.5'),  ('28038','0','854','13','0','5'),  ('28039','0','855','13','1','8'),  ('28040','0','856','13','0',NULL),  ('28041','0','857','13','0',NULL),  ('28042','0','858','13','0',NULL),  ('28043','0','859','13','1','8'),  ('28044','0','860','13','1','5'),  ('28045','0','861','13','0',NULL),  ('28046','0','862','13','1','13'),  ('28047','0','863','13','1','6'),  ('28048','0','864','13','1','5.5'),  ('28049','0','865','13','1','3'),  ('28050','0','866','13','0','15'),  ('28051','0','867','13','1','5'),  ('28052','0','868','13','0',NULL),  ('28053','0','869','13','1','5.5'),  ('28054','0','870','13','1','6.5'),  ('28055','0','871','13','1','6'),  ('28056','0','872','13','0','5'),  ('28057','0','873','13','1','3'),  ('28058','0','874','13','1','2.5'),  ('28059','0','875','13','1','11.5'),  ('28060','0','876','13','0',NULL),  ('28061','0','877','13','0',NULL),  ('28062','0','878','13','1','5'),  ('28063','0','879','13','1','17'),  ('28064','0','880','13','1','6'),  ('28065','0','881','13','0',NULL),  ('28066','0','882','13','0',NULL),  ('28067','0','883','13','1','5.5'),  ('28068','0','884','13','0','5'),  ('28069','0','885','13','0',NULL),  ('28070','0','886','13','1','5'),  ('28071','0','887','13','1','4'),  ('28072','0','888','13','1','4'),  ('28073','0','889','13','1','3'),  ('28074','0','890','13','0',NULL),  ('28075','0','891','13','1','15'),  ('28076','0','892','13','1','5'),  ('28077','0','893','13','0',NULL),  ('28078','0','894','13','1','6'),  ('28079','0','895','13','1','3.5'),  ('28080','0','896','13','0',NULL),  ('28081','0','897','13','0',NULL),  ('28082','0','898','13','1','6'),  ('28083','0','899','13','0',NULL),  ('28084','0','900','13','1','10'),  ('28085','0','901','13','0',NULL),  ('28086','0','902','13','0',NULL),  ('28087','0','903','13','1','4.5'),  ('28088','0','904','13','0',NULL),  ('28089','0','905','13','1','6'),  ('28090','0','906','13','1','5'),  ('28091','0','907','13','1','5.5'),  ('28092','0','908','13','1','3'),  ('28093','0','909','13','0',NULL),  ('28094','0','910','13','1','5.5'),  ('28095','0','911','13','1','6'),  ('28096','0','912','13','1','7'),  ('28097','0','913','13','0',NULL),  ('28098','0','914','13','1','6'),  ('28099','0','915','13','1','5.5'),  ('28100','0','916','13','0',NULL),  ('28101','0','917','13','0',NULL),  ('28102','0','918','13','0',NULL),  ('28103','0','919','13','1','3.5'),  ('28104','0','920','13','1','8'),  ('28105','0','921','13','1','7'),  ('28106','0','922','13','0',NULL),  ('28107','0','923','13','1','5'),  ('28108','0','924','13','1','7'),  ('28109','0','925','13','1','5.5'),  ('28110','0','926','13','0','5'),  ('28111','0','927','13','1','1'),  ('28112','0','928','13','1','6'),  ('28113','0','929','13','1','11.5'),  ('28114','0','930','13','1','7'),  ('28115','0','931','13','1','5.5'),  ('28116','0','932','13','0',NULL),  ('28117','0','933','13','1','5'),  ('28118','0','934','13','0',NULL),  ('28119','0','935','13','0',NULL),  ('28120','0','936','13','1','7'),  ('28121','0','937','13','1','19'),  ('28122','0','938','13','0','4'),  ('28123','0','939','13','1','3.5'),  ('28124','0','940','13','0',NULL),  ('28125','0','941','13','1','6'),  ('28126','0','942','13','1','5.5'),  ('28127','0','943','13','0','5.5'),  ('28128','0','944','13','0','22'),  ('28129','0','945','13','1','5'),  ('28130','0','946','13','1','6'),  ('28131','0','947','13','1','4'),  ('28132','0','948','13','0',NULL),  ('28133','0','949','13','0',NULL),  ('28134','0','950','13','1','3.5'),  ('28135','0','951','13','0',NULL),  ('28136','0','952','13','0',NULL),  ('28137','0','953','13','0',NULL),  ('28138','0','954','13','1','6'),  ('28139','0','955','13','1','10'),  ('28140','0','956','13','0',NULL),  ('28141','0','957','13','1','4'),  ('28142','0','958','13','1','6'),  ('28143','0','959','13','1','6'),  ('28144','0','960','13','1','4'),  ('28145','0','961','13','1','6'),  ('28146','0','962','13','0',NULL),  ('28147','0','963','13','1','15'),  ('28148','0','964','13','1','6'),  ('28149','0','965','13','1','0.5'),  ('28150','0','966','13','1','5'),  ('28151','0','967','13','1','5.5'),  ('28152','0','968','13','1','17'),  ('28153','0','969','13','1','5.5'),  ('28154','0','970','13','0',NULL),  ('28155','0','971','13','0',NULL),  ('28156','0','972','13','1','5.5'),  ('28157','0','973','13','1','3'),  ('28158','0','974','13','0','5'),  ('28159','0','975','13','0','4.5'),  ('28160','0','976','13','0',NULL),  ('28161','0','977','13','1','6'),  ('28162','0','978','13','1','4.5'),  ('28163','0','979','13','0',NULL),  ('28164','0','980','13','0','18'),  ('28165','0','981','13','1','15'),  ('28166','0','982','13','1','5'),  ('28167','0','983','13','1','6'),  ('28168','0','984','13','1','6'),  ('28169','0','985','13','1','0.5'),  ('28170','0','986','13','0',NULL),  ('28171','0','987','13','1','8'),  ('28172','0','988','13','1','6'),  ('28173','0','989','13','1','4'),  ('28174','0','990','13','1','7'),  ('28175','0','991','13','1','11'),  ('28176','0','992','13','0','5'),  ('28177','0','993','13','1','7'),  ('28178','0','994','13','0','4'),  ('28179','0','995','13','0',NULL),  ('28180','0','996','13','0',NULL),  ('28181','0','997','13','0','3'),  ('28182','0','998','13','0','5'),  ('28183','0','999','13','1','8'),  ('28184','0','1000','13','1','7'),  ('28185','0','1001','13','1','5'),  ('28186','0','1002','13','1','6'),  ('28187','0','1003','13','0',NULL),  ('28188','0','1004','13','0',NULL),  ('28189','0','1005','13','1','4'),  ('28190','0','1006','13','1','5'),  ('28191','0','1007','13','0',NULL),  ('28192','0','1008','13','1','11'),  ('28193','0','1009','13','1','18'),  ('28194','0','1010','13','0',NULL),  ('28195','0','1011','13','0',NULL),  ('28196','0','1012','13','0',NULL),  ('28197','0','1013','13','0',NULL),  ('28198','0','1014','13','1','5'),  ('28199','0','1015','13','1','5'),  ('28200','0','1016','13','0',NULL),  ('28201','0','1017','13','1','8'),  ('28202','0','1018','13','1','23'),  ('28203','0','1019','13','0',NULL),  ('28204','0','1020','13','1','6'),  ('28205','0','1021','13','1','0.5'),  ('28206','0','1022','13','1','6'),  ('28207','0','1023','13','1','6'),  ('28208','0','1024','13','0',NULL),  ('28209','0','1025','13','0',NULL),  ('28210','0','1026','13','1','3.5'),  ('28211','0','1027','13','1','5.5'),  ('28212','0','1028','13','0','5'),  ('28213','0','1029','13','1','6'),  ('28214','0','1030','13','1','4.5'),  ('28215','0','1031','13','1','6'),  ('28216','0','1032','13','0',NULL),  ('28217','0','1033','13','0',NULL),  ('28218','0','1034','13','0','5'),  ('28219','0','1035','13','1','16'),  ('28220','0','1036','13','1','6'),  ('28221','0','1037','13','1','5'),  ('28222','0','1038','13','1','6'),  ('28223','0','1039','13','1','4'),  ('28224','0','1040','13','0',NULL),  ('28225','0','1041','13','0',NULL),  ('28226','0','1042','13','1','6'),  ('28227','0','1043','13','0',NULL),  ('28228','0','1044','13','0',NULL),  ('28229','0','1045','13','1','6'),  ('28230','0','1046','13','0',NULL),  ('28231','0','1047','13','1','4'),  ('28232','0','1048','13','1','6'),  ('28233','0','1049','13','0',NULL),  ('28234','0','1050','13','1','8'),  ('28235','0','1051','13','1','18'),  ('28236','0','1052','13','0','6'),  ('28237','0','1053','13','1','8'),  ('28238','0','1054','13','1','5'),  ('28239','0','1055','13','0',NULL),  ('28240','0','1056','13','1','15'),  ('28241','0','1057','13','1','5.5'),  ('28242','0','1058','13','1','11'),  ('28243','0','1059','13','1','12'),  ('28244','0','1060','13','1','4'),  ('28245','0','1061','13','1','6'),  ('28246','0','1062','13','1','5.5'),  ('28247','0','1063','13','1','5.5'),  ('28248','0','1064','13','0','4'),  ('28249','0','1065','13','1','6'),  ('28250','0','1066','13','0','4.5'),  ('28251','0','1067','13','0','6'),  ('28252','0','1068','13','0','4.5'),  ('28253','0','1069','13','0','10'),  ('28254','0','1070','13','0',NULL),  ('28255','0','1071','13','1','8'),  ('28256','0','1072','13','0',NULL),  ('28257','0','1073','13','1','6'),  ('28258','0','1074','13','1','6'),  ('28259','0','1075','13','0',NULL),  ('28260','0','1076','13','0',NULL),  ('28261','0','1077','13','1','15'),  ('28262','0','1078','13','1','6'),  ('28263','0','1079','13','0',NULL),  ('28264','0','1080','13','1','5'),  ('28265','0','1081','13','0',NULL),  ('28266','0','1082','13','0','5'),  ('28267','0','1083','13','1','2.5'),  ('28268','0','1084','13','0',NULL),  ('28269','0','1085','13','1','5'),  ('28270','0','1086','13','1','5'),  ('28271','0','1087','13','1','18'),  ('28272','0','1088','13','1','3.5'),  ('28273','0','1089','13','1','3'),  ('28274','0','1090','13','1','6'),  ('28275','0','1091','13','0',NULL),  ('28276','0','1092','13','1','0.5'),  ('28277','0','1093','13','1','7.5'),  ('28278','0','1094','13','0',NULL),  ('28279','0','1095','13','1','8'),  ('28280','0','1096','13','1','4'),  ('28281','0','1097','13','1','11'),  ('28282','0','1098','13','1','6'),  ('28283','0','1099','13','1','6'),  ('28284','0','1100','13','0',NULL),  ('28285','0','1101','13','1','7'),  ('28286','0','1102','13','0','6'),  ('28287','0','1103','13','0',NULL),  ('28288','0','1104','13','1','5'),  ('28289','0','1105','13','0','5'),  ('28290','0','1106','13','0',NULL),  ('28291','0','1107','13','1','15'),  ('28292','0','1108','13','1','7'),  ('28293','0','1109','13','0',NULL),  ('28294','0','1110','13','1','6'),  ('28295','0','1111','13','0',NULL),  ('28296','0','1112','13','1','5.5'),  ('28297','0','1113','13','1','4'),  ('28298','0','1114','13','1','3'),  ('28299','0','1115','13','1','12'),  ('28300','0','1116','13','1','5.5'),  ('28301','0','1117','13','1','3'),  ('28302','0','1118','13','0',NULL),  ('28303','0','1119','13','0','1'),  ('28304','0','1120','13','1','4'),  ('28305','0','1121','13','0',NULL),  ('28306','0','1122','13','1','8'),  ('28307','0','1123','13','0','5'),  ('28308','0','1124','13','0','5'),  ('28309','0','1125','13','1','16'),  ('28310','0','1126','13','0',NULL),  ('28311','0','1127','13','1','5.5'),  ('28312','0','1128','13','1','5'),  ('28313','0','1129','13','0',NULL),  ('28314','0','1130','13','1','4'),  ('28315','0','1131','13','1','5'),  ('28316','0','1132','13','1','4'),  ('28317','0','1133','13','1','10'),  ('28318','0','1134','13','1','18'),  ('28319','0','1135','13','1','3'),  ('28320','0','1136','13','0','3'),  ('28321','0','1137','13','0','5'),  ('28322','0','1138','13','1','7'),  ('28323','0','1139','13','1','5'),  ('28324','0','1140','13','0',NULL),  ('28325','0','1141','13','0','22'),  ('28326','0','1142','13','0','6'),  ('28327','0','1143','13','1','1'),  ('28328','0','1144','13','1','6'),  ('28329','0','1145','13','1','6'),  ('28330','0','1146','13','0',NULL),  ('28331','0','1147','13','1','5.5'),  ('28332','0','1148','13','0',NULL),  ('28333','0','1149','13','1','6'),  ('28334','0','1150','13','1','12'),  ('28335','0','1151','13','1','7.5'),  ('28336','0','1152','13','1','5.5'),  ('28337','0','1153','13','1','3'),  ('28338','0','1154','13','0',NULL),  ('28339','0','1155','13','0',NULL),  ('28340','0','1156','13','1','4'),  ('28341','0','1157','13','1','5.5'),  ('28342','0','1158','13','0',NULL),  ('28343','0','1159','13','0','18'),  ('28344','0','1160','13','0',NULL),  ('28345','0','801','12','1','6'),  ('28346','0','802','12','1','5'),  ('28347','0','803','12','1','5.5'),  ('28348','0','804','12','1','4'),  ('28349','0','805','12','1','4.5'),  ('28350','0','806','12','1','36'),  ('28351','0','807','12','1','0'),  ('28352','0','808','12','0',NULL),  ('28353','0','809','12','0',NULL),  ('28354','0','810','12','1','4'),  ('28355','0','811','12','1','3'),  ('28356','0','812','12','0','14'),  ('28357','0','813','12','1','5'),  ('28358','0','814','12','0','4'),  ('28359','0','815','12','0',NULL),  ('28360','0','816','12','1','6'),  ('28361','0','817','12','0','3'),  ('28362','0','818','12','0','5'),  ('28363','0','819','12','1','10'),  ('28364','0','820','12','1','7'),  ('28365','0','821','12','1','5'),  ('28366','0','822','12','1','5.5'),  ('28367','0','823','12','0',NULL),  ('28368','0','824','12','1','4'),  ('28369','0','825','12','0',NULL),  ('28370','0','826','12','1','7'),  ('28371','0','827','12','1','9.5'),  ('28372','0','828','12','1','8'),  ('28373','0','829','12','0','3'),  ('28374','0','830','12','0','7.5'),  ('28375','0','831','12','0',NULL),  ('28376','0','832','12','0','0'),  ('28377','0','833','12','1','6'),  ('28378','0','834','12','1','4.5'),  ('28379','0','835','12','0',NULL),  ('28380','0','836','12','1','4'),  ('28381','0','837','12','1','5'),  ('28382','0','838','12','0',NULL),  ('28383','0','839','12','1','5'),  ('28384','0','840','12','1','4.5'),  ('28385','0','841','12','1','23'),  ('28386','0','842','12','0',NULL),  ('28387','0','843','12','1','6'),  ('28388','0','844','12','1','14'),  ('28389','0','845','12','1','3'),  ('28390','0','846','12','0','6'),  ('28391','0','847','12','1','5'),  ('28392','0','848','12','0','14'),  ('28393','0','849','12','1','5'),  ('28394','0','850','12','0','4'),  ('28395','0','851','12','1','4'),  ('28396','0','852','12','0',NULL),  ('28397','0','853','12','1','8'),  ('28398','0','854','12','0','7'),  ('28399','0','855','12','1','7.5'),  ('28400','0','856','12','1','6.5'),  ('28401','0','857','12','1','7'),  ('28402','0','858','12','1','5.5'),  ('28403','0','859','12','1','9.5'),  ('28404','0','860','12','1','5'),  ('28405','0','861','12','1','7'),  ('28406','0','862','12','1','8'),  ('28407','0','863','12','1','5'),  ('28408','0','864','12','1','8'),  ('28409','0','865','12','1','6'),  ('28410','0','866','12','0','6'),  ('28411','0','867','12','0','5'),  ('28412','0','868','12','0','4'),  ('28413','0','869','12','0','13'),  ('28414','0','870','12','0','7'),  ('28415','0','871','12','0','3'),  ('28416','0','872','12','0',NULL),  ('28417','0','873','12','1','2'),  ('28418','0','874','12','1','3'),  ('28419','0','875','12','1','5'),  ('28420','0','876','12','0',NULL),  ('28421','0','877','12','1','0'),  ('28422','0','878','12','1','4'),  ('28423','0','879','12','1','36'),  ('28424','0','880','12','1','5'),  ('28425','0','881','12','0',NULL),  ('28426','0','882','12','0',NULL),  ('28427','0','883','12','1','8'),  ('28428','0','884','12','0','14'),  ('28429','0','885','12','0',NULL),  ('28430','0','886','12','1','3'),  ('28431','0','887','12','0',NULL),  ('28432','0','888','12','1','4.5'),  ('28433','0','889','12','1','6'),  ('28434','0','890','12','0',NULL),  ('28435','0','891','12','1','6'),  ('28436','0','892','12','1','7'),  ('28437','0','893','12','0',NULL),  ('28438','0','894','12','0',NULL),  ('28439','0','895','12','1','6'),  ('28440','0','896','12','1','14'),  ('28441','0','897','12','0',NULL),  ('28442','0','898','12','1','4.5'),  ('28443','0','899','12','1','6'),  ('28444','0','900','12','0',NULL),  ('28445','0','901','12','0',NULL),  ('28446','0','902','12','0',NULL),  ('28447','0','903','12','1','4'),  ('28448','0','904','12','1','4'),  ('28449','0','905','12','1','23'),  ('28450','0','906','12','0','4'),  ('28451','0','907','12','1','8'),  ('28452','0','908','12','1','6'),  ('28453','0','909','12','0',NULL),  ('28454','0','910','12','1','11'),  ('28455','0','911','12','0',NULL),  ('28456','0','912','12','1','6'),  ('28457','0','913','12','1','5.5'),  ('28458','0','914','12','1','6.5'),  ('28459','0','915','12','1','4'),  ('28460','0','916','12','0',NULL),  ('28461','0','917','12','0',NULL),  ('28462','0','918','12','0',NULL),  ('28463','0','919','12','1','4'),  ('28464','0','920','12','1','5'),  ('28465','0','921','12','1','5'),  ('28466','0','922','12','0','4'),  ('28467','0','923','12','1','4.5'),  ('28468','0','924','12','1','11'),  ('28469','0','925','12','1','8'),  ('28470','0','926','12','0',NULL),  ('28471','0','927','12','1','4'),  ('28472','0','928','12','1','4'),  ('28473','0','929','12','1','5'),  ('28474','0','930','12','1','6'),  ('28475','0','931','12','1','11'),  ('28476','0','932','12','1','0'),  ('28477','0','933','12','0','4'),  ('28478','0','934','12','1','5.5'),  ('28479','0','935','12','1','7'),  ('28480','0','936','12','1','12'),  ('28481','0','937','12','1','3'),  ('28482','0','938','12','0','0'),  ('28483','0','939','12','0',NULL),  ('28484','0','940','12','0','4'),  ('28485','0','941','12','0','23'),  ('28486','0','942','12','1','5'),  ('28487','0','943','12','0','8'),  ('28488','0','944','12','0','5'),  ('28489','0','945','12','1','6'),  ('28490','0','946','12','1','5'),  ('28491','0','947','12','1','4'),  ('28492','0','948','12','1','5.5'),  ('28493','0','949','12','1','7'),  ('28494','0','950','12','1','6'),  ('28495','0','951','12','1','6'),  ('28496','0','952','12','1','5'),  ('28497','0','953','12','0',NULL),  ('28498','0','954','12','1','12'),  ('28499','0','955','12','1','4.5'),  ('28500','0','956','12','0',NULL),  ('28501','0','957','12','0','5'),  ('28502','0','958','12','0','5.5'),  ('28503','0','959','12','0','4.5'),  ('28504','0','960','12','0',NULL),  ('28505','0','961','12','1','6'),  ('28506','0','962','12','0',NULL),  ('28507','0','963','12','1','6'),  ('28508','0','964','12','0',NULL),  ('28509','0','965','12','1','4'),  ('28510','0','966','12','0',NULL),  ('28511','0','967','12','1','4'),  ('28512','0','968','12','1','36'),  ('28513','0','969','12','1','5'),  ('28514','0','970','12','0',NULL),  ('28515','0','971','12','1','7'),  ('28516','0','972','12','1','8'),  ('28517','0','973','12','1','6'),  ('28518','0','974','12','0','14'),  ('28519','0','975','12','1','6'),  ('28520','0','976','12','0',NULL),  ('28521','0','977','12','1','5'),  ('28522','0','978','12','1','3'),  ('28523','0','979','12','0',NULL),  ('28524','0','980','12','0','3'),  ('28525','0','981','12','1','6'),  ('28526','0','982','12','1','7'),  ('28527','0','983','12','1','5'),  ('28528','0','984','12','1','4.5'),  ('28529','0','985','12','1','4'),  ('28530','0','986','12','1','6'),  ('28531','0','987','12','1','9.5'),  ('28532','0','988','12','1','23'),  ('28533','0','989','12','0',NULL),  ('28534','0','990','12','1','11'),  ('28535','0','991','12','1','16'),  ('28536','0','992','12','0','14'),  ('28537','0','993','12','0','5'),  ('28538','0','994','12','0','5'),  ('28539','0','995','12','1','17'),  ('28540','0','996','12','0',NULL),  ('28541','0','997','12','0','6'),  ('28542','0','998','12','0',NULL),  ('28543','0','999','12','1','5'),  ('28544','0','1000','12','1','5'),  ('28545','0','1001','12','1','3'),  ('28546','0','1002','12','1','4.5'),  ('28547','0','1003','12','1','0'),  ('28548','0','1004','12','1','6'),  ('28549','0','1005','12','0',NULL),  ('28550','0','1006','12','1','5'),  ('28551','0','1007','12','0',NULL),  ('28552','0','1008','12','1','16'),  ('28553','0','1009','12','1','3'),  ('28554','0','1010','12','0',NULL),  ('28555','0','1011','12','0','4'),  ('28556','0','1012','12','0',NULL),  ('28557','0','1013','12','0',NULL),  ('28558','0','1014','12','1','4'),  ('28559','0','1015','12','1','5'),  ('28560','0','1016','12','0','16'),  ('28561','0','1017','12','1','5'),  ('28562','0','1018','12','1','5'),  ('28563','0','1019','12','1','5.5'),  ('28564','0','1020','12','1','4.5'),  ('28565','0','1021','12','1','4'),  ('28566','0','1022','12','1','5'),  ('28567','0','1023','12','0',NULL),  ('28568','0','1024','12','1','0'),  ('28569','0','1025','12','0',NULL),  ('28570','0','1026','12','1','4'),  ('28571','0','1027','12','1','8'),  ('28572','0','1028','12','0','14'),  ('28573','0','1029','12','0','5'),  ('28574','0','1030','12','0',NULL),  ('28575','0','1031','12','1','6.5'),  ('28576','0','1032','12','1','17'),  ('28577','0','1033','12','0',NULL),  ('28578','0','1034','12','0','7'),  ('28579','0','1035','12','1','5'),  ('28580','0','1036','12','1','5'),  ('28581','0','1037','12','1','4'),  ('28582','0','1038','12','0',NULL),  ('28583','0','1039','12','1','5'),  ('28584','0','1040','12','1','0'),  ('28585','0','1041','12','1','6'),  ('28586','0','1042','12','1','4.5'),  ('28587','0','1043','12','1','5.5'),  ('28588','0','1044','12','1','17'),  ('28589','0','1045','12','1','6'),  ('28590','0','1046','12','0',NULL),  ('28591','0','1047','12','1','4'),  ('28592','0','1048','12','0','4'),  ('28593','0','1049','12','0','5'),  ('28594','0','1050','12','0','9.5'),  ('28595','0','1051','12','0','3'),  ('28596','0','1052','12','0',NULL),  ('28597','0','1053','12','1','7.5'),  ('28598','0','1054','12','1','3'),  ('28599','0','1055','12','0',NULL),  ('28600','0','1056','12','1','6'),  ('28601','0','1057','12','1','6'),  ('28602','0','1058','12','1','4'),  ('28603','0','1059','12','1','9'),  ('28604','0','1060','12','0',NULL),  ('28605','0','1061','12','1','5'),  ('28606','0','1062','12','1','5'),  ('28607','0','1063','12','1','8'),  ('28608','0','1064','12','0','0'),  ('28609','0','1065','12','0','4'),  ('28610','0','1066','12','1','6'),  ('28611','0','1067','12','0',NULL),  ('28612','0','1068','12','1','3'),  ('28613','0','1069','12','0','4.5'),  ('28614','0','1070','12','0',NULL),  ('28615','0','1071','12','1','7.5'),  ('28616','0','1072','12','1','11'),  ('28617','0','1073','12','1','4'),  ('28618','0','1074','12','1','4.5'),  ('28619','0','1075','12','1','17'),  ('28620','0','1076','12','1','1'),  ('28621','0','1077','12','0',NULL),  ('28622','0','1078','12','1','6.5'),  ('28623','0','1079','12','1','5'),  ('28624','0','1080','12','1','5'),  ('28625','0','1081','12','0',NULL),  ('28626','0','1082','12','0','6'),  ('28627','0','1083','12','0','8'),  ('28628','0','1084','12','0','3.5'),  ('28629','0','1085','12','0','3'),  ('28630','0','1086','12','1','5'),  ('28631','0','1087','12','1','3'),  ('28632','0','1088','12','0',NULL),  ('28633','0','1089','12','1','2'),  ('28634','0','1090','12','0',NULL),  ('28635','0','1091','12','1','4'),  ('28636','0','1092','12','1','4'),  ('28637','0','1093','12','0',NULL),  ('28638','0','1094','12','1','12'),  ('28639','0','1095','12','1','9.5'),  ('28640','0','1096','12','1','5'),  ('28641','0','1097','12','1','8'),  ('28642','0','1098','12','1','3'),  ('28643','0','1099','12','0',NULL),  ('28644','0','1100','12','0',NULL),  ('28645','0','1101','12','1','5'),  ('28646','0','1102','12','0','4.5'),  ('28647','0','1103','12','0',NULL),  ('28648','0','1104','12','1','4'),  ('28649','0','1105','12','1','5'),  ('28650','0','1106','12','0',NULL),  ('28651','0','1107','12','1','6'),  ('28652','0','1108','12','1','5'),  ('28653','0','1109','12','1','5.5'),  ('28654','0','1110','12','1','4.5'),  ('28655','0','1111','12','1','6'),  ('28656','0','1112','12','1','4'),  ('28657','0','1113','12','0',NULL),  ('28658','0','1114','12','0',NULL),  ('28659','0','1115','12','1','10'),  ('28660','0','1116','12','1','8'),  ('28661','0','1117','12','1','6'),  ('28662','0','1118','12','0',NULL),  ('28663','0','1119','12','1','7'),  ('28664','0','1120','12','0','5'),  ('28665','0','1121','12','0',NULL),  ('28666','0','1122','12','1','9.5'),  ('28667','0','1123','12','0',NULL),  ('28668','0','1124','12','0','7'),  ('28669','0','1125','12','1','10'),  ('28670','0','1126','12','1','5.5'),  ('28671','0','1127','12','1','6'),  ('28672','0','1128','12','1','7'),  ('28673','0','1129','12','1','0'),  ('28674','0','1130','12','1','4'),  ('28675','0','1131','12','1','5'),  ('28676','0','1132','12','0',NULL),  ('28677','0','1133','12','1','4.5'),  ('28678','0','1134','12','1','3'),  ('28679','0','1135','12','1','6'),  ('28680','0','1136','12','0','7'),  ('28681','0','1137','12','0',NULL),  ('28682','0','1138','12','0','6'),  ('28683','0','1139','12','1','6'),  ('28684','0','1140','12','0','5.5'),  ('28685','0','1141','12','0','5'),  ('28686','0','1142','12','0','4'),  ('28687','0','1143','12','1','4'),  ('28688','0','1144','12','1','4.5'),  ('28689','0','1145','12','1','5'),  ('28690','0','1146','12','1','5.5'),  ('28691','0','1147','12','0',NULL),  ('28692','0','1148','12','1','5.5'),  ('28693','0','1149','12','1','23'),  ('28694','0','1150','12','1','10'),  ('28695','0','1151','12','0',NULL),  ('28696','0','1152','12','1','8'),  ('28697','0','1153','12','1','6'),  ('28698','0','1154','12','0',NULL),  ('28699','0','1155','12','0',NULL),  ('28700','0','1156','12','1','5'),  ('28701','0','1157','12','1','4'),  ('28702','0','1158','12','0',NULL),  ('28703','0','1159','12','0','3'),  ('28704','0','1160','12','0','5'),  ('29425','0','801','17','1','3'),  ('29426','0','802','17','1','3'),  ('29427','0','803','17','1','4'),  ('29428','0','804','17','1','5'),  ('29429','0','805','17','0',NULL),  ('29430','0','806','17','1','28'),  ('29431','0','807','17','1','5'),  ('29432','0','808','17','0',NULL),  ('29433','0','809','17','0',NULL),  ('29434','0','810','17','1','6'),  ('29435','0','811','17','1','5'),  ('29436','0','812','17','0',NULL),  ('29437','0','813','17','1','5');
INSERT INTO `playerteamweek` VALUES ('29438','0','814','17','1','6'),  ('29439','0','815','17','0',NULL),  ('29440','0','816','17','1','5'),  ('29441','0','817','17','0','6'),  ('29442','0','818','17','0','6'),  ('29443','0','819','17','1','8'),  ('29444','0','820','17','0',NULL),  ('29445','0','821','17','1','3'),  ('29446','0','822','17','1','6'),  ('29447','0','823','17','0',NULL),  ('29448','0','824','17','1','5'),  ('29449','0','825','17','1','9'),  ('29450','0','826','17','1','19'),  ('29451','0','827','17','1','5.5'),  ('29452','0','828','17','1','17'),  ('29453','0','829','17','0','6'),  ('29454','0','830','17','0',NULL),  ('29455','0','831','17','1','5.5'),  ('29456','0','832','17','0',NULL),  ('29457','0','833','17','1','6.5'),  ('29458','0','834','17','0','5'),  ('29459','0','835','17','0','5'),  ('29460','0','836','17','1','5'),  ('29461','0','837','17','1','8'),  ('29462','0','838','17','0',NULL),  ('29463','0','839','17','1','3'),  ('29464','0','840','17','0',NULL),  ('29465','0','841','17','1','5'),  ('29466','0','842','17','1','4.5'),  ('29467','0','843','17','0',NULL),  ('29468','0','844','17','1','38'),  ('29469','0','845','17','1','5'),  ('29470','0','846','17','1','7'),  ('29471','0','847','17','1','5'),  ('29472','0','848','17','0',NULL),  ('29473','0','849','17','1','4'),  ('29474','0','850','17','0',NULL),  ('29475','0','851','17','0',NULL),  ('29476','0','852','17','0',NULL),  ('29477','0','853','17','1','17'),  ('29478','0','854','17','1','5'),  ('29479','0','855','17','0',NULL),  ('29480','0','856','17','1','6'),  ('29481','0','857','17','1','4'),  ('29482','0','858','17','1','6'),  ('29483','0','859','17','1','5.5'),  ('29484','0','860','17','1','3.5'),  ('29485','0','861','17','1','19'),  ('29486','0','862','17','1','12'),  ('29487','0','863','17','1','7'),  ('29488','0','864','17','1','17'),  ('29489','0','865','17','1','7'),  ('29490','0','866','17','0',NULL),  ('29491','0','867','17','0','7'),  ('29492','0','868','17','0','3'),  ('29493','0','869','17','0','4'),  ('29494','0','870','17','0','9'),  ('29495','0','871','17','0','6'),  ('29496','0','872','17','0','5'),  ('29497','0','873','17','1','3'),  ('29498','0','874','17','1','5'),  ('29499','0','875','17','0',NULL),  ('29500','0','876','17','1','5.5'),  ('29501','0','877','17','1','5'),  ('29502','0','878','17','0',NULL),  ('29503','0','879','17','1','28'),  ('29504','0','880','17','1','7'),  ('29505','0','881','17','1','4.5'),  ('29506','0','882','17','1','4'),  ('29507','0','883','17','1','17'),  ('29508','0','884','17','0',NULL),  ('29509','0','885','17','1','6'),  ('29510','0','886','17','0',NULL),  ('29511','0','887','17','0',NULL),  ('29512','0','888','17','1','6'),  ('29513','0','889','17','0','7'),  ('29514','0','890','17','0','4'),  ('29515','0','891','17','0',NULL),  ('29516','0','892','17','0',NULL),  ('29517','0','893','17','0',NULL),  ('29518','0','894','17','0',NULL),  ('29519','0','895','17','0',NULL),  ('29520','0','896','17','1','38'),  ('29521','0','897','17','0',NULL),  ('29522','0','898','17','1','5'),  ('29523','0','899','17','1','6.5'),  ('29524','0','900','17','0',NULL),  ('29525','0','901','17','1','5'),  ('29526','0','902','17','1','2'),  ('29527','0','903','17','1','4'),  ('29528','0','904','17','1','3'),  ('29529','0','905','17','1','5'),  ('29530','0','906','17','0',NULL),  ('29531','0','907','17','1','17'),  ('29532','0','908','17','1','7'),  ('29533','0','909','17','0',NULL),  ('29534','0','910','17','1','11.5'),  ('29535','0','911','17','0',NULL),  ('29536','0','912','17','1','6'),  ('29537','0','913','17','1','6'),  ('29538','0','914','17','1','5.5'),  ('29539','0','915','17','1','6'),  ('29540','0','916','17','1','4.5'),  ('29541','0','917','17','0',NULL),  ('29542','0','918','17','1','8'),  ('29543','0','919','17','1','5'),  ('29544','0','920','17','1','5'),  ('29545','0','921','17','1','5'),  ('29546','0','922','17','0','3'),  ('29547','0','923','17','0','5'),  ('29548','0','924','17','1','6.5'),  ('29549','0','925','17','0','17'),  ('29550','0','926','17','0','5'),  ('29551','0','927','17','1','5'),  ('29552','0','928','17','1','4'),  ('29553','0','929','17','0',NULL),  ('29554','0','930','17','1','6'),  ('29555','0','931','17','1','11.5'),  ('29556','0','932','17','1','5'),  ('29557','0','933','17','0',NULL),  ('29558','0','934','17','0',NULL),  ('29559','0','935','17','1','38'),  ('29560','0','936','17','0',NULL),  ('29561','0','937','17','1','5'),  ('29562','0','938','17','0','9'),  ('29563','0','939','17','0',NULL),  ('29564','0','940','17','0',NULL),  ('29565','0','941','17','1','5'),  ('29566','0','942','17','1','4'),  ('29567','0','943','17','1','17'),  ('29568','0','944','17','1','6'),  ('29569','0','945','17','1','3'),  ('29570','0','946','17','1','3'),  ('29571','0','947','17','1','5'),  ('29572','0','948','17','1','5.5'),  ('29573','0','949','17','1','19'),  ('29574','0','950','17','0',NULL),  ('29575','0','951','17','1','6.5'),  ('29576','0','952','17','0',NULL),  ('29577','0','953','17','0','5'),  ('29578','0','954','17','1','14'),  ('29579','0','955','17','1','7'),  ('29580','0','956','17','0',NULL),  ('29581','0','957','17','0','4'),  ('29582','0','958','17','0','4'),  ('29583','0','959','17','1','5'),  ('29584','0','960','17','1','5'),  ('29585','0','961','17','1','6.5'),  ('29586','0','962','17','0','4'),  ('29587','0','963','17','0',NULL),  ('29588','0','964','17','0',NULL),  ('29589','0','965','17','1','5'),  ('29590','0','966','17','1','5'),  ('29591','0','967','17','1','6'),  ('29592','0','968','17','1','28'),  ('29593','0','969','17','1','4'),  ('29594','0','970','17','0',NULL),  ('29595','0','971','17','1','19'),  ('29596','0','972','17','1','17'),  ('29597','0','973','17','1','7'),  ('29598','0','974','17','0',NULL),  ('29599','0','975','17','0','7'),  ('29600','0','976','17','1','11'),  ('29601','0','977','17','1','7'),  ('29602','0','978','17','0','5.5'),  ('29603','0','979','17','0','5'),  ('29604','0','980','17','0','6'),  ('29605','0','981','17','0',NULL),  ('29606','0','982','17','0',NULL),  ('29607','0','983','17','1','3'),  ('29608','0','984','17','0',NULL),  ('29609','0','985','17','1','5'),  ('29610','0','986','17','1','6.5'),  ('29611','0','987','17','1','5.5'),  ('29612','0','988','17','1','5'),  ('29613','0','989','17','1','4.5'),  ('29614','0','990','17','1','6.5'),  ('29615','0','991','17','1','34'),  ('29616','0','992','17','0',NULL),  ('29617','0','993','17','1','5'),  ('29618','0','994','17','1','4'),  ('29619','0','995','17','0','6'),  ('29620','0','996','17','0',NULL),  ('29621','0','997','17','0','7'),  ('29622','0','998','17','0','5'),  ('29623','0','999','17','1','8'),  ('29624','0','1000','17','1','5'),  ('29625','0','1001','17','0',NULL),  ('29626','0','1002','17','0',NULL),  ('29627','0','1003','17','1','5'),  ('29628','0','1004','17','1','6.5'),  ('29629','0','1005','17','1','4.5'),  ('29630','0','1006','17','1','3.5'),  ('29631','0','1007','17','0','5'),  ('29632','0','1008','17','1','34'),  ('29633','0','1009','17','1','6'),  ('29634','0','1010','17','0',NULL),  ('29635','0','1011','17','1','3'),  ('29636','0','1012','17','0',NULL),  ('29637','0','1013','17','0',NULL),  ('29638','0','1014','17','0',NULL),  ('29639','0','1015','17','1','5.5'),  ('29640','0','1016','17','1','17'),  ('29641','0','1017','17','1','8'),  ('29642','0','1018','17','0',NULL),  ('29643','0','1019','17','1','6'),  ('29644','0','1020','17','0',NULL),  ('29645','0','1021','17','1','5'),  ('29646','0','1022','17','1','7'),  ('29647','0','1023','17','0',NULL),  ('29648','0','1024','17','1','10'),  ('29649','0','1025','17','0',NULL),  ('29650','0','1026','17','1','5'),  ('29651','0','1027','17','1','17'),  ('29652','0','1028','17','0',NULL),  ('29653','0','1029','17','1','3'),  ('29654','0','1030','17','1','5'),  ('29655','0','1031','17','1','7'),  ('29656','0','1032','17','1','6'),  ('29657','0','1033','17','0',NULL),  ('29658','0','1034','17','0','5'),  ('29659','0','1035','17','1','8'),  ('29660','0','1036','17','1','3'),  ('29661','0','1037','17','1','4.5'),  ('29662','0','1038','17','0',NULL),  ('29663','0','1039','17','1','4'),  ('29664','0','1040','17','1','10'),  ('29665','0','1041','17','1','6.5'),  ('29666','0','1042','17','1','5'),  ('29667','0','1043','17','0',NULL),  ('29668','0','1044','17','1','6'),  ('29669','0','1045','17','1','6.5'),  ('29670','0','1046','17','0',NULL),  ('29671','0','1047','17','1','6'),  ('29672','0','1048','17','0','4'),  ('29673','0','1049','17','0','5'),  ('29674','0','1050','17','1','5.5'),  ('29675','0','1051','17','0','6'),  ('29676','0','1052','17','0','8'),  ('29677','0','1053','17','0',NULL),  ('29678','0','1054','17','0',NULL),  ('29679','0','1055','17','0',NULL),  ('29680','0','1056','17','0',NULL),  ('29681','0','1057','17','1','5.5'),  ('29682','0','1058','17','1','5'),  ('29683','0','1059','17','1','10'),  ('29684','0','1060','17','1','4.5'),  ('29685','0','1061','17','1','7'),  ('29686','0','1062','17','1','4'),  ('29687','0','1063','17','1','17'),  ('29688','0','1064','17','1','9'),  ('29689','0','1065','17','1','4'),  ('29690','0','1066','17','1','7'),  ('29691','0','1067','17','0',NULL),  ('29692','0','1068','17','1','5.5'),  ('29693','0','1069','17','0','7'),  ('29694','0','1070','17','0','5'),  ('29695','0','1071','17','0',NULL),  ('29696','0','1072','17','1','12'),  ('29697','0','1073','17','1','4'),  ('29698','0','1074','17','0',NULL),  ('29699','0','1075','17','1','6'),  ('29700','0','1076','17','1','7'),  ('29701','0','1077','17','0',NULL),  ('29702','0','1078','17','1','5.5'),  ('29703','0','1079','17','1','5'),  ('29704','0','1080','17','1','5.5'),  ('29705','0','1081','17','0','5'),  ('29706','0','1082','17','1','3'),  ('29707','0','1083','17','1','6.5'),  ('29708','0','1084','17','0','5'),  ('29709','0','1085','17','1','7'),  ('29710','0','1086','17','0','4'),  ('29711','0','1087','17','1','6'),  ('29712','0','1088','17','0',NULL),  ('29713','0','1089','17','1','3'),  ('29714','0','1090','17','0',NULL),  ('29715','0','1091','17','1','3'),  ('29716','0','1092','17','1','5'),  ('29717','0','1093','17','0',NULL),  ('29718','0','1094','17','1','13'),  ('29719','0','1095','17','1','5.5'),  ('29720','0','1096','17','0',NULL),  ('29721','0','1097','17','1','17'),  ('29722','0','1098','17','1','6'),  ('29723','0','1099','17','1','8'),  ('29724','0','1100','17','0',NULL),  ('29725','0','1101','17','1','5'),  ('29726','0','1102','17','0',NULL),  ('29727','0','1103','17','0',NULL),  ('29728','0','1104','17','0',NULL),  ('29729','0','1105','17','1','5.5'),  ('29730','0','1106','17','1','6'),  ('29731','0','1107','17','0',NULL),  ('29732','0','1108','17','1','5'),  ('29733','0','1109','17','1','6'),  ('29734','0','1110','17','0',NULL),  ('29735','0','1111','17','1','6.5'),  ('29736','0','1112','17','1','6'),  ('29737','0','1113','17','1','4.5'),  ('29738','0','1114','17','1','5'),  ('29739','0','1115','17','0','7'),  ('29740','0','1116','17','1','34'),  ('29741','0','1117','17','1','7'),  ('29742','0','1118','17','0',NULL),  ('29743','0','1119','17','1','5'),  ('29744','0','1120','17','0','4'),  ('29745','0','1121','17','0',NULL),  ('29746','0','1122','17','1','5.5'),  ('29747','0','1123','17','0','5'),  ('29748','0','1124','17','0','5'),  ('29749','0','1125','17','1','16'),  ('29750','0','1126','17','1','6'),  ('29751','0','1127','17','1','5.5'),  ('29752','0','1128','17','0',NULL),  ('29753','0','1129','17','1','5'),  ('29754','0','1130','17','1','5.5'),  ('29755','0','1131','17','1','3.5'),  ('29756','0','1132','17','1','4.5'),  ('29757','0','1133','17','1','7'),  ('29758','0','1134','17','1','6'),  ('29759','0','1135','17','1','7'),  ('29760','0','1136','17','0','8.5'),  ('29761','0','1137','17','1','5.5'),  ('29762','0','1138','17','0','4.5'),  ('29763','0','1139','17','0','5'),  ('29764','0','1140','17','0',NULL),  ('29765','0','1141','17','0','6'),  ('29766','0','1142','17','0','6'),  ('29767','0','1143','17','1','5'),  ('29768','0','1144','17','0',NULL),  ('29769','0','1145','17','1','3'),  ('29770','0','1146','17','1','6'),  ('29771','0','1147','17','1','5'),  ('29772','0','1148','17','0',NULL),  ('29773','0','1149','17','1','5'),  ('29774','0','1150','17','1','14'),  ('29775','0','1151','17','0',NULL),  ('29776','0','1152','17','1','17'),  ('29777','0','1153','17','1','7'),  ('29778','0','1154','17','0',NULL),  ('29779','0','1155','17','0',NULL),  ('29780','0','1156','17','1','4'),  ('29781','0','1157','17','1','6'),  ('29782','0','1158','17','0',NULL),  ('29783','0','1159','17','1','6'),  ('29784','0','1160','17','0',NULL),  ('30145','0','801','18','1','6'),  ('30146','0','802','18','1','6.5'),  ('30147','0','803','18','1','4.5'),  ('30148','0','804','18','1','5'),  ('30149','0','805','18','1','6.5'),  ('30150','0','806','18','1','7'),  ('30151','0','807','18','1','4.5'),  ('30152','0','808','18','0',NULL),  ('30153','0','809','18','0',NULL),  ('30154','0','810','18','1','6'),  ('30155','0','811','18','1','5.5'),  ('30156','0','812','18','0',NULL),  ('30157','0','813','18','0','4'),  ('30158','0','814','18','0','5'),  ('30159','0','815','18','1','5'),  ('30160','0','816','18','1','5.5'),  ('30161','0','817','18','0','5'),  ('30162','0','818','18','0','4.5'),  ('30163','0','819','18','1','16'),  ('30164','0','820','18','0',NULL),  ('30165','0','821','18','1','6.5'),  ('30166','0','822','18','1','5.5'),  ('30167','0','823','18','0',NULL),  ('30168','0','824','18','0',NULL),  ('30169','0','825','18','0',NULL),  ('30170','0','826','18','1','3'),  ('30171','0','827','18','1','20'),  ('30172','0','828','18','1','4'),  ('30173','0','829','18','1','6'),  ('30174','0','830','18','0','8.5'),  ('30175','0','831','18','1','10'),  ('30176','0','832','18','0',NULL),  ('30177','0','833','18','1','4'),  ('30178','0','834','18','1','5.5'),  ('30179','0','835','18','0','5'),  ('30180','0','836','18','1','6.5'),  ('30181','0','837','18','1','8'),  ('30182','0','838','18','1','4.5'),  ('30183','0','839','18','1','6.5'),  ('30184','0','840','18','1','6.5'),  ('30185','0','841','18','1','6'),  ('30186','0','842','18','1','5'),  ('30187','0','843','18','0',NULL),  ('30188','0','844','18','1','6'),  ('30189','0','845','18','1','5.5'),  ('30190','0','846','18','0','4'),  ('30191','0','847','18','1','4'),  ('30192','0','848','18','0',NULL),  ('30193','0','849','18','0','4.5'),  ('30194','0','850','18','0',NULL),  ('30195','0','851','18','1','5'),  ('30196','0','852','18','0',NULL),  ('30197','0','853','18','1','4'),  ('30198','0','854','18','0','8'),  ('30199','0','855','18','1','8.5'),  ('30200','0','856','18','1','6'),  ('30201','0','857','18','1','2.5'),  ('30202','0','858','18','1','5.5'),  ('30203','0','859','18','1','20'),  ('30204','0','860','18','1','6'),  ('30205','0','861','18','1','3'),  ('30206','0','862','18','1','12'),  ('30207','0','863','18','1','5.5'),  ('30208','0','864','18','1','4'),  ('30209','0','865','18','1','4'),  ('30210','0','866','18','0','9'),  ('30211','0','867','18','0','4'),  ('30212','0','868','18','0',NULL),  ('30213','0','869','18','0','5'),  ('30214','0','870','18','0','5.5'),  ('30215','0','871','18','0','6'),  ('30216','0','872','18','0','5'),  ('30217','0','873','18','1','4.5'),  ('30218','0','874','18','1','5'),  ('30219','0','875','18','0',NULL),  ('30220','0','876','18','1','5'),  ('30221','0','877','18','1','4.5'),  ('30222','0','878','18','1','5'),  ('30223','0','879','18','1','7'),  ('30224','0','880','18','1','5.5'),  ('30225','0','881','18','0',NULL),  ('30226','0','882','18','0',NULL),  ('30227','0','883','18','1','4'),  ('30228','0','884','18','0',NULL),  ('30229','0','885','18','1','4'),  ('30230','0','886','18','0',NULL),  ('30231','0','887','18','0',NULL),  ('30232','0','888','18','1','5.5'),  ('30233','0','889','18','1','4'),  ('30234','0','890','18','0',NULL),  ('30235','0','891','18','1','9'),  ('30236','0','892','18','0',NULL),  ('30237','0','893','18','0',NULL),  ('30238','0','894','18','1','4.5'),  ('30239','0','895','18','0',NULL),  ('30240','0','896','18','1','6'),  ('30241','0','897','18','0',NULL),  ('30242','0','898','18','1','14'),  ('30243','0','899','18','1','4'),  ('30244','0','900','18','0',NULL),  ('30245','0','901','18','0',NULL),  ('30246','0','902','18','0',NULL),  ('30247','0','903','18','1','4'),  ('30248','0','904','18','0',NULL),  ('30249','0','905','18','1','6'),  ('30250','0','906','18','1','5'),  ('30251','0','907','18','1','4'),  ('30252','0','908','18','1','4'),  ('30253','0','909','18','0',NULL),  ('30254','0','910','18','1','4'),  ('30255','0','911','18','0',NULL),  ('30256','0','912','18','1','23'),  ('30257','0','913','18','1','5.5'),  ('30258','0','914','18','1','6'),  ('30259','0','915','18','1','4'),  ('30260','0','916','18','0',NULL),  ('30261','0','917','18','0',NULL),  ('30262','0','918','18','0',NULL),  ('30263','0','919','18','1','6.5'),  ('30264','0','920','18','1','6'),  ('30265','0','921','18','1','4'),  ('30266','0','922','18','0',NULL),  ('30267','0','923','18','1','5.5'),  ('30268','0','924','18','1','5'),  ('30269','0','925','18','0','4'),  ('30270','0','926','18','1','5'),  ('30271','0','927','18','1','6'),  ('30272','0','928','18','1','6'),  ('30273','0','929','18','0',NULL),  ('30274','0','930','18','1','23'),  ('30275','0','931','18','1','4'),  ('30276','0','932','18','1','4.5'),  ('30277','0','933','18','1','5'),  ('30278','0','934','18','0',NULL),  ('30279','0','935','18','1','6'),  ('30280','0','936','18','0',NULL),  ('30281','0','937','18','1','5.5'),  ('30282','0','938','18','0','5'),  ('30283','0','939','18','0',NULL),  ('30284','0','940','18','0',NULL),  ('30285','0','941','18','1','6'),  ('30286','0','942','18','1','6.5'),  ('30287','0','943','18','0','4'),  ('30288','0','944','18','1','4.5'),  ('30289','0','945','18','1','6'),  ('30290','0','946','18','1','6.5'),  ('30291','0','947','18','0',NULL),  ('30292','0','948','18','1','5.5'),  ('30293','0','949','18','1','3'),  ('30294','0','950','18','0',NULL),  ('30295','0','951','18','1','4'),  ('30296','0','952','18','0',NULL),  ('30297','0','953','18','0',NULL),  ('30298','0','954','18','1','8'),  ('30299','0','955','18','1','5.5'),  ('30300','0','956','18','0',NULL),  ('30301','0','957','18','1','4.5'),  ('30302','0','958','18','0','4.5'),  ('30303','0','959','18','1','14'),  ('30304','0','960','18','1','5'),  ('30305','0','961','18','1','4'),  ('30306','0','962','18','0','3'),  ('30307','0','963','18','1','9'),  ('30308','0','964','18','1','4.5'),  ('30309','0','965','18','1','5'),  ('30310','0','966','18','1','6.5'),  ('30311','0','967','18','1','4'),  ('30312','0','968','18','1','7'),  ('30313','0','969','18','1','6.5'),  ('30314','0','970','18','0',NULL),  ('30315','0','971','18','1','3'),  ('30316','0','972','18','1','4'),  ('30317','0','973','18','1','4'),  ('30318','0','974','18','0',NULL),  ('30319','0','975','18','0','5'),  ('30320','0','976','18','0','6'),  ('30321','0','977','18','1','5.5'),  ('30322','0','978','18','0','4'),  ('30323','0','979','18','0',NULL),  ('30324','0','980','18','0','5'),  ('30325','0','981','18','1','9'),  ('30326','0','982','18','0',NULL),  ('30327','0','983','18','1','6.5'),  ('30328','0','984','18','1','6.5'),  ('30329','0','985','18','1','5'),  ('30330','0','986','18','1','4'),  ('30331','0','987','18','1','20'),  ('30332','0','988','18','1','6'),  ('30333','0','989','18','1','5'),  ('30334','0','990','18','1','5'),  ('30335','0','991','18','1','8'),  ('30336','0','992','18','0',NULL),  ('30337','0','993','18','0','4'),  ('30338','0','994','18','1','4.5'),  ('30339','0','995','18','0','4'),  ('30340','0','996','18','0',NULL),  ('30341','0','997','18','0','4'),  ('30342','0','998','18','0','5'),  ('30343','0','999','18','1','1'),  ('30344','0','1000','18','1','4'),  ('30345','0','1001','18','0',NULL),  ('30346','0','1002','18','1','6.5'),  ('30347','0','1003','18','1','4.5'),  ('30348','0','1004','18','1','4'),  ('30349','0','1005','18','1','5'),  ('30350','0','1006','18','1','6'),  ('30351','0','1007','18','0',NULL),  ('30352','0','1008','18','1','8'),  ('30353','0','1009','18','1','5'),  ('30354','0','1010','18','0',NULL),  ('30355','0','1011','18','0',NULL),  ('30356','0','1012','18','0',NULL),  ('30357','0','1013','18','0',NULL),  ('30358','0','1014','18','1','5'),  ('30359','0','1015','18','1','6'),  ('30360','0','1016','18','0','15'),  ('30361','0','1017','18','1','1'),  ('30362','0','1018','18','0',NULL),  ('30363','0','1019','18','1','5.5'),  ('30364','0','1020','18','1','6.5'),  ('30365','0','1021','18','1','5'),  ('30366','0','1022','18','1','5.5'),  ('30367','0','1023','18','1','2'),  ('30368','0','1024','18','1','9'),  ('30369','0','1025','18','0',NULL),  ('30370','0','1026','18','1','6.5'),  ('30371','0','1027','18','1','4'),  ('30372','0','1028','18','0',NULL),  ('30373','0','1029','18','1','6.5'),  ('30374','0','1030','18','0','6'),  ('30375','0','1031','18','1','15'),  ('30376','0','1032','18','0','4'),  ('30377','0','1033','18','0','4'),  ('30378','0','1034','18','0','8'),  ('30379','0','1035','18','1','1'),  ('30380','0','1036','18','1','6.5'),  ('30381','0','1037','18','1','6'),  ('30382','0','1038','18','1','4.5'),  ('30383','0','1039','18','1','4.5'),  ('30384','0','1040','18','1','9'),  ('30385','0','1041','18','1','4'),  ('30386','0','1042','18','1','14'),  ('30387','0','1043','18','0',NULL),  ('30388','0','1044','18','1','4'),  ('30389','0','1045','18','1','4'),  ('30390','0','1046','18','0',NULL),  ('30391','0','1047','18','0','5'),  ('30392','0','1048','18','0','6'),  ('30393','0','1049','18','0','7'),  ('30394','0','1050','18','1','20'),  ('30395','0','1051','18','0','5'),  ('30396','0','1052','18','0','4'),  ('30397','0','1053','18','1','8.5'),  ('30398','0','1054','18','0',NULL),  ('30399','0','1055','18','0',NULL),  ('30400','0','1056','18','1','6'),  ('30401','0','1057','18','1','4.5'),  ('30402','0','1058','18','0',NULL),  ('30403','0','1059','18','1','28'),  ('30404','0','1060','18','1','5'),  ('30405','0','1061','18','1','5.5'),  ('30406','0','1062','18','1','6.5'),  ('30407','0','1063','18','1','4'),  ('30408','0','1064','18','0','5'),  ('30409','0','1065','18','1','6'),  ('30410','0','1066','18','1','5'),  ('30411','0','1067','18','0',NULL),  ('30412','0','1068','18','1','4'),  ('30413','0','1069','18','0','5.5'),  ('30414','0','1070','18','0',NULL),  ('30415','0','1071','18','1','8.5'),  ('30416','0','1072','18','1','11'),  ('30417','0','1073','18','0',NULL),  ('30418','0','1074','18','1','6.5'),  ('30419','0','1075','18','1','4'),  ('30420','0','1076','18','1','5'),  ('30421','0','1077','18','0',NULL),  ('30422','0','1078','18','1','6'),  ('30423','0','1079','18','1','5'),  ('30424','0','1080','18','1','6'),  ('30425','0','1081','18','0',NULL),  ('30426','0','1082','18','0','6'),  ('30427','0','1083','18','0','5.5'),  ('30428','0','1084','18','1','6'),  ('30429','0','1085','18','1','6'),  ('30430','0','1086','18','0','4'),  ('30431','0','1087','18','1','5'),  ('30432','0','1088','18','0',NULL),  ('30433','0','1089','18','1','4.5'),  ('30434','0','1090','18','1','4.5'),  ('30435','0','1091','18','0',NULL),  ('30436','0','1092','18','1','5'),  ('30437','0','1093','18','0',NULL),  ('30438','0','1094','18','1','8'),  ('30439','0','1095','18','1','20'),  ('30440','0','1096','18','0',NULL),  ('30441','0','1097','18','1','4'),  ('30442','0','1098','18','1','6'),  ('30443','0','1099','18','1','4'),  ('30444','0','1100','18','0',NULL),  ('30445','0','1101','18','1','4'),  ('30446','0','1102','18','1','6.5'),  ('30447','0','1103','18','0',NULL),  ('30448','0','1104','18','1','5'),  ('30449','0','1105','18','0','6'),  ('30450','0','1106','18','0',NULL),  ('30451','0','1107','18','1','9'),  ('30452','0','1108','18','1','4'),  ('30453','0','1109','18','1','5.5'),  ('30454','0','1110','18','1','6.5'),  ('30455','0','1111','18','1','4'),  ('30456','0','1112','18','1','4'),  ('30457','0','1113','18','1','5'),  ('30458','0','1114','18','0',NULL),  ('30459','0','1115','18','1','11'),  ('30460','0','1116','18','1','4'),  ('30461','0','1117','18','1','4'),  ('30462','0','1118','18','0',NULL),  ('30463','0','1119','18','0','4'),  ('30464','0','1120','18','0','4.5'),  ('30465','0','1121','18','0',NULL),  ('30466','0','1122','18','1','20'),  ('30467','0','1123','18','0','3'),  ('30468','0','1124','18','0','8'),  ('30469','0','1125','18','1','2'),  ('30470','0','1126','18','1','5.5'),  ('30471','0','1127','18','1','4.5'),  ('30472','0','1128','18','0',NULL),  ('30473','0','1129','18','1','4.5'),  ('30474','0','1130','18','1','5'),  ('30475','0','1131','18','1','6'),  ('30476','0','1132','18','1','5'),  ('30477','0','1133','18','1','5.5'),  ('30478','0','1134','18','1','5'),  ('30479','0','1135','18','1','4'),  ('30480','0','1136','18','0','6.5'),  ('30481','0','1137','18','1','10'),  ('30482','0','1138','18','0','6.5'),  ('30483','0','1139','18','0','5.5'),  ('30484','0','1140','18','0',NULL),  ('30485','0','1141','18','0','4.5'),  ('30486','0','1142','18','0','4.5'),  ('30487','0','1143','18','1','6'),  ('30488','0','1144','18','1','6.5'),  ('30489','0','1145','18','1','6.5'),  ('30490','0','1146','18','1','5.5'),  ('30491','0','1147','18','1','5'),  ('30492','0','1148','18','0',NULL),  ('30493','0','1149','18','1','6'),  ('30494','0','1150','18','1','11'),  ('30495','0','1151','18','0',NULL),  ('30496','0','1152','18','1','4'),  ('30497','0','1153','18','1','4'),  ('30498','0','1154','18','0',NULL),  ('30499','0','1155','18','0',NULL),  ('30500','0','1156','18','1','4.5'),  ('30501','0','1157','18','1','4'),  ('30502','0','1158','18','0',NULL),  ('30503','0','1159','18','0','5'),  ('30504','0','1160','18','0',NULL),  ('31225','0','801','19','1','5'),  ('31226','0','802','19','1','3'),  ('31227','0','803','19','1','5'),  ('31228','0','804','19','0',NULL),  ('31229','0','805','19','1','7.5'),  ('31230','0','806','19','0',NULL),  ('31231','0','807','19','0',NULL),  ('31232','0','808','19','0',NULL),  ('31233','0','809','19','0',NULL),  ('31234','0','810','19','0',NULL),  ('31235','0','811','19','0',NULL),  ('31236','0','812','19','0','5'),  ('31237','0','813','19','0',NULL),  ('31238','0','814','19','1','5'),  ('31239','0','815','19','1','4'),  ('31240','0','816','19','1','14'),  ('31241','0','817','19','1','5'),  ('31242','0','818','19','1','5'),  ('31243','0','819','19','1','6'),  ('31244','0','820','19','1','5.5'),  ('31245','0','821','19','1','3'),  ('31246','0','822','19','1','6'),  ('31247','0','823','19','0',NULL),  ('31248','0','824','19','0',NULL),  ('31249','0','825','19','0',NULL),  ('31250','0','826','19','0',NULL),  ('31251','0','827','19','1','5'),  ('31252','0','828','19','1','5'),  ('31253','0','829','19','1','6'),  ('31254','0','830','19','0','6'),  ('31255','0','831','19','1','6.5'),  ('31256','0','832','19','0',NULL),  ('31257','0','833','19','1','4.5'),  ('31258','0','834','19','1','5'),  ('31259','0','835','19','0','5'),  ('31260','0','836','19','1','3'),  ('31261','0','837','19','1','3'),  ('31262','0','838','19','0',NULL),  ('31263','0','839','19','1','3'),  ('31264','0','840','19','1','7.5'),  ('31265','0','841','19','0',NULL),  ('31266','0','842','19','1','4'),  ('31267','0','843','19','0',NULL),  ('31268','0','844','19','0',NULL),  ('31269','0','845','19','0',NULL),  ('31270','0','846','19','1','5.5'),  ('31271','0','847','19','0',NULL),  ('31272','0','848','19','0','5'),  ('31273','0','849','19','1','6'),  ('31274','0','850','19','0',NULL),  ('31275','0','851','19','1','7'),  ('31276','0','852','19','0',NULL),  ('31277','0','853','19','1','5'),  ('31278','0','854','19','1','7'),  ('31279','0','855','19','1','12'),  ('31280','0','856','19','1','5'),  ('31281','0','857','19','1','7'),  ('31282','0','858','19','1','6'),  ('31283','0','859','19','1','5'),  ('31284','0','860','19','1','3.5'),  ('31285','0','861','19','0',NULL),  ('31286','0','862','19','0',NULL),  ('31287','0','863','19','0',NULL),  ('31288','0','864','19','1','5'),  ('31289','0','865','19','1','5.5'),  ('31290','0','866','19','0',NULL),  ('31291','0','867','19','1','4'),  ('31292','0','868','19','1','5'),  ('31293','0','869','19','0',NULL),  ('31294','0','870','19','1','5.5'),  ('31295','0','871','19','0','6'),  ('31296','0','872','19','0','5'),  ('31297','0','873','19','1','10'),  ('31298','0','874','19','1','8'),  ('31299','0','875','19','0',NULL),  ('31300','0','876','19','0',NULL),  ('31301','0','877','19','0',NULL),  ('31302','0','878','19','1','7'),  ('31303','0','879','19','0',NULL),  ('31304','0','880','19','0',NULL),  ('31305','0','881','19','0',NULL),  ('31306','0','882','19','1','10'),  ('31307','0','883','19','1','5'),  ('31308','0','884','19','0','5'),  ('31309','0','885','19','1','5'),  ('31310','0','886','19','0',NULL),  ('31311','0','887','19','0',NULL),  ('31312','0','888','19','1','5'),  ('31313','0','889','19','1','5.5'),  ('31314','0','890','19','0',NULL),  ('31315','0','891','19','0',NULL),  ('31316','0','892','19','1','5.5'),  ('31317','0','893','19','0',NULL),  ('31318','0','894','19','0',NULL),  ('31319','0','895','19','0',NULL),  ('31320','0','896','19','0',NULL),  ('31321','0','897','19','0',NULL),  ('31322','0','898','19','1','7'),  ('31323','0','899','19','1','4.5'),  ('31324','0','900','19','1','12'),  ('31325','0','901','19','0',NULL),  ('31326','0','902','19','1','2'),  ('31327','0','903','19','1','6'),  ('31328','0','904','19','1','5'),  ('31329','0','905','19','0',NULL),  ('31330','0','906','19','1','7'),  ('31331','0','907','19','1','5'),  ('31332','0','908','19','1','5.5'),  ('31333','0','909','19','0',NULL),  ('31334','0','910','19','1','8'),  ('31335','0','911','19','1','6'),  ('31336','0','912','19','1','6'),  ('31337','0','913','19','1','6'),  ('31338','0','914','19','1','6'),  ('31339','0','915','19','0',NULL),  ('31340','0','916','19','0',NULL),  ('31341','0','917','19','0',NULL),  ('31342','0','918','19','1','10'),  ('31343','0','919','19','1','3'),  ('31344','0','920','19','1','18'),  ('31345','0','921','19','0',NULL),  ('31346','0','922','19','1','5'),  ('31347','0','923','19','1','5'),  ('31348','0','924','19','1','6'),  ('31349','0','925','19','0','5'),  ('31350','0','926','19','0','5'),  ('31351','0','927','19','1','3'),  ('31352','0','928','19','1','2'),  ('31353','0','929','19','0',NULL),  ('31354','0','930','19','1','6'),  ('31355','0','931','19','1','8'),  ('31356','0','932','19','0',NULL),  ('31357','0','933','19','1','7'),  ('31358','0','934','19','1','4'),  ('31359','0','935','19','0',NULL),  ('31360','0','936','19','0',NULL),  ('31361','0','937','19','0',NULL),  ('31362','0','938','19','0','17'),  ('31363','0','939','19','0',NULL),  ('31364','0','940','19','0',NULL),  ('31365','0','941','19','0',NULL),  ('31366','0','942','19','0',NULL),  ('31367','0','943','19','1','5'),  ('31368','0','944','19','1','5'),  ('31369','0','945','19','1','5'),  ('31370','0','946','19','1','3'),  ('31371','0','947','19','0',NULL),  ('31372','0','948','19','1','5'),  ('31373','0','949','19','0',NULL),  ('31374','0','950','19','0',NULL),  ('31375','0','951','19','1','4.5'),  ('31376','0','952','19','0',NULL),  ('31377','0','953','19','0',NULL),  ('31378','0','954','19','1','11'),  ('31379','0','955','19','1','4'),  ('31380','0','956','19','0',NULL),  ('31381','0','957','19','1','6'),  ('31382','0','958','19','1','5'),  ('31383','0','959','19','1','7'),  ('31384','0','960','19','1','6'),  ('31385','0','961','19','1','5.5'),  ('31386','0','962','19','0',NULL),  ('31387','0','963','19','0',NULL),  ('31388','0','964','19','0',NULL),  ('31389','0','965','19','0',NULL),  ('31390','0','966','19','1','1'),  ('31391','0','967','19','0',NULL),  ('31392','0','968','19','0',NULL),  ('31393','0','969','19','0',NULL),  ('31394','0','970','19','0',NULL),  ('31395','0','971','19','0',NULL),  ('31396','0','972','19','1','5'),  ('31397','0','973','19','1','5.5'),  ('31398','0','974','19','1','5'),  ('31399','0','975','19','1','5'),  ('31400','0','976','19','1','6'),  ('31401','0','977','19','0',NULL),  ('31402','0','978','19','1','5'),  ('31403','0','979','19','0',NULL),  ('31404','0','980','19','1','5'),  ('31405','0','981','19','0',NULL),  ('31406','0','982','19','1','5.5'),  ('31407','0','983','19','1','3'),  ('31408','0','984','19','1','7.5'),  ('31409','0','985','19','0',NULL),  ('31410','0','986','19','1','4.5'),  ('31411','0','987','19','1','5'),  ('31412','0','988','19','0',NULL),  ('31413','0','989','19','1','4'),  ('31414','0','990','19','1','6'),  ('31415','0','991','19','1','10'),  ('31416','0','992','19','1','5'),  ('31417','0','993','19','0',NULL),  ('31418','0','994','19','1','6'),  ('31419','0','995','19','0',NULL),  ('31420','0','996','19','0',NULL),  ('31421','0','997','19','1','5.5'),  ('31422','0','998','19','0','5'),  ('31423','0','999','19','1','5'),  ('31424','0','1000','19','0',NULL),  ('31425','0','1001','19','0',NULL),  ('31426','0','1002','19','1','7.5'),  ('31427','0','1003','19','0',NULL),  ('31428','0','1004','19','1','4.5'),  ('31429','0','1005','19','1','4'),  ('31430','0','1006','19','1','3.5'),  ('31431','0','1007','19','0',NULL),  ('31432','0','1008','19','1','10'),  ('31433','0','1009','19','1','5'),  ('31434','0','1010','19','0',NULL),  ('31435','0','1011','19','1','5'),  ('31436','0','1012','19','0',NULL),  ('31437','0','1013','19','0',NULL),  ('31438','0','1014','19','1','7'),  ('31439','0','1015','19','1','21'),  ('31440','0','1016','19','1','5'),  ('31441','0','1017','19','1','5'),  ('31442','0','1018','19','0',NULL),  ('31443','0','1019','19','1','6'),  ('31444','0','1020','19','1','7.5'),  ('31445','0','1021','19','0',NULL),  ('31446','0','1022','19','0',NULL),  ('31447','0','1023','19','1','5'),  ('31448','0','1024','19','0',NULL),  ('31449','0','1025','19','0',NULL),  ('31450','0','1026','19','1','6'),  ('31451','0','1027','19','1','5'),  ('31452','0','1028','19','0','5'),  ('31453','0','1029','19','1','3'),  ('31454','0','1030','19','0',NULL),  ('31455','0','1031','19','1','6.5'),  ('31456','0','1032','19','0',NULL),  ('31457','0','1033','19','0',NULL),  ('31458','0','1034','19','1','7'),  ('31459','0','1035','19','1','10'),  ('31460','0','1036','19','1','3'),  ('31461','0','1037','19','1','6'),  ('31462','0','1038','19','0',NULL),  ('31463','0','1039','19','1','6'),  ('31464','0','1040','19','0',NULL),  ('31465','0','1041','19','1','4.5'),  ('31466','0','1042','19','1','7'),  ('31467','0','1043','19','1','4'),  ('31468','0','1044','19','0',NULL),  ('31469','0','1045','19','1','5.5'),  ('31470','0','1046','19','0',NULL),  ('31471','0','1047','19','1','5'),  ('31472','0','1048','19','0','2'),  ('31473','0','1049','19','1','5'),  ('31474','0','1050','19','1','5'),  ('31475','0','1051','19','0','5'),  ('31476','0','1052','19','0','5'),  ('31477','0','1053','19','1','6'),  ('31478','0','1054','19','0',NULL),  ('31479','0','1055','19','0',NULL),  ('31480','0','1056','19','1','6'),  ('31481','0','1057','19','1','5'),  ('31482','0','1058','19','0',NULL),  ('31483','0','1059','19','1','14'),  ('31484','0','1060','19','1','4'),  ('31485','0','1061','19','0',NULL),  ('31486','0','1062','19','0',NULL),  ('31487','0','1063','19','1','5'),  ('31488','0','1064','19','0','17'),  ('31489','0','1065','19','1','2'),  ('31490','0','1066','19','1','5'),  ('31491','0','1067','19','0',NULL),  ('31492','0','1068','19','1','5'),  ('31493','0','1069','19','1','4'),  ('31494','0','1070','19','0',NULL),  ('31495','0','1071','19','1','6'),  ('31496','0','1072','19','1','12'),  ('31497','0','1073','19','1','6'),  ('31498','0','1074','19','1','7.5'),  ('31499','0','1075','19','0',NULL),  ('31500','0','1076','19','1','7'),  ('31501','0','1077','19','0',NULL),  ('31502','0','1078','19','1','6'),  ('31503','0','1079','19','1','4'),  ('31504','0','1080','19','1','21'),  ('31505','0','1081','19','0',NULL),  ('31506','0','1082','19','0','5'),  ('31507','0','1083','19','0','5'),  ('31508','0','1084','19','0','7.5'),  ('31509','0','1085','19','1','7'),  ('31510','0','1086','19','1','4.5'),  ('31511','0','1087','19','1','5'),  ('31512','0','1088','19','0',NULL),  ('31513','0','1089','19','1','10'),  ('31514','0','1090','19','0',NULL),  ('31515','0','1091','19','1','5'),  ('31516','0','1092','19','0',NULL),  ('31517','0','1093','19','0',NULL),  ('31518','0','1094','19','1','9'),  ('31519','0','1095','19','1','5'),  ('31520','0','1096','19','0',NULL),  ('31521','0','1097','19','1','5'),  ('31522','0','1098','19','1','6'),  ('31523','0','1099','19','1','5'),  ('31524','0','1100','19','0',NULL),  ('31525','0','1101','19','0',NULL),  ('31526','0','1102','19','1','7.5'),  ('31527','0','1103','19','0',NULL),  ('31528','0','1104','19','1','7'),  ('31529','0','1105','19','1','21'),  ('31530','0','1106','19','0',NULL),  ('31531','0','1107','19','0',NULL),  ('31532','0','1108','19','0',NULL),  ('31533','0','1109','19','1','6'),  ('31534','0','1110','19','1','7.5'),  ('31535','0','1111','19','1','4.5'),  ('31536','0','1112','19','0',NULL),  ('31537','0','1113','19','1','4'),  ('31538','0','1114','19','1','5.5'),  ('31539','0','1115','19','0',NULL),  ('31540','0','1116','19','1','10'),  ('31541','0','1117','19','1','5.5'),  ('31542','0','1118','19','0',NULL),  ('31543','0','1119','19','1','3'),  ('31544','0','1120','19','1','6'),  ('31545','0','1121','19','0',NULL),  ('31546','0','1122','19','1','5'),  ('31547','0','1123','19','0',NULL),  ('31548','0','1124','19','0','7'),  ('31549','0','1125','19','1','10'),  ('31550','0','1126','19','1','6'),  ('31551','0','1127','19','1','5'),  ('31552','0','1128','19','1','5.5'),  ('31553','0','1129','19','0',NULL),  ('31554','0','1130','19','1','6'),  ('31555','0','1131','19','1','3.5'),  ('31556','0','1132','19','1','4'),  ('31557','0','1133','19','1','4'),  ('31558','0','1134','19','1','5'),  ('31559','0','1135','19','1','5.5'),  ('31560','0','1136','19','0','4'),  ('31561','0','1137','19','0','6.5'),  ('31562','0','1138','19','0','5'),  ('31563','0','1139','19','1','14'),  ('31564','0','1140','19','0','4'),  ('31565','0','1141','19','0','5'),  ('31566','0','1142','19','0','9'),  ('31567','0','1143','19','1','3'),  ('31568','0','1144','19','1','7.5'),  ('31569','0','1145','19','1','3'),  ('31570','0','1146','19','1','6'),  ('31571','0','1147','19','1','5'),  ('31572','0','1148','19','1','4'),  ('31573','0','1149','19','0',NULL),  ('31574','0','1150','19','0',NULL),  ('31575','0','1151','19','0',NULL),  ('31576','0','1152','19','1','10'),  ('31577','0','1153','19','1','5.5'),  ('31578','0','1154','19','0',NULL),  ('31579','0','1155','19','0',NULL),  ('31580','0','1156','19','1','6'),  ('31581','0','1157','19','0',NULL),  ('31582','0','1158','19','0',NULL),  ('31583','0','1159','19','1','5'),  ('31584','0','1160','19','0',NULL);
INSERT INTO `playerweek` VALUES ('1','0','1','1','6','6',NULL,NULL,NULL,NULL,NULL,NULL,NULL,NULL,NULL,NULL);
INSERT INTO `positionteamweek` VALUES ('1','1','52','11','1','5','592',NULL),  ('2','1','53','11','1','1','666',NULL),  ('3','1','54','11','1','2','627',NULL),  ('4','1','55','11','1','3','610',NULL),  ('5','1','56','11','1','9','555.5',NULL),  ('6','1','57','11','1','4','604',NULL),  ('7','1','58','11','1','7','564',NULL),  ('8','1','59','11','1','10','554.5',NULL),  ('9','1','60','11','1','6','583.5',NULL),  ('10','1','61','11','1','8','563',NULL),  ('11','1','62','11','2','2','665.5',NULL),  ('12','1','63','11','2','3','623',NULL),  ('13','1','64','11','2','4','609.5',NULL),  ('14','1','65','11','2','5','603.5',NULL),  ('15','1','66','11','2','1','680.5',NULL),  ('16','1','67','11','2','6','599',NULL),  ('17','1','68','11','2','8','587.5',NULL),  ('18','1','69','11','2','7','594.5',NULL),  ('19','1','70','11','2','9','552',NULL),  ('20','1','71','11','2','10','544',NULL),  ('1316','1','52','16','1','5','991','74'),  ('1317','1','53','16','1','1','1048.5','77.5'),  ('1318','1','54','16','1','2','1046','69'),  ('1319','1','55','16','1','4','999','96.5'),  ('1320','1','56','16','1','7','942.5','78.5'),  ('1321','1','57','16','1','3','1000','64.5'),  ('1322','1','58','16','1','8','937','82.5'),  ('1323','1','59','16','1','10','920.5','70'),  ('1324','1','60','16','1','9','926.5','76'),  ('1325','1','61','16','1','6','976.5','69'),  ('1326','1','62','16','2','1','1093.5','71'),  ('1327','1','63','16','2','3','992','72'),  ('1328','1','64','16','2','5','987','100'),  ('1329','1','65','16','2','9','933','61.5'),  ('1330','1','66','16','2','2','1039.5','61'),  ('1331','1','67','16','2','6','971','96'),  ('1332','1','68','16','2','8','944.5','83.5'),  ('1333','1','69','16','2','4','991.5','91'),  ('1334','1','70','16','2','10','880.5','68.5'),  ('1335','1','71','16','2','7','960','86'),  ('1336','1','52','15','1','4','917','79.5'),  ('1337','1','53','15','1','2','971','81.5'),  ('1338','1','54','15','1','1','977','108'),  ('1339','1','55','15','1','6','902.5','71'),  ('1340','1','56','15','1','7','864','100.5'),  ('1341','1','57','15','1','3','935.5','94'),  ('1342','1','58','15','1','8','854.5','73'),  ('1343','1','59','15','1','9','850.5','91.5'),  ('1344','1','60','15','1','10','850.5','63'),  ('1345','1','61','15','1','5','907.5','98.5'),  ('1346','1','62','15','2','1','1022.5','77.5'),  ('1347','1','63','15','2','3','920','76'),  ('1348','1','64','15','2','5','887','65'),  ('1349','1','65','15','2','8','871.5','53.5'),  ('1350','1','66','15','2','2','978.5','63.5'),  ('1351','1','67','15','2','6','875','66.5'),  ('1352','1','68','15','2','9','861','78.5'),  ('1353','1','69','15','2','4','900.5','66'),  ('1354','1','70','15','2','10','812','56.5'),  ('1355','1','71','15','2','7','874','91.5'),  ('1356','1','52','14','1','4','837.5','84.5'),  ('1357','1','53','14','1','1','889.5','80'),  ('1358','1','54','14','1','2','869','80'),  ('1359','1','55','14','1','5','831.5','75'),  ('1360','1','56','14','1','9','763.5','65'),  ('1361','1','57','14','1','3','841.5','79.5'),  ('1362','1','58','14','1','8','781.5','81'),  ('1363','1','59','14','1','10','759','69'),  ('1364','1','60','14','1','7','787.5','76.5'),  ('1365','1','61','14','1','6','809','82.5'),  ('1366','1','62','14','2','1','945','95'),  ('1367','1','63','14','2','3','844','90.5'),  ('1368','1','64','14','2','5','822','73'),  ('1369','1','65','14','2','6','818','67.5'),  ('1370','1','66','14','2','2','915','88.5'),  ('1371','1','67','14','2','7','808.5','60'),  ('1372','1','68','14','2','8','782.5','69.5'),  ('1373','1','69','14','2','4','834.5','95.5'),  ('1374','1','70','14','2','10','755.5','64'),  ('1375','1','71','14','2','9','782.5','96'),  ('1376','1','52','13','1','5','753','82'),  ('1377','1','53','13','1','1','809.5','73'),  ('1378','1','54','13','1','2','789','79.5'),  ('1379','1','55','13','1','4','756.5','71.5'),  ('1380','1','56','13','1','9','698.5','66.5'),  ('1381','1','57','13','1','3','762','69.5'),  ('1382','1','58','13','1','8','700.5','66'),  ('1383','1','59','13','1','10','694','77'),  ('1384','1','60','13','1','7','711','60.5'),  ('1385','1','61','13','1','6','726.5','73.5'),  ('1386','1','62','13','2','1','850','75.5'),  ('1387','1','63','13','2','3','753.5','74'),  ('1388','1','64','13','2','5','749','75'),  ('1389','1','65','13','2','4','750.5','85'),  ('1390','1','66','13','2','2','826.5','83.5'),  ('1391','1','67','13','2','6','748.5','80'),  ('1392','1','68','13','2','8','713','64'),  ('1393','1','69','13','2','7','739','73'),  ('1394','1','70','13','2','9','691.5','82.5'),  ('1395','1','71','13','2','10','686.5','62'),  ('1396','1','52','12','1','5','671','79'),  ('1397','1','53','12','1','1','736.5','70.5'),  ('1398','1','54','12','1','2','709.5','82.5'),  ('1399','1','55','12','1','4','685','75'),  ('1400','1','56','12','1','9','632','76.5'),  ('1401','1','57','12','1','3','692.5','88.5'),  ('1402','1','58','12','1','8','634.5','70.5'),  ('1403','1','59','12','1','10','617','62.5'),  ('1404','1','60','12','1','7','650.5','67'),  ('1405','1','61','12','1','6','653','90'),  ('1406','1','62','12','2','1','774.5','109'),  ('1407','1','63','12','2','3','679.5','56.5'),  ('1408','1','64','12','2','4','674','64.5'),  ('1409','1','65','12','2','7','665.5','62'),  ('1410','1','66','12','2','2','743','62.5'),  ('1411','1','67','12','2','5','668.5','69.5'),  ('1412','1','68','12','2','8','649','61.5'),  ('1413','1','69','12','2','6','666','71.5'),  ('1414','1','70','12','2','10','609','57'),  ('1415','1','71','12','2','9','624.5','80.5'),  ('1456','1','52','17','1','6','1066','75'),  ('1457','1','53','17','1','2','1138','89.5'),  ('1458','1','54','17','1','1','1147.5','101.5'),  ('1459','1','55','17','1','4','1086','87'),  ('1460','1','56','17','1','7','1033.5','91'),  ('1461','1','57','17','1','3','1092.5','92.5'),  ('1462','1','58','17','1','9','1006','69'),  ('1463','1','59','17','1','8','1027','106.5'),  ('1464','1','60','17','1','10','1006','79.5'),  ('1465','1','61','17','1','5','1085.5','109'),  ('1466','1','62','17','2','1','1172.5','79'),  ('1467','1','63','17','2','3','1090','98'),  ('1468','1','64','17','2','5','1066','79'),  ('1469','1','65','17','2','9','998','65'),  ('1470','1','66','17','2','2','1118','78.5'),  ('1471','1','67','17','2','6','1038.5','67.5'),  ('1472','1','68','17','2','8','1021.5','77'),  ('1473','1','69','17','2','4','1076','84.5'),  ('1474','1','70','17','2','10','952','71.5'),  ('1475','1','71','17','2','7','1038','78'),  ('1496','1','52','18','1','6','1128','62'),  ('1497','1','53','18','1','1','1225','87'),  ('1498','1','54','18','1','2','1208.5','61'),  ('1499','1','55','18','1','3','1163','77'),  ('1500','1','56','18','1','8','1087.5','54'),  ('1501','1','57','18','1','4','1153','60.5'),  ('1502','1','58','18','1','9','1080.5','74.5'),  ('1503','1','59','18','1','7','1104','77'),  ('1504','1','60','18','1','10','1072','66'),  ('1505','1','61','18','1','5','1144.5','59'),  ('1506','1','62','18','2','1','1252','79.5'),  ('1507','1','63','18','2','4','1145','55'),  ('1508','1','64','18','2','5','1132.5','66.5'),  ('1509','1','65','18','2','9','1075.5','77.5'),  ('1510','1','66','18','2','2','1201','83'),  ('1511','1','67','18','2','6','1107.5','69'),  ('1512','1','68','18','2','8','1093','71.5'),  ('1513','1','69','18','2','3','1153','77'),  ('1514','1','70','18','2','10','1009','57'),  ('1515','1','71','18','2','7','1101','63'),  ('1556','1','52','19','1','6','1181.5','53.5'),  ('1557','1','53','19','1','1','1280.5','55.5'),  ('1558','1','54','19','1','2','1256.5','48'),  ('1559','1','55','19','1','3','1226.5','63.5'),  ('1560','1','56','19','1','9','1143','55.5'),  ('1561','1','57','19','1','4','1212.5','59.5'),  ('1562','1','58','19','1','7','1159.5','79'),  ('1563','1','59','19','1','8','1144','40'),  ('1564','1','60','19','1','10','1134','62'),  ('1565','1','61','19','1','5','1182','37.5'),  ('1566','1','62','19','2','1','1314','62'),  ('1567','1','63','19','2','3','1222.5','77.5'),  ('1568','1','64','19','2','6','1183.5','51'),  ('1569','1','65','19','2','9','1136.5','61'),  ('1570','1','66','19','2','2','1257','56'),  ('1571','1','67','19','2','5','1193.5','86'),  ('1572','1','68','19','2','7','1173.5','80.5'),  ('1573','1','69','19','2','4','1210','57'),  ('1574','1','70','19','2','10','1077.5','68.5'),  ('1575','1','71','19','2','8','1156','55');
INSERT INTO `team` VALUES ('52','0','Botox','52','1'),  ('53','0','HRG F.C.','53','1'),  ('54','0','Viejita Stone','54','1'),  ('55','0','TRES','55','1'),  ('56','0','15 de Octubre','56','1'),  ('57','0','Red Bull','57','1'),  ('58','0','Capussoto F.C.','58','1'),  ('59','0','QEE','59','1'),  ('60','0','GELP WareTech','60','1'),  ('61','0','Chapita de Cerveza Fóbal Clus','61','1'),  ('62','0','Los Super Ratones','62','2'),  ('63','0','La Bandita','63','2'),  ('64','0','Magia Negra','64','2'),  ('65','0','A.C. DECANO','65','2'),  ('66','0','La Filial','66','2'),  ('67','0','Hidrocarburo','67','2'),  ('68','0','FASA 13','68','2'),  ('69','0','ULTIMO RECURSO','69','2'),  ('70','0','Clockwork Orange','70','2'),  ('71','0','Los Golosos','71','2');
INSERT INTO `user` VALUES ('1','1','prueba','prueba','prueba','cHJ1ZWJh','grandt@waretech.com.ar'),  ('52','2','Ricardo','Berl','Pela','cGVsYQ==','rickyberl@hotmail.com'),  ('53','4','Leandro','Soncini','Chochi','Y2hvY2hp','leandrosoncini@hotmail.com'),  ('54','2','Francisco','Tabellione','Tabe','anVuaW9y','ftabe76@hotmail.com'),  ('55','2','Esteban','Sabbione','Tete','dGV0ZQ==','tetesabbione@hotmail.com'),  ('56','2','Tomas','Condorelli','Tommy','YmFzYW50YQ==','tonyvelamazan@hotmail.com'),  ('57','4','Martin','Aristia','Martin','bWFydGlu','m.aristia@gmail.com'),  ('58','2','Franco','Condorelli','Catalano','Y2F0YWxhbm8=','cachosaccardi@hotmail.com'),  ('59','3','Nicolas','Condorelli','Coco','Y29jbw==','ncondorelli@exiros.com'),  ('60','10','Augusto','Soncini','Augusto','YXVndXN0bw==','augustosoncini@hotmail.com'),  ('61','2','Matias','Condorelli','Pepi','cGVwaQ==','maticondorelli@gmail.com'),  ('62','2','Mauro','Pennacchioni','Rata','cmF0YQ==','mpennach@gmail.com'),  ('63','1','Emilio','Tabellione','Emi','RW1p','etabe114@hotmail.com'),  ('64','3','Andres','Garci­a Olivares','Negro','bmVncm8=','a_garciaolivares@hotmail.com'),  ('65','1','Guillermo','Vallina','Guillote','R3VpbGxvdGU=','gdvallina@fibertel.com.ar'),  ('66','3','Mauro','Di Benni','Papucho','Y29xdWlhcmdlbnRv','patodb@hotmail.com'),  ('67','2','Adriano','Mucelli','Tano','dGFubw==','amucelli@kpmg.com.ar'),  ('68','3','Fabian','Sabbione','Cunado','Y3VuYWRv','fabiansabbione@hotmail.com'),  ('69','2','Sebastian','Fiori','Chocho','Y2hvY2hv','fioriseba@hotmail.com'),  ('70','2','Ignacio','Soncini','Iki','ZG9jdG9y','ikisoncini@hotmail.com'),  ('71','2','Gaston','Messineo','Vivi','dml2aQ==','gastonmessineo@hotmail.com'),  ('72','2','Luciano','Mucelli','Luchi','bHVjaGk=','luciano.mucelli@gmail.com');
INSERT INTO `useraccess` VALUES ('1','0','60','1'),  ('2','0','60','2'),  ('3','0','60','3'),  ('4','0','60','13'),  ('5','0','60','14'),  ('34','0','62','1'),  ('35','0','62','2'),  ('36','0','62','13'),  ('37','0','53','1'),  ('38','0','53','2'),  ('39','0','53','13'),  ('40','0','59','1'),  ('41','0','59','2'),  ('42','0','59','13'),  ('88','0','65','1'),  ('89','0','65','2'),  ('90','0','65','3'),  ('91','0','65','13'),  ('92','0','65','14');
INSERT INTO `week` VALUES ('1','0','1'),  ('2','0','2'),  ('3','0','3'),  ('4','0','4'),  ('5','0','5'),  ('6','0','6'),  ('7','0','7'),  ('8','0','8'),  ('9','0','9'),  ('10','0','10'),  ('11','0','11'),  ('12','0','12'),  ('13','0','13'),  ('14','0','14'),  ('15','0','15'),  ('16','0','16'),  ('17','0','17'),  ('18','0','18'),  ('19','0','19');
