/*
MySQL Backup
Source Server Version: 5.0.45
Source Database: waretech_grandt
Date: 08/11/2009 08:38:56
*/


-- ----------------------------
--  Table structure for `category`
-- ----------------------------
DROP TABLE IF EXISTS `category`;
CREATE TABLE `category` (
  `id` bigint(20) NOT NULL auto_increment,
  `version` bigint(20) NOT NULL default '0',
  `name` varchar(255) NOT NULL,
  PRIMARY KEY  (`id`),
  UNIQUE KEY `UK_PlayerPosition_name` (`name`)
) ENGINE=InnoDB AUTO_INCREMENT=3 DEFAULT CHARSET=latin1;

-- ----------------------------
--  Table structure for `club`
-- ----------------------------
DROP TABLE IF EXISTS `club`;
CREATE TABLE `club` (
  `id` bigint(20) NOT NULL auto_increment,
  `version` bigint(20) NOT NULL default '0',
  `name` varchar(255) NOT NULL,
  PRIMARY KEY  (`id`),
  UNIQUE KEY `UK_Club_name` (`name`)
) ENGINE=InnoDB AUTO_INCREMENT=47 DEFAULT CHARSET=latin1;

-- ----------------------------
--  Table structure for `match_`
-- ----------------------------
DROP TABLE IF EXISTS `match_`;
CREATE TABLE `match_` (
  `id` bigint(20) NOT NULL auto_increment,
  `version` bigint(20) NOT NULL default '0',
  `week` bigint(20) NOT NULL,
  `homeClub` bigint(20) NOT NULL,
  `awayClub` bigint(20) NOT NULL,
  `homeGoals` int(11) default NULL,
  `awayGoals` int(11) default NULL,
  `date` date default NULL,
  `time` time default NULL,
  PRIMARY KEY  (`id`),
  KEY `FK_Match_week` (`week`),
  KEY `FK_Match_homeClub` (`homeClub`),
  KEY `FK_Match_awayClub` (`awayClub`),
  CONSTRAINT `FK_Match_week` FOREIGN KEY (`week`) REFERENCES `week` (`id`),
  CONSTRAINT `FK_Match_homeClub` FOREIGN KEY (`homeClub`) REFERENCES `club` (`id`),
  CONSTRAINT `FK_Match_awayClub` FOREIGN KEY (`awayClub`) REFERENCES `club` (`id`)
) ENGINE=InnoDB AUTO_INCREMENT=192 DEFAULT CHARSET=latin1;

-- ----------------------------
--  Table structure for `player`
-- ----------------------------
DROP TABLE IF EXISTS `player`;
CREATE TABLE `player` (
  `id` bigint(20) NOT NULL auto_increment,
  `version` bigint(20) NOT NULL default '0',
  `firstname` varchar(255) NOT NULL,
  `lastname` varchar(255) NOT NULL,
  `number` int(2) default NULL,
  `club` bigint(20) NOT NULL,
  `position` bigint(20) NOT NULL,
  `value` varchar(255) NOT NULL,
  `selected` tinyint(1) NOT NULL default '0',
  PRIMARY KEY  (`id`),
  KEY `FK_Player_club` (`club`),
  KEY `FK_Player_position` (`position`),
  CONSTRAINT `FK_Player_club` FOREIGN KEY (`club`) REFERENCES `club` (`id`),
  CONSTRAINT `FK_Player_position` FOREIGN KEY (`position`) REFERENCES `playerposition` (`id`)
) ENGINE=InnoDB AUTO_INCREMENT=699 DEFAULT CHARSET=latin1;

-- ----------------------------
--  Table structure for `playermatch`
-- ----------------------------
DROP TABLE IF EXISTS `playermatch`;
CREATE TABLE `playermatch` (
  `id` bigint(20) NOT NULL auto_increment,
  `version` bigint(20) NOT NULL default '0',
  `player` bigint(20) NOT NULL,
  `match_` bigint(20) NOT NULL,
  `totalPoints` double default NULL,
  `olePoints` double default NULL,
  `cleanGoal` tinyint(1) default NULL,
  `ownGoal` int(11) default NULL,
  `mom` tinyint(1) default NULL,
  `goals` int(11) default NULL,
  `penaltyGoals` int(11) default NULL,
  `freeKickGoals` int(11) default NULL,
  `missedPenalties` int(11) default NULL,
  `cachedPenalties` int(11) default NULL,
  `yellowCard` tinyint(1) default NULL,
  `redCard` tinyint(1) default NULL,
  PRIMARY KEY  (`id`),
  UNIQUE KEY `UK_PlayerMatch_player_match` (`player`,`match_`),
  KEY `FK_PlayerMatch_player` (`player`),
  KEY `FK_PlayerMatch_match` (`match_`),
  CONSTRAINT `FK_PlayerMatch_player` FOREIGN KEY (`player`) REFERENCES `player` (`id`),
  CONSTRAINT `FK_PlayerMatch_match` FOREIGN KEY (`match_`) REFERENCES `match_` (`id`)
) ENGINE=InnoDB AUTO_INCREMENT=804 DEFAULT CHARSET=latin1;

-- ----------------------------
--  Table structure for `playerposition`
-- ----------------------------
DROP TABLE IF EXISTS `playerposition`;
CREATE TABLE `playerposition` (
  `id` bigint(20) NOT NULL auto_increment,
  `version` bigint(20) NOT NULL default '0',
  `name` varchar(255) NOT NULL,
  PRIMARY KEY  (`id`),
  UNIQUE KEY `UK_PlayerPosition_name` (`name`)
) ENGINE=InnoDB AUTO_INCREMENT=14 DEFAULT CHARSET=latin1;

-- ----------------------------
--  Table structure for `playerteam`
-- ----------------------------
DROP TABLE IF EXISTS `playerteam`;
CREATE TABLE `playerteam` (
  `id` bigint(20) NOT NULL auto_increment,
  `version` bigint(20) NOT NULL default '0',
  `player` bigint(20) NOT NULL,
  `team` bigint(20) NOT NULL,
  `isCaptain1` tinyint(1) default NULL,
  `isCaptain2` tinyint(1) default NULL,
  `isCaptain3` tinyint(1) default NULL,
  `isPrincipal` tinyint(1) default NULL,
  `isSubstitute` tinyint(1) default NULL,
  `isList` tinyint(1) default NULL,
  PRIMARY KEY  (`id`),
  UNIQUE KEY `UK_PlayerTeam_player_team` (`player`,`team`),
  KEY `FK_PlayerTeam_player` (`player`),
  KEY `FK_PlayerTeam_team` (`team`),
  CONSTRAINT `FK_PlayerTeam_player` FOREIGN KEY (`player`) REFERENCES `player` (`id`),
  CONSTRAINT `FK_PlayerTeam_team` FOREIGN KEY (`team`) REFERENCES `team` (`id`)
) ENGINE=InnoDB AUTO_INCREMENT=1161 DEFAULT CHARSET=latin1;

-- ----------------------------
--  Table structure for `playerweek`
-- ----------------------------
DROP TABLE IF EXISTS `playerweek`;
CREATE TABLE `playerweek` (
  `id` bigint(20) NOT NULL auto_increment,
  `version` bigint(20) NOT NULL default '0',
  `player` bigint(20) NOT NULL,
  `week` bigint(20) NOT NULL,
  `totalPoints` double default NULL,
  `olePoints` double default NULL,
  `cleanGoal` tinyint(1) default NULL,
  `ownGoal` int(11) default NULL,
  `mom` tinyint(1) default NULL,
  `goals` int(11) default NULL,
  `penaltyGoals` int(11) default NULL,
  `freeKickGoals` int(11) default NULL,
  `missedPenalties` int(11) default NULL,
  `cachedPenalties` int(11) default NULL,
  `yellowCard` tinyint(1) default NULL,
  `redCard` tinyint(1) default NULL,
  PRIMARY KEY  (`id`),
  UNIQUE KEY `UK_PlayerWeek_player_week` (`player`,`week`),
  KEY `FK_PlayerWeek_player` (`player`),
  KEY `FK_PlayerWeek_week` (`week`),
  CONSTRAINT `FK_PlayerWeek_player` FOREIGN KEY (`player`) REFERENCES `player` (`id`),
  CONSTRAINT `FK_PlayerWeek_week` FOREIGN KEY (`week`) REFERENCES `week` (`id`)
) ENGINE=InnoDB AUTO_INCREMENT=2 DEFAULT CHARSET=latin1;

-- ----------------------------
--  Table structure for `team`
-- ----------------------------
DROP TABLE IF EXISTS `team`;
CREATE TABLE `team` (
  `id` bigint(20) NOT NULL auto_increment,
  `version` bigint(20) NOT NULL default '0',
  `name` varchar(255) NOT NULL,
  `user` bigint(20) NOT NULL,
  `category` bigint(20) NOT NULL,
  PRIMARY KEY  (`id`),
  UNIQUE KEY `UK_Team_name` (`name`),
  KEY `FK_Team_user` (`user`),
  KEY `FK_Team_category` (`category`),
  CONSTRAINT `FK_Team_category` FOREIGN KEY (`category`) REFERENCES `category` (`id`),
  CONSTRAINT `FK_Team_user` FOREIGN KEY (`user`) REFERENCES `user` (`id`)
) ENGINE=InnoDB AUTO_INCREMENT=72 DEFAULT CHARSET=latin1;

-- ----------------------------
--  Table structure for `user`
-- ----------------------------
DROP TABLE IF EXISTS `user`;
CREATE TABLE `user` (
  `id` bigint(20) NOT NULL auto_increment,
  `version` bigint(20) NOT NULL default '0',
  `firstname` varchar(255) NOT NULL,
  `lastname` varchar(255) NOT NULL,
  `username` varchar(255) NOT NULL,
  `password` varchar(255) NOT NULL,
  PRIMARY KEY  (`id`),
  UNIQUE KEY `UK_User_username` (`username`),
  UNIQUE KEY `UK_User_firstname_lastname` (`firstname`,`lastname`)
) ENGINE=InnoDB AUTO_INCREMENT=72 DEFAULT CHARSET=latin1;

-- ----------------------------
--  Table structure for `week`
-- ----------------------------
DROP TABLE IF EXISTS `week`;
CREATE TABLE `week` (
  `id` bigint(20) NOT NULL auto_increment,
  `version` bigint(20) NOT NULL default '0',
  `number` int(11) NOT NULL,
  PRIMARY KEY  (`id`),
  UNIQUE KEY `UK_Week_number` (`number`)
) ENGINE=InnoDB AUTO_INCREMENT=20 DEFAULT CHARSET=latin1;

-- ----------------------------
--  Records 
-- ----------------------------
INSERT INTO `category` VALUES ('1','0','Primera A'),  ('2','0','Nacional B');
INSERT INTO `club` VALUES ('27','0','Vélez Sarsfield'),  ('28','0','San Lorenzo'),  ('29','0','River Plate'),  ('30','0','Newell\'s Old Boys'),  ('31','0','Lanús'),  ('32','0','Huracán'),  ('33','0','Estudiantes (La Plata)'),  ('34','0','Colón (Santa Fé)'),  ('35','0','Boca Jrs.'),  ('36','0','Tigre'),  ('37','0','Rosario Central'),  ('38','0','Racing Club'),  ('39','0','Independiente'),  ('40','0','Godoy Cruz (Mendoza)'),  ('41','0','Gimnasia y Esgrima (La Plata)'),  ('42','0','Chacarita Jrs.'),  ('43','0','Banfield'),  ('44','0','Atletico Tucumán'),  ('45','0','Arsenal'),  ('46','0','Argentinos Jrs.');
INSERT INTO `match_` VALUES ('1','0','1','41','40',NULL,NULL,'2009-08-16',NULL),  ('2','0','1','39','30',NULL,NULL,'2009-08-16',NULL),  ('3','0','1','28','44',NULL,NULL,'2009-08-16',NULL),  ('4','0','1','42','36',NULL,NULL,'2009-08-16',NULL),  ('5','0','1','45','33',NULL,NULL,'2009-08-16',NULL),  ('6','0','1','37','38',NULL,NULL,'2009-08-16',NULL),  ('7','0','1','32','31',NULL,NULL,'2009-08-16',NULL),  ('8','0','1','35','46',NULL,NULL,'2009-08-16',NULL),  ('9','0','1','43','29',NULL,NULL,'2009-08-16',NULL),  ('10','0','1','34','27',NULL,NULL,'2009-08-16',NULL),  ('11','0','2','38','34',NULL,NULL,'2009-08-23',NULL),  ('12','0','2','36','37',NULL,NULL,'2009-08-23',NULL),  ('13','0','2','29','42',NULL,NULL,'2009-08-23',NULL),  ('14','0','2','46','43',NULL,NULL,'2009-08-23',NULL),  ('15','0','2','31','35',NULL,NULL,'2009-08-23',NULL),  ('16','0','2','30','32',NULL,NULL,'2009-08-23',NULL),  ('17','0','2','44','39',NULL,NULL,'2009-08-23',NULL),  ('18','0','2','40','28',NULL,NULL,'2009-08-23',NULL),  ('19','0','2','33','41',NULL,NULL,'2009-08-23',NULL),  ('20','0','2','27','45',NULL,NULL,'2009-08-23',NULL),  ('21','0','3','39','40',NULL,NULL,'2009-08-30',NULL),  ('22','0','3','32','44',NULL,NULL,'2009-08-30',NULL),  ('23','0','3','35','30',NULL,NULL,'2009-08-30',NULL),  ('24','0','3','46','31',NULL,NULL,'2009-08-30',NULL),  ('25','0','3','43','42',NULL,NULL,'2009-08-30',NULL),  ('26','0','3','37','29',NULL,NULL,'2009-08-30',NULL),  ('27','0','3','34','36',NULL,NULL,'2009-08-30',NULL),  ('28','0','3','45','38',NULL,NULL,'2009-08-30',NULL),  ('29','0','3','41','27',NULL,NULL,'2009-08-30',NULL),  ('30','0','3','28','33',NULL,NULL,'2009-08-30',NULL),  ('31','0','4','38','41',NULL,NULL,'2009-09-02',NULL),  ('32','0','4','36','45',NULL,NULL,'2009-09-02',NULL),  ('33','0','4','29','34',NULL,NULL,'2009-09-02',NULL),  ('34','0','4','42','37',NULL,NULL,'2009-09-02',NULL),  ('35','0','4','31','43',NULL,NULL,'2009-09-02',NULL),  ('36','0','4','30','46',NULL,NULL,'2009-09-02',NULL),  ('37','0','4','44','35',NULL,NULL,'2009-09-02',NULL),  ('38','0','4','40','32',NULL,NULL,'2009-09-02',NULL),  ('39','0','4','33','39',NULL,NULL,'2009-09-02',NULL),  ('40','0','4','27','28',NULL,NULL,'2009-09-02',NULL),  ('41','0','5','39','27',NULL,NULL,'2009-09-13',NULL),  ('42','0','5','32','33',NULL,NULL,'2009-09-13',NULL),  ('43','0','5','35','40',NULL,NULL,'2009-09-13',NULL),  ('44','0','5','46','44',NULL,NULL,'2009-09-13',NULL),  ('45','0','5','31','30',NULL,NULL,'2009-09-13',NULL),  ('46','0','5','37','43',NULL,NULL,'2009-09-13',NULL),  ('47','0','5','34','42',NULL,NULL,'2009-09-13',NULL),  ('48','0','5','45','29',NULL,NULL,'2009-09-13',NULL),  ('49','0','5','41','36',NULL,NULL,'2009-09-13',NULL),  ('50','0','5','28','38',NULL,NULL,'2009-09-13',NULL),  ('51','0','6','38','39',NULL,NULL,'2009-09-20',NULL),  ('52','0','6','36','28',NULL,NULL,'2009-09-20',NULL),  ('53','0','6','29','41',NULL,NULL,'2009-09-20',NULL),  ('54','0','6','42','45',NULL,NULL,'2009-09-20',NULL),  ('55','0','6','43','30',NULL,NULL,'2009-09-20',NULL),  ('56','0','6','37','34',NULL,NULL,'2009-09-20',NULL),  ('57','0','6','44','31',NULL,NULL,'2009-09-20',NULL),  ('58','0','6','40','46',NULL,NULL,'2009-09-20',NULL),  ('59','0','6','33','35',NULL,NULL,'2009-09-20',NULL),  ('60','0','6','27','32',NULL,NULL,'2009-09-20',NULL),  ('61','0','7','39','36',NULL,NULL,'2009-09-27',NULL),  ('62','0','7','32','38',NULL,NULL,'2009-09-27',NULL),  ('63','0','7','35','27',NULL,NULL,'2009-09-27',NULL),  ('64','0','7','46','33',NULL,NULL,'2009-09-27',NULL),  ('65','0','7','31','40',NULL,NULL,'2009-09-27',NULL),  ('66','0','7','30','44',NULL,NULL,'2009-09-27',NULL),  ('67','0','7','34','43',NULL,NULL,'2009-09-27',NULL),  ('68','0','7','45','37',NULL,NULL,'2009-09-27',NULL),  ('69','0','7','41','42',NULL,NULL,'2009-09-27',NULL),  ('70','0','7','28','29',NULL,NULL,'2009-09-27',NULL),  ('71','0','8','38','35',NULL,NULL,'2009-10-04',NULL),  ('72','0','8','36','32',NULL,NULL,'2009-10-04',NULL),  ('73','0','8','29','39',NULL,NULL,'2009-10-04',NULL),  ('74','0','8','42','28',NULL,NULL,'2009-10-04',NULL),  ('75','0','8','43','44',NULL,NULL,'2009-10-04',NULL),  ('76','0','8','37','41',NULL,NULL,'2009-10-04',NULL),  ('77','0','8','34','45',NULL,NULL,'2009-10-04',NULL),  ('78','0','8','40','30',NULL,NULL,'2009-10-04',NULL),  ('79','0','8','33','31',NULL,NULL,'2009-10-04',NULL),  ('80','0','8','27','46',NULL,NULL,'2009-10-04',NULL),  ('81','0','9','39','42',NULL,NULL,'2009-10-07',NULL),  ('82','0','9','32','29',NULL,NULL,'2009-10-07',NULL),  ('83','0','9','35','36',NULL,NULL,'2009-10-07',NULL),  ('84','0','9','46','38',NULL,NULL,'2009-10-07',NULL),  ('85','0','9','31','27',NULL,NULL,'2009-10-07',NULL),  ('86','0','9','30','33',NULL,NULL,'2009-10-07',NULL),  ('87','0','9','44','40',NULL,NULL,'2009-10-07',NULL),  ('88','0','9','45','43',NULL,NULL,'2009-10-07',NULL),  ('89','0','9','41','34',NULL,NULL,'2009-10-07',NULL),  ('90','0','9','28','28',NULL,NULL,'2009-10-07',NULL),  ('91','0','9','37','37',NULL,NULL,'2009-10-07',NULL),  ('92','0','10','38','31',NULL,NULL,'2009-10-18',NULL),  ('93','0','10','36','46',NULL,NULL,'2009-10-18',NULL),  ('94','0','10','29','35',NULL,NULL,'2009-10-18',NULL),  ('95','0','10','42','32',NULL,NULL,'2009-10-18',NULL),  ('96','0','10','43','40',NULL,NULL,'2009-10-18',NULL),  ('97','0','10','37','39',NULL,NULL,'2009-10-18',NULL),  ('98','0','10','34','28',NULL,NULL,'2009-10-18',NULL),  ('99','0','10','45','41',NULL,NULL,'2009-10-18',NULL),  ('100','0','10','33','44',NULL,NULL,'2009-10-18',NULL),  ('101','0','10','27','30',NULL,NULL,'2009-10-18',NULL),  ('102','0','11','39','34',NULL,NULL,'2009-10-25',NULL),  ('103','0','11','32','37',NULL,NULL,'2009-10-25',NULL),  ('104','0','11','35','42',NULL,NULL,'2009-10-25',NULL),  ('105','0','11','46','29',NULL,NULL,'2009-10-25',NULL),  ('106','0','11','31','36',NULL,NULL,'2009-10-25',NULL),  ('107','0','11','30','38',NULL,NULL,'2009-10-25',NULL),  ('108','0','11','44','27',NULL,NULL,'2009-10-25',NULL),  ('109','0','11','40','33',NULL,NULL,'2009-10-25',NULL),  ('110','0','11','41','43',NULL,NULL,'2009-10-25',NULL),  ('111','0','11','28','45',NULL,NULL,'2009-10-25',NULL),  ('112','0','12','38','44',NULL,NULL,'2009-10-28',NULL),  ('113','3','12','36','30',NULL,NULL,'2009-10-28',NULL),  ('114','0','12','29','31',NULL,NULL,'2009-10-28',NULL),  ('115','0','12','42','46',NULL,NULL,'2009-10-28',NULL),  ('116','0','12','43','33',NULL,NULL,'2009-10-28',NULL),  ('117','0','12','37','35',NULL,NULL,'2009-10-28',NULL),  ('118','0','12','34','32',NULL,NULL,'2009-10-28',NULL),  ('119','0','12','45','39',NULL,NULL,'2009-10-28',NULL),  ('120','0','12','41','28',NULL,NULL,'2009-10-28',NULL),  ('121','0','12','27','40',NULL,NULL,'2009-10-28',NULL),  ('122','0','13','39','41',NULL,NULL,'2009-11-01',NULL),  ('123','0','13','32','45',NULL,NULL,'2009-11-01',NULL),  ('124','0','13','35','34',NULL,NULL,'2009-11-01',NULL),  ('125','0','13','46','37',NULL,NULL,'2009-11-01',NULL),  ('126','0','13','31','42',NULL,NULL,'2009-11-01',NULL),  ('127','0','13','30','29',NULL,NULL,'2009-11-01',NULL),  ('128','0','13','44','36',NULL,NULL,'2009-11-01',NULL),  ('129','0','13','40','38',NULL,NULL,'2009-11-01',NULL),  ('130','0','13','33','27',NULL,NULL,'2009-11-01',NULL),  ('131','0','13','28','43',NULL,NULL,'2009-11-01',NULL),  ('132','0','14','38','33',NULL,NULL,'2009-11-08',NULL),  ('133','0','14','36','40',NULL,NULL,'2009-11-08',NULL),  ('134','0','14','29','44',NULL,NULL,'2009-11-08',NULL),  ('135','0','14','42','30',NULL,NULL,'2009-11-08',NULL),  ('136','0','14','43','27',NULL,NULL,'2009-11-08',NULL),  ('137','0','14','37','31',NULL,NULL,'2009-11-08',NULL),  ('138','0','14','34','46',NULL,NULL,'2009-11-08',NULL),  ('139','0','14','45','35',NULL,NULL,'2009-11-08',NULL),  ('140','0','14','41','32',NULL,NULL,'2009-11-08',NULL),  ('141','0','14','28','39',NULL,NULL,'2009-11-08',NULL),  ('142','0','15','39','43',NULL,NULL,'2009-11-15',NULL),  ('143','0','15','32','28',NULL,NULL,'2009-11-15',NULL),  ('144','0','15','35','41',NULL,NULL,'2009-11-15',NULL),  ('145','0','15','46','45',NULL,NULL,'2009-11-15',NULL),  ('146','0','15','31','34',NULL,NULL,'2009-11-15',NULL),  ('147','0','15','30','37',NULL,NULL,'2009-11-15',NULL),  ('148','0','15','44','42',NULL,NULL,'2009-11-15',NULL),  ('149','0','15','40','29',NULL,NULL,'2009-11-15',NULL),  ('150','0','15','33','36',NULL,NULL,'2009-11-15',NULL),  ('151','0','15','27','38',NULL,NULL,'2009-11-15',NULL),  ('152','0','16','39','32',NULL,NULL,'2009-11-22',NULL),  ('153','0','16','36','27',NULL,NULL,'2009-11-22',NULL),  ('154','0','16','29','33',NULL,NULL,'2009-11-22',NULL),  ('155','0','16','42','40',NULL,NULL,'2009-11-22',NULL),  ('156','0','16','43','38',NULL,NULL,'2009-11-22',NULL),  ('157','0','16','37','44',NULL,NULL,'2009-11-22',NULL),  ('158','0','16','34','30',NULL,NULL,'2009-11-22',NULL),  ('159','0','16','45','31',NULL,NULL,'2009-11-22',NULL),  ('160','0','16','41','46',NULL,NULL,'2009-11-22',NULL),  ('161','0','16','28','35',NULL,NULL,'2009-11-22',NULL),  ('162','0','17','38','36',NULL,NULL,'2009-11-29',NULL),  ('163','0','17','32','43',NULL,NULL,'2009-11-29',NULL),  ('164','0','17','35','39',NULL,NULL,'2009-11-29',NULL),  ('165','0','17','46','28',NULL,NULL,'2009-11-29',NULL),  ('166','0','17','31','41',NULL,NULL,'2009-11-29',NULL),  ('167','0','17','30','45',NULL,NULL,'2009-11-29',NULL),  ('168','0','17','44','34',NULL,NULL,'2009-11-29',NULL),  ('169','0','17','40','37',NULL,NULL,'2009-11-29',NULL),  ('170','0','17','33','42',NULL,NULL,'2009-11-29',NULL),  ('171','0','17','27','29',NULL,NULL,'2009-11-29',NULL),  ('172','0','18','39','46',NULL,NULL,'2009-12-06',NULL),  ('173','0','18','32','35',NULL,NULL,'2009-12-06',NULL),  ('174','0','18','29','38',NULL,NULL,'2009-12-06',NULL),  ('175','0','18','42','27',NULL,NULL,'2009-12-06',NULL),  ('176','0','18','43','36',NULL,NULL,'2009-12-06',NULL),  ('177','0','18','37','33',NULL,NULL,'2009-12-06',NULL),  ('178','0','18','34','40',NULL,NULL,'2009-12-06',NULL),  ('179','0','18','45','44',NULL,NULL,'2009-12-06',NULL),  ('180','0','18','41','30',NULL,NULL,'2009-12-06',NULL),  ('181','0','18','28','31',NULL,NULL,'2009-12-06',NULL),  ('182','0','19','38','42',NULL,NULL,'2009-12-13',NULL),  ('183','0','19','36','29',NULL,NULL,'2009-12-13',NULL),  ('184','0','19','35','43',NULL,NULL,'2009-12-13',NULL),  ('185','0','19','46','32',NULL,NULL,'2009-12-13',NULL),  ('186','0','19','31','39',NULL,NULL,'2009-12-13',NULL),  ('187','0','19','30','28',NULL,NULL,'2009-12-13',NULL),  ('188','0','19','44','41',NULL,NULL,'2009-12-13',NULL),  ('189','0','19','40','45',NULL,NULL,'2009-12-13',NULL),  ('190','0','19','33','34',NULL,NULL,'2009-12-13',NULL),  ('191','0','19','27','37',NULL,NULL,'2009-12-13',NULL);
INSERT INTO `player` VALUES ('1','0','Maximiliano','Moralez',NULL,'27','3','3','1'),  ('2','0','Hernán','López',NULL,'27','4','3','0'),  ('3','0','Nicolás','Otamendi',NULL,'27','2','3','1'),  ('4','0','Sebastián','Domínguez',NULL,'27','2','3','0'),  ('5','0','Leandro','Somoza',NULL,'27','3','3','0'),  ('6','0','Leandro','Romagnoli',NULL,'28','3','3','1'),  ('7','0','Alejandro','Gómez',NULL,'28','3','3','0'),  ('8','0','Marcelo','Gallardo',NULL,'29','3','3','0'),  ('9','0','Ariel','Ortega',NULL,'29','4','3','1'),  ('10','0','Diego','Buonanotte',NULL,'29','3','3','0'),  ('11','0','Rolando','Schiavi',NULL,'30','2','3','0'),  ('12','0','Sebastián','Blanco',NULL,'31','3','3','0'),  ('13','0','Eduardo','Salvio',NULL,'31','3','3','1'),  ('14','0','Mario','Bolatti',NULL,'32','3','3','1'),  ('15','0','Juan Sebastián','Verón',NULL,'33','3','3','1'),  ('16','0','Mauro','Boselli',NULL,'33','4','3','1'),  ('17','0','Enzo','Pérez',NULL,'33','3','2','1'),  ('18','0','Esteban','Fuertes',NULL,'34','4','3','1'),  ('19','0','Martín','Palermo',NULL,'35','4','3','0'),  ('20','0','Juan Román','Riquelme',NULL,'35','3','3','1'),  ('21','0','Sebastián','Battaglia',NULL,'35','3','3','1'),  ('22','0','Federico','Insúa',NULL,'35','3','3','0'),  ('23','0','Víctor','Zapata',NULL,'27','3','2','1'),  ('24','0','Germán','Montoya',NULL,'27','1','3','0'),  ('25','0','Leandro','Caruso',NULL,'27','4','2','1'),  ('26','0','Emiliano','Papa',NULL,'27','2','2','1'),  ('27','0','Fabián','Cubero',NULL,'27','3','2','1'),  ('28','0','Jonathan','Cristaldo',NULL,'27','4','2','0'),  ('29','0','Waldo','Ponce',NULL,'27','2','2','0'),  ('30','0','Juan M.','Martínez',NULL,'27','4','2','0'),  ('31','0','Rolando','Zárate',NULL,'27','4','2','0'),  ('32','0','Pablo','Lima',NULL,'27','2','1','0'),  ('33','0','Franco','Razzotti',NULL,'27','3','1','0'),  ('34','0','Nicolás','Cabrera',NULL,'27','3','2','0'),  ('35','0','Marcelo','Barovero',NULL,'27','1','2','0'),  ('36','0','Leandro','Velázquez',NULL,'27','3','1','0'),  ('37','0','Gastón','Díaz',NULL,'27','2','1','0'),  ('38','0','Leandro','Coronel',NULL,'27','3','1','0'),  ('39','0','Alejandro','Cabral',NULL,'27','3','1','0'),  ('40','0','Fernando','Tobio',NULL,'27','2','1','0'),  ('41','0','Iván','Bella',NULL,'27','3','1','0'),  ('42','0','Marco','Torsiglieri',NULL,'27','2','1','0'),  ('43','0','Javier','Robles',NULL,'27','3','1','0'),  ('44','0','Andrés','Guzmán',NULL,'27','4','1','0'),  ('45','0','Pablo','Despósito',NULL,'27','3','1','0'),  ('46','0','Maximiliano','Timpanaro',NULL,'27','4','1','0'),  ('47','0','Ezequiel','Cacace',NULL,'27','1','1','0'),  ('48','0','Ricardo','Alvarez',NULL,'27','3','1','0'),  ('49','0','Mariano','Bittolo',NULL,'27','2','1','0'),  ('50','0','Leonardo','Piris',NULL,'27','4','1','0'),  ('51','0','Luciano','Cigno',NULL,'27','3','1','0'),  ('52','0','Martín','Morel',NULL,'36','3','2','1'),  ('53','0','Carlos','Luna',NULL,'36','4','2','1'),  ('54','0','Daniel','Islas',NULL,'36','1','2','1'),  ('55','0','Leandro','Lazzaro',NULL,'36','4','2','0'),  ('56','0','Matías','Giménez',NULL,'36','3','2','0'),  ('57','0','Diego','Castaño',NULL,'36','3','2','0'),  ('58','0','Rodolfo','Arruabarrena',NULL,'36','2','2','0'),  ('59','0','Julio','Manzur',NULL,'36','2','2','1'),  ('60','0','José','Montiel',NULL,'36','3','1','0'),  ('61','0','Norberto','Paparatto',NULL,'36','2','1','0'),  ('62','0','Julio','Aguilar',NULL,'36','4','1','0'),  ('63','0','Guillermo','Suárez',NULL,'36','4','1','0'),  ('64','0','Lucas','Oviedo',NULL,'36','3','1','1'),  ('65','0','Ramiro','Leone',NULL,'36','3','1','0'),  ('66','0','Cristian','Bardaro',NULL,'36','4','1','0'),  ('67','0','Damián','Leyes',NULL,'36','2','1','0'),  ('68','0','José Ignacio','San Román',NULL,'36','2','1','0'),  ('69','0','Jonathan','Blanco',NULL,'36','3','1','0'),  ('70','0','Fabio','Pieters',NULL,'36','3','1','0'),  ('71','0','Juan Pablo','Garat',NULL,'36','2','1','0'),  ('72','0','Mariano','Pasini',NULL,'36','3','1','0'),  ('73','0','Carlos','Fondacaro',NULL,'36','2','1','0'),  ('74','0','Luis','Ardente',NULL,'36','1','1','0'),  ('75','0','Maximiliano','Oliva',NULL,'36','2','1','0'),  ('76','0','Diego','Ferreyra',NULL,'36','3','1','0'),  ('77','0','Gregorio','Abregú',NULL,'36','3','1','0'),  ('78','0','Rubén','Botta',NULL,'36','3','1','0'),  ('79','0','Facundo','Pumpido',NULL,'36','4','1','0'),  ('80','0','Emiliano','Cincotta',NULL,'36','2','1','0'),  ('81','0','Lucas','Abud',NULL,'36','1','1','1'),  ('82','0','Hernán','Castria',NULL,'36','2','1','0'),  ('83','0','Milton','Blanco',NULL,'36','3','1','0'),  ('84','0','Juan Miguel','Maldonado',NULL,'36','3','1','0'),  ('85','0','Walter','Sánchez',NULL,'36','3','1','0'),  ('86','0','Jeremías Pablo','Attadia',NULL,'36','4','1','0'),  ('87','0','Pablo','Migliore',NULL,'28','1','2','1'),  ('88','0','Agustín','Orion',NULL,'28','1','2','0'),  ('89','0','Juan Manuel','Torres',NULL,'28','3','2','0'),  ('90','0','Jonathan','Bottinelli',NULL,'28','2','2','1'),  ('91','0','Cristian','González',NULL,'28','3','2','0'),  ('92','0','Gastón','Aguirre',NULL,'28','2','2','1'),  ('93','0','Aureliano','Torres',NULL,'28','2','2','1'),  ('94','0','Diego','Rivero',NULL,'28','3','2','1'),  ('95','0','Cristian','Leiva',NULL,'28','3','2','0'),  ('96','0','Bernardo','Romeo',NULL,'28','4','2','0'),  ('97','0','Renato','Civelli',NULL,'28','2','2','0'),  ('98','0','Juan Carlos','Menseguez',NULL,'28','4','2','0'),  ('99','0','Pablo','Pintos',NULL,'28','2','2','1'),  ('100','0','Nicolás','Bianchi Arce',NULL,'28','2','2','0'),  ('101','0','Germán','Voboril',NULL,'28','2','1','0'),  ('102','0','Fabián','Bordagaray',NULL,'28','4','1','0'),  ('103','0','Gustavo','Campagnuolo',NULL,'28','1','1','0'),  ('104','0','Sebastián','Luna',NULL,'28','3','2','0'),  ('105','0','Nereo','Champagne',NULL,'28','1','1','0'),  ('106','0','Félix','Orode',NULL,'28','4','1','0'),  ('107','0','Fernando','Meza',NULL,'28','2','1','0'),  ('108','0','Axel','Juárez',NULL,'28','3','1','0'),  ('109','0','Damián','Martínez',NULL,'28','2','1','0'),  ('110','0','Sebastián','González',NULL,'28','3','1','0'),  ('111','0','Salvador','Reynoso',NULL,'28','3','1','0'),  ('112','0','Bruno','Centeno',NULL,'28','1','1','0'),  ('113','0','Juan Martín','CaDelanteroago',NULL,'28','2','1','0'),  ('114','0','Leonel','Rinaldi',NULL,'28','3','1','0'),  ('115','0','Gonzalo','Bazán',NULL,'28','3','1','0'),  ('116','0','Nahuel','De Vico',NULL,'28','3','1','0'),  ('117','0','José Luis','Palomino',NULL,'28','2','1','0'),  ('118','0','Santiago','Prim',NULL,'28','3','1','0'),  ('119','0','Jorge','Broun',NULL,'37','1','2','1'),  ('120','0','Emilio','Zelaya',NULL,'37','4','2','1'),  ('121','0','Andrés','Franzoia',NULL,'37','4','2','0'),  ('122','0','Martín','Astudillo',NULL,'37','3','2','0'),  ('123','0','Jesús','Méndez',NULL,'37','3','2','1'),  ('124','0','Milton','Caraglio',NULL,'37','4','1','0'),  ('125','0','Gonzalo','Choy González',NULL,'37','3','2','0'),  ('126','0','Diego','Chitzoff',NULL,'37','2','1','0'),  ('127','0','Darío','Ocampo',NULL,'37','3','2','0'),  ('128','0','Diego','Braghieri',NULL,'37','2','1','1'),  ('129','0','Guillermo','Burdisso',NULL,'37','2','2','1'),  ('130','0','Alexis','Danelón',NULL,'37','2','1','0'),  ('131','0','Gervasio','Núñez',NULL,'37','3','1','1'),  ('132','0','Paul','Ambrossi',NULL,'37','2','2','0'),  ('133','0','Ignacio','Bogino',NULL,'37','2','1','0'),  ('134','0','Mario','Paglialunga',NULL,'37','3','1','1'),  ('135','0','Nahuel','Valentini',NULL,'37','2','1','0'),  ('136','0','Hernán','Galíndez',NULL,'37','1','1','1'),  ('137','0','Jonatan','Gómez',NULL,'37','4','1','0'),  ('138','0','Abel','Espinosa',NULL,'37','2','1','0'),  ('139','0','Lucas','Moya',NULL,'37','3','1','0'),  ('140','0','Leandro','Gurrieri',NULL,'37','4','1','0'),  ('141','0','Gonzalo','Castillejos',NULL,'37','4','1','1'),  ('142','0','Santiago','García',NULL,'37','2','1','0'),  ('143','0','Ignacio','Calcaterra',NULL,'37','3','1','0'),  ('144','0','Manuel','García',NULL,'37','1','1','0'),  ('145','0','Facundo','Lupardo',NULL,'37','1','1','0'),  ('146','0','Rafael','Delanterogado',NULL,'37','2','1','0'),  ('147','0','Cristian','Godoy',NULL,'37','2','1','0'),  ('148','0','Cristian','Paz',NULL,'37','2','1','0'),  ('149','0','Mario','Vallejo',NULL,'37','2','1','0'),  ('150','0','Matías','Ballini',NULL,'37','3','1','0'),  ('151','0','Milton','Zárate',NULL,'37','3','1','0'),  ('152','0','Martín','Rivero',NULL,'37','3','1','0'),  ('153','0','Emanuel','Serra',NULL,'37','4','1','0'),  ('154','0','Cristian','Fabbiani',NULL,'29','4','2','0'),  ('155','0','Paulo','Ferrari',NULL,'29','2','2','1'),  ('156','0','Patricio','Toranzo',NULL,'29','3','2','0'),  ('157','0','Matías','Abelairas',NULL,'29','3','2','0'),  ('158','0','Mauro','Rosales',NULL,'29','4','2','0'),  ('159','0','Nicolás','Navarro',NULL,'29','1','2','0'),  ('160','0','Mario Daniel','Vega',NULL,'29','1','2','0'),  ('161','0','Gustavo','Cabral',NULL,'29','2','2','0'),  ('162','0','Facundo','Quiroga',NULL,'29','2','2','0'),  ('163','0','Nicolás','Sánchez',NULL,'29','2','2','0'),  ('164','0','Cristian','Villagra',NULL,'29','2','2','0'),  ('165','0','Oscar','Ahumada',NULL,'29','3','2','0'),  ('166','0','Juan Marcelo','Ojeda',NULL,'29','1','1','0'),  ('167','0','Diego','Barrado',NULL,'29','3','2','0'),  ('168','0','Martín','Galmarini',NULL,'29','3','1','0'),  ('169','0','Rodrigo','Archubi',NULL,'29','3','1','0'),  ('170','0','Miguel','Paniagua',NULL,'29','3','2','0'),  ('171','0','Matías','Almeyda',NULL,'29','3','2','1'),  ('172','0','Mauro','Díaz',NULL,'29','3','2','0'),  ('173','0','Nicolás','Domingo',NULL,'29','3','1','0'),  ('174','0','Javier','Cohene Mereles',NULL,'29','2','1','0'),  ('175','0','Andrés','Ríos',NULL,'29','4','1','0'),  ('176','0','Gustavo','Bou',NULL,'29','4','1','0'),  ('177','0','Lucas','Orban',NULL,'29','2','1','0'),  ('178','0','Gustavo','Fernández',NULL,'29','4','1','0'),  ('179','0','Daniel','Villalba',NULL,'29','4','1','0'),  ('180','0','Facundo','Affranchino',NULL,'29','3','1','0'),  ('181','0','Gustavo','Gil',NULL,'29','4','1','0'),  ('182','0','Erik','Lamela',NULL,'29','3','1','0'),  ('183','0','Leandro','Chichizola',NULL,'29','1','1','0'),  ('184','0','Maximiliano','Coronel',NULL,'29','2','1','0'),  ('185','0','Eial','Strahman',NULL,'29','4','1','0'),  ('186','0','Gonzalo','Marinelli',NULL,'29','1','1','0'),  ('187','0','Germán','Pezzella',NULL,'29','2','1','0'),  ('188','0','Rubén','Ramírez',NULL,'38','4','2','1'),  ('189','0','Pablo','Lugüercio',NULL,'38','4','2','0'),  ('190','0','Matías','Martínez',NULL,'38','2','2','1'),  ('191','0','Claudio','Yacob',NULL,'38','3','2','0'),  ('192','0','Lucas','Aveldaño',NULL,'38','2','2','0'),  ('193','0','Lucas','Castromán',NULL,'38','3','2','0'),  ('194','0','Adrián','Lucero',NULL,'38','3','2','0'),  ('195','0','Sebastián','Rosano',NULL,'38','3','1','0'),  ('196','0','Marcos','Cáceres',NULL,'38','2','2','1'),  ('197','0','Matías','Cahais',NULL,'38','2','2','1'),  ('198','0','Sebastián','Grazzini',NULL,'38','3','2','0'),  ('199','0','Pablo','Santillo',NULL,'38','1','2','0'),  ('200','0','Martín','Wagner',NULL,'38','3','1','0'),  ('201','0','Juan Carlos','Falcón',NULL,'38','3','2','0'),  ('202','0','Damián','Ledesma',NULL,'38','3','1','0'),  ('203','0','Gabriel','Mercado',NULL,'38','2','1','0'),  ('204','0','Damián','Steinert',NULL,'38','4','1','0'),  ('205','0','Cristian','Tavio',NULL,'38','2','1','0'),  ('206','0','Pablo','Caballero',NULL,'38','4','1','0'),  ('207','0','José','Martínez Gullotta',NULL,'38','1','1','0'),  ('208','0','Marcos','Brítez Ojeda',NULL,'38','3','1','1'),  ('209','0','Pablo','Monsalvo',NULL,'38','3','1','0'),  ('210','0','Braian','Lluy',NULL,'38','2','1','1'),  ('211','0','Jorge','De Olivera',NULL,'38','1','1','1'),  ('212','0','Diego','Menghi',NULL,'38','2','1','0'),  ('213','0','José Luis','Fernández',NULL,'38','3','1','0'),  ('214','0','Juan','Sánchez Sotelo',NULL,'38','4','1','0'),  ('215','0','Javier','Velázquez',NULL,'38','4','1','0'),  ('216','0','Gonzalo','Pérez',NULL,'38','3','1','0'),  ('217','0','Mauro','Dobler',NULL,'38','1','1','0'),  ('218','0','Martín','Puchetta',NULL,'38','2','1','0'),  ('219','0','Nicolás','Sainz',NULL,'38','2','1','0'),  ('220','0','Luis','Fariña',NULL,'38','3','1','0'),  ('221','0','Juan Cruz','Respuela',NULL,'38','4','1','0'),  ('222','0','Brian','Risso',NULL,'38','4','1','0'),  ('223','0','Valentín','Viola',NULL,'38','4','1','0'),  ('224','0','Mauro','Formica',NULL,'30','3','2','1'),  ('225','0','Sebastián','Peratta',NULL,'30','1','2','1'),  ('226','0','Leonel','Vangioni',NULL,'30','3','2','1'),  ('227','0','Juan M.','Insaurralde',NULL,'30','2','2','1'),  ('228','0','Mauricio','Sperdutti',NULL,'30','3','2','0'),  ('229','0','Cristian','Sánchez Prette',NULL,'30','3','2','1'),  ('230','0','Joaquín A.','Boghossian',NULL,'30','4','1','0'),  ('231','0','Alejandro','Da Silva',NULL,'30','4','1','0'),  ('232','0','Lucas','Bernardi',NULL,'30','3','2','0'),  ('233','0','Jorge','Achucarro',NULL,'30','4','1','0'),  ('234','0','Hugo','Barrientos',NULL,'30','3','1','0'),  ('235','0','Diego','Mateo',NULL,'30','3','2','0'),  ('236','0','Diego','Torres',NULL,'30','4','1','0'),  ('237','0','Juan','Quiroga',NULL,'30','2','1','1'),  ('238','0','Germán','Caffa',NULL,'30','1','1','1'),  ('239','0','Pablo','Aguilar',NULL,'30','2','1','0'),  ('240','0','Franco','Dolci',NULL,'30','3','1','0'),  ('241','0','Diego','Casaneve',NULL,'30','3','1','0'),  ('242','0','Matías','Quiroga',NULL,'30','3','1','0'),  ('243','0','Cristian','Núñez',NULL,'30','4','1','1'),  ('244','0','Miguel','Torren',NULL,'30','2','1','0'),  ('245','0','Ignacio','FiDelanteroeff',NULL,'30','2','1','0'),  ('246','0','Pablo','Pérez',NULL,'30','3','1','0'),  ('247','0','Nahuel','Roselli',NULL,'30','2','1','0'),  ('248','0','Mauricio','Carrasco',NULL,'30','4','1','0'),  ('249','0','Martín','Seri',NULL,'30','3','1','0'),  ('250','0','Juan Manuel','Sosa',NULL,'30','3','1','0'),  ('251','0','Alexis','Machuca',NULL,'30','2','1','0'),  ('252','0','Carlos','Vaca',NULL,'30','2','1','0'),  ('253','0','Santiago','Fernández',NULL,'30','4','1','0'),  ('254','0','Rodrigo','Chávez',NULL,'30','2','1','0'),  ('255','0','Cristian','Díaz',NULL,'30','3','1','0'),  ('256','0','Hernán','Zanni',NULL,'30','3','1','0'),  ('257','0','Emanuel','Dening',NULL,'30','4','1','0'),  ('258','0','Federico','Falcone',NULL,'30','4','1','0'),  ('259','0','Lucas','Hoyos',NULL,'30','1','1','0'),  ('260','0','Alejandro','Cascio',NULL,'30','3','1','0'),  ('261','0','Juan Manuel','Cobelli',NULL,'30','4','1','0'),  ('262','0','Santiago','Salcedo',NULL,'31','4','2','1'),  ('263','0','Diego','Lagos',NULL,'31','4','2','0'),  ('264','0','Mauricio','Caranta',NULL,'31','1','2','1'),  ('265','0','Agustín','Pelletieri',NULL,'31','3','2','1'),  ('266','0','Matías','Fritzler',NULL,'31','3','2','1'),  ('267','0','Maximiliano','Velázquez',NULL,'31','2','2','0'),  ('268','0','Marcos','Aguirre',NULL,'31','3','2','0'),  ('269','0','Santiago','Hoyos',NULL,'31','2','2','0'),  ('270','0','Diego','González',NULL,'31','3','1','1'),  ('271','0','Santiago','Biglieri',NULL,'31','4','1','1'),  ('272','0','Jadson','Viera',NULL,'31','2','2','0'),  ('273','0','Emir','Faccioli',NULL,'31','2','1','1'),  ('274','0','Eduardo','Ledesma',NULL,'31','3','2','1'),  ('275','0','Adrián','Peralta',NULL,'31','3','1','0'),  ('276','0','Hernán','Grana',NULL,'31','2','1','0'),  ('277','0','Carlos','Quintana',NULL,'31','2','1','0'),  ('278','0','Carlos','Arce',NULL,'31','2','1','0'),  ('279','0','Cristian','Menéndez',NULL,'31','4','1','0'),  ('280','0','Agustín','Marchesín',NULL,'31','1','1','0'),  ('281','0','Roberto','Dovetta',NULL,'31','4','1','0'),  ('282','0','Iván','Macalik',NULL,'31','2','1','0'),  ('283','0','Maximiliano','Lugo',NULL,'31','2','1','0'),  ('284','0','Mario','Zaninovic',NULL,'31','3','1','0'),  ('285','0','Marcelo','Benítez',NULL,'31','3','1','0'),  ('286','0','Rodrigo','Erramuspe',NULL,'31','2','1','0'),  ('287','0','Leandro','Benítez',NULL,'31','3','1','1'),  ('288','0','Javier','Carrasco',NULL,'31','3','1','0'),  ('289','0','Gonzalo','Díaz Nachar',NULL,'31','3','1','0'),  ('290','0','Guido','Pizarro',NULL,'31','3','1','0'),  ('291','0','Esteban','Andrada',NULL,'31','1','1','0'),  ('292','0','Ariel','Alarcón',NULL,'31','2','1','0'),  ('293','0','Luciano','Balbi',NULL,'31','2','1','0'),  ('294','0','Gastón','Lolli',NULL,'31','2','1','0'),  ('295','0','Leonel','Pérez',NULL,'31','2','1','0'),  ('296','0','Javier','Arias',NULL,'31','4','1','0'),  ('297','0','Diego','Bielkiewicz',NULL,'31','4','1','0'),  ('298','0','Andrés','Silvera',NULL,'39','4','2','0'),  ('299','0','Fabián','Assmann',NULL,'39','1','2','0'),  ('300','0','Hilario','Navarro',NULL,'39','1','2','1'),  ('301','0','Leonel','Núñez',NULL,'39','4','2','0'),  ('302','0','Walter','Busse',NULL,'39','3','2','0'),  ('303','0','Ignacio','Piatti',NULL,'39','3','2','0'),  ('304','0','Eduardo','Tuzzio',NULL,'39','2','2','0'),  ('305','0','Darío','Gandín',NULL,'39','4','2','1'),  ('306','0','Gastón','Machín',NULL,'39','3','2','0'),  ('307','0','Carlos','Matheu',NULL,'39','2','2','1'),  ('308','0','Walter','Acevedo',NULL,'39','3','2','0'),  ('309','0','Luciano','Vella',NULL,'39','2','1','1'),  ('310','0','Lucas','Pusineri',NULL,'39','3','1','0'),  ('311','0','Lucas','Mareque',NULL,'39','2','2','0'),  ('312','0','Ricardo','Moreira',NULL,'39','2','1','0'),  ('313','0','Federico','Mancuello',NULL,'39','3','1','1'),  ('314','0','Patricio','Rodríguez',NULL,'39','3','2','1'),  ('315','0','Angel','Puertas',NULL,'39','2','1','0'),  ('316','0','Sergio','Vittor',NULL,'39','3','1','0'),  ('317','0','Fernando','Godoy',NULL,'39','3','1','0'),  ('318','0','Martín','Gómez',NULL,'39','4','1','1'),  ('319','0','Nicolás','Mazzola',NULL,'39','4','1','0'),  ('320','0','Samuel','Cáceres',NULL,'39','2','1','0'),  ('321','0','Federico','González',NULL,'39','4','1','0'),  ('322','0','Adrián','Gabbarini',NULL,'39','1','1','1'),  ('323','0','Héctor','Echagüe',NULL,'39','3','1','0'),  ('324','0','Leonel','Galeano',NULL,'39','2','1','0'),  ('325','0','Lucas','Kruspzky',NULL,'39','2','1','0'),  ('326','0','Nicolás','Martínez',NULL,'39','3','1','0'),  ('327','0','Roberto','Vissio',NULL,'39','3','1','0'),  ('328','0','Matías','Canteros',NULL,'39','2','1','0'),  ('329','0','Diego','Rodríguez',NULL,'39','1','1','0'),  ('330','0','Julián','Velázquez',NULL,'39','2','1','0'),  ('331','0','Mariano','Berriex',NULL,'39','3','1','1'),  ('332','0','David','Escalante',NULL,'39','4','1','0'),  ('333','0','Patricio','Toranzo',NULL,'32','3','2','0'),  ('334','0','Paolo','Goltz',NULL,'32','2','2','1'),  ('335','0','Gastón','Monzón',NULL,'32','1','2','0'),  ('336','0','Eduardo','Domínguez',NULL,'32','2','2','0'),  ('337','0','Leandro','Díaz',NULL,'32','3','2','0'),  ('338','0','Pablo','Jerez',NULL,'32','2','1','1'),  ('339','0','Gastón','Esmerado',NULL,'32','3','1','0'),  ('340','0','Rodrigo','Díaz',NULL,'32','3','2','0'),  ('341','0','Alan','Sánchez',NULL,'32','3','1','0'),  ('342','0','Diego','Rodríguez',NULL,'32','2','1','0'),  ('343','0','Gonzalo','García',NULL,'32','2','1','0'),  ('344','0','Lucas','Trecarichi',NULL,'32','3','1','0'),  ('345','0','Federico','Laurito',NULL,'32','4','1','0'),  ('346','0','Kevin','Cura',NULL,'32','2','1','0'),  ('347','0','Juan Carlos','Carrizo',NULL,'32','3','1','0'),  ('348','0','Nicolás','De Bruno',NULL,'32','3','1','0'),  ('349','0','Leandro','Benegas',NULL,'32','4','1','1'),  ('350','0','Ezequiel','Filipetto',NULL,'32','2','1','0'),  ('351','0','Luciano','Nieto',NULL,'32','4','1','0'),  ('352','0','Nicolás','Trecco',NULL,'32','4','1','0'),  ('353','0','Rodrigo','Malbernat',NULL,'32','3','1','0'),  ('354','0','Lucas','Calviño',NULL,'32','1','1','0'),  ('355','0','Daniel','Medina',NULL,'32','3','1','0'),  ('356','0','Gastón','Rudniesky',NULL,'32','1','1','0'),  ('357','0','César','Vallejos',NULL,'32','1','1','0'),  ('358','0','Cristian','Fernández',NULL,'32','2','1','0'),  ('359','0','Ezequiel','Llesona',NULL,'32','2','1','0'),  ('360','0','Gerardo','Maidana',NULL,'32','2','1','0'),  ('361','0','Mariano','Cosentino',NULL,'32','3','1','0'),  ('362','0','Francisco','Hernández',NULL,'32','3','1','0'),  ('363','0','Marcos','Moreno',NULL,'32','3','1','0'),  ('364','0','Gino','Clara',NULL,'32','4','1','0'),  ('365','0','Carlos','Ortiz López',NULL,'32','4','1','0'),  ('366','0','Nelson','Ibáñez',NULL,'40','1','2','0'),  ('367','0','Federico','Higuaín',NULL,'40','4','2','1'),  ('368','0','Daniel','Vega',NULL,'40','4','1','1'),  ('369','0','Sebastián','Salomón',NULL,'40','3','2','0'),  ('370','0','Lautaro','Formica',NULL,'40','2','2','0'),  ('371','0','Francisco','Dutari',NULL,'40','2','1','0'),  ('372','0','Sebastián','Martínez',NULL,'40','2','1','0'),  ('373','0','Leonardo','Sigali',NULL,'40','2','1','1'),  ('374','0','Nicolás','Olmedo',NULL,'40','3','1','1'),  ('375','0','Cristian','Chávez',NULL,'40','4','1','0'),  ('376','0','Leandro','Torres',NULL,'40','3','1','0'),  ('377','0','Jorge','Curbelo',NULL,'40','2','1','0'),  ('378','0','Gabriel','Vallés',NULL,'40','2','1','0'),  ('379','0','Ariel','Rojas',NULL,'40','3','1','0'),  ('380','0','Martín','Aguirre',NULL,'40','3','1','0'),  ('381','0','José','Ramírez',NULL,'40','1','1','0'),  ('382','0','Diego','Trotta',NULL,'40','2','1','0'),  ('383','0','Luis','Lobos',NULL,'40','2','1','0'),  ('384','0','Ernesto','Garín',NULL,'40','3','1','0'),  ('385','0','Carlos','Valencia',NULL,'40','3','1','0'),  ('386','0','Matías','Jara',NULL,'40','4','1','1'),  ('387','0','Zelmar','García',NULL,'40','2','1','0'),  ('388','0','Jesús','Vera',NULL,'40','4','1','0'),  ('389','0','César','Mena',NULL,'40','2','1','0'),  ('390','0','Cristian','Cuevas',NULL,'40','2','1','0'),  ('391','0','Sergio','Sánchez',NULL,'40','3','1','0'),  ('392','0','Maximiliano','Alaniz',NULL,'40','4','1','0'),  ('393','0','Cristian','Delantero Castillo',NULL,'40','2','1','0'),  ('394','0','Facundo','Bailo',NULL,'40','3','1','0'),  ('395','0','Marcio','Conejero',NULL,'40','3','1','0'),  ('396','0','Federico','Villegas',NULL,'40','3','1','0'),  ('397','0','Cristian','Aracena',NULL,'40','1','1','0'),  ('398','0','Juan','Marital',NULL,'40','2','1','0'),  ('399','0','Paolo','Santander',NULL,'40','2','1','0'),  ('400','0','Nicolás','Triviño',NULL,'40','2','1','0'),  ('401','0','Alejandro','Camargo',NULL,'40','3','1','0'),  ('402','0','Paul','Martín',NULL,'40','3','1','0'),  ('403','0','Adrián','Escudero',NULL,'40','4','1','0'),  ('404','0','Sebastián','Romero',NULL,'41','3','2','1'),  ('405','0','Gastón','Sessa',NULL,'41','1','2','0'),  ('406','0','Juan','Cuevas',NULL,'41','4','2','0'),  ('407','0','Fabián','Rinaudo',NULL,'41','3','2','0'),  ('408','0','José','Vizcarra',NULL,'41','4','2','0'),  ('409','0','Ariel','Agüero',NULL,'41','2','1','1'),  ('410','0','Alvaro','Ormeño',NULL,'41','2','2','0'),  ('411','0','Esteban','González',NULL,'41','3','2','0'),  ('412','0','Rubén','Maldonado',NULL,'41','2','2','0'),  ('413','0','Roberto','Sosa',NULL,'41','4','1','0'),  ('414','0','Diego','Villar',NULL,'41','3','1','0'),  ('415','0','Mariano','Messera',NULL,'41','3','2','0'),  ('416','0','Marcelo','Cardozo',NULL,'41','2','1','0'),  ('417','0','Marco','Pérez',NULL,'41','4','1','0'),  ('418','0','Luciano','Aued',NULL,'41','3','1','1'),  ('419','0','Sebastián','Ereros',NULL,'41','4','1','0'),  ('420','0','Hugo','Iriarte',NULL,'41','2','1','0'),  ('421','0','Cristian','Piarrou',NULL,'41','2','1','0'),  ('422','0','Néstor','Martinena',NULL,'41','4','1','1'),  ('423','0','Lucas','Landa',NULL,'41','2','1','0'),  ('424','0','Denis','Stracqualursi',NULL,'41','4','1','1'),  ('425','0','Pablo','Bangardino',NULL,'41','1','1','0'),  ('426','0','Juan','Neira',NULL,'41','4','1','0'),  ('427','0','Pablo','De Blasis',NULL,'41','3','1','0'),  ('428','0','Milton','Casco',NULL,'41','3','1','0'),  ('429','0','Lucas','Castro',NULL,'41','3','1','0'),  ('430','0','Dardo','Miloc',NULL,'41','3','1','0'),  ('431','0','Andrés','Angelini',NULL,'41','1','1','0'),  ('432','0','Yair','Bonnin',NULL,'41','1','1','0'),  ('433','0','Fernando','Monetti',NULL,'41','1','1','0'),  ('434','0','Raúl Alberto','Albornoz',NULL,'41','2','1','0'),  ('435','0','Miguel Angel','Juárez',NULL,'41','2','1','1'),  ('436','0','Federico','Quiroga',NULL,'41','2','1','0'),  ('437','0','Nery','Espinoza',NULL,'41','3','1','0'),  ('438','0','Alfredo Israel','Roldán',NULL,'41','3','1','1'),  ('439','0','Rodrigo','Braña',NULL,'33','3','2','1'),  ('440','0','Clemente','Rodríguez',NULL,'33','2','2','1'),  ('441','0','José Luis','Calderón',NULL,'33','4','1','0'),  ('442','0','Marcos','Angeleri',NULL,'33','2','1','0'),  ('443','0','Marcelo','Carrusca',NULL,'33','3','2','0'),  ('444','0','Leandro','Desábato',NULL,'33','2','2','1'),  ('445','0','Agustín','Alayes',NULL,'33','2','2','0'),  ('446','0','Christian','Cellay',NULL,'33','2','2','1'),  ('447','0','Leandro','Benítez',NULL,'33','3','2','0'),  ('448','0','Juan Manuel','Salgueiro',NULL,'33','4','2','0'),  ('449','0','Germán','Ré',NULL,'33','2','2','0'),  ('450','0','Damián','Albil',NULL,'33','1','2','1'),  ('451','0','Matías','Sánchez',NULL,'33','3','2','0'),  ('452','0','Leandro','González',NULL,'33','3','1','0'),  ('453','0','Roberto','Fernández',NULL,'33','1','1','0'),  ('454','0','Edgar','González',NULL,'33','3','1','0'),  ('455','0','César','Taborda',NULL,'33','1','1','0'),  ('456','0','Juan Manuel','Díaz',NULL,'33','2','1','0'),  ('457','0','J.','Morales Neumann',NULL,'33','4','1','0'),  ('458','0','Federico','Fernández',NULL,'33','2','1','0'),  ('459','0','Raúl','Iberbia',NULL,'33','2','1','0'),  ('460','0','Maximiliano','Núñez',NULL,'33','3','1','0'),  ('461','0','Milton','Galeana',NULL,'33','4','1','0'),  ('462','0','Diego','Armani',NULL,'33','1','1','0'),  ('463','0','Marcos','Rojo',NULL,'33','2','1','0'),  ('464','0','Cristian','Gaitán',NULL,'33','2','1','0'),  ('465','0','Matías','Sarulyte',NULL,'33','2','1','0'),  ('466','0','Matías','Birge',NULL,'33','3','1','0'),  ('467','0','Agustín','Silva',NULL,'33','1','1','0'),  ('468','0','Diego','Pozo',NULL,'34','1','2','1'),  ('469','0','Alexis','Ferrero',NULL,'34','2','2','1'),  ('470','0','Germán','Rivarola',NULL,'34','2','2','1'),  ('471','0','Federico','Nieto',NULL,'34','4','2','0'),  ('472','0','Cristian','Pellerano',NULL,'34','3','2','0'),  ('473','0','Marcelo','Goux',NULL,'34','2','1','1'),  ('474','0','Ariel','Garcé',NULL,'34','2','2','1'),  ('475','0','Alejandro','Capurro',NULL,'34','3','2','0'),  ('476','0','Ricardo','Gómez',NULL,'34','3','2','0'),  ('477','0','Daley','Mena',NULL,'34','4','1','0'),  ('478','0','Lucas','Acosta',NULL,'34','3','1','0'),  ('479','0','Juan Manuel','Lucero',NULL,'34','4','1','0'),  ('480','0','Alfredo','Ramírez',NULL,'34','3','1','1'),  ('481','0','Facundo','Bertoglio',NULL,'34','3','2','1'),  ('482','0','Luis','Quinteros',NULL,'34','4','1','0'),  ('483','0','Salustiano','Candia',NULL,'34','2','1','0'),  ('484','0','Nicolás','Torres',NULL,'34','3','1','0'),  ('485','0','Fabián','Castillo',NULL,'34','4','1','0'),  ('486','0','Omar','Merlo',NULL,'34','2','1','0'),  ('487','0','Cristian','Barinaga',NULL,'34','3','1','0'),  ('488','0','Maximiliano','Caire',NULL,'34','2','1','0'),  ('489','0','Pablo','De Miranda',NULL,'34','2','1','0'),  ('490','0','Federico','García',NULL,'34','2','1','0'),  ('491','0','Mauricio','Mansilla',NULL,'34','2','1','0'),  ('492','0','Facundo','Sánchez',NULL,'34','3','1','0'),  ('493','0','Marcos','Díaz',NULL,'34','1','1','0'),  ('494','0','Ismael','Quilez',NULL,'34','2','1','0'),  ('495','0','Mauro','Bellone',NULL,'34','3','1','0'),  ('496','0','Rodrigo','Canario',NULL,'34','4','1','0'),  ('497','0','Iván','Gorosito',NULL,'34','1','1','0'),  ('498','0','Gonzalo','Gaydou',NULL,'34','2','1','0'),  ('499','0','Santiago','Soto',NULL,'34','3','1','0'),  ('500','0','Sebastián','Sciorilli',NULL,'42','3','2','0'),  ('501','0','Nicolás','Tauber',NULL,'42','1','1','1'),  ('502','0','Cristian','Grabinski',NULL,'42','2','1','1'),  ('503','0','Matías','Alustiza',NULL,'42','4','2','1'),  ('504','0','Diego','Crosa',NULL,'42','2','2','0'),  ('505','0','Facundo','Parra',NULL,'42','4','1','0'),  ('506','0','Sebastián','Cejas',NULL,'42','1','1','0'),  ('507','0','Fernando','Crosa',NULL,'42','2','1','0'),  ('508','0','Jorge','Núñez',NULL,'42','2','1','0'),  ('509','0','Emanuel','Centurión',NULL,'42','3','2','0'),  ('510','0','Federico','Vismara',NULL,'42','3','1','1'),  ('511','0','Omar','Zarif',NULL,'42','3','1','1'),  ('512','0','Cristian','Milla',NULL,'42','4','1','0'),  ('513','0','Daniel','Pereira',NULL,'42','3','1','0'),  ('514','0','Juan Manuel','Aróstegui',NULL,'42','4','1','1'),  ('515','0','Alejandro','Frezzotti',NULL,'42','3','1','0'),  ('516','0','Nicolás','Ramírez',NULL,'42','3','1','0'),  ('517','0','Mariano','Echeverría',NULL,'42','2','1','0'),  ('518','0','Fernando','Fontana',NULL,'42','2','1','0'),  ('519','0','Franco','Miranda',NULL,'42','2','1','0'),  ('520','0','Federico','Iñíguez',NULL,'42','3','1','0'),  ('521','0','Diego','Churín',NULL,'42','4','1','0'),  ('522','0','José Luis','Gómez',NULL,'42','3','1','0'),  ('523','0','Germán','Cano',NULL,'42','4','1','0'),  ('524','0','Daniel','Ponce',NULL,'42','3','1','0'),  ('525','0','Emiliano','Strappini',NULL,'42','4','1','0'),  ('526','0','Cristian','Gutiérrez',NULL,'42','2','1','0'),  ('527','0','Diego','Morales',NULL,'42','4','1','0'),  ('528','0','Franco','Coria',NULL,'42','2','1','0'),  ('529','0','Jorge','Myma',NULL,'42','3','1','0'),  ('530','0','Federico','Rosso',NULL,'42','2','1','0'),  ('531','0','Matías','Pisano',NULL,'42','3','1','0'),  ('532','0','Diego','Torres',NULL,'42','4','1','0'),  ('533','0','Pedro','Fernández',NULL,'42','1','1','0'),  ('534','0','Lisandro','López',NULL,'42','2','1','0'),  ('535','0','Daniel','Giordano',NULL,'42','4','1','0'),  ('536','0','Roberto','Abbondanzieri',NULL,'35','1','2','0'),  ('537','0','Hugo','Ibarra',NULL,'35','2','2','1'),  ('538','0','Claudio','Morel Rodríguez',NULL,'35','2','2','0'),  ('539','0','Gary','Medel',NULL,'35','3','2','1'),  ('540','0','Julio César','Cáceres',NULL,'35','2','2','1'),  ('541','0','Pablo','Mouche',NULL,'35','4','2','1'),  ('542','0','Cristian','Chávez',NULL,'35','3','1','0'),  ('543','0','Lucas','Viatri',NULL,'35','4','1','1'),  ('544','0','Gabriel','Paletta',NULL,'35','2','2','1'),  ('545','0','Guillermo','Marino',NULL,'35','3','2','1'),  ('546','0','Ariel','Rosada',NULL,'35','3','1','1'),  ('547','0','Luciano','Monzón',NULL,'35','2','2','0'),  ('548','0','Ricardo','Noir',NULL,'35','4','1','0'),  ('549','0','Nicolás','Gaitán',NULL,'35','3','1','1'),  ('550','0','Juan','Krupoviesa',NULL,'35','2','1','0'),  ('551','0','José María','Calvo',NULL,'35','2','1','0'),  ('552','0','Javier','García',NULL,'35','1','1','0'),  ('553','0','Adrián','Gunino',NULL,'35','2','1','1'),  ('554','0','Ezequiel','Muñoz',NULL,'35','2','1','0'),  ('555','0','Gastón','Sauro',NULL,'35','2','1','0'),  ('556','0','Josué','Ayala',NULL,'35','1','1','0'),  ('557','0','Exequiel','Benavídez',NULL,'35','3','1','0'),  ('558','0','Breyner','Bonilla',NULL,'35','2','1','0'),  ('559','0','S. Alberto','Battaglia',NULL,'35','3','1','0'),  ('560','0','Jonathan','Philippe',NULL,'35','4','1','0'),  ('561','0','Nicolás','Colazo',NULL,'35','3','1','0'),  ('562','0','Leandro','Aguirre',NULL,'35','2','1','0'),  ('563','0','Omar','Alfonso',NULL,'35','2','1','0'),  ('564','0','Enzo Adrián','Ruiz',NULL,'35','2','1','0'),  ('565','0','Cristian','Erbes',NULL,'35','3','1','0'),  ('566','0','Sebastián','Vidal',NULL,'35','3','1','0'),  ('567','0','Cristian','Lucchetti',NULL,'43','1','2','1'),  ('568','0','Santiago','Silva',NULL,'43','4','2','1'),  ('569','0','Sebastián','Fernández',NULL,'43','4','2','1'),  ('570','0','Walter','Erviti',NULL,'43','3','2','1'),  ('571','0','Víctor','López',NULL,'43','2','2','1'),  ('572','0','Daniel','Bilos',NULL,'43','3','2','0'),  ('573','0','Roberto','Battión',NULL,'43','3','1','1'),  ('574','0','Maximiliano','Bustos',NULL,'43','3','1','0'),  ('575','0','Sebastián','Méndez',NULL,'43','2','2','0'),  ('576','0','Marcelo','Quinteros',NULL,'43','3','2','0'),  ('577','0','Julio','Marchant',NULL,'43','3','1','1'),  ('578','0','Marcelo','Bustamante',NULL,'43','2','1','1'),  ('579','0','Santiago','Ladino',NULL,'43','2','1','0'),  ('580','0','Emmanuel','Pío',NULL,'43','3','1','0'),  ('581','0','Luis','Salmerón',NULL,'43','4','1','0'),  ('582','0','José','Devaca',NULL,'43','2','1','0'),  ('583','0','Julio','Barraza',NULL,'43','2','1','1'),  ('584','0','James','Rodríguez',NULL,'43','3','2','1'),  ('585','0','Ariel','Broggi',NULL,'43','2','1','0'),  ('586','0','Cristian','García',NULL,'43','4','1','0'),  ('587','0','Enrique','Bologna',NULL,'43','1','1','0'),  ('588','0','Maximiliano','Laso',NULL,'43','3','1','0'),  ('589','0','Marcos','Galarza',NULL,'43','2','1','0'),  ('590','0','Fabián','Santana',NULL,'43','3','1','0'),  ('591','0','Gustavo','Gómez',NULL,'43','3','1','0'),  ('592','0','Mauro','Dos Santos',NULL,'43','2','1','0'),  ('593','0','Facundo','Ferreyra',NULL,'43','4','1','0'),  ('594','0','Federico','SarDelanterola',NULL,'43','3','1','0'),  ('595','0','Pablo','Vergara',NULL,'43','2','1','0'),  ('596','0','Gonzalo','Robledo',NULL,'43','2','1','0'),  ('597','0','Diego','Galeano',NULL,'43','3','1','0'),  ('598','0','Guido','Di Vanni',NULL,'43','4','1','0'),  ('599','0','Sebastián','López',NULL,'43','1','1','0'),  ('600','0','Favio','Segovia',NULL,'43','2','1','0'),  ('601','0','Héctor','Desvaux',NULL,'44','2','1','1'),  ('602','0','Raúl','Saavedra',NULL,'44','2','1','0'),  ('603','0','Luis','Rodríguez',NULL,'44','4','2','0'),  ('604','0','Pablo','Calandria',NULL,'44','4','1','0'),  ('605','0','Matías','Villavicencio',NULL,'44','2','1','0'),  ('606','0','Matías','Escobar',NULL,'44','3','1','0'),  ('607','0','Claudio','Sarría',NULL,'44','3','1','1'),  ('608','0','Deivis','Barone',NULL,'44','2','1','0'),  ('609','0','Juan Manuel','Azconzábal',NULL,'44','2','1','0'),  ('610','0','Javier','Páez',NULL,'44','2','1','0'),  ('611','0','Jonathan','Blanes',NULL,'44','3','1','0'),  ('612','0','Lucas','Ischuk',NULL,'44','1','1','1'),  ('613','0','Andrés','Bressán',NULL,'44','2','1','0'),  ('614','0','Diego','Erroz',NULL,'44','3','1','0'),  ('615','0','Martín','Granero',NULL,'44','3','1','0'),  ('616','0','Damián','Musto',NULL,'44','3','1','0'),  ('617','0','Fabio','Escobar',NULL,'44','4','1','0'),  ('618','0','Sebastián','Longo',NULL,'44','3','1','0'),  ('619','0','César','Montiglio',NULL,'44','3','1','0'),  ('620','0','Juan','Pereyra',NULL,'44','4','1','1'),  ('621','0','Matías','García',NULL,'44','3','1','0'),  ('622','0','Emanuel','Gigliotti',NULL,'44','4','1','0'),  ('623','0','Esteban','Dei Rossi',NULL,'44','1','1','0'),  ('624','0','David','Drocco',NULL,'44','3','1','1'),  ('625','0','Rodrigo','Herrera',NULL,'44','2','1','0'),  ('626','0','José','Saavedra',NULL,'44','3','1','0'),  ('627','0','Claudio','González',NULL,'44','3','1','0'),  ('628','0','Cristian','Campestrini',NULL,'45','1','2','0'),  ('629','0','Javier','Yacuzzi',NULL,'45','3','2','0'),  ('630','0','Mauro','Matos',NULL,'45','4','2','0'),  ('631','0','Aníbal','Matellán',NULL,'45','2','2','0'),  ('632','0','Diego','Galván',NULL,'45','3','2','0'),  ('633','0','Franco','Jara',NULL,'45','4','2','1'),  ('634','0','Sergio','Sena',NULL,'45','3','1','0'),  ('635','0','Cristian','Alvarez',NULL,'45','3','2','0'),  ('636','0','Federico','Poggi',NULL,'45','3','1','0'),  ('637','0','Franco','Peppino',NULL,'45','2','1','1'),  ('638','0','Cristian','Tula',NULL,'45','2','1','1'),  ('639','0','Facundo','Pérez Castro',NULL,'45','3','1','0'),  ('640','0','Darío','Espínola',NULL,'45','2','1','0'),  ('641','0','Matías','Pérez',NULL,'45','2','1','0'),  ('642','0','Matías','Carabajal',NULL,'45','3','1','0'),  ('643','0','Alexander','Medina',NULL,'45','4','1','0'),  ('644','0','Mariano Sebastián','Brau',NULL,'45','2','1','0'),  ('645','0','Jonathan','López',NULL,'45','4','1','0'),  ('646','0','Juan','Bottaro',NULL,'45','4','1','0'),  ('647','0','Hugo','Nervo',NULL,'45','2','1','0'),  ('648','0','Iván','Marcone',NULL,'45','3','1','0'),  ('649','0','Darío','Benedetto',NULL,'45','4','1','0'),  ('650','0','Mariano','Martínez',NULL,'45','4','1','0'),  ('651','0','Catriel','Orcellet',NULL,'45','1','1','0'),  ('652','0','Nahuel','Sachetto',NULL,'45','3','1','0'),  ('653','0','Raúl','Speroni',NULL,'45','4','1','0'),  ('654','0','Damián','Pérez',NULL,'45','2','1','0'),  ('655','0','Facundo','Silva',NULL,'45','3','1','0'),  ('656','0','Nicolás','Aguirre',NULL,'45','3','1','0'),  ('657','0','Martín','Reichel',NULL,'45','2','1','0'),  ('658','0','Alexander','Corro',NULL,'45','3','1','0'),  ('659','0','Javier Nicolás','Burrai',NULL,'45','1','1','0'),  ('660','0','Ludovico','Paulucci',NULL,'45','1','1','0'),  ('661','0','Víctor','Cuesta',NULL,'45','2','1','0'),  ('662','0','Claudio','Mosca',NULL,'45','3','1','0'),  ('663','0','Matías Javier','Sierra',NULL,'45','4','1','0'),  ('664','0','Pablo','Villalba Fretes',NULL,'45','4','1','0'),  ('665','0','Gabriel','Hauche',NULL,'46','4','2','1'),  ('666','0','Néstor','Ortigoza',NULL,'46','3','2','1'),  ('667','0','Santiago','Raymonda',NULL,'46','3','1','1'),  ('668','0','Juan','Mercier',NULL,'46','3','2','1'),  ('669','0','Nicolás','Pavlovich',NULL,'46','4','1','0'),  ('670','0','Sebastián','Torrico',NULL,'46','1','1','1'),  ('671','0','Ignacio','Canuto',NULL,'46','2','2','1'),  ('672','0','Andrés','Scotti',NULL,'46','2','2','1'),  ('673','0','Federico','Domínguez',NULL,'46','2','1','1'),  ('674','0','Matías','Caruzzo',NULL,'46','2','2','1'),  ('675','0','Gustavo','Oberman',NULL,'46','4','1','0'),  ('676','0','Ismael','Sosa',NULL,'46','4','2','0'),  ('677','0','René','Lima',NULL,'46','3','1','0'),  ('678','0','Nicolás','Peric',NULL,'46','1','1','0'),  ('679','0','Gonzalo','Prósperi',NULL,'46','2','1','1'),  ('680','0','Juan Alberto','Sabia',NULL,'46','2','1','0'),  ('681','0','Franco','Quiroga',NULL,'46','3','1','0'),  ('682','0','Ciro','Rius',NULL,'46','3','1','0'),  ('683','0','Nicolás','Gianni',NULL,'46','4','1','0'),  ('684','0','Mauro','Bogado',NULL,'46','3','1','0'),  ('685','0','Germán','Basualdo',NULL,'46','3','1','0'),  ('686','0','Facundo','Coria',NULL,'46','4','1','0'),  ('687','0','Andrés','Romero',NULL,'46','4','1','0'),  ('688','0','Diego','García',NULL,'46','4','1','0'),  ('689','0','Nicolás','Berardo',NULL,'46','2','1','0'),  ('690','0','Julián','Fernández',NULL,'46','2','1','0'),  ('691','0','Sebastián','Jaime',NULL,'46','4','1','0'),  ('692','0','Facundo','Alfonso',NULL,'46','3','1','0'),  ('693','0','Diego','Morales',NULL,'46','1','1','0'),  ('694','0','Maximiliano','Sola',NULL,'46','2','1','0'),  ('695','0','Hernán','Salazar',NULL,'46','4','1','0'),  ('696','0','Gabriel Oscar','Frandino',NULL,'46','1','1','0'),  ('697','0','Daniel Alejandro','Franco',NULL,'46','2','1','0'),  ('698','0','Edgardo','Rotondi',NULL,'46','4','1','0');
INSERT INTO `playermatch` VALUES ('710','0','409','120','5','5',NULL,NULL,NULL,NULL,NULL,NULL,NULL,NULL,NULL,NULL),  ('711','0','92','120','7','7',NULL,NULL,NULL,NULL,NULL,NULL,NULL,NULL,NULL,NULL),  ('712','0','450','116','5','7',NULL,'2',NULL,NULL,NULL,NULL,NULL,NULL,NULL,NULL),  ('713','0','171','114','5','6',NULL,NULL,NULL,NULL,NULL,NULL,NULL,NULL,'1',NULL),  ('714','0','418','120','13','7',NULL,NULL,'1',NULL,NULL,NULL,NULL,NULL,'1',NULL),  ('715','0','583','116','4','5',NULL,NULL,NULL,NULL,NULL,NULL,NULL,NULL,'1',NULL),  ('716','0','266','114','4','5',NULL,NULL,NULL,NULL,NULL,NULL,NULL,NULL,'1',NULL),  ('717','0','21','117','5','5',NULL,NULL,NULL,NULL,NULL,NULL,NULL,NULL,NULL,NULL),  ('718','0','211','112','5','5','1',NULL,NULL,NULL,NULL,NULL,NULL,NULL,NULL,NULL),  ('719','0','481','118','5','6',NULL,NULL,NULL,NULL,NULL,NULL,NULL,NULL,'1',NULL),  ('720','0','14','118','4','4',NULL,NULL,NULL,NULL,NULL,NULL,NULL,NULL,NULL,NULL),  ('721','0','16','116','3','3',NULL,NULL,NULL,NULL,NULL,NULL,NULL,NULL,NULL,NULL),  ('722','0','90','120','3','4',NULL,NULL,NULL,NULL,NULL,NULL,NULL,NULL,'1',NULL),  ('723','0','119','117','6','7',NULL,'1',NULL,NULL,NULL,NULL,NULL,NULL,NULL,NULL),  ('724','0','129','117','4.5','5.5',NULL,NULL,NULL,NULL,NULL,NULL,NULL,NULL,'1',NULL),  ('725','0','578','116','5','5',NULL,NULL,NULL,NULL,NULL,NULL,NULL,NULL,NULL,NULL),  ('726','0','197','112','8','8',NULL,NULL,NULL,NULL,NULL,NULL,NULL,NULL,NULL,NULL),  ('727','0','671','115','3','4',NULL,NULL,NULL,NULL,NULL,NULL,NULL,NULL,'1',NULL),  ('728','0','25','121','5','5',NULL,NULL,NULL,NULL,NULL,NULL,NULL,NULL,NULL,NULL),  ('729','0','674','115','4','4',NULL,NULL,NULL,NULL,NULL,NULL,NULL,NULL,NULL,NULL),  ('730','0','141','117','6','7',NULL,NULL,NULL,NULL,NULL,NULL,NULL,NULL,'1',NULL),  ('731','0','27','121','17','7.5',NULL,NULL,'1','1',NULL,NULL,NULL,NULL,'1',NULL),  ('732','0','444','116','5','5',NULL,NULL,NULL,NULL,NULL,NULL,NULL,NULL,NULL,NULL),  ('733','0','601','112','0','3',NULL,'1',NULL,NULL,NULL,NULL,NULL,NULL,NULL,'1'),  ('734','0','673','115','4','4',NULL,NULL,NULL,NULL,NULL,NULL,NULL,NULL,NULL,NULL),  ('735','0','570','116','11','8',NULL,NULL,NULL,'1',NULL,NULL,NULL,NULL,NULL,NULL),  ('736','0','569','116','3','4',NULL,NULL,NULL,NULL,NULL,NULL,NULL,NULL,'1',NULL),  ('737','0','155','114','4','4',NULL,NULL,NULL,NULL,NULL,NULL,NULL,NULL,NULL,NULL),  ('738','0','469','118','5.5','5.5',NULL,NULL,NULL,NULL,NULL,NULL,NULL,NULL,NULL,NULL),  ('739','0','370','121','4.5','4.5',NULL,NULL,NULL,NULL,NULL,NULL,NULL,NULL,NULL,NULL),  ('740','4','224','113','9.5','6.5','0','0','0','1','0','0','0','0','0','0'),  ('741','0','322','119','5','6',NULL,'1',NULL,NULL,NULL,NULL,NULL,NULL,NULL,NULL),  ('742','0','549','117','7','7',NULL,NULL,NULL,NULL,NULL,NULL,NULL,NULL,NULL,NULL),  ('743','0','305','119','4','4',NULL,NULL,NULL,NULL,NULL,NULL,NULL,NULL,NULL,NULL),  ('744','0','474','118','6','6',NULL,NULL,NULL,NULL,NULL,NULL,NULL,NULL,NULL,NULL),  ('745','0','334','118','4','4',NULL,NULL,NULL,NULL,NULL,NULL,NULL,NULL,NULL,NULL),  ('746','0','318','119','6','6',NULL,NULL,NULL,NULL,NULL,NULL,NULL,NULL,NULL,NULL),  ('747','0','473','118','4','4',NULL,NULL,NULL,NULL,NULL,NULL,NULL,NULL,NULL,NULL),  ('748','0','665','115','5','5',NULL,NULL,NULL,NULL,NULL,NULL,NULL,NULL,NULL,NULL),  ('749','0','367','121','4.5','4.5',NULL,NULL,NULL,NULL,NULL,NULL,NULL,NULL,NULL,NULL),  ('750','22','227','113','6','6','0','0','0','0','0','0','0','0','0','0'),  ('751','0','612','112','0','4',NULL,'4',NULL,NULL,NULL,NULL,NULL,NULL,NULL,NULL),  ('752','0','54','113','4','6',NULL,'2',NULL,NULL,NULL,NULL,NULL,NULL,NULL,NULL),  ('753','0','633','119','16','8',NULL,NULL,'1','1',NULL,NULL,NULL,NULL,'1',NULL),  ('754','0','386','121','5','5',NULL,NULL,NULL,NULL,NULL,NULL,NULL,NULL,NULL,NULL),  ('755','0','210','112','5','5',NULL,NULL,NULL,NULL,NULL,NULL,NULL,NULL,NULL,NULL),  ('756','0','571','116','6','6',NULL,NULL,NULL,NULL,NULL,NULL,NULL,NULL,NULL,NULL),  ('757','0','567','116','5','6',NULL,'1',NULL,NULL,NULL,NULL,NULL,NULL,NULL,NULL),  ('758','0','53','113','3','3',NULL,NULL,NULL,NULL,NULL,NULL,NULL,NULL,NULL,NULL),  ('759','0','313','119','4','4',NULL,NULL,NULL,NULL,NULL,NULL,NULL,NULL,NULL,NULL),  ('760','0','577','116','5','5',NULL,NULL,NULL,NULL,NULL,NULL,NULL,NULL,NULL,NULL),  ('761','0','190','112','7','7',NULL,NULL,NULL,NULL,NULL,NULL,NULL,NULL,NULL,NULL),  ('762','0','307','119','4','5',NULL,NULL,NULL,NULL,NULL,NULL,NULL,NULL,'1',NULL),  ('763','0','539','117','4','4',NULL,NULL,NULL,NULL,NULL,NULL,NULL,NULL,NULL,NULL),  ('764','0','668','115','1','3',NULL,NULL,NULL,NULL,NULL,NULL,NULL,NULL,NULL,'1'),  ('765','0','87','120','2','4',NULL,'2',NULL,NULL,NULL,NULL,NULL,NULL,NULL,NULL),  ('766','0','1','121','7','7',NULL,NULL,NULL,NULL,NULL,NULL,NULL,NULL,NULL,NULL),  ('767','0','52','113','5.5','5.5',NULL,NULL,NULL,NULL,NULL,NULL,NULL,NULL,NULL,NULL),  ('768','0','374','121','6','6',NULL,NULL,NULL,NULL,NULL,NULL,NULL,NULL,NULL,NULL),  ('769','0','666','115','4.5','4.5',NULL,NULL,NULL,NULL,NULL,NULL,NULL,NULL,NULL,NULL),  ('770','0','3','121','6.5','6.5',NULL,NULL,NULL,NULL,NULL,NULL,NULL,NULL,NULL,NULL),  ('771','0','134','117','6.5','6.5',NULL,NULL,NULL,NULL,NULL,NULL,NULL,NULL,NULL,NULL),  ('772','0','544','117','3.5','4.5',NULL,NULL,NULL,NULL,NULL,NULL,NULL,NULL,'1',NULL),  ('773','0','26','121','5.5','5.5',NULL,NULL,NULL,NULL,NULL,NULL,NULL,NULL,NULL,NULL),  ('774','0','265','114','4','4',NULL,NULL,NULL,NULL,NULL,NULL,NULL,NULL,NULL,NULL),  ('775','9','225','113','6','7','0','1','0','0','0','0','0','0','0','0'),  ('776','0','620','112','5','5',NULL,NULL,NULL,NULL,NULL,NULL,NULL,NULL,NULL,NULL),  ('777','0','17','116','0','2',NULL,NULL,NULL,NULL,NULL,NULL,NULL,NULL,NULL,'1'),  ('778','0','99','120','11','6',NULL,NULL,NULL,'1',NULL,NULL,NULL,NULL,NULL,NULL),  ('779','0','468','118','5.5','5.5','1',NULL,NULL,NULL,NULL,NULL,NULL,NULL,NULL,NULL),  ('780','0','480','118','4.5','4.5',NULL,NULL,NULL,NULL,NULL,NULL,NULL,NULL,NULL,NULL),  ('781','0','667','115','3','3',NULL,NULL,NULL,NULL,NULL,NULL,NULL,NULL,NULL,NULL),  ('782','0','470','118','7','7',NULL,NULL,NULL,NULL,NULL,NULL,NULL,NULL,NULL,NULL),  ('783','0','94','120','6.5','6.5',NULL,NULL,NULL,NULL,NULL,NULL,NULL,NULL,NULL,NULL),  ('784','0','440','116','6','6',NULL,NULL,NULL,NULL,NULL,NULL,NULL,NULL,NULL,NULL),  ('785','0','314','119','5','5',NULL,NULL,NULL,NULL,NULL,NULL,NULL,NULL,NULL,NULL),  ('786','0','404','120','5','6',NULL,NULL,NULL,NULL,NULL,NULL,NULL,NULL,'1',NULL),  ('787','0','546','117','3','4',NULL,NULL,NULL,NULL,NULL,NULL,NULL,NULL,'1',NULL),  ('788','0','262','114','6','6',NULL,NULL,NULL,NULL,NULL,NULL,NULL,NULL,NULL,NULL),  ('789','0','13','114','6','6',NULL,NULL,NULL,NULL,NULL,NULL,NULL,NULL,NULL,NULL),  ('790','0','502','115','6','6',NULL,NULL,NULL,NULL,NULL,NULL,NULL,NULL,NULL,NULL),  ('791','0','672','115','4','4',NULL,NULL,NULL,NULL,NULL,NULL,NULL,NULL,NULL,NULL),  ('792','0','568','116','8','7',NULL,NULL,NULL,'1',NULL,NULL,NULL,NULL,NULL,NULL),  ('793','0','93','120','5.5','5.5',NULL,NULL,NULL,NULL,NULL,NULL,NULL,NULL,NULL,NULL),  ('794','0','670','115','14','8',NULL,'2','1',NULL,NULL,NULL,NULL,NULL,NULL,NULL),  ('795','0','638','119','6','6',NULL,NULL,NULL,NULL,NULL,NULL,NULL,NULL,NULL,NULL),  ('796','4','226','113','5','6','0','0','0','0','0','0','0','0','1','0'),  ('797','0','120','117','4','4',NULL,NULL,NULL,NULL,NULL,NULL,NULL,NULL,NULL,NULL),  ('798','0','309','119','4','4',NULL,NULL,NULL,NULL,NULL,NULL,NULL,NULL,NULL,NULL),  ('799','0','15','116','18','8',NULL,NULL,'1','1',NULL,NULL,NULL,NULL,'1',NULL),  ('800','0','23','121','6','6',NULL,NULL,NULL,NULL,NULL,NULL,NULL,NULL,NULL,NULL),  ('801','0','511','115','5','6',NULL,NULL,NULL,NULL,NULL,NULL,NULL,NULL,'1',NULL);
INSERT INTO `playerposition` VALUES ('1','0','Arquero'),  ('2','0','Defensor'),  ('3','0','Volante'),  ('4','0','Delantero');
INSERT INTO `playerteam` VALUES ('801','0','225','52',NULL,NULL,NULL,'1',NULL,NULL),  ('802','0','227','52',NULL,NULL,NULL,'1',NULL,NULL),  ('803','0','469','52',NULL,NULL,NULL,'1',NULL,NULL),  ('804','0','334','52',NULL,NULL,NULL,'1',NULL,NULL),  ('805','0','129','52',NULL,NULL,NULL,'1',NULL,NULL),  ('806','0','15','52','1',NULL,NULL,'1',NULL,NULL),  ('807','0','17','52',NULL,NULL,NULL,'1',NULL,NULL),  ('808','0','208','52',NULL,NULL,NULL,'1',NULL,NULL),  ('809','0','229','52',NULL,NULL,NULL,'1',NULL,NULL),  ('810','0','14','52',NULL,'1',NULL,'1',NULL,NULL),  ('811','0','16','52',NULL,NULL,'1','1',NULL,NULL),  ('812','0','670','52',NULL,NULL,NULL,NULL,'1',NULL),  ('813','0','210','52',NULL,NULL,NULL,NULL,'1',NULL),  ('814','0','309','52',NULL,NULL,NULL,NULL,'1',NULL),  ('815','0','607','52',NULL,NULL,NULL,NULL,'1',NULL),  ('816','0','374','52',NULL,NULL,NULL,NULL,'1',NULL),  ('817','0','569','52',NULL,NULL,NULL,NULL,'1',NULL),  ('818','0','620','52',NULL,NULL,NULL,NULL,'1',NULL),  ('819','0','567','53',NULL,NULL,'1','1',NULL,NULL),  ('820','0','470','53',NULL,NULL,NULL,'1',NULL,NULL),  ('821','0','227','53',NULL,NULL,NULL,'1',NULL,NULL),  ('822','0','26','53',NULL,NULL,NULL,'1',NULL,NULL),  ('823','0','20','53','1',NULL,NULL,'1',NULL,NULL),  ('824','0','313','53',NULL,NULL,NULL,'1',NULL,NULL),  ('825','0','6','53',NULL,'1',NULL,'1',NULL,NULL),  ('826','0','1','53',NULL,NULL,NULL,'1',NULL,NULL),  ('827','0','224','53',NULL,NULL,NULL,'1',NULL,NULL),  ('828','0','568','53',NULL,NULL,NULL,'1',NULL,NULL),  ('829','0','53','53',NULL,NULL,NULL,'1',NULL,NULL),  ('830','0','468','53',NULL,NULL,NULL,NULL,'1',NULL),  ('831','0','679','53',NULL,NULL,NULL,NULL,'1',NULL),  ('832','0','601','53',NULL,NULL,NULL,NULL,'1',NULL),  ('833','0','23','53',NULL,NULL,NULL,NULL,'1',NULL),  ('834','0','480','53',NULL,NULL,NULL,NULL,'1',NULL),  ('835','0','368','53',NULL,NULL,NULL,NULL,'1',NULL),  ('836','0','305','53',NULL,NULL,NULL,NULL,'1',NULL),  ('837','0','567','54',NULL,NULL,NULL,'1',NULL,NULL),  ('838','0','446','54',NULL,NULL,NULL,'1',NULL,NULL),  ('839','0','227','54',NULL,NULL,NULL,'1',NULL,NULL),  ('840','0','129','54',NULL,NULL,NULL,'1',NULL,NULL),  ('841','0','123','54',NULL,NULL,NULL,'1',NULL,NULL),  ('842','0','584','54',NULL,NULL,NULL,'1',NULL,NULL),  ('843','0','13','54',NULL,'1',NULL,'1',NULL,NULL),  ('844','0','1','54','1',NULL,NULL,'1',NULL,NULL),  ('845','0','16','54',NULL,NULL,'1','1',NULL,NULL),  ('846','0','262','54',NULL,NULL,NULL,'1',NULL,NULL),  ('847','0','25','54',NULL,NULL,NULL,'1',NULL,NULL),  ('848','0','670','54',NULL,NULL,NULL,NULL,'1',NULL),  ('849','0','409','54',NULL,NULL,NULL,NULL,'1',NULL),  ('850','0','673','54',NULL,NULL,NULL,NULL,'1',NULL),  ('851','0','265','54',NULL,NULL,NULL,NULL,'1',NULL),  ('852','0','510','54',NULL,NULL,NULL,NULL,'1',NULL),  ('853','0','568','54',NULL,NULL,NULL,NULL,'1',NULL),  ('854','0','141','54',NULL,NULL,NULL,NULL,'1',NULL),  ('855','0','468','55',NULL,NULL,'1','1',NULL,NULL),  ('856','0','3','55',NULL,NULL,NULL,'1',NULL,NULL),  ('857','0','92','55',NULL,NULL,NULL,'1',NULL,NULL),  ('858','0','26','55',NULL,NULL,NULL,'1',NULL,NULL),  ('859','0','224','55',NULL,NULL,NULL,'1',NULL,NULL),  ('860','0','226','55',NULL,NULL,NULL,'1',NULL,NULL),  ('861','0','1','55',NULL,'1',NULL,'1',NULL,NULL),  ('862','0','14','55','1',NULL,NULL,'1',NULL,NULL),  ('863','0','314','55',NULL,NULL,NULL,'1',NULL,NULL),  ('864','0','568','55',NULL,NULL,NULL,'1',NULL,NULL),  ('865','0','262','55',NULL,NULL,NULL,'1',NULL,NULL),  ('866','0','119','55',NULL,NULL,NULL,NULL,'1',NULL),  ('867','0','578','55',NULL,NULL,NULL,NULL,'1',NULL),  ('868','0','473','55',NULL,NULL,NULL,NULL,'1',NULL),  ('869','0','418','55',NULL,NULL,NULL,NULL,'1',NULL),  ('870','0','549','55',NULL,NULL,NULL,NULL,'1',NULL),  ('871','0','53','55',NULL,NULL,NULL,NULL,'1',NULL),  ('872','0','368','55',NULL,NULL,NULL,NULL,'1',NULL),  ('873','0','87','56',NULL,NULL,NULL,'1',NULL,NULL),  ('874','0','90','56',NULL,NULL,NULL,'1',NULL,NULL),  ('875','0','444','56',NULL,NULL,NULL,'1',NULL,NULL),  ('876','0','59','56',NULL,NULL,NULL,'1',NULL,NULL),  ('877','0','17','56',NULL,NULL,NULL,'1',NULL,NULL),  ('878','0','265','56',NULL,NULL,NULL,'1',NULL,NULL),  ('879','0','15','56','1',NULL,NULL,'1',NULL,NULL),  ('880','0','314','56',NULL,NULL,NULL,'1',NULL,NULL),  ('881','0','6','56',NULL,NULL,'1','1',NULL,NULL),  ('882','0','9','56',NULL,'1',NULL,'1',NULL,NULL),  ('883','0','568','56',NULL,NULL,NULL,'1',NULL,NULL),  ('884','0','670','56',NULL,NULL,NULL,NULL,'1',NULL),  ('885','0','637','56',NULL,NULL,NULL,NULL,'1',NULL),  ('886','0','671','56',NULL,NULL,NULL,NULL,'1',NULL),  ('887','0','64','56',NULL,NULL,NULL,NULL,'1',NULL),  ('888','0','131','56',NULL,NULL,NULL,NULL,'1',NULL),  ('889','0','262','56',NULL,NULL,NULL,NULL,'1',NULL),  ('890','0','243','56',NULL,NULL,NULL,NULL,'1',NULL),  ('891','0','119','57',NULL,NULL,NULL,'1',NULL,NULL),  ('892','0','470','57',NULL,NULL,NULL,'1',NULL,NULL),  ('893','0','435','57',NULL,NULL,NULL,'1',NULL,NULL),  ('894','0','446','57',NULL,NULL,NULL,'1',NULL,NULL),  ('895','0','13','57',NULL,NULL,'1','1',NULL,NULL),  ('896','0','1','57','1',NULL,NULL,'1',NULL,NULL),  ('897','0','438','57',NULL,NULL,NULL,'1',NULL,NULL),  ('898','0','666','57',NULL,NULL,NULL,'1',NULL,NULL),  ('899','0','23','57',NULL,NULL,NULL,'1',NULL,NULL),  ('900','0','18','57',NULL,'1',NULL,'1',NULL,NULL),  ('901','0','422','57',NULL,NULL,NULL,'1',NULL,NULL),  ('902','0','136','57',NULL,NULL,NULL,NULL,'1',NULL),  ('903','0','155','57',NULL,NULL,NULL,NULL,'1',NULL),  ('904','0','473','57',NULL,NULL,NULL,NULL,'1',NULL),  ('905','0','123','57',NULL,NULL,NULL,NULL,'1',NULL),  ('906','0','265','57',NULL,NULL,NULL,NULL,'1',NULL),  ('907','0','568','57',NULL,NULL,NULL,NULL,'1',NULL),  ('908','0','262','57',NULL,NULL,NULL,NULL,'1',NULL),  ('909','0','300','58',NULL,NULL,NULL,'1',NULL,NULL),  ('910','0','99','58',NULL,NULL,NULL,'1',NULL,NULL),  ('911','0','540','58',NULL,NULL,NULL,'1',NULL,NULL),  ('912','0','571','58',NULL,NULL,NULL,'1',NULL,NULL),  ('913','0','26','58',NULL,NULL,NULL,'1',NULL,NULL),  ('914','0','94','58',NULL,NULL,NULL,'1',NULL,NULL),  ('915','0','539','58',NULL,NULL,NULL,'1',NULL,NULL),  ('916','0','6','58',NULL,NULL,'1','1',NULL,NULL),  ('917','0','20','58',NULL,'1',NULL,'1',NULL,NULL),  ('918','0','9','58','1',NULL,NULL,'1',NULL,NULL),  ('919','0','305','58',NULL,NULL,NULL,'1',NULL,NULL),  ('920','0','322','58',NULL,NULL,NULL,NULL,'1',NULL),  ('921','0','210','58',NULL,NULL,NULL,NULL,'1',NULL),  ('922','0','473','58',NULL,NULL,NULL,NULL,'1',NULL),  ('923','0','480','58',NULL,NULL,NULL,NULL,'1',NULL),  ('924','0','570','58',NULL,NULL,NULL,NULL,'1',NULL),  ('925','0','568','58',NULL,NULL,NULL,NULL,'1',NULL),  ('926','0','368','58',NULL,NULL,NULL,NULL,'1',NULL),  ('927','0','264','59',NULL,NULL,NULL,'1',NULL,NULL),  ('928','0','583','59',NULL,NULL,NULL,'1',NULL,NULL),  ('929','0','444','59',NULL,NULL,NULL,'1',NULL,NULL),  ('930','0','571','59',NULL,NULL,NULL,'1',NULL,NULL),  ('931','0','99','59',NULL,NULL,NULL,'1',NULL,NULL),  ('932','0','17','59',NULL,NULL,NULL,'1',NULL,NULL),  ('933','0','265','59',NULL,NULL,NULL,'1',NULL,NULL),  ('934','0','52','59',NULL,NULL,NULL,'1',NULL,NULL),  ('935','0','1','59',NULL,'1',NULL,'1',NULL,NULL),  ('936','0','13','59','1',NULL,NULL,'1',NULL,NULL),  ('937','0','16','59',NULL,NULL,'1','1',NULL,NULL),  ('938','0','612','59',NULL,NULL,NULL,NULL,'1',NULL),  ('939','0','373','59',NULL,NULL,NULL,NULL,'1',NULL),  ('940','0','673','59',NULL,NULL,NULL,NULL,'1',NULL),  ('941','0','123','59',NULL,NULL,NULL,NULL,'1',NULL),  ('942','0','481','59',NULL,NULL,NULL,NULL,'1',NULL),  ('943','0','568','59',NULL,NULL,NULL,NULL,'1',NULL),  ('944','0','620','59',NULL,NULL,NULL,NULL,'1',NULL),  ('945','0','225','60',NULL,NULL,NULL,'1',NULL,NULL),  ('946','0','227','60',NULL,NULL,NULL,'1',NULL,NULL),  ('947','0','672','60',NULL,NULL,NULL,'1',NULL,NULL),  ('948','0','93','60',NULL,NULL,NULL,'1',NULL,NULL),  ('949','0','1','60',NULL,NULL,NULL,'1',NULL,NULL),  ('950','0','13','60',NULL,NULL,NULL,'1',NULL,NULL),  ('951','0','23','60',NULL,NULL,NULL,'1',NULL,NULL),  ('952','0','21','60',NULL,NULL,'1','1',NULL,NULL),  ('953','0','503','60',NULL,'1',NULL,'1',NULL,NULL),  ('954','0','262','60','1',NULL,NULL,'1',NULL,NULL),  ('955','0','367','60',NULL,NULL,NULL,'1',NULL,NULL),  ('956','0','238','60',NULL,NULL,NULL,NULL,'1',NULL),  ('957','0','409','60',NULL,NULL,NULL,NULL,'1',NULL),  ('958','0','469','60',NULL,NULL,NULL,NULL,'1',NULL),  ('959','0','666','60',NULL,NULL,NULL,NULL,'1',NULL),  ('960','0','573','60',NULL,NULL,NULL,NULL,'1',NULL),  ('961','0','318','60',NULL,NULL,NULL,NULL,'1',NULL),  ('962','0','424','60',NULL,NULL,NULL,NULL,'1',NULL),  ('963','0','119','61',NULL,NULL,NULL,'1',NULL,NULL),  ('964','0','446','61',NULL,NULL,NULL,'1',NULL,NULL),  ('965','0','334','61',NULL,NULL,NULL,'1',NULL,NULL),  ('966','0','237','61',NULL,NULL,NULL,'1',NULL,NULL),  ('967','0','539','61',NULL,NULL,NULL,'1',NULL,NULL),  ('968','0','15','61',NULL,'1',NULL,'1',NULL,NULL),  ('969','0','481','61',NULL,NULL,NULL,'1',NULL,NULL),  ('970','0','20','61','1',NULL,NULL,'1',NULL,NULL),  ('971','0','1','61',NULL,NULL,'1','1',NULL,NULL),  ('972','0','568','61',NULL,NULL,NULL,'1',NULL,NULL),  ('973','0','262','61',NULL,NULL,NULL,'1',NULL,NULL),  ('974','0','670','61',NULL,NULL,NULL,NULL,'1',NULL),  ('975','0','638','61',NULL,NULL,NULL,NULL,'1',NULL),  ('976','0','128','61',NULL,NULL,NULL,NULL,'1',NULL),  ('977','0','314','61',NULL,NULL,NULL,NULL,'1',NULL),  ('978','0','667','61',NULL,NULL,NULL,NULL,'1',NULL),  ('979','0','503','61',NULL,NULL,NULL,NULL,'1',NULL),  ('980','0','569','61',NULL,NULL,NULL,NULL,'1',NULL),  ('981','0','119','62',NULL,NULL,NULL,'1',NULL,NULL),  ('982','0','470','62',NULL,NULL,NULL,'1',NULL,NULL),  ('983','0','227','62',NULL,NULL,NULL,'1',NULL,NULL),  ('984','0','129','62',NULL,NULL,NULL,'1',NULL,NULL),  ('985','0','334','62',NULL,NULL,NULL,'1',NULL,NULL),  ('986','0','23','62',NULL,NULL,'1','1',NULL,NULL),  ('987','0','224','62',NULL,NULL,NULL,'1',NULL,NULL),  ('988','0','123','62',NULL,'1',NULL,'1',NULL,NULL),  ('989','0','584','62',NULL,NULL,NULL,'1',NULL,NULL),  ('990','0','570','62',NULL,NULL,NULL,'1',NULL,NULL),  ('991','0','568','62','1',NULL,NULL,'1',NULL,NULL),  ('992','0','670','62',NULL,NULL,NULL,NULL,'1',NULL),  ('993','0','210','62',NULL,NULL,NULL,NULL,'1',NULL),  ('994','0','409','62',NULL,NULL,NULL,NULL,'1',NULL),  ('995','0','27','62',NULL,NULL,NULL,NULL,'1',NULL),  ('996','0','510','62',NULL,NULL,NULL,NULL,'1',NULL),  ('997','0','262','62',NULL,NULL,NULL,NULL,'1',NULL),  ('998','0','368','62',NULL,NULL,NULL,NULL,'1',NULL),  ('999','0','450','63',NULL,NULL,NULL,'1',NULL,NULL),  ('1000','0','210','63',NULL,NULL,NULL,'1',NULL,NULL),  ('1001','0','671','63',NULL,NULL,NULL,'1',NULL,NULL),  ('1002','0','129','63',NULL,NULL,NULL,'1',NULL,NULL),  ('1003','0','17','63',NULL,NULL,NULL,'1',NULL,NULL),  ('1004','0','23','63',NULL,'1',NULL,'1',NULL,NULL),  ('1005','0','584','63',NULL,NULL,NULL,'1',NULL,NULL),  ('1006','0','226','63',NULL,NULL,'1','1',NULL,NULL),  ('1007','0','503','63',NULL,NULL,NULL,'1',NULL,NULL),  ('1008','0','568','63','1',NULL,NULL,'1',NULL,NULL),  ('1009','0','569','63',NULL,NULL,NULL,'1',NULL,NULL),  ('1010','0','501','63',NULL,NULL,NULL,NULL,'1',NULL),  ('1011','0','473','63',NULL,NULL,NULL,NULL,'1',NULL),  ('1012','0','273','63',NULL,NULL,NULL,NULL,'1',NULL),  ('1013','0','208','63',NULL,NULL,NULL,NULL,'1',NULL),  ('1014','0','265','63',NULL,NULL,NULL,NULL,'1',NULL),  ('1015','0','665','63',NULL,NULL,NULL,NULL,'1',NULL),  ('1016','0','633','63',NULL,NULL,NULL,NULL,'1',NULL),  ('1017','0','450','64',NULL,NULL,NULL,'1',NULL,NULL),  ('1018','0','444','64',NULL,'1',NULL,'1',NULL,NULL),  ('1019','0','26','64',NULL,NULL,NULL,'1',NULL,NULL),  ('1020','0','129','64',NULL,NULL,NULL,'1',NULL,NULL),  ('1021','0','334','64',NULL,NULL,NULL,'1',NULL,NULL),  ('1022','0','314','64',NULL,NULL,NULL,'1',NULL,NULL),  ('1023','0','545','64',NULL,NULL,NULL,'1',NULL,NULL),  ('1024','0','17','64','1',NULL,NULL,'1',NULL,NULL),  ('1025','0','229','64',NULL,NULL,NULL,'1',NULL,NULL),  ('1026','0','305','64',NULL,NULL,'1','1',NULL,NULL),  ('1027','0','568','64',NULL,NULL,NULL,'1',NULL,NULL),  ('1028','0','670','64',NULL,NULL,NULL,NULL,'1',NULL),  ('1029','0','227','64',NULL,NULL,NULL,NULL,'1',NULL),  ('1030','0','338','64',NULL,NULL,NULL,NULL,'1',NULL),  ('1031','0','134','64',NULL,NULL,NULL,NULL,'1',NULL),  ('1032','0','27','64',NULL,NULL,NULL,NULL,'1',NULL),  ('1033','0','349','64',NULL,NULL,NULL,NULL,'1',NULL),  ('1034','0','141','64',NULL,NULL,NULL,NULL,'1',NULL),  ('1035','0','450','65',NULL,'1',NULL,'1',NULL,NULL),  ('1036','0','227','65',NULL,NULL,NULL,'1',NULL,NULL),  ('1037','0','307','65',NULL,NULL,NULL,'1',NULL,NULL),  ('1038','0','446','65',NULL,NULL,NULL,'1',NULL,NULL),  ('1039','0','409','65',NULL,NULL,NULL,'1',NULL,NULL),  ('1040','0','17','65','1',NULL,NULL,'1',NULL,NULL),  ('1041','0','23','65',NULL,NULL,NULL,'1',NULL,NULL),  ('1042','0','666','65',NULL,NULL,'1','1',NULL,NULL),  ('1043','0','52','65',NULL,NULL,NULL,'1',NULL,NULL),  ('1044','0','27','65',NULL,NULL,NULL,'1',NULL,NULL),  ('1045','0','318','65',NULL,NULL,NULL,'1',NULL,NULL),  ('1046','0','501','65',NULL,NULL,NULL,NULL,'1',NULL),  ('1047','0','309','65',NULL,NULL,NULL,NULL,'1',NULL),  ('1048','0','583','65',NULL,NULL,NULL,NULL,'1',NULL),  ('1049','0','171','65',NULL,NULL,NULL,NULL,'1',NULL),  ('1050','0','224','65',NULL,NULL,NULL,NULL,'1',NULL),  ('1051','0','569','65',NULL,NULL,NULL,NULL,'1',NULL),  ('1052','0','541','65',NULL,NULL,NULL,NULL,'1',NULL),  ('1053','0','468','66',NULL,NULL,NULL,'1',NULL,NULL),  ('1054','0','671','66',NULL,NULL,NULL,'1',NULL,NULL),  ('1055','0','196','66',NULL,NULL,NULL,'1',NULL,NULL),  ('1056','0','474','66',NULL,NULL,NULL,'1',NULL,NULL),  ('1057','0','440','66',NULL,NULL,NULL,'1',NULL,NULL),  ('1058','0','287','66',NULL,NULL,NULL,'1',NULL,NULL),  ('1059','0','666','66','1',NULL,NULL,'1',NULL,NULL),  ('1060','0','584','66',NULL,NULL,NULL,'1',NULL,NULL),  ('1061','0','314','66',NULL,NULL,'1','1',NULL,NULL),  ('1062','0','481','66',NULL,NULL,NULL,'1',NULL,NULL),  ('1063','0','568','66',NULL,'1',NULL,'1',NULL,NULL),  ('1064','0','612','66',NULL,NULL,NULL,NULL,'1',NULL),  ('1065','0','583','66',NULL,NULL,NULL,NULL,'1',NULL),  ('1066','0','638','66',NULL,NULL,NULL,NULL,'1',NULL),  ('1067','0','624','66',NULL,NULL,NULL,NULL,'1',NULL),  ('1068','0','667','66',NULL,NULL,NULL,NULL,'1',NULL),  ('1069','0','367','66',NULL,NULL,NULL,NULL,'1',NULL),  ('1070','0','503','66',NULL,NULL,NULL,NULL,'1',NULL),  ('1071','0','468','67',NULL,NULL,NULL,'1',NULL,NULL),  ('1072','0','26','67','1',NULL,NULL,'1',NULL,NULL),  ('1073','0','674','67',NULL,NULL,NULL,'1',NULL,NULL),  ('1074','0','129','67',NULL,NULL,NULL,'1',NULL,NULL),  ('1075','0','27','67',NULL,NULL,'1','1',NULL,NULL),  ('1076','0','668','67',NULL,NULL,NULL,'1',NULL,NULL),  ('1077','0','439','67',NULL,'1',NULL,'1',NULL,NULL),  ('1078','0','94','67',NULL,NULL,NULL,'1',NULL,NULL),  ('1079','0','577','67',NULL,NULL,NULL,'1',NULL,NULL),  ('1080','0','665','67',NULL,NULL,NULL,'1',NULL,NULL),  ('1081','0','514','67',NULL,NULL,NULL,'1',NULL,NULL),  ('1082','0','225','67',NULL,NULL,NULL,NULL,'1',NULL),  ('1083','0','197','67',NULL,NULL,NULL,NULL,'1',NULL),  ('1084','0','544','67',NULL,NULL,NULL,NULL,'1',NULL),  ('1085','0','546','67',NULL,NULL,NULL,NULL,'1',NULL),  ('1086','0','511','67',NULL,NULL,NULL,NULL,'1',NULL),  ('1087','0','569','67',NULL,NULL,NULL,NULL,'1',NULL),  ('1088','0','271','67',NULL,NULL,NULL,NULL,'1',NULL),  ('1089','0','87','68',NULL,NULL,NULL,'1',NULL,NULL),  ('1090','0','446','68',NULL,NULL,NULL,'1',NULL,NULL),  ('1091','0','473','68',NULL,NULL,NULL,'1',NULL,NULL),  ('1092','0','334','68',NULL,NULL,NULL,'1',NULL,NULL),  ('1093','0','439','68',NULL,NULL,NULL,'1',NULL,NULL),  ('1094','0','23','68','1',NULL,NULL,'1',NULL,NULL),  ('1095','0','224','68',NULL,NULL,NULL,'1',NULL,NULL),  ('1096','0','404','68',NULL,NULL,NULL,'1',NULL,NULL),  ('1097','0','568','68',NULL,'1',NULL,'1',NULL,NULL),  ('1098','0','53','68',NULL,NULL,NULL,'1',NULL,NULL),  ('1099','0','541','68',NULL,NULL,'1','1',NULL,NULL),  ('1100','0','501','68',NULL,NULL,NULL,NULL,'1',NULL),  ('1101','0','210','68',NULL,NULL,NULL,NULL,'1',NULL),  ('1102','0','129','68',NULL,NULL,NULL,NULL,'1',NULL),  ('1103','0','331','68',NULL,NULL,NULL,NULL,'1',NULL),  ('1104','0','265','68',NULL,NULL,NULL,NULL,'1',NULL),  ('1105','0','665','68',NULL,NULL,NULL,NULL,'1',NULL),  ('1106','0','543','68',NULL,NULL,NULL,NULL,'1',NULL),  ('1107','0','119','69',NULL,NULL,NULL,'1',NULL,NULL),  ('1108','0','210','69',NULL,NULL,NULL,'1',NULL,NULL),  ('1109','0','26','69',NULL,NULL,NULL,'1',NULL,NULL),  ('1110','0','129','69',NULL,NULL,NULL,'1',NULL,NULL),  ('1111','0','23','69',NULL,NULL,'1','1',NULL,NULL),  ('1112','0','539','69',NULL,NULL,NULL,'1',NULL,NULL),  ('1113','0','584','69',NULL,NULL,NULL,'1',NULL,NULL),  ('1114','0','274','69',NULL,NULL,NULL,'1',NULL,NULL),  ('1115','0','314','69','1',NULL,NULL,'1',NULL,NULL),  ('1116','0','568','69',NULL,'1',NULL,'1',NULL,NULL),  ('1117','0','262','69',NULL,NULL,NULL,'1',NULL,NULL),  ('1118','0','501','69',NULL,NULL,NULL,NULL,'1',NULL),  ('1119','0','190','69',NULL,NULL,NULL,NULL,'1',NULL),  ('1120','0','409','69',NULL,NULL,NULL,NULL,'1',NULL),  ('1121','0','510','69',NULL,NULL,NULL,NULL,'1',NULL),  ('1122','0','224','69',NULL,NULL,NULL,NULL,'1',NULL),  ('1123','0','188','69',NULL,NULL,NULL,NULL,'1',NULL),  ('1124','0','141','69',NULL,NULL,NULL,NULL,'1',NULL),  ('1125','0','450','70','1',NULL,NULL,'1',NULL,NULL),  ('1126','0','26','70',NULL,NULL,NULL,'1',NULL,NULL),  ('1127','0','440','70',NULL,'1',NULL,'1',NULL,NULL),  ('1128','0','470','70',NULL,NULL,NULL,'1',NULL,NULL),  ('1129','0','17','70',NULL,NULL,'1','1',NULL,NULL),  ('1130','0','266','70',NULL,NULL,NULL,'1',NULL,NULL),  ('1131','0','226','70',NULL,NULL,NULL,'1',NULL,NULL),  ('1132','0','584','70',NULL,NULL,NULL,'1',NULL,NULL),  ('1133','0','367','70',NULL,NULL,NULL,'1',NULL,NULL),  ('1134','0','569','70',NULL,NULL,NULL,'1',NULL,NULL),  ('1135','0','262','70',NULL,NULL,NULL,'1',NULL,NULL),  ('1136','0','211','70',NULL,NULL,NULL,NULL,'1',NULL),  ('1137','0','679','70',NULL,NULL,NULL,NULL,'1',NULL),  ('1138','0','502','70',NULL,NULL,NULL,NULL,'1',NULL),  ('1139','0','374','70',NULL,NULL,NULL,NULL,'1',NULL),  ('1140','0','52','70',NULL,NULL,NULL,NULL,'1',NULL),  ('1141','0','620','70',NULL,NULL,NULL,NULL,'1',NULL),  ('1142','0','120','70',NULL,NULL,NULL,NULL,'1',NULL),  ('1143','0','54','71',NULL,NULL,NULL,'1',NULL,NULL),  ('1144','0','129','71',NULL,NULL,NULL,'1',NULL,NULL),  ('1145','0','227','71',NULL,NULL,'1','1',NULL,NULL),  ('1146','0','26','71',NULL,NULL,NULL,'1',NULL,NULL),  ('1147','0','537','71',NULL,NULL,NULL,'1',NULL,NULL),  ('1148','0','52','71',NULL,NULL,NULL,'1',NULL,NULL),  ('1149','0','123','71',NULL,NULL,NULL,'1',NULL,NULL),  ('1150','0','314','71','1',NULL,NULL,'1',NULL,NULL),  ('1151','0','439','71',NULL,NULL,NULL,'1',NULL,NULL),  ('1152','0','568','71',NULL,'1',NULL,'1',NULL,NULL),  ('1153','0','262','71',NULL,NULL,NULL,'1',NULL,NULL),  ('1154','0','81','71',NULL,NULL,NULL,NULL,'1',NULL),  ('1155','0','553','71',NULL,NULL,NULL,NULL,'1',NULL),  ('1156','0','409','71',NULL,NULL,NULL,NULL,'1',NULL),  ('1157','0','539','71',NULL,NULL,NULL,NULL,'1',NULL),  ('1158','0','270','71',NULL,NULL,NULL,NULL,'1',NULL),  ('1159','0','569','71',NULL,NULL,NULL,NULL,'1',NULL),  ('1160','0','386','71',NULL,NULL,NULL,NULL,'1',NULL);
INSERT INTO `playerweek` VALUES ('1','0','1','1','6','6',NULL,NULL,NULL,NULL,NULL,NULL,NULL,NULL,NULL,NULL);
INSERT INTO `team` VALUES ('52','0','Botox','52','1'),  ('53','0','HRG F.C.','53','1'),  ('54','0','Viejita Stone','54','1'),  ('55','0','TRES','55','1'),  ('56','0','15 de Octubre','56','1'),  ('57','0','Red Bull','57','1'),  ('58','0','Capussoto F.C.','58','1'),  ('59','0','QEE','59','1'),  ('60','0','GELP Ware Tech','60','1'),  ('61','0','Chapita de Cerveza Fóbal Clus','61','1'),  ('62','0','Los Super Ratones','62','2'),  ('63','0','La Bandita','63','2'),  ('64','0','Magia Negra','64','2'),  ('65','0','A.C. DECANO','65','2'),  ('66','0','La Filial','66','2'),  ('67','0','Hidrocarburo','67','2'),  ('68','0','FASA 13','68','2'),  ('69','0','ULTIMO RECURSO','69','2'),  ('70','0','Clockwork Orange','70','2'),  ('71','0','Los Golosos','71','2');
INSERT INTO `user` VALUES ('52','0','Ricardo','Berl','Pela','Pela'),  ('53','0','Leandro','Soncini','Chochi','Chochi'),  ('54','0','Francisco','Tabellione','Tabe','Tabe'),  ('55','0','Esteban','Sabbione','Tete','Tete'),  ('56','0','Tomas','Condorelli','Tommy','Tommy'),  ('57','0','Martín','Aristia','Martín','Martín'),  ('58','0','Franco','Condorelli','Catalano','Catalano'),  ('59','0','Nicolás','Condorelli','Coco','Coco'),  ('60','0','Augusto','Soncini','Agus','Agus'),  ('61','0','Matías','Condorelli','Pepi','Pepi'),  ('62','0','Mauro','Pennacchioni','Rata','Rata'),  ('63','0','Emilio','Tabellione','Emi','Emi'),  ('64','0','Andrés','García Olivares','Negro','Negro'),  ('65','0','Guillermo','Vallina','Guillote','Guillote'),  ('66','0','Mauro','DB','Papucho','Papucho'),  ('67','0','Adriano','Mucelli','Tano','Tano'),  ('68','0','Fabián','Sabbione','Cuñado','Cuñado'),  ('69','0','Sebastián','Fiori','Chocho','Chocho'),  ('70','0','Ignacio','Soncini','Iki','Iki'),  ('71','0','Gastón','Messineo','Vivi','Vivi');
INSERT INTO `week` VALUES ('1','0','1'),  ('2','0','2'),  ('3','0','3'),  ('4','0','4'),  ('5','0','5'),  ('6','0','6'),  ('7','0','7'),  ('8','0','8'),  ('9','0','9'),  ('10','0','10'),  ('11','0','11'),  ('12','0','12'),  ('13','0','13'),  ('14','0','14'),  ('15','0','15'),  ('16','0','16'),  ('17','0','17'),  ('18','0','18'),  ('19','0','19');
