SET FOREIGN_KEY_CHECKS=0;

-- phpMyAdmin SQL Dump
-- version 2.8.2.4
-- http://www.phpmyadmin.net
-- 
-- Servidor: localhost:3306
-- Tiempo de generación: 06-12-2009 a las 08:16:21
-- Versión del servidor: 5.0.32
-- Versión de PHP: 5.2.6
-- 
-- Base de datos: `waretech_GranDT`
-- 

-- --------------------------------------------------------

-- 
-- Estructura de tabla para la tabla `access`
-- 

DROP TABLE IF EXISTS `access`;
CREATE TABLE IF NOT EXISTS `access` (
  `id` bigint(20) NOT NULL auto_increment,
  `version` bigint(20) NOT NULL default '0',
  `value` varchar(255) NOT NULL,
  `description` varchar(255) NOT NULL,
  PRIMARY KEY  (`id`)
) ENGINE=InnoDB DEFAULT CHARSET=latin1 AUTO_INCREMENT=15 ;

-- 
-- Volcar la base de datos para la tabla `access`
-- 

INSERT INTO `access` (`id`, `version`, `value`, `description`) VALUES (1, 1, 'MatchEdit.jsp!enabled', 'Edicion de Partido'),
(2, 0, 'WeekEdit.jsp!change', 'Calcular la fecha'),
(3, 0, 'AccessList.jsp', 'Lista de accesos'),
(13, 0, 'TeamEdit.jsp!change', 'Cambiar jugador de la lista'),
(14, 5, 'UserEdit.jsp!update', 'Edicion de usuario');

-- --------------------------------------------------------

-- 
-- Estructura de tabla para la tabla `category`
-- 

DROP TABLE IF EXISTS `category`;
CREATE TABLE IF NOT EXISTS `category` (
  `id` bigint(20) NOT NULL auto_increment,
  `version` bigint(20) NOT NULL default '0',
  `name` varchar(255) NOT NULL,
  PRIMARY KEY  (`id`),
  UNIQUE KEY `UK_PlayerPosition_name` (`name`)
) ENGINE=InnoDB DEFAULT CHARSET=latin1 AUTO_INCREMENT=3 ;

-- 
-- Volcar la base de datos para la tabla `category`
-- 

INSERT INTO `category` (`id`, `version`, `name`) VALUES (1, 0, 'Primera A'),
(2, 0, 'Nacional B');

-- --------------------------------------------------------

-- 
-- Estructura de tabla para la tabla `club`
-- 

DROP TABLE IF EXISTS `club`;
CREATE TABLE IF NOT EXISTS `club` (
  `id` bigint(20) NOT NULL auto_increment,
  `version` bigint(20) NOT NULL default '0',
  `name` varchar(255) NOT NULL,
  PRIMARY KEY  (`id`),
  UNIQUE KEY `UK_Club_name` (`name`)
) ENGINE=InnoDB DEFAULT CHARSET=latin1 AUTO_INCREMENT=47 ;

-- 
-- Volcar la base de datos para la tabla `club`
-- 

INSERT INTO `club` (`id`, `version`, `name`) VALUES (27, 0, 'Vélez Sarsfield'),
(28, 0, 'San Lorenzo'),
(29, 0, 'River Plate'),
(30, 0, 'Newell''s Old Boys'),
(31, 0, 'Lanús'),
(32, 0, 'Huracán'),
(33, 0, 'Estudiantes (La Plata)'),
(34, 0, 'Colón (Santa Fé)'),
(35, 0, 'Boca Jrs.'),
(36, 0, 'Tigre'),
(37, 0, 'Rosario Central'),
(38, 0, 'Racing Club'),
(39, 0, 'Independiente'),
(40, 0, 'Godoy Cruz (Mendoza)'),
(41, 0, 'Gimnasia y Esgrima (La Plata)'),
(42, 0, 'Chacarita Jrs.'),
(43, 0, 'Banfield'),
(44, 0, 'Atletico Tucumán'),
(45, 0, 'Arsenal'),
(46, 0, 'Argentinos Jrs.');

-- --------------------------------------------------------

-- 
-- Estructura de tabla para la tabla `match_`
-- 

DROP TABLE IF EXISTS `match_`;
CREATE TABLE IF NOT EXISTS `match_` (
  `id` bigint(20) NOT NULL auto_increment,
  `version` bigint(20) NOT NULL default '0',
  `week` bigint(20) NOT NULL,
  `homeClub` bigint(20) NOT NULL,
  `awayClub` bigint(20) NOT NULL,
  `homeGoals` int(11) default NULL,
  `awayGoals` int(11) default NULL,
  `date` date default NULL,
  `time` time default NULL,
  PRIMARY KEY  (`id`),
  KEY `FK_Match_week` (`week`),
  KEY `FK_Match_homeClub` (`homeClub`),
  KEY `FK_Match_awayClub` (`awayClub`)
) ENGINE=InnoDB DEFAULT CHARSET=latin1 AUTO_INCREMENT=192 ;

-- 
-- Volcar la base de datos para la tabla `match_`
-- 

INSERT INTO `match_` (`id`, `version`, `week`, `homeClub`, `awayClub`, `homeGoals`, `awayGoals`, `date`, `time`) VALUES (1, 0, 1, 41, 40, NULL, NULL, '2009-08-16', NULL),
(2, 0, 1, 39, 30, NULL, NULL, '2009-08-16', NULL),
(3, 0, 1, 28, 44, NULL, NULL, '2009-08-16', NULL),
(4, 0, 1, 42, 36, NULL, NULL, '2009-08-16', NULL),
(5, 0, 1, 45, 33, NULL, NULL, '2009-08-16', NULL),
(6, 0, 1, 37, 38, NULL, NULL, '2009-08-16', NULL),
(7, 0, 1, 32, 31, NULL, NULL, '2009-08-16', NULL),
(8, 0, 1, 35, 46, NULL, NULL, '2009-08-16', NULL),
(9, 0, 1, 43, 29, NULL, NULL, '2009-08-16', NULL),
(10, 0, 1, 34, 27, NULL, NULL, '2009-08-16', NULL),
(11, 0, 2, 38, 34, NULL, NULL, '2009-08-23', NULL),
(12, 0, 2, 36, 37, NULL, NULL, '2009-08-23', NULL),
(13, 0, 2, 29, 42, NULL, NULL, '2009-08-23', NULL),
(14, 0, 2, 46, 43, NULL, NULL, '2009-08-23', NULL),
(15, 0, 2, 31, 35, NULL, NULL, '2009-08-23', NULL),
(16, 0, 2, 30, 32, NULL, NULL, '2009-08-23', NULL),
(17, 0, 2, 44, 39, NULL, NULL, '2009-08-23', NULL),
(18, 0, 2, 40, 28, NULL, NULL, '2009-08-23', NULL),
(19, 0, 2, 33, 41, NULL, NULL, '2009-08-23', NULL),
(20, 0, 2, 27, 45, NULL, NULL, '2009-08-23', NULL),
(21, 0, 3, 39, 40, NULL, NULL, '2009-08-30', NULL),
(22, 0, 3, 32, 44, NULL, NULL, '2009-08-30', NULL),
(23, 0, 3, 35, 30, NULL, NULL, '2009-08-30', NULL),
(24, 0, 3, 46, 31, NULL, NULL, '2009-08-30', NULL),
(25, 0, 3, 43, 42, NULL, NULL, '2009-08-30', NULL),
(26, 0, 3, 37, 29, NULL, NULL, '2009-08-30', NULL),
(27, 0, 3, 34, 36, NULL, NULL, '2009-08-30', NULL),
(28, 0, 3, 45, 38, NULL, NULL, '2009-08-30', NULL),
(29, 0, 3, 41, 27, NULL, NULL, '2009-08-30', NULL),
(30, 0, 3, 28, 33, NULL, NULL, '2009-08-30', NULL),
(31, 0, 4, 38, 41, NULL, NULL, '2009-09-02', NULL),
(32, 0, 4, 36, 45, NULL, NULL, '2009-09-02', NULL),
(33, 0, 4, 29, 34, NULL, NULL, '2009-09-02', NULL),
(34, 0, 4, 42, 37, NULL, NULL, '2009-09-02', NULL),
(35, 0, 4, 31, 43, NULL, NULL, '2009-09-02', NULL),
(36, 0, 4, 30, 46, NULL, NULL, '2009-09-02', NULL),
(37, 0, 4, 44, 35, NULL, NULL, '2009-09-02', NULL),
(38, 0, 4, 40, 32, NULL, NULL, '2009-09-02', NULL),
(39, 0, 4, 33, 39, NULL, NULL, '2009-09-02', NULL),
(40, 0, 4, 27, 28, NULL, NULL, '2009-09-02', NULL),
(41, 0, 5, 39, 27, NULL, NULL, '2009-09-13', NULL),
(42, 0, 5, 32, 33, NULL, NULL, '2009-09-13', NULL),
(43, 0, 5, 35, 40, NULL, NULL, '2009-09-13', NULL),
(44, 0, 5, 46, 44, NULL, NULL, '2009-09-13', NULL),
(45, 0, 5, 31, 30, NULL, NULL, '2009-09-13', NULL),
(46, 0, 5, 37, 43, NULL, NULL, '2009-09-13', NULL),
(47, 0, 5, 34, 42, NULL, NULL, '2009-09-13', NULL),
(48, 0, 5, 45, 29, NULL, NULL, '2009-09-13', NULL),
(49, 0, 5, 41, 36, NULL, NULL, '2009-09-13', NULL),
(50, 0, 5, 28, 38, NULL, NULL, '2009-09-13', NULL),
(51, 0, 6, 38, 39, NULL, NULL, '2009-09-20', NULL),
(52, 0, 6, 36, 28, NULL, NULL, '2009-09-20', NULL),
(53, 0, 6, 29, 41, NULL, NULL, '2009-09-20', NULL),
(54, 0, 6, 42, 45, NULL, NULL, '2009-09-20', NULL),
(55, 0, 6, 43, 30, NULL, NULL, '2009-09-20', NULL),
(56, 0, 6, 37, 34, NULL, NULL, '2009-09-20', NULL),
(57, 0, 6, 44, 31, NULL, NULL, '2009-09-20', NULL),
(58, 0, 6, 40, 46, NULL, NULL, '2009-09-20', NULL),
(59, 0, 6, 33, 35, NULL, NULL, '2009-09-20', NULL),
(60, 0, 6, 27, 32, NULL, NULL, '2009-09-20', NULL),
(61, 0, 7, 39, 36, NULL, NULL, '2009-09-27', NULL),
(62, 0, 7, 32, 38, NULL, NULL, '2009-09-27', NULL),
(63, 0, 7, 35, 27, NULL, NULL, '2009-09-27', NULL),
(64, 0, 7, 46, 33, NULL, NULL, '2009-09-27', NULL),
(65, 0, 7, 31, 40, NULL, NULL, '2009-09-27', NULL),
(66, 0, 7, 30, 44, NULL, NULL, '2009-09-27', NULL),
(67, 0, 7, 34, 43, NULL, NULL, '2009-09-27', NULL),
(68, 0, 7, 45, 37, NULL, NULL, '2009-09-27', NULL),
(69, 0, 7, 41, 42, NULL, NULL, '2009-09-27', NULL),
(70, 0, 7, 28, 29, NULL, NULL, '2009-09-27', NULL),
(71, 0, 8, 38, 35, NULL, NULL, '2009-10-04', NULL),
(72, 0, 8, 36, 32, NULL, NULL, '2009-10-04', NULL),
(73, 0, 8, 29, 39, NULL, NULL, '2009-10-04', NULL),
(74, 0, 8, 42, 28, NULL, NULL, '2009-10-04', NULL),
(75, 0, 8, 43, 44, NULL, NULL, '2009-10-04', NULL),
(76, 0, 8, 37, 41, NULL, NULL, '2009-10-04', NULL),
(77, 0, 8, 34, 45, NULL, NULL, '2009-10-04', NULL),
(78, 0, 8, 40, 30, NULL, NULL, '2009-10-04', NULL),
(79, 0, 8, 33, 31, NULL, NULL, '2009-10-04', NULL),
(80, 0, 8, 27, 46, NULL, NULL, '2009-10-04', NULL),
(81, 0, 9, 39, 42, NULL, NULL, '2009-10-07', NULL),
(82, 0, 9, 32, 29, NULL, NULL, '2009-10-07', NULL),
(83, 0, 9, 35, 36, NULL, NULL, '2009-10-07', NULL),
(84, 0, 9, 46, 38, NULL, NULL, '2009-10-07', NULL),
(85, 0, 9, 31, 27, NULL, NULL, '2009-10-07', NULL),
(86, 0, 9, 30, 33, NULL, NULL, '2009-10-07', NULL),
(87, 0, 9, 44, 40, NULL, NULL, '2009-10-07', NULL),
(88, 0, 9, 45, 43, NULL, NULL, '2009-10-07', NULL),
(89, 0, 9, 41, 34, NULL, NULL, '2009-10-07', NULL),
(90, 0, 9, 28, 28, NULL, NULL, '2009-10-07', NULL),
(91, 0, 9, 37, 37, NULL, NULL, '2009-10-07', NULL),
(92, 0, 10, 38, 31, NULL, NULL, '2009-10-18', NULL),
(93, 0, 10, 36, 46, NULL, NULL, '2009-10-18', NULL),
(94, 0, 10, 29, 35, NULL, NULL, '2009-10-18', NULL),
(95, 0, 10, 42, 32, NULL, NULL, '2009-10-18', NULL),
(96, 0, 10, 43, 40, NULL, NULL, '2009-10-18', NULL),
(97, 0, 10, 37, 39, NULL, NULL, '2009-10-18', NULL),
(98, 0, 10, 34, 28, NULL, NULL, '2009-10-18', NULL),
(99, 0, 10, 45, 41, NULL, NULL, '2009-10-18', NULL),
(100, 0, 10, 33, 44, NULL, NULL, '2009-10-18', NULL),
(101, 0, 10, 27, 30, NULL, NULL, '2009-10-18', NULL),
(102, 0, 11, 39, 34, NULL, NULL, '2009-10-25', NULL),
(103, 0, 11, 32, 37, NULL, NULL, '2009-10-25', NULL),
(104, 0, 11, 35, 42, NULL, NULL, '2009-10-25', NULL),
(105, 0, 11, 46, 29, NULL, NULL, '2009-10-25', NULL),
(106, 0, 11, 31, 36, NULL, NULL, '2009-10-25', NULL),
(107, 0, 11, 30, 38, NULL, NULL, '2009-10-25', NULL),
(108, 0, 11, 44, 27, NULL, NULL, '2009-10-25', NULL),
(109, 0, 11, 40, 33, NULL, NULL, '2009-10-25', NULL),
(110, 0, 11, 41, 43, NULL, NULL, '2009-10-25', NULL),
(111, 0, 11, 28, 45, NULL, NULL, '2009-10-25', NULL),
(112, 1, 12, 38, 44, 4, 0, '2009-10-28', NULL),
(113, 6, 12, 36, 30, 1, 2, '2009-10-28', NULL),
(114, 3, 12, 29, 31, 0, 1, '2009-10-28', NULL),
(115, 2, 12, 42, 46, 2, 2, '2009-10-28', NULL),
(116, 3, 12, 43, 33, 2, 1, '2009-10-28', NULL),
(117, 3, 12, 37, 35, 2, 1, '2009-10-28', NULL),
(118, 2, 12, 34, 32, 3, 0, '2009-10-28', NULL),
(119, 1, 12, 45, 39, 1, 0, '2009-10-28', NULL),
(120, 1, 12, 41, 28, 2, 2, '2009-10-28', NULL),
(121, 2, 12, 27, 40, 2, 0, '2009-10-28', NULL),
(122, 2, 13, 39, 41, 1, 0, '2009-11-01', NULL),
(123, 2, 13, 32, 45, 1, 1, '2009-11-01', NULL),
(124, 2, 13, 35, 34, 0, 0, '2009-11-01', NULL),
(125, 4, 13, 46, 37, 1, 1, '2009-11-01', NULL),
(126, 2, 13, 31, 42, 0, 3, '2009-11-01', NULL),
(127, 2, 13, 30, 29, 2, 1, '2009-11-01', NULL),
(128, 3, 13, 44, 36, 4, 2, '2009-11-01', NULL),
(129, 3, 13, 40, 38, 3, 1, '2009-11-01', NULL),
(130, 3, 13, 33, 27, 3, 0, '2009-11-01', NULL),
(131, 4, 13, 28, 43, 0, 1, '2009-11-01', NULL),
(132, 2, 14, 38, 33, 1, 0, '2009-11-08', NULL),
(133, 2, 14, 36, 40, 2, 0, '2009-11-08', NULL),
(134, 2, 14, 29, 44, 3, 1, '2009-11-08', NULL),
(135, 2, 14, 42, 30, 0, 1, '2009-11-08', NULL),
(136, 3, 14, 43, 27, 3, 0, '2009-11-08', NULL),
(137, 2, 14, 37, 31, 0, 0, '2009-11-08', NULL),
(138, 3, 14, 34, 46, 2, 0, '2009-11-08', NULL),
(139, 2, 14, 45, 35, 1, 1, '2009-11-08', NULL),
(140, 2, 14, 41, 32, 4, 1, '2009-11-08', NULL),
(141, 2, 14, 28, 39, 0, 3, '2009-11-08', NULL),
(142, 2, 15, 39, 43, 1, 2, '2009-11-15', NULL),
(143, 2, 15, 32, 28, 0, 2, '2009-11-15', NULL),
(144, 2, 15, 35, 41, 4, 0, '2009-11-15', NULL),
(145, 3, 15, 46, 45, 1, 1, '2009-11-15', NULL),
(146, 2, 15, 31, 34, 3, 0, '2009-11-15', NULL),
(147, 2, 15, 30, 37, 2, 2, '2009-11-15', NULL),
(148, 2, 15, 44, 42, 2, 1, '2009-11-15', NULL),
(149, 2, 15, 40, 29, 0, 0, '2009-11-15', NULL),
(150, 4, 15, 33, 36, 3, 1, '2009-11-15', NULL),
(151, 3, 15, 27, 38, 4, 2, '2009-11-15', NULL),
(152, 2, 16, 39, 32, 2, 0, '2009-11-22', NULL),
(153, 2, 16, 36, 27, 0, 3, '2009-11-22', NULL),
(154, 2, 16, 29, 33, 1, 1, '2009-11-22', NULL),
(155, 2, 16, 42, 40, 2, 1, '2009-11-22', NULL),
(156, 3, 16, 43, 38, 1, 2, '2009-11-22', NULL),
(157, 2, 16, 37, 44, 1, 1, '2009-11-22', NULL),
(158, 2, 16, 34, 30, 0, 1, '2009-11-22', NULL),
(159, 2, 16, 45, 31, 2, 5, '2009-11-22', NULL),
(160, 2, 16, 41, 46, 1, 2, '2009-11-22', NULL),
(161, 3, 16, 28, 35, 3, 0, '2009-11-22', NULL),
(162, 0, 17, 38, 36, NULL, NULL, '2009-11-29', NULL),
(163, 0, 17, 32, 43, NULL, NULL, '2009-11-29', NULL),
(164, 0, 17, 35, 39, NULL, NULL, '2009-11-29', NULL),
(165, 0, 17, 46, 28, NULL, NULL, '2009-11-29', NULL),
(166, 0, 17, 31, 41, NULL, NULL, '2009-11-29', NULL),
(167, 0, 17, 30, 45, NULL, NULL, '2009-11-29', NULL),
(168, 0, 17, 44, 34, NULL, NULL, '2009-11-29', NULL),
(169, 0, 17, 40, 37, NULL, NULL, '2009-11-29', NULL),
(170, 2, 17, 33, 42, 0, 0, '2009-11-29', NULL),
(171, 0, 17, 27, 29, NULL, NULL, '2009-11-29', NULL),
(172, 0, 18, 39, 46, NULL, NULL, '2009-12-06', NULL),
(173, 0, 18, 32, 35, NULL, NULL, '2009-12-06', NULL),
(174, 0, 18, 29, 38, NULL, NULL, '2009-12-06', NULL),
(175, 0, 18, 42, 27, NULL, NULL, '2009-12-06', NULL),
(176, 0, 18, 43, 36, NULL, NULL, '2009-12-06', NULL),
(177, 1, 18, 37, 33, 3, 0, '2009-12-06', NULL),
(178, 0, 18, 34, 40, NULL, NULL, '2009-12-06', NULL),
(179, 0, 18, 45, 44, NULL, NULL, '2009-12-06', NULL),
(180, 0, 18, 41, 30, NULL, NULL, '2009-12-06', NULL),
(181, 0, 18, 28, 31, NULL, NULL, '2009-12-06', NULL),
(182, 0, 19, 38, 42, NULL, NULL, '2009-12-13', NULL),
(183, 0, 19, 36, 29, NULL, NULL, '2009-12-13', NULL),
(184, 0, 19, 35, 43, NULL, NULL, '2009-12-13', NULL),
(185, 0, 19, 46, 32, NULL, NULL, '2009-12-13', NULL),
(186, 0, 19, 31, 39, NULL, NULL, '2009-12-13', NULL),
(187, 0, 19, 30, 28, NULL, NULL, '2009-12-13', NULL),
(188, 0, 19, 44, 41, NULL, NULL, '2009-12-13', NULL),
(189, 0, 19, 40, 45, NULL, NULL, '2009-12-13', NULL),
(190, 0, 19, 33, 34, NULL, NULL, '2009-12-13', NULL),
(191, 0, 19, 27, 37, NULL, NULL, '2009-12-13', NULL);

-- --------------------------------------------------------

-- 
-- Estructura de tabla para la tabla `player`
-- 

DROP TABLE IF EXISTS `player`;
CREATE TABLE IF NOT EXISTS `player` (
  `id` bigint(20) NOT NULL auto_increment,
  `version` bigint(20) NOT NULL default '0',
  `firstname` varchar(255) NOT NULL,
  `lastname` varchar(255) NOT NULL,
  `number` int(2) default NULL,
  `club` bigint(20) NOT NULL,
  `position` bigint(20) NOT NULL,
  `value` varchar(255) NOT NULL,
  `selected` tinyint(1) NOT NULL default '0',
  PRIMARY KEY  (`id`),
  KEY `FK_Player_club` (`club`),
  KEY `FK_Player_position` (`position`)
) ENGINE=InnoDB DEFAULT CHARSET=latin1 AUTO_INCREMENT=699 ;

-- 
-- Volcar la base de datos para la tabla `player`
-- 

INSERT INTO `player` (`id`, `version`, `firstname`, `lastname`, `number`, `club`, `position`, `value`, `selected`) VALUES (1, 0, 'Maximiliano', 'Moralez', NULL, 27, 3, '3', 1),
(2, 0, 'Hernán', 'López', NULL, 27, 4, '3', 0),
(3, 0, 'Nicolás', 'Otamendi', NULL, 27, 2, '3', 1),
(4, 0, 'Sebastián', 'Domínguez', NULL, 27, 2, '3', 0),
(5, 0, 'Leandro', 'Somoza', NULL, 27, 3, '3', 0),
(6, 0, 'Leandro', 'Romagnoli', NULL, 28, 3, '3', 1),
(7, 0, 'Alejandro', 'Gómez', NULL, 28, 3, '3', 0),
(8, 0, 'Marcelo', 'Gallardo', NULL, 29, 3, '3', 0),
(9, 0, 'Ariel', 'Ortega', NULL, 29, 4, '3', 1),
(10, 0, 'Diego', 'Buonanotte', NULL, 29, 3, '3', 0),
(11, 0, 'Rolando', 'Schiavi', NULL, 30, 2, '3', 0),
(12, 0, 'Sebastián', 'Blanco', NULL, 31, 3, '3', 0),
(13, 0, 'Eduardo', 'Salvio', NULL, 31, 3, '3', 1),
(14, 0, 'Mario', 'Bolatti', NULL, 32, 3, '3', 1),
(15, 0, 'Juan Sebastián', 'Verón', NULL, 33, 3, '3', 1),
(16, 0, 'Mauro', 'Boselli', NULL, 33, 4, '3', 1),
(17, 0, 'Enzo', 'Pérez', NULL, 33, 3, '2', 1),
(18, 0, 'Esteban', 'Fuertes', NULL, 34, 4, '3', 1),
(19, 0, 'Martín', 'Palermo', NULL, 35, 4, '3', 0),
(20, 0, 'Juan Román', 'Riquelme', NULL, 35, 3, '3', 1),
(21, 0, 'Sebastián', 'Battaglia', NULL, 35, 3, '3', 1),
(22, 0, 'Federico', 'Insúa', NULL, 35, 3, '3', 0),
(23, 0, 'Víctor', 'Zapata', NULL, 27, 3, '2', 1),
(24, 0, 'Germán', 'Montoya', NULL, 27, 1, '3', 0),
(25, 0, 'Leandro', 'Caruso', NULL, 27, 4, '2', 1),
(26, 0, 'Emiliano', 'Papa', NULL, 27, 2, '2', 1),
(27, 0, 'Fabián', 'Cubero', NULL, 27, 3, '2', 1),
(28, 0, 'Jonathan', 'Cristaldo', NULL, 27, 4, '2', 0),
(29, 0, 'Waldo', 'Ponce', NULL, 27, 2, '2', 0),
(30, 0, 'Juan M.', 'Martínez', NULL, 27, 4, '2', 0),
(31, 0, 'Rolando', 'Zárate', NULL, 27, 4, '2', 0),
(32, 0, 'Pablo', 'Lima', NULL, 27, 2, '1', 0),
(33, 0, 'Franco', 'Razzotti', NULL, 27, 3, '1', 0),
(34, 0, 'Nicolás', 'Cabrera', NULL, 27, 3, '2', 0),
(35, 0, 'Marcelo', 'Barovero', NULL, 27, 1, '2', 0),
(36, 0, 'Leandro', 'Velázquez', NULL, 27, 3, '1', 0),
(37, 0, 'Gastón', 'Díaz', NULL, 27, 2, '1', 0),
(38, 0, 'Leandro', 'Coronel', NULL, 27, 3, '1', 0),
(39, 0, 'Alejandro', 'Cabral', NULL, 27, 3, '1', 0),
(40, 0, 'Fernando', 'Tobio', NULL, 27, 2, '1', 0),
(41, 0, 'Iván', 'Bella', NULL, 27, 3, '1', 0),
(42, 0, 'Marco', 'Torsiglieri', NULL, 27, 2, '1', 0),
(43, 0, 'Javier', 'Robles', NULL, 27, 3, '1', 0),
(44, 0, 'Andrés', 'Guzmán', NULL, 27, 4, '1', 0),
(45, 0, 'Pablo', 'Despósito', NULL, 27, 3, '1', 0),
(46, 0, 'Maximiliano', 'Timpanaro', NULL, 27, 4, '1', 0),
(47, 0, 'Ezequiel', 'Cacace', NULL, 27, 1, '1', 0),
(48, 0, 'Ricardo', 'Alvarez', NULL, 27, 3, '1', 0),
(49, 0, 'Mariano', 'Bittolo', NULL, 27, 2, '1', 0),
(50, 0, 'Leonardo', 'Piris', NULL, 27, 4, '1', 0),
(51, 0, 'Luciano', 'Cigno', NULL, 27, 3, '1', 0),
(52, 0, 'Martín', 'Morel', NULL, 36, 3, '2', 1),
(53, 0, 'Carlos', 'Luna', NULL, 36, 4, '2', 1),
(54, 0, 'Daniel', 'Islas', NULL, 36, 1, '2', 1),
(55, 0, 'Leandro', 'Lazzaro', NULL, 36, 4, '2', 0),
(56, 0, 'Matías', 'Giménez', NULL, 36, 3, '2', 0),
(57, 0, 'Diego', 'Castaño', NULL, 36, 3, '2', 0),
(58, 0, 'Rodolfo', 'Arruabarrena', NULL, 36, 2, '2', 0),
(59, 0, 'Julio', 'Manzur', NULL, 36, 2, '2', 1),
(60, 0, 'José', 'Montiel', NULL, 36, 3, '1', 0),
(61, 0, 'Norberto', 'Paparatto', NULL, 36, 2, '1', 0),
(62, 0, 'Julio', 'Aguilar', NULL, 36, 4, '1', 0),
(63, 0, 'Guillermo', 'Suárez', NULL, 36, 4, '1', 0),
(64, 0, 'Lucas', 'Oviedo', NULL, 36, 3, '1', 1),
(65, 0, 'Ramiro', 'Leone', NULL, 36, 3, '1', 0),
(66, 0, 'Cristian', 'Bardaro', NULL, 36, 4, '1', 0),
(67, 0, 'Damián', 'Leyes', NULL, 36, 2, '1', 0),
(68, 0, 'José Ignacio', 'San Román', NULL, 36, 2, '1', 0),
(69, 0, 'Jonathan', 'Blanco', NULL, 36, 3, '1', 0),
(70, 0, 'Fabio', 'Pieters', NULL, 36, 3, '1', 0),
(71, 0, 'Juan Pablo', 'Garat', NULL, 36, 2, '1', 0),
(72, 0, 'Mariano', 'Pasini', NULL, 36, 3, '1', 0),
(73, 0, 'Carlos', 'Fondacaro', NULL, 36, 2, '1', 0),
(74, 0, 'Luis', 'Ardente', NULL, 36, 1, '1', 0),
(75, 0, 'Maximiliano', 'Oliva', NULL, 36, 2, '1', 0),
(76, 0, 'Diego', 'Ferreyra', NULL, 36, 3, '1', 0),
(77, 0, 'Gregorio', 'Abregú', NULL, 36, 3, '1', 0),
(78, 0, 'Rubén', 'Botta', NULL, 36, 3, '1', 0),
(79, 0, 'Facundo', 'Pumpido', NULL, 36, 4, '1', 0),
(80, 0, 'Emiliano', 'Cincotta', NULL, 36, 2, '1', 0),
(81, 0, 'Lucas', 'Abud', NULL, 36, 1, '1', 1),
(82, 0, 'Hernán', 'Castria', NULL, 36, 2, '1', 0),
(83, 0, 'Milton', 'Blanco', NULL, 36, 3, '1', 0),
(84, 0, 'Juan Miguel', 'Maldonado', NULL, 36, 3, '1', 0),
(85, 0, 'Walter', 'Sánchez', NULL, 36, 3, '1', 0),
(86, 0, 'Jeremías Pablo', 'Attadia', NULL, 36, 4, '1', 0),
(87, 0, 'Pablo', 'Migliore', NULL, 28, 1, '2', 1),
(88, 0, 'Agustín', 'Orion', NULL, 28, 1, '2', 0),
(89, 0, 'Juan Manuel', 'Torres', NULL, 28, 3, '2', 0),
(90, 0, 'Jonathan', 'Bottinelli', NULL, 28, 2, '2', 1),
(91, 0, 'Cristian', 'González', NULL, 28, 3, '2', 0),
(92, 0, 'Gastón', 'Aguirre', NULL, 28, 2, '2', 1),
(93, 0, 'Aureliano', 'Torres', NULL, 28, 2, '2', 1),
(94, 0, 'Diego', 'Rivero', NULL, 28, 3, '2', 1),
(95, 0, 'Cristian', 'Leiva', NULL, 28, 3, '2', 0),
(96, 0, 'Bernardo', 'Romeo', NULL, 28, 4, '2', 0),
(97, 0, 'Renato', 'Civelli', NULL, 28, 2, '2', 0),
(98, 0, 'Juan Carlos', 'Menseguez', NULL, 28, 4, '2', 0),
(99, 0, 'Pablo', 'Pintos', NULL, 28, 2, '2', 1),
(100, 0, 'Nicolás', 'Bianchi Arce', NULL, 28, 2, '2', 0),
(101, 0, 'Germán', 'Voboril', NULL, 28, 2, '1', 0),
(102, 0, 'Fabián', 'Bordagaray', NULL, 28, 4, '1', 0),
(103, 0, 'Gustavo', 'Campagnuolo', NULL, 28, 1, '1', 0),
(104, 0, 'Sebastián', 'Luna', NULL, 28, 3, '2', 0),
(105, 0, 'Nereo', 'Champagne', NULL, 28, 1, '1', 0),
(106, 0, 'Félix', 'Orode', NULL, 28, 4, '1', 0),
(107, 0, 'Fernando', 'Meza', NULL, 28, 2, '1', 0),
(108, 0, 'Axel', 'Juárez', NULL, 28, 3, '1', 0),
(109, 0, 'Damián', 'Martínez', NULL, 28, 2, '1', 0),
(110, 0, 'Sebastián', 'González', NULL, 28, 3, '1', 0),
(111, 0, 'Salvador', 'Reynoso', NULL, 28, 3, '1', 0),
(112, 0, 'Bruno', 'Centeno', NULL, 28, 1, '1', 0),
(113, 0, 'Juan Martín', 'Cadelago', NULL, 28, 2, '1', 0),
(114, 0, 'Leonel', 'Rinaldi', NULL, 28, 3, '1', 0),
(115, 0, 'Gonzalo', 'Bazán', NULL, 28, 3, '1', 0),
(116, 0, 'Nahuel', 'De Vico', NULL, 28, 3, '1', 0),
(117, 0, 'José Luis', 'Palomino', NULL, 28, 2, '1', 0),
(118, 0, 'Santiago', 'Prim', NULL, 28, 3, '1', 0),
(119, 0, 'Jorge', 'Broun', NULL, 37, 1, '2', 1),
(120, 0, 'Emilio', 'Zelaya', NULL, 37, 4, '2', 1),
(121, 0, 'Andrés', 'Franzoia', NULL, 37, 4, '2', 0),
(122, 0, 'Martín', 'Astudillo', NULL, 37, 3, '2', 0),
(123, 0, 'Jesús', 'Méndez', NULL, 37, 3, '2', 1),
(124, 0, 'Milton', 'Caraglio', NULL, 37, 4, '1', 0),
(125, 0, 'Gonzalo', 'Choy González', NULL, 37, 3, '2', 0),
(126, 0, 'Diego', 'Chitzoff', NULL, 37, 2, '1', 0),
(127, 0, 'Darío', 'Ocampo', NULL, 37, 3, '2', 0),
(128, 0, 'Diego', 'Braghieri', NULL, 37, 2, '1', 1),
(129, 0, 'Guillermo', 'Burdisso', NULL, 37, 2, '2', 1),
(130, 0, 'Alexis', 'Danelón', NULL, 37, 2, '1', 0),
(131, 0, 'Gervasio', 'Núñez', NULL, 37, 3, '1', 1),
(132, 0, 'Paul', 'Ambrossi', NULL, 37, 2, '2', 0),
(133, 0, 'Ignacio', 'Bogino', NULL, 37, 2, '1', 0),
(134, 0, 'Mario', 'Paglialunga', NULL, 37, 3, '1', 1),
(135, 0, 'Nahuel', 'Valentini', NULL, 37, 2, '1', 0),
(136, 0, 'Hernán', 'Galíndez', NULL, 37, 1, '1', 1),
(137, 0, 'Jonatan', 'Gómez', NULL, 37, 4, '1', 0),
(138, 0, 'Abel', 'Espinosa', NULL, 37, 2, '1', 0),
(139, 0, 'Lucas', 'Moya', NULL, 37, 3, '1', 0),
(140, 0, 'Leandro', 'Gurrieri', NULL, 37, 4, '1', 0),
(141, 0, 'Gonzalo', 'Castillejos', NULL, 37, 4, '1', 1),
(142, 0, 'Santiago', 'García', NULL, 37, 2, '1', 0),
(143, 0, 'Ignacio', 'Calcaterra', NULL, 37, 3, '1', 0),
(144, 0, 'Manuel', 'García', NULL, 37, 1, '1', 0),
(145, 0, 'Facundo', 'Lupardo', NULL, 37, 1, '1', 0),
(146, 0, 'Rafael', 'Delgado', NULL, 37, 2, '1', 0),
(147, 0, 'Cristian', 'Godoy', NULL, 37, 2, '1', 0),
(148, 0, 'Cristian', 'Paz', NULL, 37, 2, '1', 0),
(149, 0, 'Mario', 'Vallejo', NULL, 37, 2, '1', 0),
(150, 0, 'Matías', 'Ballini', NULL, 37, 3, '1', 0),
(151, 0, 'Milton', 'Zárate', NULL, 37, 3, '1', 0),
(152, 0, 'Martín', 'Rivero', NULL, 37, 3, '1', 0),
(153, 0, 'Emanuel', 'Serra', NULL, 37, 4, '1', 0),
(154, 0, 'Cristian', 'Fabbiani', NULL, 29, 4, '2', 0),
(155, 0, 'Paulo', 'Ferrari', NULL, 29, 2, '2', 1),
(156, 0, 'Patricio', 'Toranzo', NULL, 29, 3, '2', 0),
(157, 0, 'Matías', 'Abelairas', NULL, 29, 3, '2', 0),
(158, 0, 'Mauro', 'Rosales', NULL, 29, 4, '2', 0),
(159, 0, 'Nicolás', 'Navarro', NULL, 29, 1, '2', 0),
(160, 0, 'Mario Daniel', 'Vega', NULL, 29, 1, '2', 0),
(161, 0, 'Gustavo', 'Cabral', NULL, 29, 2, '2', 0),
(162, 0, 'Facundo', 'Quiroga', NULL, 29, 2, '2', 0),
(163, 0, 'Nicolás', 'Sánchez', NULL, 29, 2, '2', 0),
(164, 0, 'Cristian', 'Villagra', NULL, 29, 2, '2', 0),
(165, 0, 'Oscar', 'Ahumada', NULL, 29, 3, '2', 0),
(166, 0, 'Juan Marcelo', 'Ojeda', NULL, 29, 1, '1', 0),
(167, 0, 'Diego', 'Barrado', NULL, 29, 3, '2', 0),
(168, 0, 'Martín', 'Galmarini', NULL, 29, 3, '1', 0),
(169, 0, 'Rodrigo', 'Archubi', NULL, 29, 3, '1', 0),
(170, 0, 'Miguel', 'Paniagua', NULL, 29, 3, '2', 0),
(171, 0, 'Matías', 'Almeyda', NULL, 29, 3, '2', 1),
(172, 0, 'Mauro', 'Díaz', NULL, 29, 3, '2', 0),
(173, 0, 'Nicolás', 'Domingo', NULL, 29, 3, '1', 0),
(174, 0, 'Javier', 'Cohene Mereles', NULL, 29, 2, '1', 0),
(175, 0, 'Andrés', 'Ríos', NULL, 29, 4, '1', 0),
(176, 0, 'Gustavo', 'Bou', NULL, 29, 4, '1', 0),
(177, 0, 'Lucas', 'Orban', NULL, 29, 2, '1', 0),
(178, 0, 'Gustavo', 'Fernández', NULL, 29, 4, '1', 0),
(179, 0, 'Daniel', 'Villalba', NULL, 29, 4, '1', 0),
(180, 0, 'Facundo', 'Affranchino', NULL, 29, 3, '1', 0),
(181, 0, 'Gustavo', 'Gil', NULL, 29, 4, '1', 0),
(182, 0, 'Erik', 'Lamela', NULL, 29, 3, '1', 0),
(183, 0, 'Leandro', 'Chichizola', NULL, 29, 1, '1', 0),
(184, 0, 'Maximiliano', 'Coronel', NULL, 29, 2, '1', 0),
(185, 0, 'Eial', 'Strahman', NULL, 29, 4, '1', 0),
(186, 0, 'Gonzalo', 'Marinelli', NULL, 29, 1, '1', 0),
(187, 0, 'Germán', 'Pezzella', NULL, 29, 2, '1', 0),
(188, 0, 'Rubén', 'Ramírez', NULL, 38, 4, '2', 1),
(189, 0, 'Pablo', 'Lugüercio', NULL, 38, 4, '2', 0),
(190, 0, 'Matías', 'Martínez', NULL, 38, 2, '2', 1),
(191, 0, 'Claudio', 'Yacob', NULL, 38, 3, '2', 0),
(192, 0, 'Lucas', 'Aveldaño', NULL, 38, 2, '2', 0),
(193, 0, 'Lucas', 'Castromán', NULL, 38, 3, '2', 0),
(194, 0, 'Adrián', 'Lucero', NULL, 38, 3, '2', 0),
(195, 0, 'Sebastián', 'Rosano', NULL, 38, 3, '1', 0),
(196, 0, 'Marcos', 'Cáceres', NULL, 38, 2, '2', 1),
(197, 0, 'Matías', 'Cahais', NULL, 38, 2, '2', 1),
(198, 0, 'Sebastián', 'Grazzini', NULL, 38, 3, '2', 0),
(199, 0, 'Pablo', 'Santillo', NULL, 38, 1, '2', 0),
(200, 0, 'Martín', 'Wagner', NULL, 38, 3, '1', 0),
(201, 0, 'Juan Carlos', 'Falcón', NULL, 38, 3, '2', 0),
(202, 0, 'Damián', 'Ledesma', NULL, 38, 3, '1', 0),
(203, 0, 'Gabriel', 'Mercado', NULL, 38, 2, '1', 0),
(204, 0, 'Damián', 'Steinert', NULL, 38, 4, '1', 0),
(205, 0, 'Cristian', 'Tavio', NULL, 38, 2, '1', 0),
(206, 0, 'Pablo', 'Caballero', NULL, 38, 4, '1', 0),
(207, 0, 'José', 'Martínez Gullotta', NULL, 38, 1, '1', 0),
(208, 0, 'Marcos', 'Brítez Ojeda', NULL, 38, 3, '1', 1),
(209, 0, 'Pablo', 'Monsalvo', NULL, 38, 3, '1', 0),
(210, 0, 'Braian', 'Lluy', NULL, 38, 2, '1', 1),
(211, 0, 'Jorge', 'De Olivera', NULL, 38, 1, '1', 1),
(212, 0, 'Diego', 'Menghi', NULL, 38, 2, '1', 0),
(213, 0, 'José Luis', 'Fernández', NULL, 38, 3, '1', 0),
(214, 0, 'Juan', 'Sánchez Sotelo', NULL, 38, 4, '1', 0),
(215, 0, 'Javier', 'Velázquez', NULL, 38, 4, '1', 0),
(216, 0, 'Gonzalo', 'Pérez', NULL, 38, 3, '1', 0),
(217, 0, 'Mauro', 'Dobler', NULL, 38, 1, '1', 0),
(218, 0, 'Martín', 'Puchetta', NULL, 38, 2, '1', 0),
(219, 0, 'Nicolás', 'Sainz', NULL, 38, 2, '1', 0),
(220, 0, 'Luis', 'Fariña', NULL, 38, 3, '1', 0),
(221, 0, 'Juan Cruz', 'Respuela', NULL, 38, 4, '1', 0),
(222, 0, 'Brian', 'Risso', NULL, 38, 4, '1', 0),
(223, 0, 'Valentín', 'Viola', NULL, 38, 4, '1', 0),
(224, 0, 'Mauro', 'Formica', NULL, 30, 3, '2', 1),
(225, 0, 'Sebastián', 'Peratta', NULL, 30, 1, '2', 1),
(226, 0, 'Leonel', 'Vangioni', NULL, 30, 3, '2', 1),
(227, 0, 'Juan M.', 'Insaurralde', NULL, 30, 2, '2', 1),
(228, 0, 'Mauricio', 'Sperdutti', NULL, 30, 3, '2', 0),
(229, 0, 'Cristian', 'Sánchez Prette', NULL, 30, 3, '2', 1),
(230, 0, 'Joaquín A.', 'Boghossian', NULL, 30, 4, '1', 0),
(231, 0, 'Alejandro', 'Da Silva', NULL, 30, 4, '1', 0),
(232, 0, 'Lucas', 'Bernardi', NULL, 30, 3, '2', 0),
(233, 0, 'Jorge', 'Achucarro', NULL, 30, 4, '1', 0),
(234, 0, 'Hugo', 'Barrientos', NULL, 30, 3, '1', 0),
(235, 0, 'Diego', 'Mateo', NULL, 30, 3, '2', 0),
(236, 0, 'Diego', 'Torres', NULL, 30, 4, '1', 0),
(237, 0, 'Juan', 'Quiroga', NULL, 30, 2, '1', 1),
(238, 0, 'Germán', 'Caffa', NULL, 30, 1, '1', 1),
(239, 0, 'Pablo', 'Aguilar', NULL, 30, 2, '1', 0),
(240, 0, 'Franco', 'Dolci', NULL, 30, 3, '1', 0),
(241, 0, 'Diego', 'Casaneve', NULL, 30, 3, '1', 0),
(242, 0, 'Matías', 'Quiroga', NULL, 30, 3, '1', 0),
(243, 0, 'Cristian', 'Núñez', NULL, 30, 4, '1', 1),
(244, 0, 'Miguel', 'Torren', NULL, 30, 2, '1', 0),
(245, 0, 'Ignacio', 'Fideleff', NULL, 30, 2, '1', 0),
(246, 0, 'Pablo', 'Pérez', NULL, 30, 3, '1', 0),
(247, 0, 'Nahuel', 'Roselli', NULL, 30, 2, '1', 0),
(248, 0, 'Mauricio', 'Carrasco', NULL, 30, 4, '1', 0),
(249, 0, 'Martín', 'Seri', NULL, 30, 3, '1', 0),
(250, 0, 'Juan Manuel', 'Sosa', NULL, 30, 3, '1', 0),
(251, 0, 'Alexis', 'Machuca', NULL, 30, 2, '1', 0),
(252, 0, 'Carlos', 'Vaca', NULL, 30, 2, '1', 0),
(253, 0, 'Santiago', 'Fernández', NULL, 30, 4, '1', 0),
(254, 0, 'Rodrigo', 'Chávez', NULL, 30, 2, '1', 0),
(255, 0, 'Cristian', 'Díaz', NULL, 30, 3, '1', 0),
(256, 0, 'Hernán', 'Zanni', NULL, 30, 3, '1', 0),
(257, 0, 'Emanuel', 'Dening', NULL, 30, 4, '1', 0),
(258, 0, 'Federico', 'Falcone', NULL, 30, 4, '1', 0),
(259, 0, 'Lucas', 'Hoyos', NULL, 30, 1, '1', 0),
(260, 0, 'Alejandro', 'Cascio', NULL, 30, 3, '1', 0),
(261, 0, 'Juan Manuel', 'Cobelli', NULL, 30, 4, '1', 0),
(262, 0, 'Santiago', 'Salcedo', NULL, 31, 4, '2', 1),
(263, 0, 'Diego', 'Lagos', NULL, 31, 4, '2', 0),
(264, 0, 'Mauricio', 'Caranta', NULL, 31, 1, '2', 1),
(265, 0, 'Agustín', 'Pelletieri', NULL, 31, 3, '2', 1),
(266, 0, 'Matías', 'Fritzler', NULL, 31, 3, '2', 1),
(267, 0, 'Maximiliano', 'Velázquez', NULL, 31, 2, '2', 0),
(268, 0, 'Marcos', 'Aguirre', NULL, 31, 3, '2', 0),
(269, 0, 'Santiago', 'Hoyos', NULL, 31, 2, '2', 0),
(270, 0, 'Diego', 'González', NULL, 31, 3, '1', 1),
(271, 0, 'Santiago', 'Biglieri', NULL, 31, 4, '1', 1),
(272, 0, 'Jadson', 'Viera', NULL, 31, 2, '2', 0),
(273, 0, 'Emir', 'Faccioli', NULL, 31, 2, '1', 1),
(274, 0, 'Eduardo', 'Ledesma', NULL, 31, 3, '2', 1),
(275, 0, 'Adrián', 'Peralta', NULL, 31, 3, '1', 0),
(276, 0, 'Hernán', 'Grana', NULL, 31, 2, '1', 0),
(277, 0, 'Carlos', 'Quintana', NULL, 31, 2, '1', 0),
(278, 0, 'Carlos', 'Arce', NULL, 31, 2, '1', 0),
(279, 0, 'Cristian', 'Menéndez', NULL, 31, 4, '1', 0),
(280, 0, 'Agustín', 'Marchesín', NULL, 31, 1, '1', 0),
(281, 0, 'Roberto', 'Dovetta', NULL, 31, 4, '1', 0),
(282, 0, 'Iván', 'Macalik', NULL, 31, 2, '1', 0),
(283, 0, 'Maximiliano', 'Lugo', NULL, 31, 2, '1', 0),
(284, 0, 'Mario', 'Zaninovic', NULL, 31, 3, '1', 0),
(285, 0, 'Marcelo', 'Benítez', NULL, 31, 3, '1', 0),
(286, 0, 'Rodrigo', 'Erramuspe', NULL, 31, 2, '1', 0),
(287, 0, 'Leandro', 'Benítez', NULL, 31, 3, '1', 0),
(288, 0, 'Javier', 'Carrasco', NULL, 31, 3, '1', 0),
(289, 0, 'Gonzalo', 'Díaz Nachar', NULL, 31, 3, '1', 0),
(290, 0, 'Guido', 'Pizarro', NULL, 31, 3, '1', 0),
(291, 0, 'Esteban', 'Andrada', NULL, 31, 1, '1', 0),
(292, 0, 'Ariel', 'Alarcón', NULL, 31, 2, '1', 0),
(293, 0, 'Luciano', 'Balbi', NULL, 31, 2, '1', 0),
(294, 0, 'Gastón', 'Lolli', NULL, 31, 2, '1', 0),
(295, 0, 'Leonel', 'Pérez', NULL, 31, 2, '1', 0),
(296, 0, 'Javier', 'Arias', NULL, 31, 4, '1', 0),
(297, 0, 'Diego', 'Bielkiewicz', NULL, 31, 4, '1', 0),
(298, 0, 'Andrés', 'Silvera', NULL, 39, 4, '2', 0),
(299, 0, 'Fabián', 'Assmann', NULL, 39, 1, '2', 0),
(300, 0, 'Hilario', 'Navarro', NULL, 39, 1, '2', 1),
(301, 0, 'Leonel', 'Núñez', NULL, 39, 4, '2', 0),
(302, 0, 'Walter', 'Busse', NULL, 39, 3, '2', 0),
(303, 0, 'Ignacio', 'Piatti', NULL, 39, 3, '2', 0),
(304, 0, 'Eduardo', 'Tuzzio', NULL, 39, 2, '2', 0),
(305, 0, 'Darío', 'Gandín', NULL, 39, 4, '2', 1),
(306, 0, 'Gastón', 'Machín', NULL, 39, 3, '2', 0),
(307, 0, 'Carlos', 'Matheu', NULL, 39, 2, '2', 1),
(308, 0, 'Walter', 'Acevedo', NULL, 39, 3, '2', 0),
(309, 0, 'Luciano', 'Vella', NULL, 39, 2, '1', 1),
(310, 0, 'Lucas', 'Pusineri', NULL, 39, 3, '1', 0),
(311, 0, 'Lucas', 'Mareque', NULL, 39, 2, '2', 0),
(312, 0, 'Ricardo', 'Moreira', NULL, 39, 2, '1', 0),
(313, 0, 'Federico', 'Mancuello', NULL, 39, 3, '1', 1),
(314, 0, 'Patricio', 'Rodríguez', NULL, 39, 3, '2', 1),
(315, 0, 'Angel', 'Puertas', NULL, 39, 2, '1', 0),
(316, 0, 'Sergio', 'Vittor', NULL, 39, 3, '1', 0),
(317, 0, 'Fernando', 'Godoy', NULL, 39, 3, '1', 0),
(318, 0, 'Martín', 'Gómez', NULL, 39, 4, '1', 1),
(319, 0, 'Nicolás', 'Mazzola', NULL, 39, 4, '1', 0),
(320, 0, 'Samuel', 'Cáceres', NULL, 39, 2, '1', 0),
(321, 0, 'Federico', 'González', NULL, 39, 4, '1', 0),
(322, 0, 'Adrián', 'Gabbarini', NULL, 39, 1, '1', 1),
(323, 0, 'Héctor', 'Echagüe', NULL, 39, 3, '1', 0),
(324, 0, 'Leonel', 'Galeano', NULL, 39, 2, '1', 0),
(325, 0, 'Lucas', 'Kruspzky', NULL, 39, 2, '1', 0),
(326, 0, 'Nicolás', 'Martínez', NULL, 39, 3, '1', 0),
(327, 0, 'Roberto', 'Vissio', NULL, 39, 3, '1', 0),
(328, 0, 'Matías', 'Canteros', NULL, 39, 2, '1', 0),
(329, 0, 'Diego', 'Rodríguez', NULL, 39, 1, '1', 0),
(330, 0, 'Julián', 'Velázquez', NULL, 39, 2, '1', 0),
(331, 0, 'Mariano', 'Berriex', NULL, 39, 3, '1', 1),
(332, 0, 'David', 'Escalante', NULL, 39, 4, '1', 0),
(333, 0, 'Patricio', 'Toranzo', NULL, 32, 3, '2', 0),
(334, 0, 'Paolo', 'Goltz', NULL, 32, 2, '2', 1),
(335, 0, 'Gastón', 'Monzón', NULL, 32, 1, '2', 0),
(336, 0, 'Eduardo', 'Domínguez', NULL, 32, 2, '2', 0),
(337, 0, 'Leandro', 'Díaz', NULL, 32, 3, '2', 0),
(338, 0, 'Pablo', 'Jerez', NULL, 32, 2, '1', 1),
(339, 0, 'Gastón', 'Esmerado', NULL, 32, 3, '1', 0),
(340, 0, 'Rodrigo', 'Díaz', NULL, 32, 3, '2', 0),
(341, 0, 'Alan', 'Sánchez', NULL, 32, 3, '1', 0),
(342, 0, 'Diego', 'Rodríguez', NULL, 32, 2, '1', 0),
(343, 0, 'Gonzalo', 'García', NULL, 32, 2, '1', 0),
(344, 0, 'Lucas', 'Trecarichi', NULL, 32, 3, '1', 0),
(345, 0, 'Federico', 'Laurito', NULL, 32, 4, '1', 0),
(346, 0, 'Kevin', 'Cura', NULL, 32, 2, '1', 0),
(347, 0, 'Juan Carlos', 'Carrizo', NULL, 32, 3, '1', 0),
(348, 0, 'Nicolás', 'De Bruno', NULL, 32, 3, '1', 0),
(349, 0, 'Leandro', 'Benegas', NULL, 32, 4, '1', 1),
(350, 0, 'Ezequiel', 'Filipetto', NULL, 32, 2, '1', 0),
(351, 0, 'Luciano', 'Nieto', NULL, 32, 4, '1', 0),
(352, 0, 'Nicolás', 'Trecco', NULL, 32, 4, '1', 0),
(353, 0, 'Rodrigo', 'Malbernat', NULL, 32, 3, '1', 0),
(354, 0, 'Lucas', 'Calviño', NULL, 32, 1, '1', 0),
(355, 0, 'Daniel', 'Medina', NULL, 32, 3, '1', 0),
(356, 0, 'Gastón', 'Rudniesky', NULL, 32, 1, '1', 0),
(357, 0, 'César', 'Vallejos', NULL, 32, 1, '1', 0),
(358, 0, 'Cristian', 'Fernández', NULL, 32, 2, '1', 0),
(359, 0, 'Ezequiel', 'Llesona', NULL, 32, 2, '1', 0),
(360, 0, 'Gerardo', 'Maidana', NULL, 32, 2, '1', 0),
(361, 0, 'Mariano', 'Cosentino', NULL, 32, 3, '1', 0),
(362, 0, 'Francisco', 'Hernández', NULL, 32, 3, '1', 0),
(363, 0, 'Marcos', 'Moreno', NULL, 32, 3, '1', 0),
(364, 0, 'Gino', 'Clara', NULL, 32, 4, '1', 0),
(365, 0, 'Carlos', 'Ortiz López', NULL, 32, 4, '1', 0),
(366, 0, 'Nelson', 'Ibáñez', NULL, 40, 1, '2', 0),
(367, 0, 'Federico', 'Higuaín', NULL, 40, 4, '2', 1),
(368, 0, 'Daniel', 'Vega', NULL, 40, 4, '1', 1),
(369, 0, 'Sebastián', 'Salomón', NULL, 40, 3, '2', 0),
(370, 0, 'Lautaro', 'Formica', NULL, 40, 2, '2', 0),
(371, 0, 'Francisco', 'Dutari', NULL, 40, 2, '1', 0),
(372, 0, 'Sebastián', 'Martínez', NULL, 40, 2, '1', 0),
(373, 0, 'Leonardo', 'Sigali', NULL, 40, 2, '1', 1),
(374, 0, 'Nicolás', 'Olmedo', NULL, 40, 3, '1', 1),
(375, 0, 'Cristian', 'Chávez', NULL, 40, 4, '1', 0),
(376, 0, 'Leandro', 'Torres', NULL, 40, 3, '1', 0),
(377, 0, 'Jorge', 'Curbelo', NULL, 40, 2, '1', 0),
(378, 0, 'Gabriel', 'Vallés', NULL, 40, 2, '1', 0),
(379, 0, 'Ariel', 'Rojas', NULL, 40, 3, '1', 0),
(380, 0, 'Martín', 'Aguirre', NULL, 40, 3, '1', 0),
(381, 0, 'José', 'Ramírez', NULL, 40, 1, '1', 0),
(382, 0, 'Diego', 'Trotta', NULL, 40, 2, '1', 0),
(383, 0, 'Luis', 'Lobos', NULL, 40, 2, '1', 0),
(384, 0, 'Ernesto', 'Garín', NULL, 40, 3, '1', 0),
(385, 0, 'Carlos', 'Valencia', NULL, 40, 3, '1', 0),
(386, 0, 'Matías', 'Jara', NULL, 40, 4, '1', 1),
(387, 0, 'Zelmar', 'García', NULL, 40, 2, '1', 0),
(388, 0, 'Jesús', 'Vera', NULL, 40, 4, '1', 0),
(389, 0, 'César', 'Mena', NULL, 40, 2, '1', 0),
(390, 0, 'Cristian', 'Cuevas', NULL, 40, 2, '1', 0),
(391, 0, 'Sergio', 'Sánchez', NULL, 40, 3, '1', 0),
(392, 0, 'Maximiliano', 'Alaniz', NULL, 40, 4, '1', 0),
(393, 0, 'Cristian', 'Del Castillo', NULL, 40, 2, '1', 0),
(394, 0, 'Facundo', 'Bailo', NULL, 40, 3, '1', 0),
(395, 0, 'Marcio', 'Conejero', NULL, 40, 3, '1', 0),
(396, 0, 'Federico', 'Villegas', NULL, 40, 3, '1', 0),
(397, 0, 'Cristian', 'Aracena', NULL, 40, 1, '1', 0),
(398, 0, 'Juan', 'Marital', NULL, 40, 2, '1', 0),
(399, 0, 'Paolo', 'Santander', NULL, 40, 2, '1', 0),
(400, 0, 'Nicolás', 'Triviño', NULL, 40, 2, '1', 0),
(401, 0, 'Alejandro', 'Camargo', NULL, 40, 3, '1', 0),
(402, 0, 'Paul', 'Martín', NULL, 40, 3, '1', 0),
(403, 0, 'Adrián', 'Escudero', NULL, 40, 4, '1', 0),
(404, 0, 'Sebastián', 'Romero', NULL, 41, 3, '2', 1),
(405, 0, 'Gastón', 'Sessa', NULL, 41, 1, '2', 0),
(406, 0, 'Juan', 'Cuevas', NULL, 41, 4, '2', 0),
(407, 0, 'Fabián', 'Rinaudo', NULL, 41, 3, '2', 0),
(408, 0, 'José', 'Vizcarra', NULL, 41, 4, '2', 0),
(409, 0, 'Ariel', 'Agüero', NULL, 41, 2, '1', 1),
(410, 0, 'Alvaro', 'Ormeño', NULL, 41, 2, '2', 0),
(411, 0, 'Esteban', 'González', NULL, 41, 3, '2', 0),
(412, 0, 'Rubén', 'Maldonado', NULL, 41, 2, '2', 0),
(413, 0, 'Roberto', 'Sosa', NULL, 41, 4, '1', 0),
(414, 0, 'Diego', 'Villar', NULL, 41, 3, '1', 0),
(415, 0, 'Mariano', 'Messera', NULL, 41, 3, '2', 0),
(416, 0, 'Marcelo', 'Cardozo', NULL, 41, 2, '1', 0),
(417, 0, 'Marco', 'Pérez', NULL, 41, 4, '1', 0),
(418, 0, 'Luciano', 'Aued', NULL, 41, 3, '1', 1),
(419, 0, 'Sebastián', 'Ereros', NULL, 41, 4, '1', 0),
(420, 0, 'Hugo', 'Iriarte', NULL, 41, 2, '1', 0),
(421, 0, 'Cristian', 'Piarrou', NULL, 41, 2, '1', 0),
(422, 0, 'Néstor', 'Martinena', NULL, 41, 4, '1', 1),
(423, 0, 'Lucas', 'Landa', NULL, 41, 2, '1', 0),
(424, 0, 'Denis', 'Stracqualursi', NULL, 41, 4, '1', 1),
(425, 0, 'Pablo', 'Bangardino', NULL, 41, 1, '1', 0),
(426, 0, 'Juan', 'Neira', NULL, 41, 4, '1', 0),
(427, 0, 'Pablo', 'De Blasis', NULL, 41, 3, '1', 0),
(428, 0, 'Milton', 'Casco', NULL, 41, 3, '1', 0),
(429, 0, 'Lucas', 'Castro', NULL, 41, 3, '1', 0),
(430, 0, 'Dardo', 'Miloc', NULL, 41, 3, '1', 0),
(431, 0, 'Andrés', 'Angelini', NULL, 41, 1, '1', 0),
(432, 0, 'Yair', 'Bonnin', NULL, 41, 1, '1', 0),
(433, 0, 'Fernando', 'Monetti', NULL, 41, 1, '1', 0),
(434, 0, 'Raúl Alberto', 'Albornoz', NULL, 41, 2, '1', 0),
(435, 0, 'Miguel Angel', 'Juárez', NULL, 41, 2, '1', 1),
(436, 0, 'Federico', 'Quiroga', NULL, 41, 2, '1', 0),
(437, 0, 'Nery', 'Espinoza', NULL, 41, 3, '1', 0),
(438, 0, 'Alfredo Israel', 'Roldán', NULL, 41, 3, '1', 1),
(439, 0, 'Rodrigo', 'Braña', NULL, 33, 3, '2', 1),
(440, 0, 'Clemente', 'Rodríguez', NULL, 33, 2, '2', 1),
(441, 0, 'José Luis', 'Calderón', NULL, 33, 4, '1', 0),
(442, 0, 'Marcos', 'Angeleri', NULL, 33, 2, '1', 0),
(443, 0, 'Marcelo', 'Carrusca', NULL, 33, 3, '2', 0),
(444, 0, 'Leandro', 'Desábato', NULL, 33, 2, '2', 1),
(445, 0, 'Agustín', 'Alayes', NULL, 33, 2, '2', 0),
(446, 0, 'Christian', 'Cellay', NULL, 33, 2, '2', 1),
(447, 0, 'Leandro', 'Benítez', NULL, 33, 3, '2', 1),
(448, 0, 'Juan Manuel', 'Salgueiro', NULL, 33, 4, '2', 0),
(449, 0, 'Germán', 'Ré', NULL, 33, 2, '2', 0),
(450, 0, 'Damián', 'Albil', NULL, 33, 1, '2', 1),
(451, 0, 'Matías', 'Sánchez', NULL, 33, 3, '2', 0),
(452, 0, 'Leandro', 'González', NULL, 33, 3, '1', 0),
(453, 0, 'Roberto', 'Fernández', NULL, 33, 1, '1', 0),
(454, 0, 'Edgar', 'González', NULL, 33, 3, '1', 0),
(455, 0, 'César', 'Taborda', NULL, 33, 1, '1', 0),
(456, 0, 'Juan Manuel', 'Díaz', NULL, 33, 2, '1', 0),
(457, 0, 'J.', 'Morales Neumann', NULL, 33, 4, '1', 0),
(458, 0, 'Federico', 'Fernández', NULL, 33, 2, '1', 0),
(459, 0, 'Raúl', 'Iberbia', NULL, 33, 2, '1', 0),
(460, 0, 'Maximiliano', 'Núñez', NULL, 33, 3, '1', 0),
(461, 0, 'Milton', 'Galeana', NULL, 33, 4, '1', 0),
(462, 0, 'Diego', 'Armani', NULL, 33, 1, '1', 0),
(463, 0, 'Marcos', 'Rojo', NULL, 33, 2, '1', 0),
(464, 0, 'Cristian', 'Gaitán', NULL, 33, 2, '1', 0),
(465, 0, 'Matías', 'Sarulyte', NULL, 33, 2, '1', 0),
(466, 0, 'Matías', 'Birge', NULL, 33, 3, '1', 0),
(467, 0, 'Agustín', 'Silva', NULL, 33, 1, '1', 0),
(468, 0, 'Diego', 'Pozo', NULL, 34, 1, '2', 1),
(469, 0, 'Alexis', 'Ferrero', NULL, 34, 2, '2', 1),
(470, 0, 'Germán', 'Rivarola', NULL, 34, 2, '2', 1),
(471, 0, 'Federico', 'Nieto', NULL, 34, 4, '2', 0),
(472, 0, 'Cristian', 'Pellerano', NULL, 34, 3, '2', 0),
(473, 0, 'Marcelo', 'Goux', NULL, 34, 2, '1', 1),
(474, 0, 'Ariel', 'Garcé', NULL, 34, 2, '2', 1),
(475, 0, 'Alejandro', 'Capurro', NULL, 34, 3, '2', 0),
(476, 0, 'Ricardo', 'Gómez', NULL, 34, 3, '2', 0),
(477, 0, 'Daley', 'Mena', NULL, 34, 4, '1', 0),
(478, 0, 'Lucas', 'Acosta', NULL, 34, 3, '1', 0),
(479, 0, 'Juan Manuel', 'Lucero', NULL, 34, 4, '1', 0),
(480, 0, 'Alfredo', 'Ramírez', NULL, 34, 3, '1', 1),
(481, 0, 'Facundo', 'Bertoglio', NULL, 34, 3, '2', 1),
(482, 0, 'Luis', 'Quinteros', NULL, 34, 4, '1', 0),
(483, 0, 'Salustiano', 'Candia', NULL, 34, 2, '1', 0),
(484, 0, 'Nicolás', 'Torres', NULL, 34, 3, '1', 0),
(485, 0, 'Fabián', 'Castillo', NULL, 34, 4, '1', 0),
(486, 0, 'Omar', 'Merlo', NULL, 34, 2, '1', 0),
(487, 0, 'Cristian', 'Barinaga', NULL, 34, 3, '1', 0),
(488, 0, 'Maximiliano', 'Caire', NULL, 34, 2, '1', 0),
(489, 0, 'Pablo', 'De Miranda', NULL, 34, 2, '1', 0),
(490, 0, 'Federico', 'García', NULL, 34, 2, '1', 0),
(491, 0, 'Mauricio', 'Mansilla', NULL, 34, 2, '1', 0),
(492, 0, 'Facundo', 'Sánchez', NULL, 34, 3, '1', 0),
(493, 0, 'Marcos', 'Díaz', NULL, 34, 1, '1', 0),
(494, 0, 'Ismael', 'Quilez', NULL, 34, 2, '1', 0),
(495, 0, 'Mauro', 'Bellone', NULL, 34, 3, '1', 0),
(496, 0, 'Rodrigo', 'Canario', NULL, 34, 4, '1', 0),
(497, 0, 'Iván', 'Gorosito', NULL, 34, 1, '1', 0),
(498, 0, 'Gonzalo', 'Gaydou', NULL, 34, 2, '1', 0),
(499, 0, 'Santiago', 'Soto', NULL, 34, 3, '1', 0),
(500, 0, 'Sebastián', 'Sciorilli', NULL, 42, 3, '2', 0),
(501, 0, 'Nicolás', 'Tauber', NULL, 42, 1, '1', 1),
(502, 0, 'Cristian', 'Grabinski', NULL, 42, 2, '1', 1),
(503, 0, 'Matías', 'Alustiza', NULL, 42, 4, '2', 1),
(504, 0, 'Diego', 'Crosa', NULL, 42, 2, '2', 0),
(505, 0, 'Facundo', 'Parra', NULL, 42, 4, '1', 0),
(506, 0, 'Sebastián', 'Cejas', NULL, 42, 1, '1', 0),
(507, 0, 'Fernando', 'Crosa', NULL, 42, 2, '1', 0),
(508, 0, 'Jorge', 'Núñez', NULL, 42, 2, '1', 0),
(509, 0, 'Emanuel', 'Centurión', NULL, 42, 3, '2', 0),
(510, 0, 'Federico', 'Vismara', NULL, 42, 3, '1', 1),
(511, 0, 'Omar', 'Zarif', NULL, 42, 3, '1', 1),
(512, 0, 'Cristian', 'Milla', NULL, 42, 4, '1', 0),
(513, 0, 'Daniel', 'Pereira', NULL, 42, 3, '1', 0),
(514, 0, 'Juan Manuel', 'Aróstegui', NULL, 42, 4, '1', 1),
(515, 0, 'Alejandro', 'Frezzotti', NULL, 42, 3, '1', 0),
(516, 0, 'Nicolás', 'Ramírez', NULL, 42, 3, '1', 0),
(517, 0, 'Mariano', 'Echeverría', NULL, 42, 2, '1', 0),
(518, 0, 'Fernando', 'Fontana', NULL, 42, 2, '1', 0),
(519, 0, 'Franco', 'Miranda', NULL, 42, 2, '1', 0),
(520, 0, 'Federico', 'Iñíguez', NULL, 42, 3, '1', 0),
(521, 0, 'Diego', 'Churín', NULL, 42, 4, '1', 0),
(522, 0, 'José Luis', 'Gómez', NULL, 42, 3, '1', 0),
(523, 0, 'Germán', 'Cano', NULL, 42, 4, '1', 0),
(524, 0, 'Daniel', 'Ponce', NULL, 42, 3, '1', 0),
(525, 0, 'Emiliano', 'Strappini', NULL, 42, 4, '1', 0),
(526, 0, 'Cristian', 'Gutiérrez', NULL, 42, 2, '1', 0),
(527, 0, 'Diego', 'Morales', NULL, 42, 4, '1', 0),
(528, 0, 'Franco', 'Coria', NULL, 42, 2, '1', 0),
(529, 0, 'Jorge', 'Myma', NULL, 42, 3, '1', 0),
(530, 0, 'Federico', 'Rosso', NULL, 42, 2, '1', 0),
(531, 0, 'Matías', 'Pisano', NULL, 42, 3, '1', 0),
(532, 0, 'Diego', 'Torres', NULL, 42, 4, '1', 0),
(533, 0, 'Pedro', 'Fernández', NULL, 42, 1, '1', 0),
(534, 0, 'Lisandro', 'López', NULL, 42, 2, '1', 0),
(535, 0, 'Daniel', 'Giordano', NULL, 42, 4, '1', 0),
(536, 0, 'Roberto', 'Abbondanzieri', NULL, 35, 1, '2', 0),
(537, 0, 'Hugo', 'Ibarra', NULL, 35, 2, '2', 1),
(538, 0, 'Claudio', 'Morel Rodríguez', NULL, 35, 2, '2', 0),
(539, 0, 'Gary', 'Medel', NULL, 35, 3, '2', 1),
(540, 0, 'Julio César', 'Cáceres', NULL, 35, 2, '2', 1),
(541, 0, 'Pablo', 'Mouche', NULL, 35, 4, '2', 1),
(542, 0, 'Cristian', 'Chávez', NULL, 35, 3, '1', 0),
(543, 0, 'Lucas', 'Viatri', NULL, 35, 4, '1', 1),
(544, 0, 'Gabriel', 'Paletta', NULL, 35, 2, '2', 1),
(545, 0, 'Guillermo', 'Marino', NULL, 35, 3, '2', 1),
(546, 0, 'Ariel', 'Rosada', NULL, 35, 3, '1', 1),
(547, 0, 'Luciano', 'Monzón', NULL, 35, 2, '2', 0),
(548, 0, 'Ricardo', 'Noir', NULL, 35, 4, '1', 0),
(549, 0, 'Nicolás', 'Gaitán', NULL, 35, 3, '1', 1),
(550, 0, 'Juan', 'Krupoviesa', NULL, 35, 2, '1', 0),
(551, 0, 'José María', 'Calvo', NULL, 35, 2, '1', 0),
(552, 0, 'Javier', 'García', NULL, 35, 1, '1', 0),
(553, 0, 'Adrián', 'Gunino', NULL, 35, 2, '1', 1),
(554, 0, 'Ezequiel', 'Muñoz', NULL, 35, 2, '1', 0),
(555, 0, 'Gastón', 'Sauro', NULL, 35, 2, '1', 0),
(556, 0, 'Josué', 'Ayala', NULL, 35, 1, '1', 0),
(557, 0, 'Exequiel', 'Benavídez', NULL, 35, 3, '1', 0),
(558, 0, 'Breyner', 'Bonilla', NULL, 35, 2, '1', 0),
(559, 0, 'S. Alberto', 'Battaglia', NULL, 35, 3, '1', 0),
(560, 0, 'Jonathan', 'Philippe', NULL, 35, 4, '1', 0),
(561, 0, 'Nicolás', 'Colazo', NULL, 35, 3, '1', 0),
(562, 0, 'Leandro', 'Aguirre', NULL, 35, 2, '1', 0),
(563, 0, 'Omar', 'Alfonso', NULL, 35, 2, '1', 0),
(564, 0, 'Enzo Adrián', 'Ruiz', NULL, 35, 2, '1', 0),
(565, 0, 'Cristian', 'Erbes', NULL, 35, 3, '1', 0),
(566, 0, 'Sebastián', 'Vidal', NULL, 35, 3, '1', 0),
(567, 0, 'Cristian', 'Lucchetti', NULL, 43, 1, '2', 1),
(568, 0, 'Santiago', 'Silva', NULL, 43, 4, '2', 1),
(569, 0, 'Sebastián', 'Fernández', NULL, 43, 4, '2', 1),
(570, 0, 'Walter', 'Erviti', NULL, 43, 3, '2', 1),
(571, 0, 'Víctor', 'López', NULL, 43, 2, '2', 1),
(572, 0, 'Daniel', 'Bilos', NULL, 43, 3, '2', 0),
(573, 0, 'Roberto', 'Battión', NULL, 43, 3, '1', 1),
(574, 0, 'Maximiliano', 'Bustos', NULL, 43, 3, '1', 0),
(575, 0, 'Sebastián', 'Méndez', NULL, 43, 2, '2', 0),
(576, 0, 'Marcelo', 'Quinteros', NULL, 43, 3, '2', 0),
(577, 0, 'Julio', 'Marchant', NULL, 43, 3, '1', 1),
(578, 0, 'Marcelo', 'Bustamante', NULL, 43, 2, '1', 1),
(579, 0, 'Santiago', 'Ladino', NULL, 43, 2, '1', 0),
(580, 0, 'Emmanuel', 'Pío', NULL, 43, 3, '1', 0),
(581, 0, 'Luis', 'Salmerón', NULL, 43, 4, '1', 0),
(582, 0, 'José', 'Devaca', NULL, 43, 2, '1', 0),
(583, 0, 'Julio', 'Barraza', NULL, 43, 2, '1', 1),
(584, 0, 'James', 'Rodríguez', NULL, 43, 3, '2', 1),
(585, 0, 'Ariel', 'Broggi', NULL, 43, 2, '1', 0),
(586, 0, 'Cristian', 'García', NULL, 43, 4, '1', 0),
(587, 0, 'Enrique', 'Bologna', NULL, 43, 1, '1', 0),
(588, 0, 'Maximiliano', 'Laso', NULL, 43, 3, '1', 0),
(589, 0, 'Marcos', 'Galarza', NULL, 43, 2, '1', 0),
(590, 0, 'Fabián', 'Santana', NULL, 43, 3, '1', 0),
(591, 0, 'Gustavo', 'Gómez', NULL, 43, 3, '1', 0),
(592, 0, 'Mauro', 'Dos Santos', NULL, 43, 2, '1', 0),
(593, 0, 'Facundo', 'Ferreyra', NULL, 43, 4, '1', 0),
(594, 0, 'Federico', 'Sardella', NULL, 43, 3, '1', 0),
(595, 0, 'Pablo', 'Vergara', NULL, 43, 2, '1', 0),
(596, 0, 'Gonzalo', 'Robledo', NULL, 43, 2, '1', 0),
(597, 0, 'Diego', 'Galeano', NULL, 43, 3, '1', 0),
(598, 0, 'Guido', 'Di Vanni', NULL, 43, 4, '1', 0),
(599, 0, 'Sebastián', 'López', NULL, 43, 1, '1', 0),
(600, 0, 'Favio', 'Segovia', NULL, 43, 2, '1', 0),
(601, 0, 'Héctor', 'Desvaux', NULL, 44, 2, '1', 1),
(602, 0, 'Raúl', 'Saavedra', NULL, 44, 2, '1', 0),
(603, 0, 'Luis', 'Rodríguez', NULL, 44, 4, '2', 0),
(604, 0, 'Pablo', 'Calandria', NULL, 44, 4, '1', 0),
(605, 0, 'Matías', 'Villavicencio', NULL, 44, 2, '1', 0),
(606, 0, 'Matías', 'Escobar', NULL, 44, 3, '1', 0),
(607, 0, 'Claudio', 'Sarría', NULL, 44, 3, '1', 1),
(608, 0, 'Deivis', 'Barone', NULL, 44, 2, '1', 0),
(609, 0, 'Juan Manuel', 'Azconzábal', NULL, 44, 2, '1', 0),
(610, 0, 'Javier', 'Páez', NULL, 44, 2, '1', 0),
(611, 0, 'Jonathan', 'Blanes', NULL, 44, 3, '1', 0),
(612, 0, 'Lucas', 'Ischuk', NULL, 44, 1, '1', 1),
(613, 0, 'Andrés', 'Bressán', NULL, 44, 2, '1', 0),
(614, 0, 'Diego', 'Erroz', NULL, 44, 3, '1', 0),
(615, 0, 'Martín', 'Granero', NULL, 44, 3, '1', 0),
(616, 0, 'Damián', 'Musto', NULL, 44, 3, '1', 0),
(617, 0, 'Fabio', 'Escobar', NULL, 44, 4, '1', 0),
(618, 0, 'Sebastián', 'Longo', NULL, 44, 3, '1', 0),
(619, 0, 'César', 'Montiglio', NULL, 44, 3, '1', 0),
(620, 0, 'Juan', 'Pereyra', NULL, 44, 4, '1', 1),
(621, 0, 'Matías', 'García', NULL, 44, 3, '1', 0),
(622, 0, 'Emanuel', 'Gigliotti', NULL, 44, 4, '1', 0),
(623, 0, 'Esteban', 'Dei Rossi', NULL, 44, 1, '1', 0),
(624, 0, 'David', 'Drocco', NULL, 44, 3, '1', 1),
(625, 0, 'Rodrigo', 'Herrera', NULL, 44, 2, '1', 0),
(626, 0, 'José', 'Saavedra', NULL, 44, 3, '1', 0),
(627, 0, 'Claudio', 'González', NULL, 44, 3, '1', 0),
(628, 0, 'Cristian', 'Campestrini', NULL, 45, 1, '2', 0),
(629, 0, 'Javier', 'Yacuzzi', NULL, 45, 3, '2', 0),
(630, 0, 'Mauro', 'Matos', NULL, 45, 4, '2', 0),
(631, 0, 'Aníbal', 'Matellán', NULL, 45, 2, '2', 0),
(632, 0, 'Diego', 'Galván', NULL, 45, 3, '2', 0),
(633, 0, 'Franco', 'Jara', NULL, 45, 4, '2', 1),
(634, 0, 'Sergio', 'Sena', NULL, 45, 3, '1', 0),
(635, 0, 'Cristian', 'Alvarez', NULL, 45, 3, '2', 0),
(636, 0, 'Federico', 'Poggi', NULL, 45, 3, '1', 0),
(637, 0, 'Franco', 'Peppino', NULL, 45, 2, '1', 1),
(638, 0, 'Cristian', 'Tula', NULL, 45, 2, '1', 1),
(639, 0, 'Facundo', 'Pérez Castro', NULL, 45, 3, '1', 0),
(640, 0, 'Darío', 'Espínola', NULL, 45, 2, '1', 0),
(641, 0, 'Matías', 'Pérez', NULL, 45, 2, '1', 0),
(642, 0, 'Matías', 'Carabajal', NULL, 45, 3, '1', 0),
(643, 0, 'Alexander', 'Medina', NULL, 45, 4, '1', 0),
(644, 0, 'Mariano Sebastián', 'Brau', NULL, 45, 2, '1', 0),
(645, 0, 'Jonathan', 'López', NULL, 45, 4, '1', 0),
(646, 0, 'Juan', 'Bottaro', NULL, 45, 4, '1', 0),
(647, 0, 'Hugo', 'Nervo', NULL, 45, 2, '1', 0),
(648, 0, 'Iván', 'Marcone', NULL, 45, 3, '1', 0),
(649, 0, 'Darío', 'Benedetto', NULL, 45, 4, '1', 0),
(650, 0, 'Mariano', 'Martínez', NULL, 45, 4, '1', 0),
(651, 0, 'Catriel', 'Orcellet', NULL, 45, 1, '1', 0),
(652, 0, 'Nahuel', 'Sachetto', NULL, 45, 3, '1', 0),
(653, 0, 'Raúl', 'Speroni', NULL, 45, 4, '1', 0),
(654, 0, 'Damián', 'Pérez', NULL, 45, 2, '1', 0),
(655, 0, 'Facundo', 'Silva', NULL, 45, 3, '1', 0),
(656, 0, 'Nicolás', 'Aguirre', NULL, 45, 3, '1', 0),
(657, 0, 'Martín', 'Reichel', NULL, 45, 2, '1', 0),
(658, 0, 'Alexander', 'Corro', NULL, 45, 3, '1', 0),
(659, 0, 'Javier Nicolás', 'Burrai', NULL, 45, 1, '1', 0),
(660, 0, 'Ludovico', 'Paulucci', NULL, 45, 1, '1', 0),
(661, 0, 'Víctor', 'Cuesta', NULL, 45, 2, '1', 0),
(662, 0, 'Claudio', 'Mosca', NULL, 45, 3, '1', 0),
(663, 0, 'Matías Javier', 'Sierra', NULL, 45, 4, '1', 0),
(664, 0, 'Pablo', 'Villalba Fretes', NULL, 45, 4, '1', 0),
(665, 0, 'Gabriel', 'Hauche', NULL, 46, 4, '2', 1),
(666, 0, 'Néstor', 'Ortigoza', NULL, 46, 3, '2', 1),
(667, 0, 'Santiago', 'Raymonda', NULL, 46, 3, '1', 1),
(668, 0, 'Juan', 'Mercier', NULL, 46, 3, '2', 1),
(669, 0, 'Nicolás', 'Pavlovich', NULL, 46, 4, '1', 0),
(670, 0, 'Sebastián', 'Torrico', NULL, 46, 1, '1', 1),
(671, 0, 'Ignacio', 'Canuto', NULL, 46, 2, '2', 1),
(672, 0, 'Andrés', 'Scotti', NULL, 46, 2, '2', 1),
(673, 0, 'Federico', 'Domínguez', NULL, 46, 2, '1', 1),
(674, 0, 'Matías', 'Caruzzo', NULL, 46, 2, '2', 1),
(675, 0, 'Gustavo', 'Oberman', NULL, 46, 4, '1', 0),
(676, 0, 'Ismael', 'Sosa', NULL, 46, 4, '2', 0),
(677, 0, 'René', 'Lima', NULL, 46, 3, '1', 0),
(678, 0, 'Nicolás', 'Peric', NULL, 46, 1, '1', 0),
(679, 0, 'Gonzalo', 'Prósperi', NULL, 46, 2, '1', 1),
(680, 0, 'Juan Alberto', 'Sabia', NULL, 46, 2, '1', 0),
(681, 0, 'Franco', 'Quiroga', NULL, 46, 3, '1', 0),
(682, 0, 'Ciro', 'Rius', NULL, 46, 3, '1', 0),
(683, 0, 'Nicolás', 'Gianni', NULL, 46, 4, '1', 0),
(684, 0, 'Mauro', 'Bogado', NULL, 46, 3, '1', 0),
(685, 0, 'Germán', 'Basualdo', NULL, 46, 3, '1', 0),
(686, 0, 'Facundo', 'Coria', NULL, 46, 4, '1', 0),
(687, 0, 'Andrés', 'Romero', NULL, 46, 4, '1', 0),
(688, 0, 'Diego', 'García', NULL, 46, 4, '1', 0),
(689, 0, 'Nicolás', 'Berardo', NULL, 46, 2, '1', 0),
(690, 0, 'Julián', 'Fernández', NULL, 46, 2, '1', 0),
(691, 0, 'Sebastián', 'Jaime', NULL, 46, 4, '1', 0),
(692, 0, 'Facundo', 'Alfonso', NULL, 46, 3, '1', 0),
(693, 0, 'Diego', 'Morales', NULL, 46, 1, '1', 0),
(694, 0, 'Maximiliano', 'Sola', NULL, 46, 2, '1', 0),
(695, 0, 'Hernán', 'Salazar', NULL, 46, 4, '1', 0),
(696, 0, 'Gabriel Oscar', 'Frandino', NULL, 46, 1, '1', 0),
(697, 0, 'Daniel Alejandro', 'Franco', NULL, 46, 2, '1', 0),
(698, 0, 'Edgardo', 'Rotondi', NULL, 46, 4, '1', 0);

-- --------------------------------------------------------

-- 
-- Estructura de tabla para la tabla `playermatch`
-- 

DROP TABLE IF EXISTS `playermatch`;
CREATE TABLE IF NOT EXISTS `playermatch` (
  `id` bigint(20) NOT NULL auto_increment,
  `version` bigint(20) NOT NULL default '0',
  `player` bigint(20) NOT NULL,
  `match_` bigint(20) NOT NULL,
  `totalPoints` double default NULL,
  `olePoints` double default NULL,
  `cleanGoal` tinyint(1) default NULL,
  `ownGoal` int(11) default NULL,
  `mom` tinyint(1) default NULL,
  `goals` int(11) default NULL,
  `penaltyGoals` int(11) default NULL,
  `freeKickGoals` int(11) default NULL,
  `missedPenalties` int(11) default NULL,
  `cachedPenalties` int(11) default NULL,
  `yellowCard` tinyint(1) default NULL,
  `redCard` tinyint(1) default NULL,
  PRIMARY KEY  (`id`),
  UNIQUE KEY `UK_PlayerMatch_player_match` (`player`,`match_`),
  KEY `FK_PlayerMatch_player` (`player`),
  KEY `FK_PlayerMatch_match` (`match_`)
) ENGINE=InnoDB DEFAULT CHARSET=latin1 AUTO_INCREMENT=1202 ;

-- 
-- Volcar la base de datos para la tabla `playermatch`
-- 

INSERT INTO `playermatch` (`id`, `version`, `player`, `match_`, `totalPoints`, `olePoints`, `cleanGoal`, `ownGoal`, `mom`, `goals`, `penaltyGoals`, `freeKickGoals`, `missedPenalties`, `cachedPenalties`, `yellowCard`, `redCard`) VALUES (710, 1, 409, 120, 5, 5, 0, 0, 0, 0, 0, 0, 0, 0, 0, 0),
(711, 1, 92, 120, 7, 7, 0, 0, 0, 0, 0, 0, 0, 0, 0, 0),
(712, 1, 450, 116, 5, 7, 0, 2, 0, 0, 0, 0, 0, 0, 0, 0),
(713, 1, 171, 114, 5, 6, 0, 0, 0, 0, 0, 0, 0, 0, 1, 0),
(714, 1, 418, 120, 13, 7, 0, 0, 1, 0, 0, 0, 0, 0, 1, 0),
(715, 1, 583, 116, 4, 5, 0, 0, 0, 0, 0, 0, 0, 0, 1, 0),
(716, 1, 266, 114, 4, 5, 0, 0, 0, 0, 0, 0, 0, 0, 1, 0),
(717, 1, 21, 117, 5, 5, 0, 0, 0, 0, 0, 0, 0, 0, 0, 0),
(718, 1, 211, 112, 7, 5, 1, NULL, 0, 0, 0, 0, 0, 0, 0, 0),
(719, 1, 481, 118, 5, 6, 0, 0, 0, 0, 0, 0, 0, 0, 1, 0),
(720, 1, 14, 118, 4, 4, 0, 0, 0, 0, 0, 0, 0, 0, 0, 0),
(721, 1, 16, 116, 3, 3, 0, 0, 0, 0, 0, 0, 0, 0, 0, 0),
(722, 1, 90, 120, 3, 4, 0, 0, 0, 0, 0, 0, 0, 0, 1, 0),
(723, 1, 119, 117, 6, 7, 0, 1, 0, 0, 0, 0, 0, 0, 0, 0),
(724, 1, 129, 117, 4.5, 5.5, 0, 0, 0, 0, 0, 0, 0, 0, 1, 0),
(725, 1, 578, 116, 5, 5, 0, 0, 0, 0, 0, 0, 0, 0, 0, 0),
(726, 1, 197, 112, 8, 8, 0, 0, 0, 0, 0, 0, 0, 0, 0, 0),
(727, 1, 671, 115, 3, 4, 0, 0, 0, 0, 0, 0, 0, 0, 1, 0),
(728, 1, 25, 121, 5, 5, 0, 0, 0, 0, 0, 0, 0, 0, 0, 0),
(729, 1, 674, 115, 4, 4, 0, 0, 0, 0, 0, 0, 0, 0, 0, 0),
(730, 2, 141, 117, 7, 7, 0, 0, 0, 1, 0, 0, 0, 0, 1, 0),
(731, 1, 27, 121, 17, 7.5, 0, 0, 1, 1, 0, 0, 0, 0, 1, 0),
(732, 1, 444, 116, 5, 5, 0, 0, 0, 0, 0, 0, 0, 0, 0, 0),
(733, 1, 601, 112, 0, 3, 0, 1, 0, 0, 0, 0, 0, 0, 0, 1),
(734, 1, 673, 115, 4, 4, 0, 0, 0, 0, 0, 0, 0, 0, 0, 0),
(735, 1, 570, 116, 11, 8, 0, 0, 0, 1, 0, 0, 0, 0, 0, 0),
(736, 1, 569, 116, 3, 4, 0, 0, 0, 0, 0, 0, 0, 0, 1, 0),
(737, 1, 155, 114, 4, 4, 0, 0, 0, 0, 0, 0, 0, 0, 0, 0),
(738, 1, 469, 118, 5.5, 5.5, 0, 0, 0, 0, 0, 0, 0, 0, 0, 0),
(740, 4, 224, 113, 9.5, 6.5, 0, 0, 0, 1, 0, 0, 0, 0, 0, 0),
(741, 1, 322, 119, 5, 6, 0, 1, 0, 0, 0, 0, 0, 0, 0, 0),
(742, 1, 549, 117, 7, 7, 0, 0, 0, 0, 0, 0, 0, 0, 0, 0),
(743, 1, 305, 119, 4, 4, 0, 0, 0, 0, 0, 0, 0, 0, 0, 0),
(744, 1, 474, 118, 6, 6, 0, 0, 0, 0, 0, 0, 0, 0, 0, 0),
(745, 1, 334, 118, 4, 4, 0, 0, 0, 0, 0, 0, 0, 0, 0, 0),
(746, 1, 318, 119, 6, 6, 0, 0, 0, 0, 0, 0, 0, 0, 0, 0),
(747, 1, 473, 118, 4, 4, 0, 0, 0, 0, 0, 0, 0, 0, 0, 0),
(748, 1, 665, 115, 5, 5, 0, 0, 0, 0, 0, 0, 0, 0, 0, 0),
(749, 1, 367, 121, 4.5, 4.5, 0, 0, 0, 0, 0, 0, 0, 0, 0, 0),
(751, 1, 612, 112, 0, 4, 0, 4, 0, 0, 0, 0, 0, 0, 0, 0),
(752, 1, 54, 113, 4, 6, 0, 2, 0, 0, 0, 0, 0, 0, 0, 0),
(753, 3, 633, 119, 16, 8, 0, 0, 1, 1, 0, 0, 0, 0, 1, 0),
(754, 1, 386, 121, 5, 5, 0, 0, 0, 0, 0, 0, 0, 0, 0, 0),
(755, 1, 210, 112, 5, 5, 0, 0, 0, 0, 0, 0, 0, 0, 0, 0),
(756, 1, 571, 116, 6, 6, 0, 0, 0, 0, 0, 0, 0, 0, 0, 0),
(757, 1, 567, 116, 5, 6, 0, 1, 0, 0, 0, 0, 0, 0, 0, 0),
(758, 1, 53, 113, 3, 3, 0, 0, 0, 0, 0, 0, 0, 0, 0, 0),
(759, 1, 313, 119, 4, 4, 0, 0, 0, 0, 0, 0, 0, 0, 0, 0),
(760, 1, 577, 116, 5, 5, 0, 0, 0, 0, 0, 0, 0, 0, 0, 0),
(761, 1, 190, 112, 7, 7, 0, 0, 0, 0, 0, 0, 0, 0, 0, 0),
(762, 1, 307, 119, 4, 5, 0, 0, 0, 0, 0, 0, 0, 0, 1, 0),
(763, 1, 539, 117, 4, 4, 0, 0, 0, 0, 0, 0, 0, 0, 0, 0),
(764, 1, 668, 115, 1, 3, 0, 0, 0, 0, 0, 0, 0, 0, 0, 1),
(765, 1, 87, 120, 2, 4, 0, 2, 0, 0, 0, 0, 0, 0, 0, 0),
(766, 1, 1, 121, 7, 7, 0, 0, 0, 0, 0, 0, 0, 0, 0, 0),
(767, 1, 52, 113, 5.5, 5.5, 0, 0, 0, 0, 0, 0, 0, 0, 0, 0),
(768, 1, 374, 121, 6, 6, 0, 0, 0, 0, 0, 0, 0, 0, 0, 0),
(769, 1, 666, 115, 4.5, 4.5, 0, 0, 0, 0, 0, 0, 0, 0, 0, 0),
(770, 1, 3, 121, 6.5, 6.5, 0, 0, 0, 0, 0, 0, 0, 0, 0, 0),
(771, 1, 134, 117, 6.5, 6.5, 0, 0, 0, 0, 0, 0, 0, 0, 0, 0),
(772, 1, 544, 117, 3.5, 4.5, 0, 0, 0, 0, 0, 0, 0, 0, 1, 0),
(773, 1, 26, 121, 5.5, 5.5, 0, 0, 0, 0, 0, 0, 0, 0, 0, 0),
(774, 1, 265, 114, 4, 4, 0, 0, 0, 0, 0, 0, 0, 0, 0, 0),
(776, 1, 620, 112, 5, 5, 0, 0, 0, 0, 0, 0, 0, 0, 0, 0),
(777, 1, 17, 116, 0, 2, 0, 0, 0, 0, 0, 0, 0, 0, 0, 1),
(778, 1, 99, 120, 11, 6, 0, 0, 0, 1, 0, 0, 0, 0, 0, 0),
(779, 1, 468, 118, 7.5, 5.5, 1, NULL, 0, 0, 0, 0, 0, 0, 0, 0),
(780, 1, 480, 118, 4.5, 4.5, 0, 0, 0, 0, 0, 0, 0, 0, 0, 0),
(781, 1, 667, 115, 3, 3, 0, 0, 0, 0, 0, 0, 0, 0, 0, 0),
(782, 1, 470, 118, 7, 7, 0, 0, 0, 0, 0, 0, 0, 0, 0, 0),
(783, 1, 94, 120, 6.5, 6.5, 0, 0, 0, 0, 0, 0, 0, 0, 0, 0),
(784, 1, 440, 116, 6, 6, 0, 0, 0, 0, 0, 0, 0, 0, 0, 0),
(785, 1, 314, 119, 5, 5, 0, 0, 0, 0, 0, 0, 0, 0, 0, 0),
(786, 1, 404, 120, 5, 6, 0, 0, 0, 0, 0, 0, 0, 0, 1, 0),
(787, 1, 546, 117, 3, 4, 0, 0, 0, 0, 0, 0, 0, 0, 1, 0),
(788, 1, 262, 114, 6, 6, 0, 0, 0, 0, 0, 0, 0, 0, 0, 0),
(789, 0, 573, 114, 6, 6, NULL, NULL, NULL, NULL, NULL, NULL, NULL, NULL, NULL, NULL),
(790, 1, 502, 115, 6, 6, 0, 0, 0, 0, 0, 0, 0, 0, 0, 0),
(791, 1, 672, 115, 4, 4, 0, 0, 0, 0, 0, 0, 0, 0, 0, 0),
(792, 1, 568, 116, 8, 7, 0, 0, 0, 1, 0, 0, 0, 0, 0, 0),
(793, 1, 93, 120, 5.5, 5.5, 0, 0, 0, 0, 0, 0, 0, 0, 0, 0),
(794, 1, 670, 115, 14, 8, 0, 2, 1, 0, 0, 0, 0, 0, 0, 0),
(795, 1, 638, 119, 6, 6, 0, 0, 0, 0, 0, 0, 0, 0, 0, 0),
(796, 4, 226, 113, 5, 6, 0, 0, 0, 0, 0, 0, 0, 0, 1, 0),
(797, 1, 120, 117, 4, 4, 0, 0, 0, 0, 0, 0, 0, 0, 0, 0),
(798, 1, 309, 119, 4, 4, 0, 0, 0, 0, 0, 0, 0, 0, 0, 0),
(799, 1, 15, 116, 18, 8, 0, 0, 1, 1, 0, 0, 0, 0, 1, 0),
(800, 1, 23, 121, 6, 6, 0, 0, 0, 0, 0, 0, 0, 0, 0, 0),
(801, 1, 511, 115, 5, 6, 0, 0, 0, 0, 0, 0, 0, 0, 1, 0),
(804, 0, 227, 113, 5, 6, 0, 0, 0, 0, 0, 0, 0, 0, 1, 0),
(805, 0, 13, 114, 6, 6, 0, 0, 0, 0, 0, 0, 0, 0, 0, 0),
(806, 1, 123, 117, 23, 8, 0, 0, 1, 1, 0, 1, 0, 0, 0, 0),
(807, 0, 225, 113, 6, 7, 0, 1, 0, 0, 0, 0, 0, 0, 0, 0),
(808, 0, 131, 117, 4.5, 4.5, 0, 0, 0, 0, 0, 0, 0, 0, 0, 0),
(809, 0, 447, 116, 4, 4, 0, 0, 0, 0, 0, 0, 0, 0, 0, 0),
(810, 0, 305, 122, 3.5, 3.5, 0, 0, 0, 0, 0, 0, 0, 0, 0, 0),
(811, 0, 307, 122, 5, 5, 0, 0, 0, 0, 0, 0, 0, 0, 0, 0),
(812, 1, 309, 122, 4, 5, 0, 0, 0, 0, 0, 0, 0, 0, 1, 0),
(813, 0, 313, 122, 4, 4, 0, 0, 0, 0, 0, 0, 0, 0, 0, 0),
(814, 1, 314, 122, 6, 6, 0, 0, 0, 0, 0, 0, 0, 0, 0, 0),
(815, 0, 318, 122, 6, 6, 0, 0, 0, 0, 0, 0, 0, 0, 0, 0),
(816, 1, 322, 122, 8, 6, 1, NULL, 0, 0, 0, 0, 0, 0, 0, 0),
(817, 0, 404, 122, 4, 4, 0, 0, 0, 0, 0, 0, 0, 0, 0, 0),
(818, 0, 409, 122, 4, 5, 0, 0, 0, 0, 0, 0, 0, 0, 1, 0),
(819, 0, 418, 122, 5.5, 6.5, 0, 0, 0, 0, 0, 0, 0, 0, 1, 0),
(820, 0, 14, 123, 6.5, 6.5, 0, 0, 0, 0, 0, 0, 0, 0, 0, 0),
(821, 0, 334, 123, 0.5, 4.5, 0, 0, 0, 0, 0, 0, 1, 0, 0, 0),
(822, 0, 338, 123, 4.5, 5.5, 0, 0, 0, 0, 0, 0, 0, 0, 1, 0),
(823, 0, 638, 123, 4.5, 4.5, 0, 0, 0, 0, 0, 0, 0, 0, 0, 0),
(824, 0, 537, 124, 5.5, 5.5, 0, 0, 0, 0, 0, 0, 0, 0, 0, 0),
(825, 0, 539, 124, 5.5, 6.5, 0, 0, 0, 0, 0, 0, 0, 0, 1, 0),
(826, 0, 540, 124, 6, 6, 0, 0, 0, 0, 0, 0, 0, 0, 0, 0),
(827, 0, 541, 124, 6, 6, 0, 0, 0, 0, 0, 0, 0, 0, 0, 0),
(828, 0, 545, 124, 6, 6, 0, 0, 0, 0, 0, 0, 0, 0, 0, 0),
(829, 0, 546, 124, 5, 6, 0, 0, 0, 0, 0, 0, 0, 0, 1, 0),
(830, 0, 549, 124, 6.5, 6.5, 0, 0, 0, 0, 0, 0, 0, 0, 0, 0),
(831, 0, 18, 124, 5, 5, 0, 0, 0, 0, 0, 0, 0, 0, 0, 0),
(832, 0, 468, 124, 8, 6, 1, 0, 0, 0, 0, 0, 0, 0, 0, 0),
(833, 0, 469, 124, 6, 7, 0, 0, 0, 0, 0, 0, 0, 0, 1, 0),
(834, 0, 470, 124, 5, 5, 0, 0, 0, 0, 0, 0, 0, 0, 0, 0),
(835, 0, 474, 124, 15, 7.5, 0, 0, 1, 0, 0, 0, 0, 0, 0, 0),
(836, 0, 480, 124, 5, 5, 0, 0, 0, 0, 0, 0, 0, 0, 0, 0),
(837, 0, 481, 124, 5.5, 5.5, 0, 0, 0, 0, 0, 0, 0, 0, 0, 0),
(838, 0, 13, 126, 3.5, 3.5, 0, 0, 0, 0, 0, 0, 0, 0, 0, 0),
(839, 0, 262, 126, 3, 4, 0, 0, 0, 0, 0, 0, 0, 0, 1, 0),
(840, 0, 265, 126, 5, 5, 0, 0, 0, 0, 0, 0, 0, 0, 0, 0),
(841, 0, 266, 126, 4, 4, 0, 0, 0, 0, 0, 0, 0, 0, 0, 0),
(842, 0, 271, 126, 3.5, 4.5, 0, 0, 0, 0, 0, 0, 0, 0, 1, 0),
(843, 0, 274, 126, 3, 3, 0, 0, 0, 0, 0, 0, 0, 0, 0, 0),
(844, 0, 502, 126, 7, 7, 0, 0, 0, 0, 0, 0, 0, 0, 0, 0),
(845, 0, 511, 126, 5, 6, 0, 0, 0, 0, 0, 0, 0, 0, 1, 0),
(846, 0, 224, 127, 8, 8, 0, 0, 0, 0, 0, 0, 0, 0, 0, 0),
(847, 0, 225, 127, 5, 6, 0, 1, 0, 0, 0, 0, 0, 0, 0, 0),
(848, 0, 226, 127, 5, 5, 0, 0, 0, 0, 0, 0, 0, 0, 0, 0),
(849, 0, 227, 127, 6, 7, 0, 0, 0, 0, 0, 0, 0, 0, 1, 0),
(850, 0, 237, 127, 5, 5, 0, 0, 0, 0, 0, 0, 0, 0, 0, 0),
(851, 0, 155, 127, 4.5, 4.5, 0, 0, 0, 0, 0, 0, 0, 0, 0, 0),
(852, 0, 612, 128, 4, 6, 0, 2, 0, 0, 0, 0, 0, 0, 0, 0),
(853, 0, 620, 128, 22, 10, 0, 0, 1, 2, 0, 0, 0, 0, 0, 0),
(854, 0, 624, 128, 6, 6, 0, 0, 0, 0, 0, 0, 0, 0, 0, 0),
(855, 0, 53, 128, 6, 6, 0, 0, 0, 1, 0, 0, 0, 0, 1, 0),
(856, 0, 54, 128, 1, 5, 0, 4, 0, 0, 0, 0, 0, 0, 0, 0),
(857, 0, 64, 128, 4, 5, 0, 0, 0, 0, 0, 0, 0, 0, 1, 0),
(858, 0, 367, 129, 10, 8, 0, 0, 0, 0, 1, 0, 0, 0, 0, 0),
(859, 0, 368, 129, 5, 5, 0, 0, 0, 0, 0, 0, 0, 0, 0, 0),
(860, 0, 373, 129, 3.5, 4.5, 0, 1, 0, 0, 0, 0, 0, 0, 0, 0),
(861, 0, 374, 129, 5, 6, 0, 0, 0, 0, 0, 0, 0, 0, 1, 0),
(862, 0, 188, 129, 5, 5, 0, 0, 0, 0, 0, 0, 0, 0, 0, 0),
(863, 0, 190, 129, 1, 3, 0, 0, 0, 0, 0, 0, 0, 0, 0, 1),
(864, 0, 210, 129, 7, 7, 0, 0, 0, 0, 0, 0, 0, 0, 0, 0),
(865, 0, 15, 130, 8.5, 8.5, 0, 0, 0, 0, 0, 0, 0, 0, 0, 0),
(866, 0, 440, 130, 5.5, 5.5, 0, 0, 0, 0, 0, 0, 0, 0, 0, 0),
(867, 0, 87, 131, 3, 4, 0, 1, 0, 0, 0, 0, 0, 0, 0, 0),
(868, 0, 94, 131, 6, 6, 0, 0, 0, 0, 0, 0, 0, 0, 0, 0),
(869, 0, 99, 131, 5.5, 5.5, 0, 0, 0, 0, 0, 0, 0, 0, 0, 0),
(870, 1, 567, 131, 10, 8, 1, NULL, 0, 0, 0, 0, 0, 0, 0, 0),
(871, 0, 568, 131, 5.5, 5.5, 0, 0, 0, 0, 0, 0, 0, 0, 0, 0),
(872, 0, 571, 131, 7, 7, 0, 0, 0, 0, 0, 0, 0, 0, 0, 0),
(873, 0, 584, 131, 4, 5, 0, 0, 0, 0, 0, 0, 0, 0, 1, 0),
(874, 0, 665, 125, 5, 5, 0, 0, 0, 0, 0, 0, 0, 0, 0, 0),
(875, 0, 666, 125, 6, 6, 0, 0, 0, 0, 0, 0, 0, 0, 0, 0),
(876, 0, 667, 125, 4.5, 4.5, 0, 0, 0, 0, 0, 0, 0, 0, 0, 0),
(877, 0, 670, 125, 5, 6, 0, 1, 0, 0, 0, 0, 0, 0, 0, 0),
(878, 1, 672, 125, 4, 5, 0, 0, 0, 0, 0, 0, 0, 0, 1, 0),
(879, 0, 679, 125, 5, 5, 0, 0, 0, 0, 0, 0, 0, 0, 0, 0),
(880, 0, 120, 125, 6, 6, 0, 0, 0, 0, 0, 0, 0, 0, 0, 0),
(881, 0, 123, 125, 6, 6, 0, 0, 0, 0, 0, 0, 0, 0, 0, 0),
(882, 0, 131, 125, 4, 4, 0, 0, 0, 0, 0, 0, 0, 0, 0, 0),
(883, 0, 134, 125, 6, 6, 0, 0, 0, 0, 0, 0, 0, 0, 0, 0),
(884, 0, 16, 130, 19, 9, 0, 0, 1, 1, 0, 0, 0, 0, 0, 0),
(885, 0, 439, 130, 7.5, 7.5, 0, 0, 0, 0, 0, 0, 0, 0, 0, 0),
(886, 0, 444, 130, 11.5, 6.5, 0, 0, 0, 1, 0, 0, 0, 0, 0, 0),
(887, 0, 446, 130, 6, 6, 0, 0, 0, 0, 0, 0, 0, 0, 0, 0),
(888, 0, 447, 130, 11, 9, 0, 0, 0, 1, 0, 0, 0, 0, 1, 0),
(889, 0, 450, 130, 8, 6, 1, 0, 0, 0, 0, 0, 0, 0, 0, 0),
(890, 0, 25, 130, 5, 5, 0, 0, 0, 0, 0, 0, 0, 0, 0, 0),
(891, 0, 119, 125, 15, 8, 0, 1, 1, 0, 0, 0, 0, 0, 0, 0),
(892, 0, 129, 125, 6, 6, 0, 0, 0, 0, 0, 0, 0, 0, 0, 0),
(893, 0, 141, 125, 5, 5, 0, 0, 0, 0, 0, 0, 0, 0, 0, 0),
(894, 0, 671, 125, 5, 5, 0, 0, 0, 0, 0, 0, 0, 0, 0, 0),
(895, 0, 674, 125, 6, 6, 0, 0, 0, 0, 0, 0, 0, 0, 0, 0),
(896, 0, 569, 131, 18, 8.5, 0, 0, 1, 1, 0, 0, 0, 0, 0, 0),
(897, 0, 570, 131, 7, 7, 0, 0, 0, 0, 0, 0, 0, 0, 0, 0),
(898, 0, 573, 131, 4, 5, 0, 0, 0, 0, 0, 0, 0, 0, 1, 0),
(899, 0, 578, 131, 5, 6, 0, 0, 0, 0, 0, 0, 0, 0, 1, 0),
(900, 0, 583, 131, 6, 6, 0, 0, 0, 0, 0, 0, 0, 0, 0, 0),
(901, 0, 90, 131, 2.5, 3.5, 0, 0, 0, 0, 0, 0, 0, 0, 1, 0),
(902, 0, 197, 129, 2.5, 2.5, 0, 0, 0, 0, 0, 0, 0, 0, 0, 0),
(903, 0, 211, 129, 3, 6, 0, 3, 0, 0, 0, 0, 0, 0, 0, 0),
(904, 0, 502, 135, 6, 6, 0, 0, 0, 0, 0, 0, 0, 0, 0, 0),
(905, 0, 511, 135, 2, 3, 0, 1, 0, 0, 0, 0, 0, 0, 0, 0),
(906, 0, 224, 135, 5, 5, 0, 0, 0, 0, 0, 0, 0, 0, 0, 0),
(907, 0, 225, 135, 22, 10, 1, NULL, 1, 0, 0, 0, 0, 0, 0, 0),
(908, 0, 226, 135, 4.5, 4.5, 0, 0, 0, 0, 0, 0, 0, 0, 0, 0),
(909, 0, 229, 135, 5, 5, 0, 0, 0, 0, 0, 0, 0, 0, 0, 0),
(910, 0, 237, 135, 5, 5, 0, 0, 0, 0, 0, 0, 0, 0, 0, 0),
(911, 0, 52, 133, 9.5, 6.5, 0, 0, 0, 1, 0, 0, 0, 0, 0, 0),
(912, 0, 53, 133, 5.5, 5.5, 0, 0, 0, 0, 0, 0, 0, 0, 0, 0),
(913, 0, 54, 133, 7.5, 6.5, 1, NULL, 0, 0, 0, 0, 0, 0, 1, 0),
(914, 0, 367, 133, 5, 5, 0, 0, 0, 0, 0, 0, 0, 0, 0, 0),
(915, 0, 368, 133, 6, 6, 0, 0, 0, 0, 0, 0, 0, 0, 0, 0),
(916, 0, 373, 133, 4, 4, 0, 0, 0, 0, 0, 0, 0, 0, 0, 0),
(917, 0, 386, 133, 6, 6, 0, 0, 0, 0, 0, 0, 0, 0, 0, 0),
(918, 0, 18, 138, 20, 8, 0, 0, 1, 0, 2, 0, 0, 0, 0, 0),
(919, 0, 468, 138, 8, 6, 1, NULL, 0, 0, 0, 0, 0, 0, 0, 0),
(920, 0, 469, 138, 6, 6, 0, 0, 0, 0, 0, 0, 0, 0, 0, 0),
(921, 0, 470, 138, 6.5, 6.5, 0, 0, 0, 0, 0, 0, 0, 0, 0, 0),
(922, 0, 473, 138, 5, 5, 0, 0, 0, 0, 0, 0, 0, 0, 0, 0),
(923, 0, 474, 138, 6, 7, 0, 0, 0, 0, 0, 0, 0, 0, 1, 0),
(924, 0, 480, 138, 4, 4, 0, 0, 0, 0, 0, 0, 0, 0, 0, 0),
(925, 0, 481, 138, 6.5, 6.5, 0, 0, 0, 0, 0, 0, 0, 0, 0, 0),
(926, 0, 665, 138, 4, 4, 0, 0, 0, 0, 0, 0, 0, 0, 0, 0),
(927, 0, 667, 138, 3, 3, 0, 0, 0, 0, 0, 0, 0, 0, 0, 0),
(928, 0, 668, 138, 5, 5, 0, 0, 0, 0, 0, 0, 0, 0, 0, 0),
(929, 0, 670, 138, 3, 5, 0, 2, 0, 0, 0, 0, 0, 0, 0, 0),
(930, 0, 671, 138, 5, 6, 0, 0, 0, 0, 0, 0, 0, 0, 1, 0),
(931, 0, 674, 138, 4, 5, 0, 0, 0, 0, 0, 0, 0, 0, 1, 0),
(932, 0, 679, 138, 4.5, 4.5, 0, 0, 0, 0, 0, 0, 0, 0, 0, 0),
(933, 0, 567, 136, 9, 7, 1, NULL, 0, 0, 0, 0, 0, 0, 0, 0),
(934, 0, 568, 136, 17, 8.5, 0, 0, 1, 0, 0, 0, 0, 0, 0, 0),
(935, 0, 570, 136, 6, 6, 0, 0, 0, 0, 0, 0, 0, 0, 0, 0),
(936, 0, 571, 136, 7, 7, 0, 0, 0, 0, 0, 0, 0, 0, 0, 0),
(937, 0, 573, 136, 7, 7, 0, 0, 0, 0, 0, 0, 0, 0, 0, 0),
(938, 0, 577, 136, 5, 5, 0, 0, 0, 0, 0, 0, 0, 0, 0, 0),
(939, 0, 578, 136, 7, 7, 0, 0, 0, 0, 0, 0, 0, 0, 0, 0),
(940, 0, 583, 136, 4, 5, 0, 0, 0, 0, 0, 0, 0, 0, 1, 0),
(941, 0, 584, 136, 10, 7, 0, 0, 0, 1, 0, 0, 0, 0, 0, 0),
(942, 0, 1, 136, 5, 6, 0, 0, 0, 0, 0, 0, 0, 0, 1, 0),
(943, 0, 3, 136, 3, 4, 0, 0, 0, 0, 0, 0, 0, 0, 1, 0),
(944, 0, 23, 136, 3, 4, 0, 0, 0, 0, 0, 0, 0, 0, 1, 0),
(945, 0, 25, 136, 3, 3, 0, 0, 0, 0, 0, 0, 0, 0, 0, 0),
(946, 0, 26, 136, 4, 4, 0, 0, 0, 0, 0, 0, 0, 0, 0, 0),
(947, 0, 27, 136, 2, 4, 0, 0, 0, 0, 0, 0, 0, 0, 0, 1),
(948, 0, 87, 141, 1, 4, 0, 3, 0, 0, 0, 0, 0, 0, 0, 0),
(949, 0, 90, 141, 3, 3, 0, 0, 0, 0, 0, 0, 0, 0, 0, 0),
(950, 0, 305, 141, 7, 6, 0, 0, 0, 1, 0, 0, 0, 0, 0, 0),
(951, 0, 307, 141, 6.5, 6.5, 0, 0, 0, 0, 0, 0, 0, 0, 0, 0),
(952, 0, 313, 141, 6, 6, 0, 0, 0, 0, 0, 0, 0, 0, 0, 0),
(953, 0, 318, 141, 8.5, 7.5, 0, 0, 0, 1, 0, 0, 0, 0, 0, 0),
(954, 0, 322, 141, 9, 7, 1, NULL, 0, 0, 0, 0, 0, 0, 0, 0),
(955, 0, 633, 139, 6.5, 6.5, 0, 0, 0, 0, 0, 0, 0, 0, 0, 0),
(956, 0, 638, 139, 4, 5, 0, 0, 0, 0, 0, 0, 0, 0, 1, 0),
(957, 0, 537, 139, 5, 5, 0, 0, 0, 0, 0, 0, 0, 0, 0, 0),
(958, 0, 539, 139, 9.5, 6.5, 0, 0, 0, 1, 0, 0, 0, 0, 0, 0),
(959, 0, 546, 139, 6, 6, 0, 0, 0, 0, 0, 0, 0, 0, 0, 0),
(960, 0, 549, 139, 7, 7, 0, 0, 0, 0, 0, 0, 0, 0, 0, 0),
(961, 0, 155, 134, 5, 5, 0, 0, 0, 0, 0, 0, 0, 0, 0, 0),
(962, 0, 171, 134, 6, 6, 0, 0, 0, 0, 0, 0, 0, 0, 0, 0),
(963, 0, 612, 134, 2, 5, 0, 3, 0, 0, 0, 0, 0, 0, 0, 0),
(964, 0, 620, 134, 6, 6, 0, 0, 0, 0, 0, 0, 0, 0, 0, 0),
(965, 0, 188, 132, 4, 4, 0, 0, 0, 0, 0, 0, 0, 0, 0, 0),
(966, 0, 197, 132, 6, 6, 0, 0, 0, 0, 0, 0, 0, 0, 0, 0),
(967, 0, 210, 132, 6.5, 6.5, 0, 0, 0, 0, 0, 0, 0, 0, 0, 0),
(968, 0, 211, 132, 10, 8, 1, NULL, 0, 0, 0, 0, 0, 0, 0, 0),
(969, 0, 15, 132, 7, 7, 0, 0, 0, 0, 0, 0, 0, 0, 0, 0),
(970, 0, 16, 132, 4, 4, 0, 0, 0, 0, 0, 0, 0, 0, 0, 0),
(971, 0, 17, 132, 6, 6, 0, 0, 0, 0, 0, 0, 0, 0, 0, 0),
(972, 0, 439, 132, 6, 7, 0, 0, 0, 0, 0, 0, 0, 0, 1, 0),
(973, 0, 440, 132, 4, 4, 0, 0, 0, 0, 0, 0, 0, 0, 0, 0),
(974, 0, 444, 132, 5, 6, 0, 0, 0, 0, 0, 0, 0, 0, 1, 0),
(975, 0, 446, 132, 6, 6, 0, 0, 0, 0, 0, 0, 0, 0, 0, 0),
(976, 0, 447, 132, 4, 5, 0, 0, 0, 0, 0, 0, 0, 0, 1, 0),
(977, 0, 450, 132, 5, 6, 0, 1, 0, 0, 0, 0, 0, 0, 0, 0),
(978, 0, 404, 140, 10, 7, 0, 0, 0, 1, 0, 0, 0, 0, 0, 0),
(979, 0, 409, 140, 5, 5, 0, 0, 0, 0, 0, 0, 0, 0, 0, 0),
(980, 0, 418, 140, 7.5, 7.5, 0, 0, 0, 0, 0, 0, 0, 0, 0, 0),
(981, 0, 422, 140, 5.5, 5.5, 0, 0, 0, 0, 0, 0, 0, 0, 0, 0),
(982, 0, 424, 140, 7, 6, 0, 0, 0, 1, 0, 0, 0, 0, 0, 0),
(983, 0, 14, 140, 5, 5, 0, 0, 0, 0, 0, 0, 0, 0, 0, 0),
(984, 0, 334, 140, 4, 4, 0, 0, 0, 0, 0, 0, 0, 0, 0, 0),
(985, 0, 338, 140, 4, 4, 0, 0, 0, 0, 0, 0, 0, 0, 0, 0),
(986, 0, 119, 137, 8.5, 6.5, 1, NULL, 0, 0, 0, 0, 0, 0, 0, 0),
(987, 0, 120, 137, 4.5, 4.5, 0, 0, 0, 0, 0, 0, 0, 0, 0, 0),
(988, 0, 123, 137, 5.5, 6.5, 0, 0, 0, 0, 0, 0, 0, 0, 1, 0),
(989, 0, 128, 137, 6, 6, 0, 0, 0, 0, 0, 0, 0, 0, 0, 0),
(990, 0, 129, 137, 6, 6, 0, 0, 0, 0, 0, 0, 0, 0, 0, 0),
(991, 0, 131, 137, 5.5, 5.5, 0, 0, 0, 0, 0, 0, 0, 0, 0, 0),
(992, 0, 134, 137, 6, 6, 0, 0, 0, 0, 0, 0, 0, 0, 0, 0),
(993, 0, 141, 137, 6, 6, 0, 0, 0, 0, 0, 0, 0, 0, 0, 0),
(994, 0, 262, 137, 4, 4, 0, 0, 0, 0, 0, 0, 0, 0, 0, 0),
(995, 0, 265, 137, 4.5, 5.5, 0, 0, 0, 0, 0, 0, 0, 0, 1, 0),
(996, 0, 266, 137, 4, 5, 0, 0, 0, 0, 0, 0, 0, 0, 1, 0),
(997, 0, 271, 137, 6, 6, 0, 0, 0, 0, 0, 0, 0, 0, 0, 0),
(998, 1, 262, 146, 3, 5, 0, 0, 0, 0, 1, 0, 1, 0, 0, 0),
(999, 0, 265, 146, 5.5, 5.5, 0, 0, 0, 0, 0, 0, 0, 0, 0, 0),
(1000, 0, 18, 146, 4, 4, 0, 0, 0, 0, 0, 0, 0, 0, 0, 0),
(1001, 0, 468, 146, 3, 6, 0, 3, 0, 0, 0, 0, 0, 0, 0, 0),
(1002, 0, 469, 146, 4.5, 4.5, 0, 0, 0, 0, 0, 0, 0, 0, 0, 0),
(1003, 0, 470, 146, 3, 3, 0, 0, 0, 0, 0, 0, 0, 0, 0, 0),
(1004, 0, 474, 146, 5, 5, 0, 0, 0, 0, 0, 0, 0, 0, 0, 0),
(1005, 0, 480, 146, 5, 5, 0, 0, 0, 0, 0, 0, 0, 0, 0, 0),
(1006, 0, 481, 146, 4, 4, 0, 0, 0, 0, 0, 0, 0, 0, 0, 0),
(1007, 0, 15, 150, 17, 8.5, 0, 0, 1, 0, 0, 0, 0, 0, 0, 0),
(1008, 0, 16, 150, 10.5, 8.5, 0, 0, 0, 2, 0, 0, 0, 0, 0, 0),
(1009, 0, 439, 150, 8, 8, 0, 0, 0, 0, 0, 0, 0, 0, 0, 0),
(1010, 0, 444, 150, 5, 6, 0, 0, 0, 0, 0, 0, 0, 0, 1, 0),
(1011, 0, 446, 150, 4.5, 6.5, 0, 1, 0, 0, 0, 0, 0, 0, 1, 0),
(1012, 0, 450, 150, 4.5, 5.5, 0, 1, 0, 0, 0, 0, 0, 0, 0, 0),
(1013, 0, 54, 150, 2.5, 5.5, 0, 3, 0, 0, 0, 0, 0, 0, 0, 0),
(1014, 0, 52, 150, 3, 3, 0, 0, 0, 0, 0, 0, 0, 0, 0, 0),
(1015, 0, 53, 150, 6, 6, 0, 0, 0, 0, 0, 0, 0, 0, 0, 0),
(1016, 0, 305, 142, 7, 6, 0, 0, 0, 1, 0, 0, 0, 0, 0, 0),
(1017, 0, 307, 142, 5, 5, 0, 0, 0, 0, 0, 0, 0, 0, 0, 0),
(1018, 0, 313, 142, 3.5, 3.5, 0, 0, 0, 0, 0, 0, 0, 0, 0, 0),
(1019, 0, 314, 142, 4, 4, 0, 0, 0, 0, 0, 0, 0, 0, 0, 0),
(1020, 0, 318, 142, 4, 4, 0, 0, 0, 0, 0, 0, 0, 0, 0, 0),
(1021, 0, 322, 142, 2, 4, 0, 2, 0, 0, 0, 0, 0, 0, 0, 0),
(1022, 0, 567, 142, 5, 6, 0, 1, 0, 0, 0, 0, 0, 0, 0, 0),
(1023, 0, 568, 142, 16, 7.5, 0, 0, 1, 1, 0, 0, 0, 0, 0, 0),
(1024, 0, 569, 142, 6, 6, 0, 0, 0, 0, 0, 0, 0, 0, 0, 0),
(1025, 0, 570, 142, 6, 6, 0, 0, 0, 0, 0, 0, 0, 0, 0, 0),
(1026, 0, 571, 142, 6, 6, 0, 0, 0, 0, 0, 0, 0, 0, 0, 0),
(1027, 0, 573, 142, 5, 5, 0, 0, 0, 0, 0, 0, 0, 0, 0, 0),
(1028, 0, 578, 142, 6, 6, 0, 0, 0, 0, 0, 0, 0, 0, 0, 0),
(1029, 0, 583, 142, 5, 5, 0, 0, 0, 0, 0, 0, 0, 0, 0, 0),
(1030, 0, 584, 142, 4.5, 4.5, 0, 0, 0, 0, 0, 0, 0, 0, 0, 0),
(1031, 0, 612, 148, 3, 4, 0, 1, 0, 0, 0, 0, 0, 0, 0, 0),
(1032, 0, 620, 148, 5, 5, 0, 0, 0, 0, 0, 0, 0, 0, 0, 0),
(1033, 0, 502, 148, 5, 5, 0, 0, 0, 0, 0, 0, 0, 0, 0, 0),
(1034, 0, 503, 148, 3, 4, 0, 0, 0, 0, 0, 0, 0, 0, 1, 0),
(1035, 0, 511, 148, 4, 4, 0, 0, 0, 0, 0, 0, 0, 0, 0, 0),
(1036, 0, 14, 143, 3, 4, 0, 0, 0, 0, 0, 0, 0, 0, 1, 0),
(1037, 0, 334, 143, 0, 2, 0, 0, 0, 0, 0, 0, 0, 0, 0, 1),
(1038, 0, 338, 143, 3, 4, 0, 0, 0, 0, 0, 0, 0, 0, 1, 0),
(1039, 0, 6, 143, 6, 6, 0, 0, 0, 0, 0, 0, 0, 0, 0, 0),
(1040, 0, 87, 143, 8, 6, 1, NULL, 0, 0, 0, 0, 0, 0, 0, 0),
(1041, 0, 90, 143, 5, 5, 0, 0, 0, 0, 0, 0, 0, 0, 0, 0),
(1042, 0, 92, 143, 5, 5, 0, 0, 0, 0, 0, 0, 0, 0, 0, 0),
(1043, 0, 94, 143, 8, 8, 0, 0, 0, 0, 0, 0, 0, 0, 0, 0),
(1044, 0, 99, 143, 5, 5, 0, 0, 0, 0, 0, 0, 0, 0, 0, 0),
(1045, 0, 224, 147, 2, 3, 0, 0, 0, 0, 0, 0, 0, 0, 1, 0),
(1046, 0, 225, 147, 3, 5, 0, 2, 0, 0, 0, 0, 0, 0, 0, 0),
(1047, 0, 226, 147, 4, 4, 0, 0, 0, 0, 0, 0, 0, 0, 0, 0),
(1048, 0, 227, 147, 5, 5, 0, 0, 0, 0, 0, 0, 0, 0, 0, 0),
(1049, 0, 237, 147, 5, 5, 0, 0, 0, 0, 0, 0, 0, 0, 0, 0),
(1050, 0, 119, 147, 3, 5, 0, 2, 0, 0, 0, 0, 0, 0, 0, 0),
(1051, 0, 120, 147, 4, 4, 0, 0, 0, 0, 0, 0, 0, 0, 0, 0),
(1052, 0, 123, 147, 13, 7, 0, 0, 1, 0, 0, 0, 0, 0, 1, 0),
(1053, 0, 128, 147, 5, 5, 0, 0, 0, 0, 0, 0, 0, 0, 0, 0),
(1054, 0, 129, 147, 4, 4, 0, 0, 0, 0, 0, 0, 0, 0, 0, 0),
(1055, 0, 131, 147, 9, 6, 0, 0, 0, 1, 0, 0, 0, 0, 0, 0),
(1056, 0, 134, 147, 4.5, 4.5, 0, 0, 0, 0, 0, 0, 0, 0, 0, 0),
(1057, 0, 141, 147, 3, 4, 0, 0, 0, 0, 0, 0, 0, 0, 1, 0),
(1058, 0, 537, 144, 5, 5, 0, 0, 0, 0, 0, 0, 0, 0, 0, 0),
(1059, 0, 539, 144, 9, 7, 0, 0, 0, 1, 0, 0, 0, 0, 1, 0),
(1060, 0, 540, 144, 7, 7, 0, 0, 0, 0, 0, 0, 0, 0, 0, 0),
(1061, 0, 541, 144, 4, 5, 0, 0, 0, 0, 0, 0, 0, 0, 1, 0),
(1062, 0, 546, 144, 6, 6, 0, 0, 0, 0, 0, 0, 0, 0, 0, 0),
(1063, 0, 549, 144, 11, 8, 0, 0, 0, 1, 0, 0, 0, 0, 0, 0),
(1064, 0, 409, 144, 5, 5, 0, 0, 0, 0, 0, 0, 0, 0, 0, 0),
(1065, 0, 418, 144, 4, 4, 0, 0, 0, 0, 0, 0, 0, 0, 0, 0),
(1066, 0, 422, 144, 3, 3, 0, 0, 0, 0, 0, 0, 0, 0, 0, 0),
(1067, 0, 367, 149, 6, 6, 0, 0, 0, 0, 0, 0, 0, 0, 0, 0),
(1068, 0, 373, 149, 4.5, 4.5, 0, 0, 0, 0, 0, 0, 0, 0, 0, 0),
(1069, 0, 9, 149, 5, 5, 0, 0, 0, 0, 0, 0, 0, 0, 0, 0),
(1070, 0, 155, 149, 5.5, 5.5, 0, 0, 0, 0, 0, 0, 0, 0, 0, 0),
(1071, 0, 171, 149, 6.5, 6.5, 0, 0, 0, 0, 0, 0, 0, 0, 0, 0),
(1072, 0, 1, 151, 16, 8, 0, 0, 1, 0, 0, 0, 0, 0, 0, 0),
(1073, 0, 3, 151, 5, 6, 0, 0, 0, 0, 0, 0, 0, 0, 1, 0),
(1074, 0, 25, 151, 8, 7, 0, 0, 0, 1, 0, 0, 0, 0, 0, 0),
(1075, 0, 26, 151, 7, 7, 0, 0, 0, 0, 0, 0, 0, 0, 0, 0),
(1076, 0, 188, 151, 3, 4, 0, 0, 0, 0, 0, 0, 0, 0, 1, 0),
(1077, 0, 197, 151, 3, 4, 0, 0, 0, 0, 0, 0, 0, 0, 1, 0),
(1078, 0, 211, 151, -1, 3, 0, 4, 0, 0, 0, 0, 0, 0, 0, 0),
(1079, 0, 665, 145, 6, 6, 0, 0, 0, 0, 0, 0, 0, 0, 0, 0),
(1080, 0, 666, 145, 4.5, 4.5, 0, 0, 0, 0, 0, 0, 0, 0, 0, 0),
(1081, 0, 667, 145, 4, 4, 0, 0, 0, 0, 0, 0, 0, 0, 0, 0),
(1082, 0, 668, 145, 3.5, 4.5, 0, 0, 0, 0, 0, 0, 0, 0, 1, 0),
(1083, 0, 670, 145, 5.5, 6.5, 0, 0, 0, 0, 0, 0, 0, 0, 1, 0),
(1084, 0, 672, 145, 4, 4, 0, 0, 0, 0, 0, 0, 0, 0, 0, 0),
(1085, 0, 674, 145, 4, 4, 0, 0, 0, 0, 0, 0, 0, 0, 0, 0),
(1086, 0, 679, 145, 6, 6, 0, 0, 0, 0, 0, 0, 0, 0, 0, 0),
(1087, 0, 633, 145, 2, 4, 0, 0, 0, 0, 0, 0, 0, 0, 0, 1),
(1088, 0, 638, 145, 3, 3, 0, 0, 0, 0, 0, 0, 0, 0, 0, 0),
(1089, 0, 210, 151, 4.5, 4.5, 0, 0, 0, 0, 0, 0, 0, 0, 0, 0),
(1090, 0, 305, 152, 15, 7, 0, 0, 1, 1, 0, 0, 0, 0, 0, 0),
(1091, 0, 307, 152, 5, 5, 0, 0, 0, 0, 0, 0, 0, 0, 0, 0),
(1092, 0, 313, 152, 4.5, 4.5, 0, 0, 0, 0, 0, 0, 0, 0, 0, 0),
(1093, 0, 314, 152, 4, 4, 0, 0, 0, 0, 0, 0, 0, 0, 0, 0),
(1094, 0, 318, 152, 6, 6, 0, 0, 0, 0, 0, 0, 0, 0, 0, 0),
(1095, 0, 322, 152, 9, 7, 1, NULL, 0, 0, 0, 0, 0, 0, 0, 0),
(1096, 0, 14, 152, 5, 6, 0, 0, 0, 0, 0, 0, 0, 0, 1, 0),
(1097, 0, 338, 152, 4, 4, 0, 0, 0, 0, 0, 0, 0, 0, 0, 0),
(1098, 0, 119, 157, 8, 6, 1, NULL, 0, 0, 0, 0, 0, 0, 0, 0),
(1099, 0, 123, 157, 4.5, 4.5, 0, 0, 0, 0, 0, 0, 0, 0, 0, 0),
(1100, 0, 128, 157, 5, 6, 0, 0, 0, 0, 0, 0, 0, 0, 1, 0),
(1101, 0, 129, 157, 11, 6, 0, 0, 0, 1, 0, 0, 0, 0, 0, 0),
(1102, 0, 131, 157, 4.5, 4.5, 0, 0, 0, 0, 0, 0, 0, 0, 0, 0),
(1103, 0, 134, 157, 13, 6.5, 0, 0, 1, 0, 0, 0, 0, 0, 0, 0),
(1104, 0, 136, 157, 4.5, 5.5, 0, 1, 0, 0, 0, 0, 0, 0, 0, 0),
(1105, 0, 141, 157, 5.5, 5.5, 0, 0, 0, 0, 0, 0, 0, 0, 0, 0),
(1106, 0, 607, 157, 6, 6, 0, 0, 0, 0, 0, 0, 0, 0, 0, 0),
(1107, 0, 612, 157, 4.5, 5.5, 0, 1, 0, 0, 0, 0, 0, 0, 0, 0),
(1108, 0, 620, 157, 6, 6, 0, 0, 0, 0, 0, 0, 0, 0, 0, 0),
(1109, 0, 9, 154, 6, 6, 0, 0, 0, 1, 0, 0, 0, 0, 1, 0),
(1110, 0, 155, 154, 4, 4, 0, 0, 0, 0, 0, 0, 0, 0, 0, 0),
(1111, 0, 171, 154, 5, 6, 0, 0, 0, 0, 0, 0, 0, 0, 1, 0),
(1112, 0, 15, 154, 5, 6, 0, 0, 0, 0, 0, 0, 0, 0, 1, 0),
(1113, 0, 16, 154, 4, 4, 0, 0, 0, 0, 0, 0, 0, 0, 0, 0),
(1114, 0, 17, 154, 5, 5, 0, 0, 0, 0, 0, 0, 0, 0, 0, 0),
(1115, 0, 439, 154, 13, 7, 0, 0, 1, 0, 0, 0, 0, 0, 1, 0),
(1116, 0, 444, 154, 11.5, 6.5, 0, 0, 0, 1, 0, 0, 0, 0, 0, 0),
(1117, 0, 446, 154, 5, 5, 0, 0, 0, 0, 0, 0, 0, 0, 0, 0),
(1118, 0, 447, 154, 4, 4, 0, 0, 0, 0, 0, 0, 0, 0, 0, 0),
(1119, 0, 450, 154, 3, 5, 0, 1, 0, 0, 0, 0, 0, 0, 1, 0),
(1120, 0, 502, 155, 4, 4, 0, 0, 0, 0, 0, 0, 0, 0, 0, 0),
(1121, 0, 503, 155, 5, 5, 0, 0, 0, 1, 0, 0, 0, 0, 1, 0),
(1122, 0, 510, 155, 5, 5, 0, 0, 0, 0, 0, 0, 0, 0, 0, 0),
(1123, 0, 511, 155, 6, 6, 0, 0, 0, 0, 0, 0, 0, 0, 0, 0),
(1124, 0, 367, 155, 4, 5, 0, 0, 0, 0, 0, 0, 0, 0, 1, 0),
(1125, 0, 368, 155, 5.5, 5.5, 0, 0, 0, 0, 0, 0, 0, 0, 0, 0),
(1126, 0, 373, 155, 1.5, 3.5, 0, 0, 0, 0, 0, 0, 0, 0, 0, 1),
(1127, 0, 374, 155, 5, 5, 0, 0, 0, 0, 0, 0, 0, 0, 0, 0),
(1128, 0, 53, 153, 5, 6, 0, 0, 0, 0, 0, 0, 0, 0, 1, 0),
(1129, 0, 54, 153, 5, 5, 0, 0, 0, 0, 0, 0, 0, 0, 0, 0),
(1130, 0, 59, 153, 5, 5, 0, 0, 0, 0, 0, 0, 0, 0, 0, 0),
(1131, 0, 1, 153, 5.5, 5.5, 0, 0, 0, 0, 0, 0, 0, 0, 0, 0),
(1132, 0, 23, 153, 5.5, 5.5, 0, 0, 0, 0, 0, 0, 0, 0, 0, 0),
(1133, 0, 25, 153, 4, 4, 0, 0, 0, 0, 0, 0, 0, 0, 0, 0),
(1134, 0, 26, 153, 12.5, 7.5, 0, 0, 0, 1, 0, 0, 0, 0, 0, 0),
(1135, 0, 27, 153, 5.5, 5.5, 0, 0, 0, 0, 0, 0, 0, 0, 0, 0),
(1136, 1, 567, 156, 3, 5, 0, 2, 0, 0, 0, 0, 0, 0, 0, 0),
(1137, 0, 568, 156, 7.5, 7.5, 0, 0, 0, 1, 0, 0, 0, 0, 1, 0),
(1138, 0, 569, 156, 5, 5, 0, 0, 0, 0, 0, 0, 0, 0, 0, 0),
(1139, 0, 570, 156, 5, 6, 0, 0, 0, 0, 0, 0, 0, 0, 1, 0),
(1140, 0, 571, 156, 5, 5, 0, 0, 0, 0, 0, 0, 0, 0, 0, 0),
(1141, 0, 573, 156, 5, 5, 0, 0, 0, 0, 0, 0, 0, 0, 0, 0),
(1142, 0, 577, 156, 4, 4, 0, 0, 0, 0, 0, 0, 0, 0, 0, 0),
(1143, 0, 578, 156, 3, 4, 0, 0, 0, 0, 0, 0, 0, 0, 1, 0),
(1144, 0, 583, 156, 4, 4, 0, 0, 0, 0, 0, 0, 0, 0, 0, 0),
(1145, 0, 584, 156, 3.5, 3.5, 0, 0, 0, 0, 0, 0, 0, 0, 0, 0),
(1146, 0, 211, 156, 5.5, 6.5, 0, 1, 0, 0, 0, 0, 0, 0, 0, 0),
(1147, 0, 188, 156, 4, 4, 0, 0, 0, 0, 0, 0, 0, 0, 0, 0),
(1148, 0, 190, 156, 12, 7, 0, 0, 0, 1, 0, 0, 0, 0, 0, 0),
(1149, 0, 197, 156, 4, 5, 0, 0, 0, 0, 0, 0, 0, 0, 1, 0),
(1150, 0, 6, 161, 5, 5, 0, 0, 0, 0, 0, 0, 0, 0, 0, 0),
(1151, 0, 87, 161, 10, 8, 1, NULL, 0, 0, 0, 0, 0, 0, 0, 0),
(1152, 0, 90, 161, 6, 6, 0, 0, 0, 0, 0, 0, 0, 0, 0, 0),
(1153, 0, 92, 161, 30, 10, 0, 0, 1, 2, 0, 0, 0, 0, 0, 0),
(1154, 0, 93, 161, 5, 6, 0, 0, 0, 0, 0, 0, 0, 0, 1, 0),
(1155, 0, 94, 161, 7, 7, 0, 0, 0, 0, 0, 0, 0, 0, 0, 0),
(1156, 0, 99, 161, 6, 6, 0, 0, 0, 0, 0, 0, 0, 0, 0, 0),
(1157, 0, 537, 161, 5, 5, 0, 0, 0, 0, 0, 0, 0, 0, 0, 0),
(1158, 0, 539, 161, 4, 5, 0, 0, 0, 0, 0, 0, 0, 0, 1, 0),
(1159, 0, 540, 161, 2, 2, 0, 0, 0, 0, 0, 0, 0, 0, 0, 0),
(1160, 0, 541, 161, 4, 4, 0, 0, 0, 0, 0, 0, 0, 0, 0, 0),
(1161, 0, 543, 161, 5, 5, 0, 0, 0, 0, 0, 0, 0, 0, 0, 0),
(1162, 0, 546, 161, 3, 3, 0, 0, 0, 0, 0, 0, 0, 0, 0, 0),
(1163, 0, 549, 161, 3, 3, 0, 0, 0, 0, 0, 0, 0, 0, 0, 0),
(1164, 0, 18, 158, 4, 4, 0, 0, 0, 0, 0, 0, 0, 0, 0, 0),
(1165, 0, 468, 158, 5.5, 6.5, 0, 0, 0, 0, 0, 0, 0, 0, 1, 0),
(1166, 0, 469, 158, 5, 5, 0, 0, 0, 0, 0, 0, 0, 0, 0, 0),
(1167, 0, 470, 158, 2, 4, 0, 0, 0, 0, 0, 0, 0, 0, 0, 1),
(1168, 0, 473, 158, 3.5, 4.5, 0, 0, 0, 0, 0, 0, 0, 0, 1, 0),
(1169, 0, 474, 158, 6.5, 6.5, 0, 0, 0, 0, 0, 0, 0, 0, 0, 0),
(1170, 0, 481, 158, 5.5, 5.5, 0, 0, 0, 0, 0, 0, 0, 0, 0, 0),
(1171, 0, 224, 158, 5, 5, 0, 0, 0, 0, 0, 0, 0, 0, 0, 0),
(1172, 0, 225, 158, 10, 8, 1, NULL, 0, 0, 0, 0, 0, 0, 0, 0),
(1173, 0, 226, 158, 4.5, 4.5, 0, 0, 0, 0, 0, 0, 0, 0, 0, 0),
(1174, 0, 227, 158, 7, 7, 0, 0, 0, 0, 0, 0, 0, 0, 0, 0),
(1175, 0, 237, 158, 5.5, 5.5, 0, 0, 0, 0, 0, 0, 0, 0, 0, 0),
(1176, 0, 638, 159, 3.5, 4.5, 0, 0, 0, 0, 0, 0, 0, 0, 1, 0),
(1177, 0, 262, 159, 8.5, 6.5, 0, 0, 0, 0, 1, 0, 0, 0, 0, 0),
(1178, 0, 265, 159, 8.5, 6.5, 0, 0, 0, 1, 0, 0, 0, 0, 1, 0),
(1179, 0, 266, 159, 6.5, 6.5, 0, 0, 0, 0, 0, 0, 0, 0, 0, 0),
(1180, 0, 271, 159, 7.5, 6.5, 0, 0, 0, 1, 0, 0, 0, 0, 0, 0),
(1181, 0, 274, 159, 6, 6, 0, 0, 0, 0, 0, 0, 0, 0, 0, 0),
(1182, 0, 409, 160, 4.5, 4.5, 0, 0, 0, 0, 0, 0, 0, 0, 0, 0),
(1183, 0, 418, 160, 6, 6, 0, 0, 0, 0, 0, 0, 0, 0, 0, 0),
(1184, 0, 424, 160, 3.5, 3.5, 0, 0, 0, 0, 0, 0, 0, 0, 0, 0),
(1185, 0, 665, 160, 7.5, 6.5, 0, 0, 0, 1, 0, 0, 0, 0, 0, 0),
(1186, 0, 667, 160, 4.5, 4.5, 0, 0, 0, 0, 0, 0, 0, 0, 0, 0),
(1187, 0, 668, 160, 6, 6, 0, 0, 0, 0, 0, 0, 0, 0, 0, 0),
(1188, 0, 670, 160, 13, 7, 0, 1, 1, 0, 0, 0, 0, 0, 0, 0),
(1189, 0, 672, 160, 6, 6, 0, 0, 0, 0, 0, 0, 0, 0, 0, 0),
(1190, 0, 674, 160, 6.5, 6.5, 0, 0, 0, 0, 0, 0, 0, 0, 0, 0),
(1191, 0, 679, 160, 11, 6, 0, 0, 0, 1, 0, 0, 0, 0, 0, 0),
(1192, 0, 15, 170, 14, 7, 0, 0, 1, 0, 0, 0, 0, 0, 0, 0),
(1193, 0, 16, 170, 5, 5, 0, 0, 0, 0, 0, 0, 0, 0, 0, 0),
(1194, 0, 17, 170, 5, 5, 0, 0, 0, 0, 0, 0, 0, 0, 0, 0),
(1195, 0, 440, 170, 5.5, 6.5, 0, 0, 0, 0, 0, 0, 0, 0, 1, 0),
(1196, 0, 447, 170, 5, 5, 0, 0, 0, 0, 0, 0, 0, 0, 0, 0),
(1197, 0, 450, 170, 8, 6, 1, NULL, 0, 0, 0, 0, 0, 0, 0, 0),
(1198, 0, 502, 170, 4.5, 5.5, 0, 0, 0, 0, 0, 0, 0, 0, 1, 0),
(1199, 0, 503, 170, 5, 6, 0, 0, 0, 0, 0, 0, 0, 0, 1, 0),
(1200, 0, 511, 170, 4, 5, 0, 0, 0, 0, 0, 0, 0, 0, 1, 0),
(1201, 0, 514, 170, 5, 5, 0, 0, 0, 0, 0, 0, 0, 0, 0, 0);

-- --------------------------------------------------------

-- 
-- Estructura de tabla para la tabla `playerposition`
-- 

DROP TABLE IF EXISTS `playerposition`;
CREATE TABLE IF NOT EXISTS `playerposition` (
  `id` bigint(20) NOT NULL auto_increment,
  `version` bigint(20) NOT NULL default '0',
  `name` varchar(255) NOT NULL,
  PRIMARY KEY  (`id`),
  UNIQUE KEY `UK_PlayerPosition_name` (`name`)
) ENGINE=InnoDB DEFAULT CHARSET=latin1 AUTO_INCREMENT=5 ;

-- 
-- Volcar la base de datos para la tabla `playerposition`
-- 

INSERT INTO `playerposition` (`id`, `version`, `name`) VALUES (1, 0, 'Arquero'),
(2, 0, 'Defensor'),
(3, 0, 'Volante'),
(4, 0, 'Delantero');

-- --------------------------------------------------------

-- 
-- Estructura de tabla para la tabla `playerteam`
-- 

DROP TABLE IF EXISTS `playerteam`;
CREATE TABLE IF NOT EXISTS `playerteam` (
  `id` bigint(20) NOT NULL auto_increment,
  `version` bigint(20) NOT NULL default '0',
  `player` bigint(20) NOT NULL,
  `team` bigint(20) NOT NULL,
  `isCaptain1` tinyint(1) default NULL,
  `isCaptain2` tinyint(1) default NULL,
  `isCaptain3` tinyint(1) default NULL,
  `isPrincipal` tinyint(1) default NULL,
  `isList` tinyint(1) default NULL,
  `isSubstitute` tinyint(1) default NULL,
  PRIMARY KEY  (`id`),
  UNIQUE KEY `UK_PlayerTeam_player_team` (`player`,`team`),
  KEY `FK_PlayerTeam_player` (`player`),
  KEY `FK_PlayerTeam_team` (`team`)
) ENGINE=InnoDB DEFAULT CHARSET=latin1 AUTO_INCREMENT=1161 ;

-- 
-- Volcar la base de datos para la tabla `playerteam`
-- 

INSERT INTO `playerteam` (`id`, `version`, `player`, `team`, `isCaptain1`, `isCaptain2`, `isCaptain3`, `isPrincipal`, `isList`, `isSubstitute`) VALUES (801, 0, 225, 52, NULL, NULL, NULL, 1, NULL, 0),
(802, 0, 227, 52, NULL, NULL, NULL, 1, NULL, 0),
(803, 0, 469, 52, NULL, NULL, NULL, 1, NULL, 0),
(804, 0, 334, 52, NULL, NULL, NULL, 1, NULL, 0),
(805, 0, 129, 52, NULL, NULL, NULL, 1, NULL, 0),
(806, 0, 15, 52, 1, NULL, NULL, 1, NULL, 0),
(807, 0, 17, 52, NULL, NULL, NULL, 1, NULL, 0),
(808, 0, 208, 52, NULL, NULL, NULL, 1, NULL, 0),
(809, 0, 229, 52, NULL, NULL, NULL, 1, NULL, 0),
(810, 0, 14, 52, NULL, 1, NULL, 1, NULL, 0),
(811, 0, 16, 52, NULL, NULL, 1, 1, NULL, 0),
(812, 0, 670, 52, NULL, NULL, NULL, 0, NULL, 1),
(813, 0, 210, 52, NULL, NULL, NULL, 0, NULL, 1),
(814, 0, 309, 52, NULL, NULL, NULL, 0, NULL, 1),
(815, 0, 607, 52, NULL, NULL, NULL, 0, NULL, 1),
(816, 0, 374, 52, NULL, NULL, NULL, 0, NULL, 1),
(817, 0, 569, 52, NULL, NULL, NULL, 0, NULL, 1),
(818, 0, 620, 52, NULL, NULL, NULL, 0, NULL, 1),
(819, 0, 567, 53, NULL, NULL, 1, 1, NULL, 0),
(820, 0, 470, 53, NULL, NULL, NULL, 1, NULL, 0),
(821, 0, 227, 53, NULL, NULL, NULL, 1, NULL, 0),
(822, 0, 26, 53, NULL, NULL, NULL, 1, NULL, 0),
(823, 0, 20, 53, 1, NULL, NULL, 1, NULL, 0),
(824, 0, 313, 53, NULL, NULL, NULL, 1, NULL, 0),
(825, 0, 6, 53, NULL, 1, NULL, 1, NULL, 0),
(826, 0, 1, 53, NULL, NULL, NULL, 1, NULL, 0),
(827, 0, 224, 53, NULL, NULL, NULL, 1, NULL, 0),
(828, 0, 568, 53, NULL, NULL, NULL, 1, NULL, 0),
(829, 0, 53, 53, NULL, NULL, NULL, 0, NULL, 1),
(830, 0, 468, 53, NULL, NULL, NULL, 0, NULL, 1),
(831, 0, 679, 53, NULL, NULL, NULL, 0, NULL, 1),
(832, 0, 601, 53, NULL, NULL, NULL, 0, NULL, 1),
(833, 0, 23, 53, NULL, NULL, NULL, 0, NULL, 1),
(834, 0, 480, 53, NULL, NULL, NULL, 0, NULL, 1),
(835, 0, 368, 53, NULL, NULL, NULL, 0, NULL, 1),
(836, 0, 305, 53, NULL, NULL, NULL, 1, NULL, 0),
(837, 0, 567, 54, NULL, NULL, NULL, 1, NULL, 0),
(838, 0, 446, 54, NULL, NULL, NULL, 1, NULL, 0),
(839, 0, 227, 54, NULL, NULL, NULL, 1, NULL, 0),
(840, 0, 129, 54, NULL, NULL, NULL, 1, NULL, 0),
(841, 0, 123, 54, NULL, NULL, NULL, 1, NULL, 0),
(842, 0, 584, 54, NULL, NULL, NULL, 1, NULL, 0),
(843, 0, 13, 54, NULL, 1, NULL, 1, NULL, 0),
(844, 0, 1, 54, 1, NULL, NULL, 1, NULL, 0),
(845, 0, 16, 54, NULL, NULL, 1, 1, NULL, 0),
(846, 3, 262, 54, NULL, NULL, NULL, 0, NULL, 1),
(847, 1, 25, 54, NULL, NULL, NULL, 1, NULL, 0),
(848, 0, 670, 54, NULL, NULL, NULL, 0, NULL, 1),
(849, 0, 409, 54, NULL, NULL, NULL, 0, NULL, 1),
(850, 0, 673, 54, NULL, NULL, NULL, 0, NULL, 1),
(851, 0, 265, 54, NULL, NULL, NULL, 0, NULL, 1),
(852, 0, 510, 54, NULL, NULL, NULL, 0, NULL, 1),
(853, 1, 568, 54, NULL, NULL, NULL, 1, NULL, 0),
(854, 0, 141, 54, NULL, NULL, NULL, 0, NULL, 1),
(855, 0, 468, 55, NULL, NULL, 1, 1, NULL, 0),
(856, 0, 3, 55, NULL, NULL, NULL, 1, NULL, 0),
(857, 0, 92, 55, NULL, NULL, NULL, 1, NULL, 0),
(858, 0, 26, 55, NULL, NULL, NULL, 1, NULL, 0),
(859, 0, 224, 55, NULL, NULL, NULL, 1, NULL, 0),
(860, 0, 226, 55, NULL, NULL, NULL, 1, NULL, 0),
(861, 0, 1, 55, NULL, 1, NULL, 1, NULL, 0),
(862, 0, 14, 55, 1, NULL, NULL, 1, NULL, 0),
(863, 0, 314, 55, NULL, NULL, NULL, 1, NULL, 0),
(864, 0, 568, 55, NULL, NULL, NULL, 1, NULL, 0),
(865, 0, 262, 55, NULL, NULL, NULL, 1, NULL, 0),
(866, 0, 119, 55, NULL, NULL, NULL, 0, NULL, 1),
(867, 0, 578, 55, NULL, NULL, NULL, 0, NULL, 1),
(868, 0, 473, 55, NULL, NULL, NULL, 0, NULL, 1),
(869, 0, 418, 55, NULL, NULL, NULL, 0, NULL, 1),
(870, 0, 549, 55, NULL, NULL, NULL, 0, NULL, 1),
(871, 0, 53, 55, NULL, NULL, NULL, 0, NULL, 1),
(872, 0, 368, 55, NULL, NULL, NULL, 0, NULL, 1),
(873, 0, 87, 56, NULL, NULL, NULL, 1, NULL, 0),
(874, 0, 90, 56, NULL, NULL, NULL, 1, NULL, 0),
(875, 0, 444, 56, NULL, NULL, NULL, 1, NULL, 0),
(876, 0, 59, 56, NULL, NULL, NULL, 1, NULL, 0),
(877, 0, 17, 56, NULL, NULL, NULL, 1, NULL, 0),
(878, 0, 265, 56, NULL, NULL, NULL, 1, NULL, 0),
(879, 0, 15, 56, 1, NULL, NULL, 1, NULL, 0),
(880, 0, 314, 56, NULL, NULL, NULL, 1, NULL, 0),
(881, 0, 6, 56, NULL, NULL, 1, 1, NULL, 0),
(882, 0, 9, 56, NULL, 1, NULL, 1, NULL, 0),
(883, 0, 568, 56, NULL, NULL, NULL, 1, NULL, 0),
(884, 0, 670, 56, NULL, NULL, NULL, 0, NULL, 1),
(885, 0, 637, 56, NULL, NULL, NULL, 0, NULL, 1),
(886, 0, 671, 56, NULL, NULL, NULL, 0, NULL, 1),
(887, 0, 64, 56, NULL, NULL, NULL, 0, NULL, 1),
(888, 0, 131, 56, NULL, NULL, NULL, 0, NULL, 1),
(889, 0, 262, 56, NULL, NULL, NULL, 0, NULL, 1),
(890, 0, 243, 56, NULL, NULL, NULL, 0, NULL, 1),
(891, 0, 119, 57, NULL, NULL, NULL, 1, NULL, 0),
(892, 0, 470, 57, NULL, NULL, NULL, 1, NULL, 0),
(893, 0, 435, 57, NULL, NULL, NULL, 1, NULL, 0),
(894, 0, 446, 57, NULL, NULL, NULL, 1, NULL, 0),
(895, 0, 13, 57, NULL, NULL, 1, 1, NULL, 0),
(896, 0, 1, 57, 1, NULL, NULL, 1, NULL, 0),
(897, 0, 438, 57, NULL, NULL, NULL, 1, NULL, 0),
(898, 0, 666, 57, NULL, NULL, NULL, 1, NULL, 0),
(899, 0, 23, 57, NULL, NULL, NULL, 1, NULL, 0),
(900, 0, 18, 57, NULL, 1, NULL, 1, NULL, 0),
(901, 0, 422, 57, NULL, NULL, NULL, 1, NULL, 0),
(902, 0, 136, 57, NULL, NULL, NULL, 0, NULL, 1),
(903, 0, 155, 57, NULL, NULL, NULL, 0, NULL, 1),
(904, 0, 473, 57, NULL, NULL, NULL, 0, NULL, 1),
(905, 0, 123, 57, NULL, NULL, NULL, 0, NULL, 1),
(906, 0, 265, 57, NULL, NULL, NULL, 0, NULL, 1),
(907, 0, 568, 57, NULL, NULL, NULL, 0, NULL, 1),
(908, 0, 262, 57, NULL, NULL, NULL, 0, NULL, 1),
(909, 0, 300, 58, NULL, NULL, NULL, 1, NULL, 0),
(910, 0, 99, 58, NULL, NULL, NULL, 1, NULL, 0),
(911, 0, 540, 58, NULL, NULL, NULL, 1, NULL, 0),
(912, 0, 571, 58, NULL, NULL, NULL, 1, NULL, 0),
(913, 0, 26, 58, NULL, NULL, NULL, 1, NULL, 0),
(914, 0, 94, 58, NULL, NULL, NULL, 1, NULL, 0),
(915, 0, 539, 58, NULL, NULL, NULL, 1, NULL, 0),
(916, 0, 6, 58, NULL, NULL, 1, 1, NULL, 0),
(917, 0, 20, 58, NULL, 1, NULL, 1, NULL, 0),
(918, 0, 9, 58, 1, NULL, NULL, 1, NULL, 0),
(919, 0, 305, 58, NULL, NULL, NULL, 1, NULL, 0),
(920, 0, 322, 58, NULL, NULL, NULL, 0, NULL, 1),
(921, 0, 210, 58, NULL, NULL, NULL, 0, NULL, 1),
(922, 0, 473, 58, NULL, NULL, NULL, 0, NULL, 1),
(923, 0, 480, 58, NULL, NULL, NULL, 0, NULL, 1),
(924, 0, 570, 58, NULL, NULL, NULL, 0, NULL, 1),
(925, 0, 568, 58, NULL, NULL, NULL, 0, NULL, 1),
(926, 0, 368, 58, NULL, NULL, NULL, 0, NULL, 1),
(927, 2, 54, 59, NULL, NULL, NULL, 1, NULL, 0),
(928, 0, 583, 59, NULL, NULL, NULL, 1, NULL, 0),
(929, 0, 444, 59, NULL, NULL, NULL, 1, NULL, 0),
(930, 0, 571, 59, NULL, NULL, NULL, 1, NULL, 0),
(931, 0, 99, 59, NULL, NULL, NULL, 1, NULL, 0),
(932, 0, 17, 59, NULL, NULL, NULL, 1, NULL, 0),
(933, 1, 265, 59, NULL, NULL, NULL, 0, NULL, 1),
(934, 0, 52, 59, NULL, NULL, NULL, 1, NULL, 0),
(935, 0, 1, 59, NULL, 1, NULL, 1, NULL, 0),
(936, 0, 13, 59, 1, NULL, NULL, 1, NULL, 0),
(937, 0, 16, 59, NULL, NULL, 1, 1, NULL, 0),
(938, 2, 612, 59, NULL, NULL, NULL, 0, NULL, 1),
(939, 0, 373, 59, NULL, NULL, NULL, 0, NULL, 1),
(940, 0, 673, 59, NULL, NULL, NULL, 0, NULL, 1),
(941, 0, 123, 59, NULL, NULL, NULL, 0, NULL, 1),
(942, 1, 481, 59, NULL, NULL, NULL, 1, NULL, 0),
(943, 0, 568, 59, NULL, NULL, NULL, 0, NULL, 1),
(944, 0, 620, 59, NULL, NULL, NULL, 0, NULL, 1),
(945, 0, 225, 60, NULL, NULL, NULL, 1, NULL, 0),
(946, 0, 227, 60, NULL, NULL, NULL, 1, NULL, 0),
(947, 0, 672, 60, NULL, NULL, NULL, 1, NULL, 0),
(948, 0, 93, 60, NULL, NULL, NULL, 1, NULL, 0),
(949, 0, 1, 60, NULL, NULL, NULL, 1, NULL, 0),
(950, 0, 13, 60, NULL, NULL, NULL, 1, NULL, 0),
(951, 0, 23, 60, NULL, NULL, NULL, 1, NULL, 0),
(952, 0, 21, 60, NULL, NULL, 1, 1, NULL, 0),
(953, 1, 503, 60, NULL, 1, NULL, 0, NULL, 1),
(954, 0, 262, 60, 1, NULL, NULL, 1, NULL, 0),
(955, 0, 367, 60, NULL, NULL, NULL, 1, NULL, 0),
(956, 0, 238, 60, NULL, NULL, NULL, 0, NULL, 1),
(957, 0, 409, 60, NULL, NULL, NULL, 0, NULL, 1),
(958, 0, 469, 60, NULL, NULL, NULL, 0, NULL, 1),
(959, 0, 666, 60, NULL, NULL, NULL, 0, NULL, 1),
(960, 0, 573, 60, NULL, NULL, NULL, 0, NULL, 1),
(961, 3, 318, 60, NULL, NULL, NULL, 1, NULL, 0),
(962, 2, 424, 60, NULL, NULL, NULL, 0, NULL, 1),
(963, 0, 119, 61, NULL, NULL, NULL, 1, NULL, 0),
(964, 0, 446, 61, NULL, NULL, NULL, 1, NULL, 0),
(965, 0, 334, 61, NULL, NULL, NULL, 1, NULL, 0),
(966, 0, 237, 61, NULL, NULL, NULL, 1, NULL, 0),
(967, 0, 539, 61, NULL, NULL, NULL, 1, NULL, 0),
(968, 0, 15, 61, NULL, 1, NULL, 1, NULL, 0),
(969, 0, 481, 61, NULL, NULL, NULL, 1, NULL, 0),
(970, 0, 20, 61, 1, NULL, NULL, 1, NULL, 0),
(971, 0, 1, 61, NULL, NULL, 1, 1, NULL, 0),
(972, 0, 568, 61, NULL, NULL, NULL, 1, NULL, 0),
(973, 0, 262, 61, NULL, NULL, NULL, 1, NULL, 0),
(974, 0, 670, 61, NULL, NULL, NULL, 0, NULL, 1),
(975, 0, 638, 61, NULL, NULL, NULL, 0, NULL, 1),
(976, 0, 128, 61, NULL, NULL, NULL, 0, NULL, 1),
(977, 0, 314, 61, NULL, NULL, NULL, 0, NULL, 1),
(978, 0, 667, 61, NULL, NULL, NULL, 0, NULL, 1),
(979, 0, 503, 61, NULL, NULL, NULL, 0, NULL, 1),
(980, 0, 569, 61, NULL, NULL, NULL, 0, NULL, 1),
(981, 0, 119, 62, NULL, NULL, NULL, 1, NULL, 0),
(982, 0, 470, 62, NULL, NULL, NULL, 1, NULL, 0),
(983, 0, 227, 62, NULL, NULL, NULL, 1, NULL, 0),
(984, 0, 129, 62, NULL, NULL, NULL, 1, NULL, 0),
(985, 0, 334, 62, NULL, NULL, NULL, 1, NULL, 0),
(986, 0, 23, 62, NULL, NULL, 1, 1, NULL, 0),
(987, 0, 224, 62, NULL, NULL, NULL, 1, NULL, 0),
(988, 0, 123, 62, NULL, 1, NULL, 1, NULL, 0),
(989, 0, 584, 62, NULL, NULL, NULL, 1, NULL, 0),
(990, 0, 570, 62, NULL, NULL, NULL, 1, NULL, 0),
(991, 0, 568, 62, 1, NULL, NULL, 1, NULL, 0),
(992, 0, 670, 62, NULL, NULL, NULL, 0, NULL, 1),
(993, 0, 210, 62, NULL, NULL, NULL, 0, NULL, 1),
(994, 0, 409, 62, NULL, NULL, NULL, 0, NULL, 1),
(995, 0, 27, 62, NULL, NULL, NULL, 0, NULL, 1),
(996, 0, 510, 62, NULL, NULL, NULL, 0, NULL, 1),
(997, 0, 262, 62, NULL, NULL, NULL, 0, NULL, 1),
(998, 0, 368, 62, NULL, NULL, NULL, 0, NULL, 1),
(999, 0, 450, 63, NULL, NULL, NULL, 1, NULL, 0),
(1000, 0, 210, 63, NULL, NULL, NULL, 1, NULL, 0),
(1001, 0, 671, 63, NULL, NULL, NULL, 1, NULL, 0),
(1002, 0, 129, 63, NULL, NULL, NULL, 1, NULL, 0),
(1003, 0, 17, 63, NULL, NULL, NULL, 1, NULL, 0),
(1004, 0, 23, 63, NULL, 1, NULL, 1, NULL, 0),
(1005, 0, 584, 63, NULL, NULL, NULL, 1, NULL, 0),
(1006, 0, 226, 63, NULL, NULL, 1, 1, NULL, 0),
(1007, 1, 503, 63, NULL, NULL, NULL, 0, NULL, 1),
(1008, 0, 568, 63, 1, NULL, NULL, 1, NULL, 0),
(1009, 0, 569, 63, NULL, NULL, NULL, 1, NULL, 0),
(1010, 0, 501, 63, NULL, NULL, NULL, 0, NULL, 1),
(1011, 0, 473, 63, NULL, NULL, NULL, 0, NULL, 1),
(1012, 0, 273, 63, NULL, NULL, NULL, 0, NULL, 1),
(1013, 0, 208, 63, NULL, NULL, NULL, 0, NULL, 1),
(1014, 0, 265, 63, NULL, NULL, NULL, 0, NULL, 1),
(1015, 1, 665, 63, NULL, NULL, NULL, 1, NULL, 0),
(1016, 0, 633, 63, NULL, NULL, NULL, 0, NULL, 1),
(1017, 0, 450, 64, NULL, NULL, NULL, 1, NULL, 0),
(1018, 0, 444, 64, NULL, 1, NULL, 1, NULL, 0),
(1019, 0, 26, 64, NULL, NULL, NULL, 1, NULL, 0),
(1020, 0, 129, 64, NULL, NULL, NULL, 1, NULL, 0),
(1021, 0, 334, 64, NULL, NULL, NULL, 1, NULL, 0),
(1022, 0, 314, 64, NULL, NULL, NULL, 1, NULL, 0),
(1023, 0, 545, 64, NULL, NULL, NULL, 1, NULL, 0),
(1024, 0, 17, 64, 1, NULL, NULL, 1, NULL, 0),
(1025, 0, 229, 64, NULL, NULL, NULL, 1, NULL, 0),
(1026, 0, 305, 64, NULL, NULL, 1, 1, NULL, 0),
(1027, 0, 568, 64, NULL, NULL, NULL, 1, NULL, 0),
(1028, 0, 670, 64, NULL, NULL, NULL, 0, NULL, 1),
(1029, 0, 227, 64, NULL, NULL, NULL, 0, NULL, 1),
(1030, 0, 338, 64, NULL, NULL, NULL, 0, NULL, 1),
(1031, 0, 134, 64, NULL, NULL, NULL, 0, NULL, 1),
(1032, 0, 27, 64, NULL, NULL, NULL, 0, NULL, 1),
(1033, 0, 349, 64, NULL, NULL, NULL, 0, NULL, 1),
(1034, 0, 141, 64, NULL, NULL, NULL, 0, NULL, 1),
(1035, 0, 450, 65, NULL, 1, NULL, 1, NULL, 0),
(1036, 0, 227, 65, NULL, NULL, NULL, 1, NULL, 0),
(1037, 0, 307, 65, NULL, NULL, NULL, 1, NULL, 0),
(1038, 0, 446, 65, NULL, NULL, NULL, 1, NULL, 0),
(1039, 0, 409, 65, NULL, NULL, NULL, 1, NULL, 0),
(1040, 0, 17, 65, 1, NULL, NULL, 1, NULL, 0),
(1041, 0, 23, 65, NULL, NULL, NULL, 1, NULL, 0),
(1042, 0, 666, 65, NULL, NULL, 1, 1, NULL, 0),
(1043, 0, 52, 65, NULL, NULL, NULL, 1, NULL, 0),
(1044, 0, 27, 65, NULL, NULL, NULL, 1, NULL, 0),
(1045, 0, 318, 65, NULL, NULL, NULL, 1, NULL, 0),
(1046, 0, 501, 65, NULL, NULL, NULL, 0, NULL, 1),
(1047, 0, 309, 65, NULL, NULL, NULL, 0, NULL, 1),
(1048, 0, 583, 65, NULL, NULL, NULL, 0, NULL, 1),
(1049, 0, 171, 65, NULL, NULL, NULL, 0, NULL, 1),
(1050, 0, 224, 65, NULL, NULL, NULL, 0, NULL, 1),
(1051, 0, 569, 65, NULL, NULL, NULL, 0, NULL, 1),
(1052, 0, 541, 65, NULL, NULL, NULL, 0, NULL, 1),
(1053, 0, 468, 66, NULL, NULL, NULL, 1, NULL, 0),
(1054, 0, 671, 66, NULL, NULL, NULL, 1, NULL, 0),
(1055, 0, 196, 66, NULL, NULL, NULL, 1, NULL, 0),
(1056, 0, 474, 66, NULL, NULL, NULL, 1, NULL, 0),
(1057, 0, 440, 66, NULL, NULL, NULL, 1, NULL, 0),
(1058, 0, 447, 66, NULL, NULL, NULL, 1, NULL, 0),
(1059, 0, 666, 66, 1, NULL, NULL, 1, NULL, 0),
(1060, 0, 584, 66, NULL, NULL, NULL, 1, NULL, 0),
(1061, 0, 314, 66, NULL, NULL, 1, 1, NULL, 0),
(1062, 0, 481, 66, NULL, NULL, NULL, 1, NULL, 0),
(1063, 0, 568, 66, NULL, 1, NULL, 1, NULL, 0),
(1064, 0, 612, 66, NULL, NULL, NULL, 0, NULL, 1),
(1065, 0, 583, 66, NULL, NULL, NULL, 0, NULL, 1),
(1066, 0, 638, 66, NULL, NULL, NULL, 0, NULL, 1),
(1067, 0, 624, 66, NULL, NULL, NULL, 0, NULL, 1),
(1068, 0, 667, 66, NULL, NULL, NULL, 0, NULL, 1),
(1069, 0, 367, 66, NULL, NULL, NULL, 0, NULL, 1),
(1070, 0, 503, 66, NULL, NULL, NULL, 0, NULL, 1),
(1071, 0, 468, 67, NULL, NULL, NULL, 1, NULL, 0),
(1072, 0, 26, 67, 1, NULL, NULL, 1, NULL, 0),
(1073, 0, 674, 67, NULL, NULL, NULL, 1, NULL, 0),
(1074, 0, 129, 67, NULL, NULL, NULL, 1, NULL, 0),
(1075, 0, 27, 67, NULL, NULL, 1, 1, NULL, 0),
(1076, 0, 668, 67, NULL, NULL, NULL, 1, NULL, 0),
(1077, 0, 439, 67, NULL, 1, NULL, 1, NULL, 0),
(1078, 0, 94, 67, NULL, NULL, NULL, 1, NULL, 0),
(1079, 0, 577, 67, NULL, NULL, NULL, 1, NULL, 0),
(1080, 0, 665, 67, NULL, NULL, NULL, 1, NULL, 0),
(1081, 1, 514, 67, NULL, NULL, NULL, 0, NULL, 1),
(1082, 0, 225, 67, NULL, NULL, NULL, 0, NULL, 1),
(1083, 0, 197, 67, NULL, NULL, NULL, 0, NULL, 1),
(1084, 0, 544, 67, NULL, NULL, NULL, 0, NULL, 1),
(1085, 0, 546, 67, NULL, NULL, NULL, 0, NULL, 1),
(1086, 0, 511, 67, NULL, NULL, NULL, 0, NULL, 1),
(1087, 1, 569, 67, NULL, NULL, NULL, 1, NULL, 0),
(1088, 0, 271, 67, NULL, NULL, NULL, 0, NULL, 1),
(1089, 0, 87, 68, NULL, NULL, NULL, 1, NULL, 0),
(1090, 0, 446, 68, NULL, NULL, NULL, 1, NULL, 0),
(1091, 0, 473, 68, NULL, NULL, NULL, 1, NULL, 0),
(1092, 0, 334, 68, NULL, NULL, NULL, 1, NULL, 0),
(1093, 0, 439, 68, NULL, NULL, NULL, 1, NULL, 0),
(1094, 0, 23, 68, 1, NULL, NULL, 1, NULL, 0),
(1095, 0, 224, 68, NULL, NULL, NULL, 1, NULL, 0),
(1096, 0, 404, 68, NULL, NULL, NULL, 1, NULL, 0),
(1097, 0, 568, 68, NULL, 1, NULL, 1, NULL, 0),
(1098, 0, 53, 68, NULL, NULL, NULL, 1, NULL, 0),
(1099, 0, 541, 68, NULL, NULL, 1, 1, NULL, 0),
(1100, 0, 501, 68, NULL, NULL, NULL, 0, NULL, 1),
(1101, 0, 210, 68, NULL, NULL, NULL, 0, NULL, 1),
(1102, 0, 129, 68, NULL, NULL, NULL, 0, NULL, 1),
(1103, 0, 331, 68, NULL, NULL, NULL, 0, NULL, 1),
(1104, 0, 265, 68, NULL, NULL, NULL, 0, NULL, 1),
(1105, 0, 665, 68, NULL, NULL, NULL, 0, NULL, 1),
(1106, 0, 543, 68, NULL, NULL, NULL, 0, NULL, 1),
(1107, 0, 119, 69, NULL, NULL, NULL, 1, NULL, 0),
(1108, 0, 210, 69, NULL, NULL, NULL, 1, NULL, 0),
(1109, 0, 26, 69, NULL, NULL, NULL, 1, NULL, 0),
(1110, 0, 129, 69, NULL, NULL, NULL, 1, NULL, 0),
(1111, 0, 23, 69, NULL, NULL, 1, 1, NULL, 0),
(1112, 0, 539, 69, NULL, NULL, NULL, 1, NULL, 0),
(1113, 0, 584, 69, NULL, NULL, NULL, 1, NULL, 0),
(1114, 0, 274, 69, NULL, NULL, NULL, 1, NULL, 0),
(1115, 0, 314, 69, 1, NULL, NULL, 1, NULL, 0),
(1116, 0, 568, 69, NULL, 1, NULL, 1, NULL, 0),
(1117, 0, 262, 69, NULL, NULL, NULL, 1, NULL, 0),
(1118, 0, 501, 69, NULL, NULL, NULL, 0, NULL, 1),
(1119, 0, 190, 69, NULL, NULL, NULL, 0, NULL, 1),
(1120, 0, 409, 69, NULL, NULL, NULL, 0, NULL, 1),
(1121, 0, 510, 69, NULL, NULL, NULL, 0, NULL, 1),
(1122, 0, 224, 69, NULL, NULL, NULL, 0, NULL, 1),
(1123, 0, 188, 69, NULL, NULL, NULL, 0, NULL, 1),
(1124, 0, 141, 69, NULL, NULL, NULL, 0, NULL, 1),
(1125, 0, 450, 70, 1, NULL, NULL, 1, NULL, 0),
(1126, 0, 26, 70, NULL, NULL, NULL, 1, NULL, 0),
(1127, 0, 440, 70, NULL, 1, NULL, 1, NULL, 0),
(1128, 0, 470, 70, NULL, NULL, NULL, 1, NULL, 0),
(1129, 0, 17, 70, NULL, NULL, 1, 1, NULL, 0),
(1130, 0, 266, 70, NULL, NULL, NULL, 1, NULL, 0),
(1131, 0, 226, 70, NULL, NULL, NULL, 1, NULL, 0),
(1132, 0, 584, 70, NULL, NULL, NULL, 1, NULL, 0),
(1133, 0, 367, 70, NULL, NULL, NULL, 1, NULL, 0),
(1134, 0, 569, 70, NULL, NULL, NULL, 1, NULL, 0),
(1135, 0, 262, 70, NULL, NULL, NULL, 1, NULL, 0),
(1136, 0, 211, 70, NULL, NULL, NULL, 0, NULL, 1),
(1137, 0, 679, 70, NULL, NULL, NULL, 0, NULL, 1),
(1138, 0, 502, 70, NULL, NULL, NULL, 0, NULL, 1),
(1139, 0, 374, 70, NULL, NULL, NULL, 0, NULL, 1),
(1140, 0, 52, 70, NULL, NULL, NULL, 0, NULL, 1),
(1141, 0, 620, 70, NULL, NULL, NULL, 0, NULL, 1),
(1142, 0, 120, 70, NULL, NULL, NULL, 0, NULL, 1),
(1143, 0, 54, 71, NULL, NULL, NULL, 1, NULL, 0),
(1144, 0, 129, 71, NULL, NULL, NULL, 1, NULL, 0),
(1145, 0, 227, 71, NULL, NULL, 1, 1, NULL, 0),
(1146, 0, 26, 71, NULL, NULL, NULL, 1, NULL, 0),
(1147, 0, 537, 71, NULL, NULL, NULL, 1, NULL, 0),
(1148, 0, 52, 71, NULL, NULL, NULL, 1, NULL, 0),
(1149, 0, 123, 71, NULL, NULL, NULL, 1, NULL, 0),
(1150, 1, 314, 71, 1, NULL, NULL, 0, NULL, 1),
(1151, 0, 439, 71, NULL, NULL, NULL, 1, NULL, 0),
(1152, 0, 568, 71, NULL, 1, NULL, 1, NULL, 0),
(1153, 0, 262, 71, NULL, NULL, NULL, 1, NULL, 0),
(1154, 0, 81, 71, NULL, NULL, NULL, 0, NULL, 1),
(1155, 0, 553, 71, NULL, NULL, NULL, 0, NULL, 1),
(1156, 0, 409, 71, NULL, NULL, NULL, 0, NULL, 1),
(1157, 1, 539, 71, NULL, NULL, NULL, 1, NULL, 0),
(1158, 0, 270, 71, NULL, NULL, NULL, 0, NULL, 1),
(1159, 0, 569, 71, NULL, NULL, NULL, 0, NULL, 1),
(1160, 0, 386, 71, NULL, NULL, NULL, 0, NULL, 1);

-- --------------------------------------------------------

-- 
-- Estructura de tabla para la tabla `playerteamweek`
-- 

DROP TABLE IF EXISTS `playerteamweek`;
CREATE TABLE IF NOT EXISTS `playerteamweek` (
  `id` bigint(20) NOT NULL auto_increment,
  `version` bigint(20) NOT NULL default '0',
  `playerteam` bigint(20) NOT NULL,
  `week` bigint(20) NOT NULL,
  `plays` tinyint(1) default NULL,
  `points` double default NULL,
  PRIMARY KEY  (`id`),
  UNIQUE KEY `UK_PlayerTeamWeek_playerteam_week` (`playerteam`,`week`),
  KEY `FK_PlayerTeamWeek_playerteam` (`playerteam`),
  KEY `FK_PlayerTeamWeek_week` (`week`)
) ENGINE=InnoDB DEFAULT CHARSET=latin1 AUTO_INCREMENT=26545 ;

-- 
-- Volcar la base de datos para la tabla `playerteamweek`
-- 

INSERT INTO `playerteamweek` (`id`, `version`, `playerteam`, `week`, `plays`, `points`) VALUES (21505, 0, 801, 14, 1, 22),
(21506, 0, 802, 14, 0, NULL),
(21507, 0, 803, 14, 1, 6),
(21508, 0, 804, 14, 1, 4),
(21509, 0, 805, 14, 1, 6),
(21510, 0, 806, 14, 1, 14),
(21511, 0, 807, 14, 1, 6),
(21512, 0, 808, 14, 0, NULL),
(21513, 0, 809, 14, 1, 5),
(21514, 0, 810, 14, 1, 5),
(21515, 0, 811, 14, 1, 4),
(21516, 0, 812, 14, 0, 3),
(21517, 0, 813, 14, 1, 6.5),
(21518, 0, 814, 14, 0, NULL),
(21519, 0, 815, 14, 0, NULL),
(21520, 0, 816, 14, 0, NULL),
(21521, 0, 817, 14, 0, NULL),
(21522, 0, 818, 14, 1, 6),
(21523, 0, 819, 14, 1, 18),
(21524, 0, 820, 14, 1, 6.5),
(21525, 0, 821, 14, 0, NULL),
(21526, 0, 822, 14, 1, 4),
(21527, 0, 823, 14, 0, NULL),
(21528, 0, 824, 14, 1, 6),
(21529, 0, 825, 14, 0, NULL),
(21530, 0, 826, 14, 1, 5),
(21531, 0, 827, 14, 1, 5),
(21532, 0, 828, 14, 1, 17),
(21533, 0, 829, 14, 0, 5.5),
(21534, 0, 830, 14, 0, 8),
(21535, 0, 831, 14, 1, 4.5),
(21536, 0, 832, 14, 0, NULL),
(21537, 0, 833, 14, 1, 3),
(21538, 0, 834, 14, 1, 4),
(21539, 0, 835, 14, 0, 6),
(21540, 0, 836, 14, 1, 7),
(21541, 0, 837, 14, 1, 9),
(21542, 0, 838, 14, 1, 6),
(21543, 0, 839, 14, 0, NULL),
(21544, 0, 840, 14, 1, 6),
(21545, 0, 841, 14, 1, 5.5),
(21546, 0, 842, 14, 1, 10),
(21547, 0, 843, 14, 0, NULL),
(21548, 0, 844, 14, 1, 10),
(21549, 0, 845, 14, 1, 4),
(21550, 0, 846, 14, 0, 4),
(21551, 0, 847, 14, 1, 3),
(21552, 0, 848, 14, 0, 3),
(21553, 0, 849, 14, 1, 5),
(21554, 0, 850, 14, 0, NULL),
(21555, 0, 851, 14, 1, 4.5),
(21556, 0, 852, 14, 0, NULL),
(21557, 0, 853, 14, 1, 17),
(21558, 0, 854, 14, 0, 6),
(21559, 0, 855, 14, 1, 8),
(21560, 0, 856, 14, 1, 3),
(21561, 0, 857, 14, 0, NULL),
(21562, 0, 858, 14, 1, 4),
(21563, 0, 859, 14, 1, 5),
(21564, 0, 860, 14, 1, 4.5),
(21565, 0, 861, 14, 1, 5),
(21566, 0, 862, 14, 1, 10),
(21567, 0, 863, 14, 0, NULL),
(21568, 0, 864, 14, 1, 17),
(21569, 0, 865, 14, 1, 4),
(21570, 0, 866, 14, 0, 8.5),
(21571, 0, 867, 14, 1, 7),
(21572, 0, 868, 14, 0, 5),
(21573, 0, 869, 14, 1, 7.5),
(21574, 0, 870, 14, 0, 7),
(21575, 0, 871, 14, 0, 5.5),
(21576, 0, 872, 14, 0, 6),
(21577, 0, 873, 14, 1, 1),
(21578, 0, 874, 14, 1, 3),
(21579, 0, 875, 14, 1, 5),
(21580, 0, 876, 14, 0, NULL),
(21581, 0, 877, 14, 1, 6),
(21582, 0, 878, 14, 1, 4.5),
(21583, 0, 879, 14, 1, 14),
(21584, 0, 880, 14, 0, NULL),
(21585, 0, 881, 14, 0, NULL),
(21586, 0, 882, 14, 0, NULL),
(21587, 0, 883, 14, 1, 17),
(21588, 0, 884, 14, 0, 3),
(21589, 0, 885, 14, 0, NULL),
(21590, 0, 886, 14, 1, 5),
(21591, 0, 887, 14, 0, NULL),
(21592, 0, 888, 14, 1, 5.5),
(21593, 0, 889, 14, 1, 4),
(21594, 0, 890, 14, 0, NULL),
(21595, 0, 891, 14, 1, 8.5),
(21596, 0, 892, 14, 1, 6.5),
(21597, 0, 893, 14, 0, NULL),
(21598, 0, 894, 14, 1, 6),
(21599, 0, 895, 14, 0, NULL),
(21600, 0, 896, 14, 1, 10),
(21601, 0, 897, 14, 0, NULL),
(21602, 0, 898, 14, 0, NULL),
(21603, 0, 899, 14, 1, 3),
(21604, 0, 900, 14, 1, 20),
(21605, 0, 901, 14, 1, 5.5),
(21606, 0, 902, 14, 0, NULL),
(21607, 0, 903, 14, 1, 5),
(21608, 0, 904, 14, 1, 5),
(21609, 0, 905, 14, 1, 5.5),
(21610, 0, 906, 14, 1, 4.5),
(21611, 0, 907, 14, 0, 17),
(21612, 0, 908, 14, 0, 4),
(21613, 0, 909, 14, 0, NULL),
(21614, 0, 910, 14, 0, NULL),
(21615, 0, 911, 14, 0, NULL),
(21616, 0, 912, 14, 1, 7),
(21617, 0, 913, 14, 1, 4),
(21618, 0, 914, 14, 0, NULL),
(21619, 0, 915, 14, 1, 9.5),
(21620, 0, 916, 14, 0, NULL),
(21621, 0, 917, 14, 0, NULL),
(21622, 0, 918, 14, 0, NULL),
(21623, 0, 919, 14, 1, 7),
(21624, 0, 920, 14, 1, 9),
(21625, 0, 921, 14, 1, 6.5),
(21626, 0, 922, 14, 1, 5),
(21627, 0, 923, 14, 1, 4),
(21628, 0, 924, 14, 1, 6),
(21629, 0, 925, 14, 1, 17),
(21630, 0, 926, 14, 1, 6),
(21631, 0, 927, 14, 1, 7.5),
(21632, 0, 928, 14, 1, 4),
(21633, 0, 929, 14, 1, 5),
(21634, 0, 930, 14, 1, 7),
(21635, 0, 931, 14, 0, NULL),
(21636, 0, 932, 14, 1, 6),
(21637, 0, 933, 14, 0, 4.5),
(21638, 0, 934, 14, 1, 9.5),
(21639, 0, 935, 14, 1, 10),
(21640, 0, 936, 14, 0, NULL),
(21641, 0, 937, 14, 1, 4),
(21642, 0, 938, 14, 0, 2),
(21643, 0, 939, 14, 1, 4),
(21644, 0, 940, 14, 0, NULL),
(21645, 0, 941, 14, 1, 5.5),
(21646, 0, 942, 14, 1, 6.5),
(21647, 0, 943, 14, 0, 17),
(21648, 0, 944, 14, 0, 6),
(21649, 0, 945, 14, 1, 22),
(21650, 0, 946, 14, 0, NULL),
(21651, 0, 947, 14, 0, NULL),
(21652, 0, 948, 14, 0, NULL),
(21653, 0, 949, 14, 1, 5),
(21654, 0, 950, 14, 0, NULL),
(21655, 0, 951, 14, 1, 3),
(21656, 0, 952, 14, 0, NULL),
(21657, 0, 953, 14, 0, NULL),
(21658, 0, 954, 14, 1, 8),
(21659, 0, 955, 14, 1, 5),
(21660, 0, 956, 14, 0, NULL),
(21661, 0, 957, 14, 1, 5),
(21662, 0, 958, 14, 1, 6),
(21663, 0, 959, 14, 0, NULL),
(21664, 0, 960, 14, 1, 7),
(21665, 0, 961, 14, 1, 8.5),
(21666, 0, 962, 14, 1, 7),
(21667, 0, 963, 14, 1, 8.5),
(21668, 0, 964, 14, 1, 6),
(21669, 0, 965, 14, 1, 4),
(21670, 0, 966, 14, 1, 5),
(21671, 0, 967, 14, 1, 9.5),
(21672, 0, 968, 14, 1, 14),
(21673, 0, 969, 14, 1, 6.5),
(21674, 0, 970, 14, 0, NULL),
(21675, 0, 971, 14, 1, 5),
(21676, 0, 972, 14, 1, 17),
(21677, 0, 973, 14, 1, 4),
(21678, 0, 974, 14, 0, 3),
(21679, 0, 975, 14, 0, 4),
(21680, 0, 976, 14, 0, 6),
(21681, 0, 977, 14, 0, NULL),
(21682, 0, 978, 14, 1, 3),
(21683, 0, 979, 14, 0, NULL),
(21684, 0, 980, 14, 0, NULL),
(21685, 0, 981, 14, 1, 8.5),
(21686, 0, 982, 14, 1, 6.5),
(21687, 0, 983, 14, 0, NULL),
(21688, 0, 984, 14, 1, 6),
(21689, 0, 985, 14, 1, 4),
(21690, 0, 986, 14, 1, 3),
(21691, 0, 987, 14, 1, 5),
(21692, 0, 988, 14, 1, 5.5),
(21693, 0, 989, 14, 1, 10),
(21694, 0, 990, 14, 1, 6),
(21695, 0, 991, 14, 1, 34),
(21696, 0, 992, 14, 0, 3),
(21697, 0, 993, 14, 1, 6.5),
(21698, 0, 994, 14, 0, 5),
(21699, 0, 995, 14, 0, 2),
(21700, 0, 996, 14, 0, NULL),
(21701, 0, 997, 14, 0, 4),
(21702, 0, 998, 14, 0, 6),
(21703, 0, 999, 14, 1, 5),
(21704, 0, 1000, 14, 1, 6.5),
(21705, 0, 1001, 14, 1, 5),
(21706, 0, 1002, 14, 1, 6),
(21707, 0, 1003, 14, 1, 6),
(21708, 0, 1004, 14, 1, 3),
(21709, 0, 1005, 14, 1, 10),
(21710, 0, 1006, 14, 1, 4.5),
(21711, 0, 1007, 14, 0, NULL),
(21712, 0, 1008, 14, 1, 34),
(21713, 0, 1009, 14, 0, NULL),
(21714, 0, 1010, 14, 0, NULL),
(21715, 0, 1011, 14, 0, 5),
(21716, 0, 1012, 14, 0, NULL),
(21717, 0, 1013, 14, 0, NULL),
(21718, 0, 1014, 14, 0, 4.5),
(21719, 0, 1015, 14, 1, 4),
(21720, 0, 1016, 14, 1, 6.5),
(21721, 0, 1017, 14, 1, 5),
(21722, 0, 1018, 14, 1, 5),
(21723, 0, 1019, 14, 1, 4),
(21724, 0, 1020, 14, 1, 6),
(21725, 0, 1021, 14, 1, 4),
(21726, 0, 1022, 14, 0, NULL),
(21727, 0, 1023, 14, 0, NULL),
(21728, 0, 1024, 14, 1, 12),
(21729, 0, 1025, 14, 1, 5),
(21730, 0, 1026, 14, 1, 7),
(21731, 0, 1027, 14, 1, 17),
(21732, 0, 1028, 14, 0, 3),
(21733, 0, 1029, 14, 0, NULL),
(21734, 0, 1030, 14, 0, 4),
(21735, 0, 1031, 14, 1, 6),
(21736, 0, 1032, 14, 1, 2),
(21737, 0, 1033, 14, 0, NULL),
(21738, 0, 1034, 14, 0, 6),
(21739, 0, 1035, 14, 1, 5),
(21740, 0, 1036, 14, 0, NULL),
(21741, 0, 1037, 14, 1, 6.5),
(21742, 0, 1038, 14, 1, 6),
(21743, 0, 1039, 14, 1, 5),
(21744, 0, 1040, 14, 1, 12),
(21745, 0, 1041, 14, 1, 3),
(21746, 0, 1042, 14, 0, NULL),
(21747, 0, 1043, 14, 1, 9.5),
(21748, 0, 1044, 14, 1, 2),
(21749, 0, 1045, 14, 1, 8.5),
(21750, 0, 1046, 14, 0, NULL),
(21751, 0, 1047, 14, 0, NULL),
(21752, 0, 1048, 14, 1, 4),
(21753, 0, 1049, 14, 1, 6),
(21754, 0, 1050, 14, 0, 5),
(21755, 0, 1051, 14, 0, NULL),
(21756, 0, 1052, 14, 0, NULL),
(21757, 0, 1053, 14, 1, 8),
(21758, 0, 1054, 14, 1, 5),
(21759, 0, 1055, 14, 0, NULL),
(21760, 0, 1056, 14, 1, 6),
(21761, 0, 1057, 14, 1, 4),
(21762, 0, 1058, 14, 1, 4),
(21763, 0, 1059, 14, 0, NULL),
(21764, 0, 1060, 14, 1, 10),
(21765, 0, 1061, 14, 0, NULL),
(21766, 0, 1062, 14, 1, 6.5),
(21767, 0, 1063, 14, 1, 34),
(21768, 0, 1064, 14, 0, 2),
(21769, 0, 1065, 14, 1, 4),
(21770, 0, 1066, 14, 1, 4),
(21771, 0, 1067, 14, 0, NULL),
(21772, 0, 1068, 14, 1, 3),
(21773, 0, 1069, 14, 0, 5),
(21774, 0, 1070, 14, 0, NULL),
(21775, 0, 1071, 14, 1, 8),
(21776, 0, 1072, 14, 1, 8),
(21777, 0, 1073, 14, 1, 4),
(21778, 0, 1074, 14, 1, 6),
(21779, 0, 1075, 14, 1, 2),
(21780, 0, 1076, 14, 1, 5),
(21781, 0, 1077, 14, 1, 6),
(21782, 0, 1078, 14, 0, NULL),
(21783, 0, 1079, 14, 1, 5),
(21784, 0, 1080, 14, 1, 4),
(21785, 0, 1081, 14, 0, NULL),
(21786, 0, 1082, 14, 0, 22),
(21787, 0, 1083, 14, 0, 6),
(21788, 0, 1084, 14, 0, NULL),
(21789, 0, 1085, 14, 1, 6),
(21790, 0, 1086, 14, 0, 2),
(21791, 0, 1087, 14, 0, NULL),
(21792, 0, 1088, 14, 1, 6),
(21793, 0, 1089, 14, 1, 1),
(21794, 0, 1090, 14, 1, 6),
(21795, 0, 1091, 14, 1, 5),
(21796, 0, 1092, 14, 1, 4),
(21797, 0, 1093, 14, 1, 6),
(21798, 0, 1094, 14, 1, 6),
(21799, 0, 1095, 14, 1, 5),
(21800, 0, 1096, 14, 1, 10),
(21801, 0, 1097, 14, 1, 17),
(21802, 0, 1098, 14, 1, 5.5),
(21803, 0, 1099, 14, 0, NULL),
(21804, 0, 1100, 14, 0, NULL),
(21805, 0, 1101, 14, 0, 6.5),
(21806, 0, 1102, 14, 0, 6),
(21807, 0, 1103, 14, 0, NULL),
(21808, 0, 1104, 14, 0, 4.5),
(21809, 0, 1105, 14, 1, 4),
(21810, 0, 1106, 14, 0, NULL),
(21811, 0, 1107, 14, 1, 8.5),
(21812, 0, 1108, 14, 1, 6.5),
(21813, 0, 1109, 14, 1, 4),
(21814, 0, 1110, 14, 1, 6),
(21815, 0, 1111, 14, 1, 3),
(21816, 0, 1112, 14, 1, 9.5),
(21817, 0, 1113, 14, 1, 10),
(21818, 0, 1114, 14, 0, NULL),
(21819, 0, 1115, 14, 0, NULL),
(21820, 0, 1116, 14, 1, 34),
(21821, 0, 1117, 14, 1, 4),
(21822, 0, 1118, 14, 0, NULL),
(21823, 0, 1119, 14, 0, NULL),
(21824, 0, 1120, 14, 1, 5),
(21825, 0, 1121, 14, 0, NULL),
(21826, 0, 1122, 14, 1, 5),
(21827, 0, 1123, 14, 0, 4),
(21828, 0, 1124, 14, 0, 6),
(21829, 0, 1125, 14, 1, 10),
(21830, 0, 1126, 14, 1, 4),
(21831, 0, 1127, 14, 1, 4),
(21832, 0, 1128, 14, 1, 6.5),
(21833, 0, 1129, 14, 1, 6),
(21834, 0, 1130, 14, 1, 4),
(21835, 0, 1131, 14, 1, 4.5),
(21836, 0, 1132, 14, 1, 10),
(21837, 0, 1133, 14, 1, 5),
(21838, 0, 1134, 14, 0, NULL),
(21839, 0, 1135, 14, 1, 4),
(21840, 0, 1136, 14, 0, 10),
(21841, 0, 1137, 14, 0, 4.5),
(21842, 0, 1138, 14, 0, 6),
(21843, 0, 1139, 14, 0, NULL),
(21844, 0, 1140, 14, 0, 9.5),
(21845, 0, 1141, 14, 1, 6),
(21846, 0, 1142, 14, 0, 4.5),
(21847, 0, 1143, 14, 1, 7.5),
(21848, 0, 1144, 14, 1, 6),
(21849, 0, 1145, 14, 0, NULL),
(21850, 0, 1146, 14, 1, 4),
(21851, 0, 1147, 14, 1, 5),
(21852, 0, 1148, 14, 1, 9.5),
(21853, 0, 1149, 14, 1, 5.5),
(21854, 0, 1150, 14, 0, NULL),
(21855, 0, 1151, 14, 1, 6),
(21856, 0, 1152, 14, 1, 34),
(21857, 0, 1153, 14, 1, 4),
(21858, 0, 1154, 14, 0, NULL),
(21859, 0, 1155, 14, 0, NULL),
(21860, 0, 1156, 14, 1, 5),
(21861, 0, 1157, 14, 1, 9.5),
(21862, 0, 1158, 14, 0, NULL),
(21863, 0, 1159, 14, 0, NULL),
(21864, 0, 1160, 14, 0, 6),
(21865, 0, 801, 13, 1, 5),
(21866, 0, 802, 13, 1, 6),
(21867, 0, 803, 13, 1, 6),
(21868, 0, 804, 13, 1, 0.5),
(21869, 0, 805, 13, 1, 6),
(21870, 0, 806, 13, 1, 17),
(21871, 0, 807, 13, 0, NULL),
(21872, 0, 808, 13, 0, NULL),
(21873, 0, 809, 13, 0, NULL),
(21874, 0, 810, 13, 1, 6.5),
(21875, 0, 811, 13, 1, 19),
(21876, 0, 812, 13, 0, 5),
(21877, 0, 813, 13, 1, 7),
(21878, 0, 814, 13, 1, 4),
(21879, 0, 815, 13, 0, NULL),
(21880, 0, 816, 13, 1, 5),
(21881, 0, 817, 13, 0, 18),
(21882, 0, 818, 13, 0, 22),
(21883, 0, 819, 13, 1, 20),
(21884, 0, 820, 13, 1, 5),
(21885, 0, 821, 13, 1, 6),
(21886, 0, 822, 13, 0, NULL),
(21887, 0, 823, 13, 0, NULL),
(21888, 0, 824, 13, 1, 4),
(21889, 0, 825, 13, 0, NULL),
(21890, 0, 826, 13, 0, NULL),
(21891, 0, 827, 13, 1, 8),
(21892, 0, 828, 13, 1, 5.5),
(21893, 0, 829, 13, 1, 6),
(21894, 0, 830, 13, 0, 8),
(21895, 0, 831, 13, 1, 5),
(21896, 0, 832, 13, 0, NULL),
(21897, 0, 833, 13, 0, NULL),
(21898, 0, 834, 13, 1, 5),
(21899, 0, 835, 13, 1, 5),
(21900, 0, 836, 13, 1, 3.5),
(21901, 0, 837, 13, 1, 10),
(21902, 0, 838, 13, 1, 6),
(21903, 0, 839, 13, 1, 6),
(21904, 0, 840, 13, 1, 6),
(21905, 0, 841, 13, 1, 6),
(21906, 0, 842, 13, 1, 4),
(21907, 0, 843, 13, 1, 7),
(21908, 0, 844, 13, 0, NULL),
(21909, 0, 845, 13, 1, 19),
(21910, 0, 846, 13, 0, 3),
(21911, 0, 847, 13, 1, 5),
(21912, 0, 848, 13, 0, 5),
(21913, 0, 849, 13, 0, 4),
(21914, 0, 850, 13, 0, NULL),
(21915, 0, 851, 13, 1, 5),
(21916, 0, 852, 13, 0, NULL),
(21917, 0, 853, 13, 1, 5.5),
(21918, 0, 854, 13, 0, 5),
(21919, 0, 855, 13, 1, 8),
(21920, 0, 856, 13, 0, NULL),
(21921, 0, 857, 13, 0, NULL),
(21922, 0, 858, 13, 0, NULL),
(21923, 0, 859, 13, 1, 8),
(21924, 0, 860, 13, 1, 5),
(21925, 0, 861, 13, 0, NULL),
(21926, 0, 862, 13, 1, 13),
(21927, 0, 863, 13, 1, 6),
(21928, 0, 864, 13, 1, 5.5),
(21929, 0, 865, 13, 1, 3),
(21930, 0, 866, 13, 0, 15),
(21931, 0, 867, 13, 1, 5),
(21932, 0, 868, 13, 0, NULL),
(21933, 0, 869, 13, 1, 5.5),
(21934, 0, 870, 13, 1, 6.5),
(21935, 0, 871, 13, 1, 6),
(21936, 0, 872, 13, 0, 5),
(21937, 0, 873, 13, 1, 3),
(21938, 0, 874, 13, 1, 2.5),
(21939, 0, 875, 13, 1, 11.5),
(21940, 0, 876, 13, 0, NULL),
(21941, 0, 877, 13, 0, NULL),
(21942, 0, 878, 13, 1, 5),
(21943, 0, 879, 13, 1, 17),
(21944, 0, 880, 13, 1, 6),
(21945, 0, 881, 13, 0, NULL),
(21946, 0, 882, 13, 0, NULL),
(21947, 0, 883, 13, 1, 5.5),
(21948, 0, 884, 13, 0, 5),
(21949, 0, 885, 13, 0, NULL),
(21950, 0, 886, 13, 1, 5),
(21951, 0, 887, 13, 1, 4),
(21952, 0, 888, 13, 1, 4),
(21953, 0, 889, 13, 1, 3),
(21954, 0, 890, 13, 0, NULL),
(21955, 0, 891, 13, 1, 15),
(21956, 0, 892, 13, 1, 5),
(21957, 0, 893, 13, 0, NULL),
(21958, 0, 894, 13, 1, 6),
(21959, 0, 895, 13, 1, 3.5),
(21960, 0, 896, 13, 0, NULL),
(21961, 0, 897, 13, 0, NULL),
(21962, 0, 898, 13, 1, 6),
(21963, 0, 899, 13, 0, NULL),
(21964, 0, 900, 13, 1, 10),
(21965, 0, 901, 13, 0, NULL),
(21966, 0, 902, 13, 0, NULL),
(21967, 0, 903, 13, 1, 4.5),
(21968, 0, 904, 13, 0, NULL),
(21969, 0, 905, 13, 1, 6),
(21970, 0, 906, 13, 1, 5),
(21971, 0, 907, 13, 1, 5.5),
(21972, 0, 908, 13, 1, 3),
(21973, 0, 909, 13, 0, NULL),
(21974, 0, 910, 13, 1, 5.5),
(21975, 0, 911, 13, 1, 6),
(21976, 0, 912, 13, 1, 7),
(21977, 0, 913, 13, 0, NULL),
(21978, 0, 914, 13, 1, 6),
(21979, 0, 915, 13, 1, 5.5),
(21980, 0, 916, 13, 0, NULL),
(21981, 0, 917, 13, 0, NULL),
(21982, 0, 918, 13, 0, NULL),
(21983, 0, 919, 13, 1, 3.5),
(21984, 0, 920, 13, 1, 8),
(21985, 0, 921, 13, 1, 7),
(21986, 0, 922, 13, 0, NULL),
(21987, 0, 923, 13, 1, 5),
(21988, 0, 924, 13, 1, 7),
(21989, 0, 925, 13, 1, 5.5),
(21990, 0, 926, 13, 0, 5),
(21991, 0, 927, 13, 1, 1),
(21992, 0, 928, 13, 1, 6),
(21993, 0, 929, 13, 1, 11.5),
(21994, 0, 930, 13, 1, 7),
(21995, 0, 931, 13, 1, 5.5),
(21996, 0, 932, 13, 0, NULL),
(21997, 0, 933, 13, 1, 5),
(21998, 0, 934, 13, 0, NULL),
(21999, 0, 935, 13, 0, NULL),
(22000, 0, 936, 13, 1, 7),
(22001, 0, 937, 13, 1, 19),
(22002, 0, 938, 13, 0, 4),
(22003, 0, 939, 13, 1, 3.5),
(22004, 0, 940, 13, 0, NULL),
(22005, 0, 941, 13, 1, 6),
(22006, 0, 942, 13, 1, 5.5),
(22007, 0, 943, 13, 0, 5.5),
(22008, 0, 944, 13, 0, 22),
(22009, 0, 945, 13, 1, 5),
(22010, 0, 946, 13, 1, 6),
(22011, 0, 947, 13, 1, 4),
(22012, 0, 948, 13, 0, NULL),
(22013, 0, 949, 13, 0, NULL),
(22014, 0, 950, 13, 1, 3.5),
(22015, 0, 951, 13, 0, NULL),
(22016, 0, 952, 13, 0, NULL),
(22017, 0, 953, 13, 0, NULL),
(22018, 0, 954, 13, 1, 6),
(22019, 0, 955, 13, 1, 10),
(22020, 0, 956, 13, 0, NULL),
(22021, 0, 957, 13, 1, 4),
(22022, 0, 958, 13, 1, 6),
(22023, 0, 959, 13, 1, 6),
(22024, 0, 960, 13, 1, 4),
(22025, 0, 961, 13, 1, 6),
(22026, 0, 962, 13, 0, NULL),
(22027, 0, 963, 13, 1, 15),
(22028, 0, 964, 13, 1, 6),
(22029, 0, 965, 13, 1, 0.5),
(22030, 0, 966, 13, 1, 5),
(22031, 0, 967, 13, 1, 5.5),
(22032, 0, 968, 13, 1, 17),
(22033, 0, 969, 13, 1, 5.5),
(22034, 0, 970, 13, 0, NULL),
(22035, 0, 971, 13, 0, NULL),
(22036, 0, 972, 13, 1, 5.5),
(22037, 0, 973, 13, 1, 3),
(22038, 0, 974, 13, 0, 5),
(22039, 0, 975, 13, 0, 4.5),
(22040, 0, 976, 13, 0, NULL),
(22041, 0, 977, 13, 1, 6),
(22042, 0, 978, 13, 1, 4.5),
(22043, 0, 979, 13, 0, NULL),
(22044, 0, 980, 13, 0, 18),
(22045, 0, 981, 13, 1, 15),
(22046, 0, 982, 13, 1, 5),
(22047, 0, 983, 13, 1, 6),
(22048, 0, 984, 13, 1, 6),
(22049, 0, 985, 13, 1, 0.5),
(22050, 0, 986, 13, 0, NULL),
(22051, 0, 987, 13, 1, 8),
(22052, 0, 988, 13, 1, 6),
(22053, 0, 989, 13, 1, 4),
(22054, 0, 990, 13, 1, 7),
(22055, 0, 991, 13, 1, 11),
(22056, 0, 992, 13, 0, 5),
(22057, 0, 993, 13, 1, 7),
(22058, 0, 994, 13, 0, 4),
(22059, 0, 995, 13, 0, NULL),
(22060, 0, 996, 13, 0, NULL),
(22061, 0, 997, 13, 0, 3),
(22062, 0, 998, 13, 0, 5),
(22063, 0, 999, 13, 1, 8),
(22064, 0, 1000, 13, 1, 7),
(22065, 0, 1001, 13, 1, 5),
(22066, 0, 1002, 13, 1, 6),
(22067, 0, 1003, 13, 0, NULL),
(22068, 0, 1004, 13, 0, NULL),
(22069, 0, 1005, 13, 1, 4),
(22070, 0, 1006, 13, 1, 5),
(22071, 0, 1007, 13, 0, NULL),
(22072, 0, 1008, 13, 1, 11),
(22073, 0, 1009, 13, 1, 18),
(22074, 0, 1010, 13, 0, NULL),
(22075, 0, 1011, 13, 0, NULL),
(22076, 0, 1012, 13, 0, NULL),
(22077, 0, 1013, 13, 0, NULL),
(22078, 0, 1014, 13, 1, 5),
(22079, 0, 1015, 13, 1, 5),
(22080, 0, 1016, 13, 0, NULL),
(22081, 0, 1017, 13, 1, 8),
(22082, 0, 1018, 13, 1, 23),
(22083, 0, 1019, 13, 0, NULL),
(22084, 0, 1020, 13, 1, 6),
(22085, 0, 1021, 13, 1, 0.5),
(22086, 0, 1022, 13, 1, 6),
(22087, 0, 1023, 13, 1, 6),
(22088, 0, 1024, 13, 0, NULL),
(22089, 0, 1025, 13, 0, NULL),
(22090, 0, 1026, 13, 1, 3.5),
(22091, 0, 1027, 13, 1, 5.5),
(22092, 0, 1028, 13, 0, 5),
(22093, 0, 1029, 13, 1, 6),
(22094, 0, 1030, 13, 1, 4.5),
(22095, 0, 1031, 13, 1, 6),
(22096, 0, 1032, 13, 0, NULL),
(22097, 0, 1033, 13, 0, NULL),
(22098, 0, 1034, 13, 0, 5),
(22099, 0, 1035, 13, 1, 16),
(22100, 0, 1036, 13, 1, 6),
(22101, 0, 1037, 13, 1, 5),
(22102, 0, 1038, 13, 1, 6),
(22103, 0, 1039, 13, 1, 4),
(22104, 0, 1040, 13, 0, NULL),
(22105, 0, 1041, 13, 0, NULL),
(22106, 0, 1042, 13, 1, 6),
(22107, 0, 1043, 13, 0, NULL),
(22108, 0, 1044, 13, 0, NULL),
(22109, 0, 1045, 13, 1, 6),
(22110, 0, 1046, 13, 0, NULL),
(22111, 0, 1047, 13, 1, 4),
(22112, 0, 1048, 13, 1, 6),
(22113, 0, 1049, 13, 0, NULL),
(22114, 0, 1050, 13, 1, 8),
(22115, 0, 1051, 13, 1, 18),
(22116, 0, 1052, 13, 0, 6),
(22117, 0, 1053, 13, 1, 8),
(22118, 0, 1054, 13, 1, 5),
(22119, 0, 1055, 13, 0, NULL),
(22120, 0, 1056, 13, 1, 15),
(22121, 0, 1057, 13, 1, 5.5),
(22122, 0, 1058, 13, 1, 11),
(22123, 0, 1059, 13, 1, 12),
(22124, 0, 1060, 13, 1, 4),
(22125, 0, 1061, 13, 1, 6),
(22126, 0, 1062, 13, 1, 5.5),
(22127, 0, 1063, 13, 1, 5.5),
(22128, 0, 1064, 13, 0, 4),
(22129, 0, 1065, 13, 1, 6),
(22130, 0, 1066, 13, 0, 4.5),
(22131, 0, 1067, 13, 0, 6),
(22132, 0, 1068, 13, 0, 4.5),
(22133, 0, 1069, 13, 0, 10),
(22134, 0, 1070, 13, 0, NULL),
(22135, 0, 1071, 13, 1, 8),
(22136, 0, 1072, 13, 0, NULL),
(22137, 0, 1073, 13, 1, 6),
(22138, 0, 1074, 13, 1, 6),
(22139, 0, 1075, 13, 0, NULL),
(22140, 0, 1076, 13, 0, NULL),
(22141, 0, 1077, 13, 1, 15),
(22142, 0, 1078, 13, 1, 6),
(22143, 0, 1079, 13, 0, NULL),
(22144, 0, 1080, 13, 1, 5),
(22145, 0, 1081, 13, 0, NULL),
(22146, 0, 1082, 13, 0, 5),
(22147, 0, 1083, 13, 1, 2.5),
(22148, 0, 1084, 13, 0, NULL),
(22149, 0, 1085, 13, 1, 5),
(22150, 0, 1086, 13, 1, 5),
(22151, 0, 1087, 13, 1, 18),
(22152, 0, 1088, 13, 1, 3.5),
(22153, 0, 1089, 13, 1, 3),
(22154, 0, 1090, 13, 1, 6),
(22155, 0, 1091, 13, 0, NULL),
(22156, 0, 1092, 13, 1, 0.5),
(22157, 0, 1093, 13, 1, 7.5),
(22158, 0, 1094, 13, 0, NULL),
(22159, 0, 1095, 13, 1, 8),
(22160, 0, 1096, 13, 1, 4),
(22161, 0, 1097, 13, 1, 11),
(22162, 0, 1098, 13, 1, 6),
(22163, 0, 1099, 13, 1, 6),
(22164, 0, 1100, 13, 0, NULL),
(22165, 0, 1101, 13, 1, 7),
(22166, 0, 1102, 13, 0, 6),
(22167, 0, 1103, 13, 0, NULL),
(22168, 0, 1104, 13, 1, 5),
(22169, 0, 1105, 13, 0, 5),
(22170, 0, 1106, 13, 0, NULL),
(22171, 0, 1107, 13, 1, 15),
(22172, 0, 1108, 13, 1, 7),
(22173, 0, 1109, 13, 0, NULL),
(22174, 0, 1110, 13, 1, 6),
(22175, 0, 1111, 13, 0, NULL),
(22176, 0, 1112, 13, 1, 5.5),
(22177, 0, 1113, 13, 1, 4),
(22178, 0, 1114, 13, 1, 3),
(22179, 0, 1115, 13, 1, 12),
(22180, 0, 1116, 13, 1, 5.5),
(22181, 0, 1117, 13, 1, 3),
(22182, 0, 1118, 13, 0, NULL),
(22183, 0, 1119, 13, 0, 1),
(22184, 0, 1120, 13, 1, 4),
(22185, 0, 1121, 13, 0, NULL),
(22186, 0, 1122, 13, 1, 8),
(22187, 0, 1123, 13, 0, 5),
(22188, 0, 1124, 13, 0, 5),
(22189, 0, 1125, 13, 1, 16),
(22190, 0, 1126, 13, 0, NULL),
(22191, 0, 1127, 13, 1, 5.5),
(22192, 0, 1128, 13, 1, 5),
(22193, 0, 1129, 13, 0, NULL),
(22194, 0, 1130, 13, 1, 4),
(22195, 0, 1131, 13, 1, 5),
(22196, 0, 1132, 13, 1, 4),
(22197, 0, 1133, 13, 1, 10),
(22198, 0, 1134, 13, 1, 18),
(22199, 0, 1135, 13, 1, 3),
(22200, 0, 1136, 13, 0, 3),
(22201, 0, 1137, 13, 0, 5),
(22202, 0, 1138, 13, 1, 7),
(22203, 0, 1139, 13, 1, 5),
(22204, 0, 1140, 13, 0, NULL),
(22205, 0, 1141, 13, 0, 22),
(22206, 0, 1142, 13, 0, 6),
(22207, 0, 1143, 13, 1, 1),
(22208, 0, 1144, 13, 1, 6),
(22209, 0, 1145, 13, 1, 6),
(22210, 0, 1146, 13, 0, NULL),
(22211, 0, 1147, 13, 1, 5.5),
(22212, 0, 1148, 13, 0, NULL),
(22213, 0, 1149, 13, 1, 6),
(22214, 0, 1150, 13, 1, 12),
(22215, 0, 1151, 13, 1, 7.5),
(22216, 0, 1152, 13, 1, 5.5),
(22217, 0, 1153, 13, 1, 3),
(22218, 0, 1154, 13, 0, NULL),
(22219, 0, 1155, 13, 0, NULL),
(22220, 0, 1156, 13, 1, 4),
(22221, 0, 1157, 13, 1, 5.5),
(22222, 0, 1158, 13, 0, NULL),
(22223, 0, 1159, 13, 0, 18),
(22224, 0, 1160, 13, 0, NULL),
(22225, 0, 801, 12, 1, 6),
(22226, 0, 802, 12, 1, 5),
(22227, 0, 803, 12, 1, 5.5),
(22228, 0, 804, 12, 1, 4),
(22229, 0, 805, 12, 1, 4.5),
(22230, 0, 806, 12, 1, 36),
(22231, 0, 807, 12, 1, 0),
(22232, 0, 808, 12, 0, NULL),
(22233, 0, 809, 12, 0, NULL),
(22234, 0, 810, 12, 1, 4),
(22235, 0, 811, 12, 1, 3),
(22236, 0, 812, 12, 0, 14),
(22237, 0, 813, 12, 1, 5),
(22238, 0, 814, 12, 0, 4),
(22239, 0, 815, 12, 0, NULL),
(22240, 0, 816, 12, 1, 6),
(22241, 0, 817, 12, 0, 3),
(22242, 0, 818, 12, 0, 5),
(22243, 0, 819, 12, 1, 10),
(22244, 0, 820, 12, 1, 7),
(22245, 0, 821, 12, 1, 5),
(22246, 0, 822, 12, 1, 5.5),
(22247, 0, 823, 12, 0, NULL),
(22248, 0, 824, 12, 1, 4),
(22249, 0, 825, 12, 0, NULL),
(22250, 0, 826, 12, 1, 7),
(22251, 0, 827, 12, 1, 9.5),
(22252, 0, 828, 12, 1, 8),
(22253, 0, 829, 12, 0, 3),
(22254, 0, 830, 12, 0, 7.5),
(22255, 0, 831, 12, 0, NULL),
(22256, 0, 832, 12, 0, 0),
(22257, 0, 833, 12, 1, 6),
(22258, 0, 834, 12, 1, 4.5),
(22259, 0, 835, 12, 0, NULL),
(22260, 0, 836, 12, 1, 4),
(22261, 0, 837, 12, 1, 5),
(22262, 0, 838, 12, 0, NULL),
(22263, 0, 839, 12, 1, 5),
(22264, 0, 840, 12, 1, 4.5),
(22265, 0, 841, 12, 1, 23),
(22266, 0, 842, 12, 0, NULL),
(22267, 0, 843, 12, 1, 6),
(22268, 0, 844, 12, 1, 14),
(22269, 0, 845, 12, 1, 3),
(22270, 0, 846, 12, 0, 6),
(22271, 0, 847, 12, 1, 5),
(22272, 0, 848, 12, 0, 14),
(22273, 0, 849, 12, 1, 5),
(22274, 0, 850, 12, 0, 4),
(22275, 0, 851, 12, 1, 4),
(22276, 0, 852, 12, 0, NULL),
(22277, 0, 853, 12, 1, 8),
(22278, 0, 854, 12, 0, 7),
(22279, 0, 855, 12, 1, 7.5),
(22280, 0, 856, 12, 1, 6.5),
(22281, 0, 857, 12, 1, 7),
(22282, 0, 858, 12, 1, 5.5),
(22283, 0, 859, 12, 1, 9.5),
(22284, 0, 860, 12, 1, 5),
(22285, 0, 861, 12, 1, 7),
(22286, 0, 862, 12, 1, 8),
(22287, 0, 863, 12, 1, 5),
(22288, 0, 864, 12, 1, 8),
(22289, 0, 865, 12, 1, 6),
(22290, 0, 866, 12, 0, 6),
(22291, 0, 867, 12, 0, 5),
(22292, 0, 868, 12, 0, 4),
(22293, 0, 869, 12, 0, 13),
(22294, 0, 870, 12, 0, 7),
(22295, 0, 871, 12, 0, 3),
(22296, 0, 872, 12, 0, NULL),
(22297, 0, 873, 12, 1, 2),
(22298, 0, 874, 12, 1, 3),
(22299, 0, 875, 12, 1, 5),
(22300, 0, 876, 12, 0, NULL),
(22301, 0, 877, 12, 1, 0),
(22302, 0, 878, 12, 1, 4),
(22303, 0, 879, 12, 1, 36),
(22304, 0, 880, 12, 1, 5),
(22305, 0, 881, 12, 0, NULL),
(22306, 0, 882, 12, 0, NULL),
(22307, 0, 883, 12, 1, 8),
(22308, 0, 884, 12, 0, 14),
(22309, 0, 885, 12, 0, NULL),
(22310, 0, 886, 12, 1, 3),
(22311, 0, 887, 12, 0, NULL),
(22312, 0, 888, 12, 1, 4.5),
(22313, 0, 889, 12, 1, 6),
(22314, 0, 890, 12, 0, NULL),
(22315, 0, 891, 12, 1, 6),
(22316, 0, 892, 12, 1, 7),
(22317, 0, 893, 12, 0, NULL),
(22318, 0, 894, 12, 0, NULL),
(22319, 0, 895, 12, 1, 6),
(22320, 0, 896, 12, 1, 14),
(22321, 0, 897, 12, 0, NULL),
(22322, 0, 898, 12, 1, 4.5),
(22323, 0, 899, 12, 1, 6),
(22324, 0, 900, 12, 0, NULL),
(22325, 0, 901, 12, 0, NULL),
(22326, 0, 902, 12, 0, NULL),
(22327, 0, 903, 12, 1, 4),
(22328, 0, 904, 12, 1, 4),
(22329, 0, 905, 12, 1, 23),
(22330, 0, 906, 12, 0, 4),
(22331, 0, 907, 12, 1, 8),
(22332, 0, 908, 12, 1, 6),
(22333, 0, 909, 12, 0, NULL),
(22334, 0, 910, 12, 1, 11),
(22335, 0, 911, 12, 0, NULL),
(22336, 0, 912, 12, 1, 6),
(22337, 0, 913, 12, 1, 5.5),
(22338, 0, 914, 12, 1, 6.5),
(22339, 0, 915, 12, 1, 4),
(22340, 0, 916, 12, 0, NULL),
(22341, 0, 917, 12, 0, NULL),
(22342, 0, 918, 12, 0, NULL),
(22343, 0, 919, 12, 1, 4),
(22344, 0, 920, 12, 1, 5),
(22345, 0, 921, 12, 1, 5),
(22346, 0, 922, 12, 0, 4),
(22347, 0, 923, 12, 1, 4.5),
(22348, 0, 924, 12, 1, 11),
(22349, 0, 925, 12, 1, 8),
(22350, 0, 926, 12, 0, NULL),
(22351, 0, 927, 12, 1, 4),
(22352, 0, 928, 12, 1, 4),
(22353, 0, 929, 12, 1, 5),
(22354, 0, 930, 12, 1, 6),
(22355, 0, 931, 12, 1, 11),
(22356, 0, 932, 12, 1, 0),
(22357, 0, 933, 12, 0, 4),
(22358, 0, 934, 12, 1, 5.5),
(22359, 0, 935, 12, 1, 7),
(22360, 0, 936, 12, 1, 12),
(22361, 0, 937, 12, 1, 3),
(22362, 0, 938, 12, 0, 0),
(22363, 0, 939, 12, 0, NULL),
(22364, 0, 940, 12, 0, 4),
(22365, 0, 941, 12, 0, 23),
(22366, 0, 942, 12, 1, 5),
(22367, 0, 943, 12, 0, 8),
(22368, 0, 944, 12, 0, 5),
(22369, 0, 945, 12, 1, 6),
(22370, 0, 946, 12, 1, 5),
(22371, 0, 947, 12, 1, 4),
(22372, 0, 948, 12, 1, 5.5),
(22373, 0, 949, 12, 1, 7),
(22374, 0, 950, 12, 1, 6),
(22375, 0, 951, 12, 1, 6),
(22376, 0, 952, 12, 1, 5),
(22377, 0, 953, 12, 0, NULL),
(22378, 0, 954, 12, 1, 12),
(22379, 0, 955, 12, 1, 4.5),
(22380, 0, 956, 12, 0, NULL),
(22381, 0, 957, 12, 0, 5),
(22382, 0, 958, 12, 0, 5.5),
(22383, 0, 959, 12, 0, 4.5),
(22384, 0, 960, 12, 0, NULL),
(22385, 0, 961, 12, 1, 6),
(22386, 0, 962, 12, 0, NULL),
(22387, 0, 963, 12, 1, 6),
(22388, 0, 964, 12, 0, NULL),
(22389, 0, 965, 12, 1, 4),
(22390, 0, 966, 12, 0, NULL),
(22391, 0, 967, 12, 1, 4),
(22392, 0, 968, 12, 1, 36),
(22393, 0, 969, 12, 1, 5),
(22394, 0, 970, 12, 0, NULL),
(22395, 0, 971, 12, 1, 7),
(22396, 0, 972, 12, 1, 8),
(22397, 0, 973, 12, 1, 6),
(22398, 0, 974, 12, 0, 14),
(22399, 0, 975, 12, 1, 6),
(22400, 0, 976, 12, 0, NULL),
(22401, 0, 977, 12, 1, 5),
(22402, 0, 978, 12, 1, 3),
(22403, 0, 979, 12, 0, NULL),
(22404, 0, 980, 12, 0, 3),
(22405, 0, 981, 12, 1, 6),
(22406, 0, 982, 12, 1, 7),
(22407, 0, 983, 12, 1, 5),
(22408, 0, 984, 12, 1, 4.5),
(22409, 0, 985, 12, 1, 4),
(22410, 0, 986, 12, 1, 6),
(22411, 0, 987, 12, 1, 9.5),
(22412, 0, 988, 12, 1, 23),
(22413, 0, 989, 12, 0, NULL),
(22414, 0, 990, 12, 1, 11),
(22415, 0, 991, 12, 1, 16),
(22416, 0, 992, 12, 0, 14),
(22417, 0, 993, 12, 0, 5),
(22418, 0, 994, 12, 0, 5),
(22419, 0, 995, 12, 1, 17),
(22420, 0, 996, 12, 0, NULL),
(22421, 0, 997, 12, 0, 6),
(22422, 0, 998, 12, 0, NULL),
(22423, 0, 999, 12, 1, 5),
(22424, 0, 1000, 12, 1, 5),
(22425, 0, 1001, 12, 1, 3),
(22426, 0, 1002, 12, 1, 4.5),
(22427, 0, 1003, 12, 1, 0),
(22428, 0, 1004, 12, 1, 6),
(22429, 0, 1005, 12, 0, NULL),
(22430, 0, 1006, 12, 1, 5),
(22431, 0, 1007, 12, 0, NULL),
(22432, 0, 1008, 12, 1, 16),
(22433, 0, 1009, 12, 1, 3),
(22434, 0, 1010, 12, 0, NULL),
(22435, 0, 1011, 12, 0, 4),
(22436, 0, 1012, 12, 0, NULL),
(22437, 0, 1013, 12, 0, NULL),
(22438, 0, 1014, 12, 1, 4),
(22439, 0, 1015, 12, 1, 5),
(22440, 0, 1016, 12, 0, 16),
(22441, 0, 1017, 12, 1, 5),
(22442, 0, 1018, 12, 1, 5),
(22443, 0, 1019, 12, 1, 5.5),
(22444, 0, 1020, 12, 1, 4.5),
(22445, 0, 1021, 12, 1, 4),
(22446, 0, 1022, 12, 1, 5),
(22447, 0, 1023, 12, 0, NULL),
(22448, 0, 1024, 12, 1, 0),
(22449, 0, 1025, 12, 0, NULL),
(22450, 0, 1026, 12, 1, 4),
(22451, 0, 1027, 12, 1, 8),
(22452, 0, 1028, 12, 0, 14),
(22453, 0, 1029, 12, 0, 5),
(22454, 0, 1030, 12, 0, NULL),
(22455, 0, 1031, 12, 1, 6.5),
(22456, 0, 1032, 12, 1, 17),
(22457, 0, 1033, 12, 0, NULL),
(22458, 0, 1034, 12, 0, 7),
(22459, 0, 1035, 12, 1, 5),
(22460, 0, 1036, 12, 1, 5),
(22461, 0, 1037, 12, 1, 4),
(22462, 0, 1038, 12, 0, NULL),
(22463, 0, 1039, 12, 1, 5),
(22464, 0, 1040, 12, 1, 0),
(22465, 0, 1041, 12, 1, 6),
(22466, 0, 1042, 12, 1, 4.5),
(22467, 0, 1043, 12, 1, 5.5),
(22468, 0, 1044, 12, 1, 17),
(22469, 0, 1045, 12, 1, 6),
(22470, 0, 1046, 12, 0, NULL),
(22471, 0, 1047, 12, 1, 4),
(22472, 0, 1048, 12, 0, 4),
(22473, 0, 1049, 12, 0, 5),
(22474, 0, 1050, 12, 0, 9.5),
(22475, 0, 1051, 12, 0, 3),
(22476, 0, 1052, 12, 0, NULL),
(22477, 0, 1053, 12, 1, 7.5),
(22478, 0, 1054, 12, 1, 3),
(22479, 0, 1055, 12, 0, NULL),
(22480, 0, 1056, 12, 1, 6),
(22481, 0, 1057, 12, 1, 6),
(22482, 0, 1058, 12, 1, 4),
(22483, 0, 1059, 12, 1, 9),
(22484, 0, 1060, 12, 0, NULL),
(22485, 0, 1061, 12, 1, 5),
(22486, 0, 1062, 12, 1, 5),
(22487, 0, 1063, 12, 1, 8),
(22488, 0, 1064, 12, 0, 0),
(22489, 0, 1065, 12, 0, 4),
(22490, 0, 1066, 12, 1, 6),
(22491, 0, 1067, 12, 0, NULL),
(22492, 0, 1068, 12, 1, 3),
(22493, 0, 1069, 12, 0, 4.5),
(22494, 0, 1070, 12, 0, NULL),
(22495, 0, 1071, 12, 1, 7.5),
(22496, 0, 1072, 12, 1, 11),
(22497, 0, 1073, 12, 1, 4),
(22498, 0, 1074, 12, 1, 4.5),
(22499, 0, 1075, 12, 1, 17),
(22500, 0, 1076, 12, 1, 1),
(22501, 0, 1077, 12, 0, NULL),
(22502, 0, 1078, 12, 1, 6.5),
(22503, 0, 1079, 12, 1, 5),
(22504, 0, 1080, 12, 1, 5),
(22505, 0, 1081, 12, 0, NULL),
(22506, 0, 1082, 12, 0, 6),
(22507, 0, 1083, 12, 0, 8),
(22508, 0, 1084, 12, 0, 3.5),
(22509, 0, 1085, 12, 0, 3),
(22510, 0, 1086, 12, 1, 5),
(22511, 0, 1087, 12, 1, 3),
(22512, 0, 1088, 12, 0, NULL),
(22513, 0, 1089, 12, 1, 2),
(22514, 0, 1090, 12, 0, NULL),
(22515, 0, 1091, 12, 1, 4),
(22516, 0, 1092, 12, 1, 4),
(22517, 0, 1093, 12, 0, NULL),
(22518, 0, 1094, 12, 1, 12),
(22519, 0, 1095, 12, 1, 9.5),
(22520, 0, 1096, 12, 1, 5),
(22521, 0, 1097, 12, 1, 8),
(22522, 0, 1098, 12, 1, 3),
(22523, 0, 1099, 12, 0, NULL),
(22524, 0, 1100, 12, 0, NULL),
(22525, 0, 1101, 12, 1, 5),
(22526, 0, 1102, 12, 0, 4.5),
(22527, 0, 1103, 12, 0, NULL),
(22528, 0, 1104, 12, 1, 4),
(22529, 0, 1105, 12, 1, 5),
(22530, 0, 1106, 12, 0, NULL),
(22531, 0, 1107, 12, 1, 6),
(22532, 0, 1108, 12, 1, 5),
(22533, 0, 1109, 12, 1, 5.5),
(22534, 0, 1110, 12, 1, 4.5),
(22535, 0, 1111, 12, 1, 6),
(22536, 0, 1112, 12, 1, 4),
(22537, 0, 1113, 12, 0, NULL),
(22538, 0, 1114, 12, 0, NULL),
(22539, 0, 1115, 12, 1, 10),
(22540, 0, 1116, 12, 1, 8),
(22541, 0, 1117, 12, 1, 6),
(22542, 0, 1118, 12, 0, NULL),
(22543, 0, 1119, 12, 1, 7),
(22544, 0, 1120, 12, 0, 5),
(22545, 0, 1121, 12, 0, NULL),
(22546, 0, 1122, 12, 1, 9.5),
(22547, 0, 1123, 12, 0, NULL),
(22548, 0, 1124, 12, 0, 7),
(22549, 0, 1125, 12, 1, 10),
(22550, 0, 1126, 12, 1, 5.5),
(22551, 0, 1127, 12, 1, 6),
(22552, 0, 1128, 12, 1, 7),
(22553, 0, 1129, 12, 1, 0),
(22554, 0, 1130, 12, 1, 4),
(22555, 0, 1131, 12, 1, 5),
(22556, 0, 1132, 12, 0, NULL),
(22557, 0, 1133, 12, 1, 4.5),
(22558, 0, 1134, 12, 1, 3),
(22559, 0, 1135, 12, 1, 6),
(22560, 0, 1136, 12, 0, 7),
(22561, 0, 1137, 12, 0, NULL),
(22562, 0, 1138, 12, 0, 6),
(22563, 0, 1139, 12, 1, 6),
(22564, 0, 1140, 12, 0, 5.5),
(22565, 0, 1141, 12, 0, 5),
(22566, 0, 1142, 12, 0, 4),
(22567, 0, 1143, 12, 1, 4),
(22568, 0, 1144, 12, 1, 4.5),
(22569, 0, 1145, 12, 1, 5),
(22570, 0, 1146, 12, 1, 5.5),
(22571, 0, 1147, 12, 0, NULL),
(22572, 0, 1148, 12, 1, 5.5),
(22573, 0, 1149, 12, 1, 23),
(22574, 0, 1150, 12, 1, 10),
(22575, 0, 1151, 12, 0, NULL),
(22576, 0, 1152, 12, 1, 8),
(22577, 0, 1153, 12, 1, 6),
(22578, 0, 1154, 12, 0, NULL),
(22579, 0, 1155, 12, 0, NULL),
(22580, 0, 1156, 12, 1, 5),
(22581, 0, 1157, 12, 1, 4),
(22582, 0, 1158, 12, 0, NULL),
(22583, 0, 1159, 12, 0, 3),
(22584, 0, 1160, 12, 0, 5),
(24745, 0, 801, 15, 1, 3),
(24746, 0, 802, 15, 1, 5),
(24747, 0, 803, 15, 1, 4.5),
(24748, 0, 804, 15, 1, 0),
(24749, 0, 805, 15, 1, 4),
(24750, 0, 806, 15, 1, 34),
(24751, 0, 807, 15, 0, NULL),
(24752, 0, 808, 15, 0, NULL),
(24753, 0, 809, 15, 0, NULL),
(24754, 0, 810, 15, 1, 3),
(24755, 0, 811, 15, 1, 10.5),
(24756, 0, 812, 15, 0, 5.5),
(24757, 0, 813, 15, 1, 4.5),
(24758, 0, 814, 15, 0, NULL),
(24759, 0, 815, 15, 0, NULL),
(24760, 0, 816, 15, 0, NULL),
(24761, 0, 817, 15, 1, 6),
(24762, 0, 818, 15, 1, 5),
(24763, 0, 819, 15, 1, 5),
(24764, 0, 820, 15, 1, 3),
(24765, 0, 821, 15, 1, 5),
(24766, 0, 822, 15, 1, 7),
(24767, 0, 823, 15, 0, NULL),
(24768, 0, 824, 15, 1, 3.5),
(24769, 0, 825, 15, 1, 12),
(24770, 0, 826, 15, 1, 16),
(24771, 0, 827, 15, 1, 2),
(24772, 0, 828, 15, 1, 16),
(24773, 0, 829, 15, 0, 6),
(24774, 0, 830, 15, 0, 3),
(24775, 0, 831, 15, 0, 6),
(24776, 0, 832, 15, 0, NULL),
(24777, 0, 833, 15, 0, NULL),
(24778, 0, 834, 15, 1, 5),
(24779, 0, 835, 15, 0, NULL),
(24780, 0, 836, 15, 1, 7),
(24781, 0, 837, 15, 1, 5),
(24782, 0, 838, 15, 1, 4.5),
(24783, 0, 839, 15, 1, 5),
(24784, 0, 840, 15, 1, 4),
(24785, 0, 841, 15, 1, 13),
(24786, 0, 842, 15, 1, 4.5),
(24787, 0, 843, 15, 0, NULL),
(24788, 0, 844, 15, 1, 32),
(24789, 0, 845, 15, 1, 10.5),
(24790, 0, 846, 15, 0, 3),
(24791, 0, 847, 15, 1, 8),
(24792, 0, 848, 15, 0, 5.5),
(24793, 0, 849, 15, 0, 5),
(24794, 0, 850, 15, 0, NULL),
(24795, 0, 851, 15, 1, 5.5),
(24796, 0, 852, 15, 0, NULL),
(24797, 0, 853, 15, 1, 16),
(24798, 0, 854, 15, 0, 3),
(24799, 0, 855, 15, 1, 3),
(24800, 0, 856, 15, 1, 5),
(24801, 0, 857, 15, 1, 5),
(24802, 0, 858, 15, 1, 7),
(24803, 0, 859, 15, 1, 2),
(24804, 0, 860, 15, 1, 4),
(24805, 0, 861, 15, 1, 16),
(24806, 0, 862, 15, 1, 6),
(24807, 0, 863, 15, 1, 4),
(24808, 0, 864, 15, 1, 16),
(24809, 0, 865, 15, 1, 3),
(24810, 0, 866, 15, 0, 3),
(24811, 0, 867, 15, 0, 6),
(24812, 0, 868, 15, 0, NULL),
(24813, 0, 869, 15, 0, 4),
(24814, 0, 870, 15, 0, 11),
(24815, 0, 871, 15, 0, 6),
(24816, 0, 872, 15, 0, NULL),
(24817, 0, 873, 15, 1, 8),
(24818, 0, 874, 15, 1, 5),
(24819, 0, 875, 15, 1, 5),
(24820, 0, 876, 15, 0, NULL),
(24821, 0, 877, 15, 0, NULL),
(24822, 0, 878, 15, 1, 5.5),
(24823, 0, 879, 15, 1, 34),
(24824, 0, 880, 15, 1, 4),
(24825, 0, 881, 15, 1, 6),
(24826, 0, 882, 15, 1, 5),
(24827, 0, 883, 15, 1, 16),
(24828, 0, 884, 15, 0, 5.5),
(24829, 0, 885, 15, 0, NULL),
(24830, 0, 886, 15, 0, NULL),
(24831, 0, 887, 15, 0, NULL),
(24832, 0, 888, 15, 1, 9),
(24833, 0, 889, 15, 1, 3),
(24834, 0, 890, 15, 0, NULL),
(24835, 0, 891, 15, 1, 3),
(24836, 0, 892, 15, 1, 3),
(24837, 0, 893, 15, 0, NULL),
(24838, 0, 894, 15, 1, 4.5),
(24839, 0, 895, 15, 0, NULL),
(24840, 0, 896, 15, 1, 32),
(24841, 0, 897, 15, 0, NULL),
(24842, 0, 898, 15, 1, 4.5),
(24843, 0, 899, 15, 0, NULL),
(24844, 0, 900, 15, 1, 4),
(24845, 0, 901, 15, 1, 3),
(24846, 0, 902, 15, 0, NULL),
(24847, 0, 903, 15, 1, 5.5),
(24848, 0, 904, 15, 0, NULL),
(24849, 0, 905, 15, 1, 13),
(24850, 0, 906, 15, 1, 5.5),
(24851, 0, 907, 15, 1, 16),
(24852, 0, 908, 15, 0, 3),
(24853, 0, 909, 15, 0, NULL),
(24854, 0, 910, 15, 1, 5),
(24855, 0, 911, 15, 1, 7),
(24856, 0, 912, 15, 1, 6),
(24857, 0, 913, 15, 1, 7),
(24858, 0, 914, 15, 1, 8),
(24859, 0, 915, 15, 1, 9),
(24860, 0, 916, 15, 1, 6),
(24861, 0, 917, 15, 0, NULL),
(24862, 0, 918, 15, 1, 10),
(24863, 0, 919, 15, 1, 7),
(24864, 0, 920, 15, 1, 2),
(24865, 0, 921, 15, 0, 4.5),
(24866, 0, 922, 15, 0, NULL),
(24867, 0, 923, 15, 0, 5),
(24868, 0, 924, 15, 1, 6),
(24869, 0, 925, 15, 0, 16),
(24870, 0, 926, 15, 0, NULL),
(24871, 0, 927, 15, 1, 2.5),
(24872, 0, 928, 15, 1, 5),
(24873, 0, 929, 15, 1, 5),
(24874, 0, 930, 15, 1, 6),
(24875, 0, 931, 15, 1, 5),
(24876, 0, 932, 15, 0, NULL),
(24877, 0, 933, 15, 1, 5.5),
(24878, 0, 934, 15, 1, 3),
(24879, 0, 935, 15, 1, 32),
(24880, 0, 936, 15, 0, NULL),
(24881, 0, 937, 15, 1, 10.5),
(24882, 0, 938, 15, 0, 3),
(24883, 0, 939, 15, 0, 4.5),
(24884, 0, 940, 15, 0, NULL),
(24885, 0, 941, 15, 1, 13),
(24886, 0, 942, 15, 1, 4),
(24887, 0, 943, 15, 0, 16),
(24888, 0, 944, 15, 0, 5),
(24889, 0, 945, 15, 1, 3),
(24890, 0, 946, 15, 1, 5),
(24891, 0, 947, 15, 1, 4),
(24892, 0, 948, 15, 0, NULL),
(24893, 0, 949, 15, 1, 16),
(24894, 0, 950, 15, 0, NULL),
(24895, 0, 951, 15, 0, NULL),
(24896, 0, 952, 15, 0, NULL),
(24897, 0, 953, 15, 0, 3),
(24898, 0, 954, 15, 1, 6),
(24899, 0, 955, 15, 1, 6),
(24900, 0, 956, 15, 0, NULL),
(24901, 0, 957, 15, 1, 5),
(24902, 0, 958, 15, 1, 4.5),
(24903, 0, 959, 15, 1, 4.5),
(24904, 0, 960, 15, 1, 5),
(24905, 0, 961, 15, 1, 4),
(24906, 0, 962, 15, 0, NULL),
(24907, 0, 963, 15, 1, 3),
(24908, 0, 964, 15, 1, 4.5),
(24909, 0, 965, 15, 1, 0),
(24910, 0, 966, 15, 1, 5),
(24911, 0, 967, 15, 1, 9),
(24912, 0, 968, 15, 1, 34),
(24913, 0, 969, 15, 1, 4),
(24914, 0, 970, 15, 0, NULL),
(24915, 0, 971, 15, 1, 16),
(24916, 0, 972, 15, 1, 16),
(24917, 0, 973, 15, 1, 3),
(24918, 0, 974, 15, 0, 5.5),
(24919, 0, 975, 15, 0, 3),
(24920, 0, 976, 15, 0, 5),
(24921, 0, 977, 15, 1, 4),
(24922, 0, 978, 15, 0, 4),
(24923, 0, 979, 15, 0, 3),
(24924, 0, 980, 15, 0, 6),
(24925, 0, 981, 15, 1, 3),
(24926, 0, 982, 15, 1, 3),
(24927, 0, 983, 15, 1, 5),
(24928, 0, 984, 15, 1, 4),
(24929, 0, 985, 15, 1, 0),
(24930, 0, 986, 15, 0, NULL),
(24931, 0, 987, 15, 1, 2),
(24932, 0, 988, 15, 1, 13),
(24933, 0, 989, 15, 1, 4.5),
(24934, 0, 990, 15, 1, 6),
(24935, 0, 991, 15, 1, 32),
(24936, 0, 992, 15, 0, 5.5),
(24937, 0, 993, 15, 0, 4.5),
(24938, 0, 994, 15, 1, 5),
(24939, 0, 995, 15, 0, NULL),
(24940, 0, 996, 15, 0, NULL),
(24941, 0, 997, 15, 0, 3),
(24942, 0, 998, 15, 0, NULL),
(24943, 0, 999, 15, 1, 4.5),
(24944, 0, 1000, 15, 1, 4.5),
(24945, 0, 1001, 15, 0, NULL),
(24946, 0, 1002, 15, 1, 4),
(24947, 0, 1003, 15, 0, NULL),
(24948, 0, 1004, 15, 0, NULL),
(24949, 0, 1005, 15, 1, 4.5),
(24950, 0, 1006, 15, 1, 4),
(24951, 0, 1007, 15, 1, 3),
(24952, 0, 1008, 15, 1, 32),
(24953, 0, 1009, 15, 1, 6),
(24954, 0, 1010, 15, 0, NULL),
(24955, 0, 1011, 15, 0, NULL),
(24956, 0, 1012, 15, 0, NULL),
(24957, 0, 1013, 15, 0, NULL),
(24958, 0, 1014, 15, 1, 5.5),
(24959, 0, 1015, 15, 1, 6),
(24960, 0, 1016, 15, 1, 2),
(24961, 0, 1017, 15, 1, 4.5),
(24962, 0, 1018, 15, 1, 10),
(24963, 0, 1019, 15, 1, 7),
(24964, 0, 1020, 15, 1, 4),
(24965, 0, 1021, 15, 1, 0),
(24966, 0, 1022, 15, 1, 4),
(24967, 0, 1023, 15, 0, NULL),
(24968, 0, 1024, 15, 0, NULL),
(24969, 0, 1025, 15, 0, NULL),
(24970, 0, 1026, 15, 1, 7),
(24971, 0, 1027, 15, 1, 16),
(24972, 0, 1028, 15, 0, 5.5),
(24973, 0, 1029, 15, 1, 5),
(24974, 0, 1030, 15, 1, 3),
(24975, 0, 1031, 15, 1, 4.5),
(24976, 0, 1032, 15, 0, NULL),
(24977, 0, 1033, 15, 0, NULL),
(24978, 0, 1034, 15, 0, 3),
(24979, 0, 1035, 15, 1, 9),
(24980, 0, 1036, 15, 1, 5),
(24981, 0, 1037, 15, 1, 5),
(24982, 0, 1038, 15, 1, 4.5),
(24983, 0, 1039, 15, 1, 5),
(24984, 0, 1040, 15, 0, NULL),
(24985, 0, 1041, 15, 0, NULL),
(24986, 0, 1042, 15, 1, 4.5),
(24987, 0, 1043, 15, 1, 3),
(24988, 0, 1044, 15, 0, NULL),
(24989, 0, 1045, 15, 1, 4),
(24990, 0, 1046, 15, 0, NULL),
(24991, 0, 1047, 15, 0, NULL),
(24992, 0, 1048, 15, 1, 5),
(24993, 0, 1049, 15, 1, 6.5),
(24994, 0, 1050, 15, 1, 2),
(24995, 0, 1051, 15, 0, 6),
(24996, 0, 1052, 15, 0, 4),
(24997, 0, 1053, 15, 1, 3),
(24998, 0, 1054, 15, 0, NULL),
(24999, 0, 1055, 15, 0, NULL),
(25000, 0, 1056, 15, 1, 5),
(25001, 0, 1057, 15, 0, NULL),
(25002, 0, 1058, 15, 0, NULL),
(25003, 0, 1059, 15, 1, 9),
(25004, 0, 1060, 15, 1, 4.5),
(25005, 0, 1061, 15, 1, 4),
(25006, 0, 1062, 15, 1, 4),
(25007, 0, 1063, 15, 1, 16),
(25008, 0, 1064, 15, 0, 3),
(25009, 0, 1065, 15, 1, 5),
(25010, 0, 1066, 15, 1, 3),
(25011, 0, 1067, 15, 0, NULL),
(25012, 0, 1068, 15, 1, 4),
(25013, 0, 1069, 15, 1, 6),
(25014, 0, 1070, 15, 0, 3),
(25015, 0, 1071, 15, 1, 3),
(25016, 0, 1072, 15, 1, 14),
(25017, 0, 1073, 15, 1, 4),
(25018, 0, 1074, 15, 1, 4),
(25019, 0, 1075, 15, 0, NULL),
(25020, 0, 1076, 15, 1, 3.5),
(25021, 0, 1077, 15, 1, 8),
(25022, 0, 1078, 15, 1, 8),
(25023, 0, 1079, 15, 0, NULL),
(25024, 0, 1080, 15, 1, 6),
(25025, 0, 1081, 15, 0, NULL),
(25026, 0, 1082, 15, 0, 3),
(25027, 0, 1083, 15, 0, 3),
(25028, 0, 1084, 15, 0, NULL),
(25029, 0, 1085, 15, 1, 6),
(25030, 0, 1086, 15, 1, 4),
(25031, 0, 1087, 15, 1, 6),
(25032, 0, 1088, 15, 0, NULL),
(25033, 0, 1089, 15, 1, 8),
(25034, 0, 1090, 15, 1, 4.5),
(25035, 0, 1091, 15, 0, NULL),
(25036, 0, 1092, 15, 1, 0),
(25037, 0, 1093, 15, 1, 8),
(25038, 0, 1094, 15, 0, NULL),
(25039, 0, 1095, 15, 1, 2),
(25040, 0, 1096, 15, 0, NULL),
(25041, 0, 1097, 15, 1, 32),
(25042, 0, 1098, 15, 1, 6),
(25043, 0, 1099, 15, 1, 4),
(25044, 0, 1100, 15, 0, NULL),
(25045, 0, 1101, 15, 1, 4.5),
(25046, 0, 1102, 15, 1, 4),
(25047, 0, 1103, 15, 0, NULL),
(25048, 0, 1104, 15, 1, 5.5),
(25049, 0, 1105, 15, 0, 6),
(25050, 0, 1106, 15, 0, NULL),
(25051, 0, 1107, 15, 1, 3),
(25052, 0, 1108, 15, 1, 4.5),
(25053, 0, 1109, 15, 1, 7),
(25054, 0, 1110, 15, 1, 4),
(25055, 0, 1111, 15, 0, NULL),
(25056, 0, 1112, 15, 1, 9),
(25057, 0, 1113, 15, 1, 4.5),
(25058, 0, 1114, 15, 0, NULL),
(25059, 0, 1115, 15, 1, 8),
(25060, 0, 1116, 15, 1, 16),
(25061, 0, 1117, 15, 1, 3),
(25062, 0, 1118, 15, 0, NULL),
(25063, 0, 1119, 15, 0, NULL),
(25064, 0, 1120, 15, 1, 5),
(25065, 0, 1121, 15, 0, NULL),
(25066, 0, 1122, 15, 1, 2),
(25067, 0, 1123, 15, 0, 3),
(25068, 0, 1124, 15, 0, 3),
(25069, 0, 1125, 15, 1, 9),
(25070, 0, 1126, 15, 1, 7),
(25071, 0, 1127, 15, 0, NULL),
(25072, 0, 1128, 15, 1, 3),
(25073, 0, 1129, 15, 0, NULL),
(25074, 0, 1130, 15, 0, NULL),
(25075, 0, 1131, 15, 1, 4),
(25076, 0, 1132, 15, 1, 4.5),
(25077, 0, 1133, 15, 1, 6),
(25078, 0, 1134, 15, 1, 6),
(25079, 0, 1135, 15, 1, 3),
(25080, 0, 1136, 15, 0, -1),
(25081, 0, 1137, 15, 1, 6),
(25082, 0, 1138, 15, 1, 5),
(25083, 0, 1139, 15, 0, NULL),
(25084, 0, 1140, 15, 1, 3),
(25085, 0, 1141, 15, 0, 5),
(25086, 0, 1142, 15, 0, 4),
(25087, 0, 1143, 15, 1, 2.5),
(25088, 0, 1144, 15, 1, 4),
(25089, 0, 1145, 15, 1, 5),
(25090, 0, 1146, 15, 1, 7),
(25091, 0, 1147, 15, 1, 5),
(25092, 0, 1148, 15, 1, 3),
(25093, 0, 1149, 15, 1, 13),
(25094, 0, 1150, 15, 0, 4),
(25095, 0, 1151, 15, 1, 8),
(25096, 0, 1152, 15, 1, 32),
(25097, 0, 1153, 15, 1, 3),
(25098, 0, 1154, 15, 0, NULL),
(25099, 0, 1155, 15, 0, NULL),
(25100, 0, 1156, 15, 0, 5),
(25101, 0, 1157, 15, 1, 9),
(25102, 0, 1158, 15, 0, NULL),
(25103, 0, 1159, 15, 0, 6),
(25104, 0, 1160, 15, 0, NULL),
(25825, 0, 801, 17, 0, NULL),
(25826, 0, 802, 17, 0, NULL),
(25827, 0, 803, 17, 0, NULL),
(25828, 0, 804, 17, 0, NULL),
(25829, 0, 805, 17, 0, NULL),
(25830, 0, 806, 17, 1, 28),
(25831, 0, 807, 17, 1, 5),
(25832, 0, 808, 17, 0, NULL),
(25833, 0, 809, 17, 0, NULL),
(25834, 0, 810, 17, 0, NULL),
(25835, 0, 811, 17, 1, 5),
(25836, 0, 812, 17, 0, NULL),
(25837, 0, 813, 17, 0, NULL),
(25838, 0, 814, 17, 0, NULL),
(25839, 0, 815, 17, 0, NULL),
(25840, 0, 816, 17, 0, NULL),
(25841, 0, 817, 17, 0, NULL),
(25842, 0, 818, 17, 0, NULL),
(25843, 0, 819, 17, 0, NULL),
(25844, 0, 820, 17, 0, NULL),
(25845, 0, 821, 17, 0, NULL),
(25846, 0, 822, 17, 0, NULL),
(25847, 0, 823, 17, 0, NULL),
(25848, 0, 824, 17, 0, NULL),
(25849, 0, 825, 17, 0, NULL),
(25850, 0, 826, 17, 0, NULL),
(25851, 0, 827, 17, 0, NULL),
(25852, 0, 828, 17, 0, NULL),
(25853, 0, 829, 17, 0, NULL),
(25854, 0, 830, 17, 0, NULL),
(25855, 0, 831, 17, 0, NULL),
(25856, 0, 832, 17, 0, NULL),
(25857, 0, 833, 17, 0, NULL),
(25858, 0, 834, 17, 0, NULL),
(25859, 0, 835, 17, 0, NULL),
(25860, 0, 836, 17, 0, NULL),
(25861, 0, 837, 17, 0, NULL),
(25862, 0, 838, 17, 0, NULL),
(25863, 0, 839, 17, 0, NULL),
(25864, 0, 840, 17, 0, NULL),
(25865, 0, 841, 17, 0, NULL),
(25866, 0, 842, 17, 0, NULL),
(25867, 0, 843, 17, 0, NULL),
(25868, 0, 844, 17, 0, NULL),
(25869, 0, 845, 17, 1, 10),
(25870, 0, 846, 17, 0, NULL),
(25871, 0, 847, 17, 0, NULL),
(25872, 0, 848, 17, 0, NULL),
(25873, 0, 849, 17, 0, NULL),
(25874, 0, 850, 17, 0, NULL),
(25875, 0, 851, 17, 0, NULL),
(25876, 0, 852, 17, 0, NULL),
(25877, 0, 853, 17, 0, NULL),
(25878, 0, 854, 17, 0, NULL),
(25879, 0, 855, 17, 0, NULL),
(25880, 0, 856, 17, 0, NULL),
(25881, 0, 857, 17, 0, NULL),
(25882, 0, 858, 17, 0, NULL),
(25883, 0, 859, 17, 0, NULL),
(25884, 0, 860, 17, 0, NULL),
(25885, 0, 861, 17, 0, NULL),
(25886, 0, 862, 17, 0, NULL),
(25887, 0, 863, 17, 0, NULL),
(25888, 0, 864, 17, 0, NULL),
(25889, 0, 865, 17, 0, NULL),
(25890, 0, 866, 17, 0, NULL),
(25891, 0, 867, 17, 0, NULL),
(25892, 0, 868, 17, 0, NULL),
(25893, 0, 869, 17, 0, NULL),
(25894, 0, 870, 17, 0, NULL),
(25895, 0, 871, 17, 0, NULL),
(25896, 0, 872, 17, 0, NULL),
(25897, 0, 873, 17, 0, NULL),
(25898, 0, 874, 17, 0, NULL),
(25899, 0, 875, 17, 0, NULL),
(25900, 0, 876, 17, 0, NULL),
(25901, 0, 877, 17, 1, 5),
(25902, 0, 878, 17, 0, NULL),
(25903, 0, 879, 17, 1, 28),
(25904, 0, 880, 17, 0, NULL),
(25905, 0, 881, 17, 0, NULL),
(25906, 0, 882, 17, 0, NULL),
(25907, 0, 883, 17, 0, NULL),
(25908, 0, 884, 17, 0, NULL),
(25909, 0, 885, 17, 0, NULL),
(25910, 0, 886, 17, 0, NULL),
(25911, 0, 887, 17, 0, NULL),
(25912, 0, 888, 17, 0, NULL),
(25913, 0, 889, 17, 0, NULL),
(25914, 0, 890, 17, 0, NULL),
(25915, 0, 891, 17, 0, NULL),
(25916, 0, 892, 17, 0, NULL),
(25917, 0, 893, 17, 0, NULL),
(25918, 0, 894, 17, 0, NULL),
(25919, 0, 895, 17, 0, NULL),
(25920, 0, 896, 17, 0, NULL),
(25921, 0, 897, 17, 0, NULL),
(25922, 0, 898, 17, 0, NULL),
(25923, 0, 899, 17, 0, NULL),
(25924, 0, 900, 17, 0, NULL),
(25925, 0, 901, 17, 0, NULL),
(25926, 0, 902, 17, 0, NULL),
(25927, 0, 903, 17, 0, NULL),
(25928, 0, 904, 17, 0, NULL),
(25929, 0, 905, 17, 0, NULL),
(25930, 0, 906, 17, 0, NULL),
(25931, 0, 907, 17, 0, NULL),
(25932, 0, 908, 17, 0, NULL),
(25933, 0, 909, 17, 0, NULL),
(25934, 0, 910, 17, 0, NULL),
(25935, 0, 911, 17, 0, NULL),
(25936, 0, 912, 17, 0, NULL),
(25937, 0, 913, 17, 0, NULL),
(25938, 0, 914, 17, 0, NULL),
(25939, 0, 915, 17, 0, NULL),
(25940, 0, 916, 17, 0, NULL),
(25941, 0, 917, 17, 0, NULL),
(25942, 0, 918, 17, 0, NULL),
(25943, 0, 919, 17, 0, NULL),
(25944, 0, 920, 17, 0, NULL),
(25945, 0, 921, 17, 0, NULL),
(25946, 0, 922, 17, 0, NULL),
(25947, 0, 923, 17, 0, NULL),
(25948, 0, 924, 17, 0, NULL),
(25949, 0, 925, 17, 0, NULL),
(25950, 0, 926, 17, 0, NULL),
(25951, 0, 927, 17, 0, NULL),
(25952, 0, 928, 17, 0, NULL),
(25953, 0, 929, 17, 0, NULL),
(25954, 0, 930, 17, 0, NULL),
(25955, 0, 931, 17, 0, NULL),
(25956, 0, 932, 17, 1, 5),
(25957, 0, 933, 17, 0, NULL),
(25958, 0, 934, 17, 0, NULL),
(25959, 0, 935, 17, 0, NULL),
(25960, 0, 936, 17, 0, NULL),
(25961, 0, 937, 17, 1, 10),
(25962, 0, 938, 17, 0, NULL),
(25963, 0, 939, 17, 0, NULL),
(25964, 0, 940, 17, 0, NULL),
(25965, 0, 941, 17, 0, NULL),
(25966, 0, 942, 17, 0, NULL),
(25967, 0, 943, 17, 0, NULL),
(25968, 0, 944, 17, 0, NULL),
(25969, 0, 945, 17, 0, NULL),
(25970, 0, 946, 17, 0, NULL),
(25971, 0, 947, 17, 0, NULL),
(25972, 0, 948, 17, 0, NULL),
(25973, 0, 949, 17, 0, NULL),
(25974, 0, 950, 17, 0, NULL),
(25975, 0, 951, 17, 0, NULL),
(25976, 0, 952, 17, 0, NULL),
(25977, 0, 953, 17, 1, 10),
(25978, 0, 954, 17, 0, NULL),
(25979, 0, 955, 17, 0, NULL),
(25980, 0, 956, 17, 0, NULL),
(25981, 0, 957, 17, 0, NULL),
(25982, 0, 958, 17, 0, NULL),
(25983, 0, 959, 17, 0, NULL),
(25984, 0, 960, 17, 0, NULL),
(25985, 0, 961, 17, 0, NULL),
(25986, 0, 962, 17, 0, NULL),
(25987, 0, 963, 17, 0, NULL),
(25988, 0, 964, 17, 0, NULL),
(25989, 0, 965, 17, 0, NULL),
(25990, 0, 966, 17, 0, NULL),
(25991, 0, 967, 17, 0, NULL),
(25992, 0, 968, 17, 1, 28),
(25993, 0, 969, 17, 0, NULL),
(25994, 0, 970, 17, 0, NULL),
(25995, 0, 971, 17, 0, NULL),
(25996, 0, 972, 17, 0, NULL),
(25997, 0, 973, 17, 0, NULL),
(25998, 0, 974, 17, 0, NULL),
(25999, 0, 975, 17, 0, NULL),
(26000, 0, 976, 17, 0, NULL),
(26001, 0, 977, 17, 0, NULL),
(26002, 0, 978, 17, 0, NULL),
(26003, 0, 979, 17, 1, 5),
(26004, 0, 980, 17, 0, NULL),
(26005, 0, 981, 17, 0, NULL),
(26006, 0, 982, 17, 0, NULL),
(26007, 0, 983, 17, 0, NULL),
(26008, 0, 984, 17, 0, NULL),
(26009, 0, 985, 17, 0, NULL),
(26010, 0, 986, 17, 0, NULL),
(26011, 0, 987, 17, 0, NULL),
(26012, 0, 988, 17, 0, NULL),
(26013, 0, 989, 17, 0, NULL),
(26014, 0, 990, 17, 0, NULL),
(26015, 0, 991, 17, 0, NULL),
(26016, 0, 992, 17, 0, NULL),
(26017, 0, 993, 17, 0, NULL),
(26018, 0, 994, 17, 0, NULL),
(26019, 0, 995, 17, 0, NULL),
(26020, 0, 996, 17, 0, NULL),
(26021, 0, 997, 17, 0, NULL),
(26022, 0, 998, 17, 0, NULL),
(26023, 0, 999, 17, 1, 8),
(26024, 0, 1000, 17, 0, NULL),
(26025, 0, 1001, 17, 0, NULL),
(26026, 0, 1002, 17, 0, NULL),
(26027, 0, 1003, 17, 1, 5),
(26028, 0, 1004, 17, 0, NULL),
(26029, 0, 1005, 17, 0, NULL),
(26030, 0, 1006, 17, 0, NULL),
(26031, 0, 1007, 17, 1, 5),
(26032, 0, 1008, 17, 0, NULL),
(26033, 0, 1009, 17, 0, NULL),
(26034, 0, 1010, 17, 0, NULL),
(26035, 0, 1011, 17, 0, NULL),
(26036, 0, 1012, 17, 0, NULL),
(26037, 0, 1013, 17, 0, NULL),
(26038, 0, 1014, 17, 0, NULL),
(26039, 0, 1015, 17, 0, NULL),
(26040, 0, 1016, 17, 0, NULL),
(26041, 0, 1017, 17, 1, 8),
(26042, 0, 1018, 17, 0, NULL),
(26043, 0, 1019, 17, 0, NULL),
(26044, 0, 1020, 17, 0, NULL),
(26045, 0, 1021, 17, 0, NULL),
(26046, 0, 1022, 17, 0, NULL),
(26047, 0, 1023, 17, 0, NULL),
(26048, 0, 1024, 17, 1, 10),
(26049, 0, 1025, 17, 0, NULL),
(26050, 0, 1026, 17, 0, NULL),
(26051, 0, 1027, 17, 0, NULL),
(26052, 0, 1028, 17, 0, NULL),
(26053, 0, 1029, 17, 0, NULL),
(26054, 0, 1030, 17, 0, NULL),
(26055, 0, 1031, 17, 0, NULL),
(26056, 0, 1032, 17, 0, NULL),
(26057, 0, 1033, 17, 0, NULL),
(26058, 0, 1034, 17, 0, NULL),
(26059, 0, 1035, 17, 1, 8),
(26060, 0, 1036, 17, 0, NULL),
(26061, 0, 1037, 17, 0, NULL),
(26062, 0, 1038, 17, 0, NULL),
(26063, 0, 1039, 17, 0, NULL),
(26064, 0, 1040, 17, 1, 10),
(26065, 0, 1041, 17, 0, NULL),
(26066, 0, 1042, 17, 0, NULL),
(26067, 0, 1043, 17, 0, NULL),
(26068, 0, 1044, 17, 0, NULL),
(26069, 0, 1045, 17, 0, NULL),
(26070, 0, 1046, 17, 0, NULL),
(26071, 0, 1047, 17, 0, NULL),
(26072, 0, 1048, 17, 0, NULL),
(26073, 0, 1049, 17, 0, NULL),
(26074, 0, 1050, 17, 0, NULL),
(26075, 0, 1051, 17, 0, NULL),
(26076, 0, 1052, 17, 0, NULL),
(26077, 0, 1053, 17, 0, NULL),
(26078, 0, 1054, 17, 0, NULL),
(26079, 0, 1055, 17, 0, NULL),
(26080, 0, 1056, 17, 0, NULL),
(26081, 0, 1057, 17, 1, 5.5),
(26082, 0, 1058, 17, 1, 5),
(26083, 0, 1059, 17, 0, NULL),
(26084, 0, 1060, 17, 0, NULL),
(26085, 0, 1061, 17, 0, NULL),
(26086, 0, 1062, 17, 0, NULL),
(26087, 0, 1063, 17, 0, NULL),
(26088, 0, 1064, 17, 0, NULL),
(26089, 0, 1065, 17, 0, NULL),
(26090, 0, 1066, 17, 0, NULL),
(26091, 0, 1067, 17, 0, NULL),
(26092, 0, 1068, 17, 0, NULL),
(26093, 0, 1069, 17, 0, NULL),
(26094, 0, 1070, 17, 1, 5),
(26095, 0, 1071, 17, 0, NULL),
(26096, 0, 1072, 17, 0, NULL),
(26097, 0, 1073, 17, 0, NULL),
(26098, 0, 1074, 17, 0, NULL),
(26099, 0, 1075, 17, 0, NULL),
(26100, 0, 1076, 17, 0, NULL),
(26101, 0, 1077, 17, 0, NULL),
(26102, 0, 1078, 17, 0, NULL),
(26103, 0, 1079, 17, 0, NULL),
(26104, 0, 1080, 17, 0, NULL),
(26105, 0, 1081, 17, 1, 5),
(26106, 0, 1082, 17, 0, NULL),
(26107, 0, 1083, 17, 0, NULL),
(26108, 0, 1084, 17, 0, NULL),
(26109, 0, 1085, 17, 0, NULL),
(26110, 0, 1086, 17, 1, 4),
(26111, 0, 1087, 17, 0, NULL),
(26112, 0, 1088, 17, 0, NULL),
(26113, 0, 1089, 17, 0, NULL),
(26114, 0, 1090, 17, 0, NULL),
(26115, 0, 1091, 17, 0, NULL),
(26116, 0, 1092, 17, 0, NULL),
(26117, 0, 1093, 17, 0, NULL),
(26118, 0, 1094, 17, 0, NULL),
(26119, 0, 1095, 17, 0, NULL),
(26120, 0, 1096, 17, 0, NULL),
(26121, 0, 1097, 17, 0, NULL),
(26122, 0, 1098, 17, 0, NULL),
(26123, 0, 1099, 17, 0, NULL),
(26124, 0, 1100, 17, 0, NULL),
(26125, 0, 1101, 17, 0, NULL),
(26126, 0, 1102, 17, 0, NULL),
(26127, 0, 1103, 17, 0, NULL),
(26128, 0, 1104, 17, 0, NULL),
(26129, 0, 1105, 17, 0, NULL),
(26130, 0, 1106, 17, 0, NULL),
(26131, 0, 1107, 17, 0, NULL),
(26132, 0, 1108, 17, 0, NULL),
(26133, 0, 1109, 17, 0, NULL),
(26134, 0, 1110, 17, 0, NULL),
(26135, 0, 1111, 17, 0, NULL),
(26136, 0, 1112, 17, 0, NULL),
(26137, 0, 1113, 17, 0, NULL),
(26138, 0, 1114, 17, 0, NULL),
(26139, 0, 1115, 17, 0, NULL),
(26140, 0, 1116, 17, 0, NULL),
(26141, 0, 1117, 17, 0, NULL),
(26142, 0, 1118, 17, 0, NULL),
(26143, 0, 1119, 17, 0, NULL),
(26144, 0, 1120, 17, 0, NULL),
(26145, 0, 1121, 17, 0, NULL),
(26146, 0, 1122, 17, 0, NULL),
(26147, 0, 1123, 17, 0, NULL),
(26148, 0, 1124, 17, 0, NULL),
(26149, 0, 1125, 17, 1, 16),
(26150, 0, 1126, 17, 0, NULL),
(26151, 0, 1127, 17, 1, 5.5),
(26152, 0, 1128, 17, 0, NULL),
(26153, 0, 1129, 17, 1, 5),
(26154, 0, 1130, 17, 0, NULL),
(26155, 0, 1131, 17, 0, NULL),
(26156, 0, 1132, 17, 0, NULL),
(26157, 0, 1133, 17, 0, NULL),
(26158, 0, 1134, 17, 0, NULL),
(26159, 0, 1135, 17, 0, NULL),
(26160, 0, 1136, 17, 0, NULL),
(26161, 0, 1137, 17, 0, NULL),
(26162, 0, 1138, 17, 1, 4.5),
(26163, 0, 1139, 17, 0, NULL),
(26164, 0, 1140, 17, 0, NULL),
(26165, 0, 1141, 17, 0, NULL),
(26166, 0, 1142, 17, 0, NULL),
(26167, 0, 1143, 17, 0, NULL),
(26168, 0, 1144, 17, 0, NULL),
(26169, 0, 1145, 17, 0, NULL),
(26170, 0, 1146, 17, 0, NULL),
(26171, 0, 1147, 17, 0, NULL),
(26172, 0, 1148, 17, 0, NULL),
(26173, 0, 1149, 17, 0, NULL),
(26174, 0, 1150, 17, 0, NULL),
(26175, 0, 1151, 17, 0, NULL),
(26176, 0, 1152, 17, 0, NULL),
(26177, 0, 1153, 17, 0, NULL),
(26178, 0, 1154, 17, 0, NULL),
(26179, 0, 1155, 17, 0, NULL),
(26180, 0, 1156, 17, 0, NULL),
(26181, 0, 1157, 17, 0, NULL),
(26182, 0, 1158, 17, 0, NULL),
(26183, 0, 1159, 17, 0, NULL),
(26184, 0, 1160, 17, 0, NULL),
(26185, 0, 801, 16, 1, 10),
(26186, 0, 802, 16, 1, 7),
(26187, 0, 803, 16, 1, 5),
(26188, 0, 804, 16, 0, NULL),
(26189, 0, 805, 16, 1, 11),
(26190, 0, 806, 16, 1, 10),
(26191, 0, 807, 16, 1, 5),
(26192, 0, 808, 16, 0, NULL),
(26193, 0, 809, 16, 0, NULL),
(26194, 0, 810, 16, 1, 5),
(26195, 0, 811, 16, 1, 4),
(26196, 0, 812, 16, 0, 13),
(26197, 0, 813, 16, 0, NULL),
(26198, 0, 814, 16, 0, NULL),
(26199, 0, 815, 16, 1, 6),
(26200, 0, 816, 16, 1, 5),
(26201, 0, 817, 16, 0, 5),
(26202, 0, 818, 16, 1, 6),
(26203, 0, 819, 16, 1, 3),
(26204, 0, 820, 16, 1, 2),
(26205, 0, 821, 16, 1, 7),
(26206, 0, 822, 16, 1, 12.5),
(26207, 0, 823, 16, 0, NULL),
(26208, 0, 824, 16, 1, 4.5),
(26209, 0, 825, 16, 1, 10),
(26210, 0, 826, 16, 1, 5.5),
(26211, 0, 827, 16, 1, 5),
(26212, 0, 828, 16, 1, 7.5),
(26213, 0, 829, 16, 0, 5),
(26214, 0, 830, 16, 0, 5.5),
(26215, 0, 831, 16, 0, 11),
(26216, 0, 832, 16, 0, NULL),
(26217, 0, 833, 16, 1, 5.5),
(26218, 0, 834, 16, 0, NULL),
(26219, 0, 835, 16, 0, 5.5),
(26220, 0, 836, 16, 1, 15),
(26221, 0, 837, 16, 1, 3),
(26222, 0, 838, 16, 1, 5),
(26223, 0, 839, 16, 1, 7),
(26224, 0, 840, 16, 1, 11),
(26225, 0, 841, 16, 1, 4.5),
(26226, 0, 842, 16, 1, 3.5),
(26227, 0, 843, 16, 0, NULL),
(26228, 0, 844, 16, 1, 11),
(26229, 0, 845, 16, 1, 4),
(26230, 0, 846, 16, 0, 8.5),
(26231, 0, 847, 16, 1, 4),
(26232, 0, 848, 16, 0, 13),
(26233, 0, 849, 16, 0, 4.5),
(26234, 0, 850, 16, 0, NULL),
(26235, 0, 851, 16, 1, 8.5),
(26236, 0, 852, 16, 0, 5),
(26237, 0, 853, 16, 1, 7.5),
(26238, 0, 854, 16, 0, 5.5);
INSERT INTO `playerteamweek` (`id`, `version`, `playerteam`, `week`, `plays`, `points`) VALUES (26239, 0, 855, 16, 1, 5.5),
(26240, 0, 856, 16, 0, NULL),
(26241, 0, 857, 16, 1, 30),
(26242, 0, 858, 16, 1, 12.5),
(26243, 0, 859, 16, 1, 5),
(26244, 0, 860, 16, 1, 4.5),
(26245, 0, 861, 16, 1, 5.5),
(26246, 0, 862, 16, 1, 10),
(26247, 0, 863, 16, 1, 4),
(26248, 0, 864, 16, 1, 7.5),
(26249, 0, 865, 16, 1, 8.5),
(26250, 0, 866, 16, 0, 8),
(26251, 0, 867, 16, 0, 3),
(26252, 0, 868, 16, 1, 3.5),
(26253, 0, 869, 16, 0, 6),
(26254, 0, 870, 16, 0, 3),
(26255, 0, 871, 16, 0, 5),
(26256, 0, 872, 16, 0, 5.5),
(26257, 0, 873, 16, 1, 10),
(26258, 0, 874, 16, 1, 6),
(26259, 0, 875, 16, 1, 11.5),
(26260, 0, 876, 16, 1, 5),
(26261, 0, 877, 16, 1, 5),
(26262, 0, 878, 16, 1, 8.5),
(26263, 0, 879, 16, 1, 10),
(26264, 0, 880, 16, 1, 4),
(26265, 0, 881, 16, 1, 5),
(26266, 0, 882, 16, 1, 6),
(26267, 0, 883, 16, 1, 7.5),
(26268, 0, 884, 16, 0, 13),
(26269, 0, 885, 16, 0, NULL),
(26270, 0, 886, 16, 0, NULL),
(26271, 0, 887, 16, 0, NULL),
(26272, 0, 888, 16, 0, 4.5),
(26273, 0, 889, 16, 0, 8.5),
(26274, 0, 890, 16, 0, NULL),
(26275, 0, 891, 16, 1, 8),
(26276, 0, 892, 16, 1, 2),
(26277, 0, 893, 16, 0, NULL),
(26278, 0, 894, 16, 1, 5),
(26279, 0, 895, 16, 0, NULL),
(26280, 0, 896, 16, 1, 11),
(26281, 0, 897, 16, 0, NULL),
(26282, 0, 898, 16, 0, NULL),
(26283, 0, 899, 16, 1, 5.5),
(26284, 0, 900, 16, 1, 4),
(26285, 0, 901, 16, 0, NULL),
(26286, 0, 902, 16, 0, 4.5),
(26287, 0, 903, 16, 1, 4),
(26288, 0, 904, 16, 1, 3.5),
(26289, 0, 905, 16, 1, 4.5),
(26290, 0, 906, 16, 1, 8.5),
(26291, 0, 907, 16, 0, 7.5),
(26292, 0, 908, 16, 1, 8.5),
(26293, 0, 909, 16, 0, NULL),
(26294, 0, 910, 16, 1, 6),
(26295, 0, 911, 16, 1, 2),
(26296, 0, 912, 16, 1, 5),
(26297, 0, 913, 16, 1, 12.5),
(26298, 0, 914, 16, 1, 7),
(26299, 0, 915, 16, 1, 4),
(26300, 0, 916, 16, 1, 5),
(26301, 0, 917, 16, 0, NULL),
(26302, 0, 918, 16, 1, 12),
(26303, 0, 919, 16, 1, 15),
(26304, 0, 920, 16, 1, 9),
(26305, 0, 921, 16, 0, NULL),
(26306, 0, 922, 16, 0, 3.5),
(26307, 0, 923, 16, 0, NULL),
(26308, 0, 924, 16, 1, 5),
(26309, 0, 925, 16, 0, 7.5),
(26310, 0, 926, 16, 0, 5.5),
(26311, 0, 927, 16, 1, 5),
(26312, 0, 928, 16, 1, 4),
(26313, 0, 929, 16, 1, 11.5),
(26314, 0, 930, 16, 1, 5),
(26315, 0, 931, 16, 1, 6),
(26316, 0, 932, 16, 1, 5),
(26317, 0, 933, 16, 1, 8.5),
(26318, 0, 934, 16, 0, NULL),
(26319, 0, 935, 16, 1, 11),
(26320, 0, 936, 16, 0, NULL),
(26321, 0, 937, 16, 1, 4),
(26322, 0, 938, 16, 0, 4.5),
(26323, 0, 939, 16, 0, 1.5),
(26324, 0, 940, 16, 0, NULL),
(26325, 0, 941, 16, 1, 4.5),
(26326, 0, 942, 16, 1, 5.5),
(26327, 0, 943, 16, 0, 7.5),
(26328, 0, 944, 16, 0, 6),
(26329, 0, 945, 16, 1, 10),
(26330, 0, 946, 16, 1, 7),
(26331, 0, 947, 16, 1, 6),
(26332, 0, 948, 16, 1, 5),
(26333, 0, 949, 16, 1, 5.5),
(26334, 0, 950, 16, 0, NULL),
(26335, 0, 951, 16, 1, 5.5),
(26336, 0, 952, 16, 0, NULL),
(26337, 0, 953, 16, 0, 5),
(26338, 0, 954, 16, 1, 17),
(26339, 0, 955, 16, 1, 4),
(26340, 0, 956, 16, 0, NULL),
(26341, 0, 957, 16, 0, 4.5),
(26342, 0, 958, 16, 1, 5),
(26343, 0, 959, 16, 0, NULL),
(26344, 0, 960, 16, 1, 5),
(26345, 0, 961, 16, 1, 6),
(26346, 0, 962, 16, 0, 3.5),
(26347, 0, 963, 16, 1, 8),
(26348, 0, 964, 16, 1, 5),
(26349, 0, 965, 16, 0, NULL),
(26350, 0, 966, 16, 1, 5.5),
(26351, 0, 967, 16, 1, 4),
(26352, 0, 968, 16, 1, 10),
(26353, 0, 969, 16, 1, 5.5),
(26354, 0, 970, 16, 0, NULL),
(26355, 0, 971, 16, 1, 5.5),
(26356, 0, 972, 16, 1, 7.5),
(26357, 0, 973, 16, 1, 8.5),
(26358, 0, 974, 16, 0, 13),
(26359, 0, 975, 16, 0, 3.5),
(26360, 0, 976, 16, 1, 5),
(26361, 0, 977, 16, 0, 4),
(26362, 0, 978, 16, 1, 4.5),
(26363, 0, 979, 16, 0, 5),
(26364, 0, 980, 16, 0, 5),
(26365, 0, 981, 16, 1, 8),
(26366, 0, 982, 16, 1, 2),
(26367, 0, 983, 16, 1, 7),
(26368, 0, 984, 16, 1, 11),
(26369, 0, 985, 16, 0, NULL),
(26370, 0, 986, 16, 1, 5.5),
(26371, 0, 987, 16, 1, 5),
(26372, 0, 988, 16, 1, 4.5),
(26373, 0, 989, 16, 1, 3.5),
(26374, 0, 990, 16, 1, 5),
(26375, 0, 991, 16, 1, 15),
(26376, 0, 992, 16, 0, 13),
(26377, 0, 993, 16, 0, NULL),
(26378, 0, 994, 16, 1, 4.5),
(26379, 0, 995, 16, 0, 5.5),
(26380, 0, 996, 16, 0, 5),
(26381, 0, 997, 16, 0, 8.5),
(26382, 0, 998, 16, 0, 5.5),
(26383, 0, 999, 16, 1, 3),
(26384, 0, 1000, 16, 0, NULL),
(26385, 0, 1001, 16, 0, NULL),
(26386, 0, 1002, 16, 1, 11),
(26387, 0, 1003, 16, 1, 5),
(26388, 0, 1004, 16, 1, 5.5),
(26389, 0, 1005, 16, 1, 3.5),
(26390, 0, 1006, 16, 1, 4.5),
(26391, 0, 1007, 16, 0, 5),
(26392, 0, 1008, 16, 1, 15),
(26393, 0, 1009, 16, 1, 5),
(26394, 0, 1010, 16, 0, NULL),
(26395, 0, 1011, 16, 1, 3.5),
(26396, 0, 1012, 16, 0, NULL),
(26397, 0, 1013, 16, 0, NULL),
(26398, 0, 1014, 16, 1, 8.5),
(26399, 0, 1015, 16, 1, 7.5),
(26400, 0, 1016, 16, 0, NULL),
(26401, 0, 1017, 16, 1, 3),
(26402, 0, 1018, 16, 1, 11.5),
(26403, 0, 1019, 16, 1, 12.5),
(26404, 0, 1020, 16, 1, 11),
(26405, 0, 1021, 16, 0, NULL),
(26406, 0, 1022, 16, 1, 4),
(26407, 0, 1023, 16, 0, NULL),
(26408, 0, 1024, 16, 1, 10),
(26409, 0, 1025, 16, 0, NULL),
(26410, 0, 1026, 16, 1, 15),
(26411, 0, 1027, 16, 1, 7.5),
(26412, 0, 1028, 16, 0, 13),
(26413, 0, 1029, 16, 1, 7),
(26414, 0, 1030, 16, 0, 4),
(26415, 0, 1031, 16, 1, 13),
(26416, 0, 1032, 16, 1, 5.5),
(26417, 0, 1033, 16, 0, NULL),
(26418, 0, 1034, 16, 0, 5.5),
(26419, 0, 1035, 16, 1, 3),
(26420, 0, 1036, 16, 1, 7),
(26421, 0, 1037, 16, 1, 5),
(26422, 0, 1038, 16, 1, 5),
(26423, 0, 1039, 16, 1, 4.5),
(26424, 0, 1040, 16, 1, 10),
(26425, 0, 1041, 16, 1, 5.5),
(26426, 0, 1042, 16, 0, NULL),
(26427, 0, 1043, 16, 0, NULL),
(26428, 0, 1044, 16, 1, 5.5),
(26429, 0, 1045, 16, 1, 6),
(26430, 0, 1046, 16, 0, NULL),
(26431, 0, 1047, 16, 0, NULL),
(26432, 0, 1048, 16, 0, 4),
(26433, 0, 1049, 16, 1, 5),
(26434, 0, 1050, 16, 1, 5),
(26435, 0, 1051, 16, 0, 5),
(26436, 0, 1052, 16, 0, 4),
(26437, 0, 1053, 16, 1, 5.5),
(26438, 0, 1054, 16, 0, NULL),
(26439, 0, 1055, 16, 0, NULL),
(26440, 0, 1056, 16, 1, 6.5),
(26441, 0, 1057, 16, 0, NULL),
(26442, 0, 1058, 16, 1, 4),
(26443, 0, 1059, 16, 0, NULL),
(26444, 0, 1060, 16, 1, 3.5),
(26445, 0, 1061, 16, 1, 4),
(26446, 0, 1062, 16, 1, 5.5),
(26447, 0, 1063, 16, 1, 15),
(26448, 0, 1064, 16, 0, 4.5),
(26449, 0, 1065, 16, 1, 4),
(26450, 0, 1066, 16, 1, 3.5),
(26451, 0, 1067, 16, 0, NULL),
(26452, 0, 1068, 16, 1, 4.5),
(26453, 0, 1069, 16, 0, 4),
(26454, 0, 1070, 16, 1, 5),
(26455, 0, 1071, 16, 1, 5.5),
(26456, 0, 1072, 16, 1, 25),
(26457, 0, 1073, 16, 1, 6.5),
(26458, 0, 1074, 16, 1, 11),
(26459, 0, 1075, 16, 1, 5.5),
(26460, 0, 1076, 16, 1, 6),
(26461, 0, 1077, 16, 1, 13),
(26462, 0, 1078, 16, 1, 7),
(26463, 0, 1079, 16, 1, 4),
(26464, 0, 1080, 16, 1, 7.5),
(26465, 0, 1081, 16, 0, NULL),
(26466, 0, 1082, 16, 0, 10),
(26467, 0, 1083, 16, 0, 4),
(26468, 0, 1084, 16, 0, NULL),
(26469, 0, 1085, 16, 0, 3),
(26470, 0, 1086, 16, 0, 6),
(26471, 0, 1087, 16, 1, 5),
(26472, 0, 1088, 16, 0, 7.5),
(26473, 0, 1089, 16, 1, 10),
(26474, 0, 1090, 16, 1, 5),
(26475, 0, 1091, 16, 1, 3.5),
(26476, 0, 1092, 16, 0, NULL),
(26477, 0, 1093, 16, 1, 13),
(26478, 0, 1094, 16, 1, 11),
(26479, 0, 1095, 16, 1, 5),
(26480, 0, 1096, 16, 0, NULL),
(26481, 0, 1097, 16, 1, 7.5),
(26482, 0, 1098, 16, 1, 5),
(26483, 0, 1099, 16, 1, 4),
(26484, 0, 1100, 16, 0, NULL),
(26485, 0, 1101, 16, 0, NULL),
(26486, 0, 1102, 16, 1, 11),
(26487, 0, 1103, 16, 0, NULL),
(26488, 0, 1104, 16, 1, 8.5),
(26489, 0, 1105, 16, 0, 7.5),
(26490, 0, 1106, 16, 0, 5),
(26491, 0, 1107, 16, 1, 8),
(26492, 0, 1108, 16, 0, NULL),
(26493, 0, 1109, 16, 1, 12.5),
(26494, 0, 1110, 16, 1, 11),
(26495, 0, 1111, 16, 1, 5.5),
(26496, 0, 1112, 16, 1, 4),
(26497, 0, 1113, 16, 1, 3.5),
(26498, 0, 1114, 16, 1, 6),
(26499, 0, 1115, 16, 1, 8),
(26500, 0, 1116, 16, 1, 7.5),
(26501, 0, 1117, 16, 1, 8.5),
(26502, 0, 1118, 16, 0, NULL),
(26503, 0, 1119, 16, 1, 12),
(26504, 0, 1120, 16, 0, 4.5),
(26505, 0, 1121, 16, 0, 5),
(26506, 0, 1122, 16, 0, 5),
(26507, 0, 1123, 16, 0, 4),
(26508, 0, 1124, 16, 0, 5.5),
(26509, 0, 1125, 16, 1, 6),
(26510, 0, 1126, 16, 1, 12.5),
(26511, 0, 1127, 16, 0, NULL),
(26512, 0, 1128, 16, 1, 2),
(26513, 0, 1129, 16, 1, 5),
(26514, 0, 1130, 16, 1, 6.5),
(26515, 0, 1131, 16, 1, 4.5),
(26516, 0, 1132, 16, 1, 3.5),
(26517, 0, 1133, 16, 1, 4),
(26518, 0, 1134, 16, 1, 5),
(26519, 0, 1135, 16, 1, 8.5),
(26520, 0, 1136, 16, 0, 5.5),
(26521, 0, 1137, 16, 1, 11),
(26522, 0, 1138, 16, 0, 4),
(26523, 0, 1139, 16, 0, 5),
(26524, 0, 1140, 16, 0, NULL),
(26525, 0, 1141, 16, 0, 6),
(26526, 0, 1142, 16, 0, NULL),
(26527, 0, 1143, 16, 1, 5),
(26528, 0, 1144, 16, 1, 11),
(26529, 0, 1145, 16, 1, 7),
(26530, 0, 1146, 16, 1, 12.5),
(26531, 0, 1147, 16, 1, 5),
(26532, 0, 1148, 16, 0, NULL),
(26533, 0, 1149, 16, 1, 4.5),
(26534, 0, 1150, 16, 1, 8),
(26535, 0, 1151, 16, 1, 13),
(26536, 0, 1152, 16, 1, 7.5),
(26537, 0, 1153, 16, 1, 8.5),
(26538, 0, 1154, 16, 0, NULL),
(26539, 0, 1155, 16, 0, NULL),
(26540, 0, 1156, 16, 0, 4.5),
(26541, 0, 1157, 16, 1, 4),
(26542, 0, 1158, 16, 0, NULL),
(26543, 0, 1159, 16, 0, 5),
(26544, 0, 1160, 16, 0, NULL);

-- --------------------------------------------------------

-- 
-- Estructura de tabla para la tabla `playerweek`
-- 

DROP TABLE IF EXISTS `playerweek`;
CREATE TABLE IF NOT EXISTS `playerweek` (
  `id` bigint(20) NOT NULL auto_increment,
  `version` bigint(20) NOT NULL default '0',
  `player` bigint(20) NOT NULL,
  `week` bigint(20) NOT NULL,
  `totalPoints` double default NULL,
  `olePoints` double default NULL,
  `cleanGoal` tinyint(1) default NULL,
  `ownGoal` int(11) default NULL,
  `mom` tinyint(1) default NULL,
  `goals` int(11) default NULL,
  `penaltyGoals` int(11) default NULL,
  `freeKickGoals` int(11) default NULL,
  `missedPenalties` int(11) default NULL,
  `cachedPenalties` int(11) default NULL,
  `yellowCard` tinyint(1) default NULL,
  `redCard` tinyint(1) default NULL,
  PRIMARY KEY  (`id`),
  UNIQUE KEY `UK_PlayerWeek_player_week` (`player`,`week`),
  KEY `FK_PlayerWeek_player` (`player`),
  KEY `FK_PlayerWeek_week` (`week`)
) ENGINE=InnoDB DEFAULT CHARSET=latin1 AUTO_INCREMENT=2 ;

-- 
-- Volcar la base de datos para la tabla `playerweek`
-- 

INSERT INTO `playerweek` (`id`, `version`, `player`, `week`, `totalPoints`, `olePoints`, `cleanGoal`, `ownGoal`, `mom`, `goals`, `penaltyGoals`, `freeKickGoals`, `missedPenalties`, `cachedPenalties`, `yellowCard`, `redCard`) VALUES (1, 0, 1, 1, 6, 6, NULL, NULL, NULL, NULL, NULL, NULL, NULL, NULL, NULL, NULL);

-- --------------------------------------------------------

-- 
-- Estructura de tabla para la tabla `positionteamweek`
-- 

DROP TABLE IF EXISTS `positionteamweek`;
CREATE TABLE IF NOT EXISTS `positionteamweek` (
  `id` bigint(20) NOT NULL auto_increment,
  `version` bigint(20) NOT NULL default '0',
  `team` bigint(20) NOT NULL,
  `week` bigint(20) NOT NULL,
  `category` bigint(20) default NULL,
  `position` int(11) default NULL,
  `points` double default NULL,
  `weekPoints` double default NULL,
  PRIMARY KEY  (`id`),
  UNIQUE KEY `UK_PositionTeamWeek_team_week` (`team`,`week`),
  KEY `FK_PositionTeamWeek_team` (`team`),
  KEY `FK_PositionTeamWeek_week` (`week`),
  KEY `FK_PositionTeamWeek_category` (`category`)
) ENGINE=InnoDB DEFAULT CHARSET=latin1 AUTO_INCREMENT=1296 ;

-- 
-- Volcar la base de datos para la tabla `positionteamweek`
-- 

INSERT INTO `positionteamweek` (`id`, `version`, `team`, `week`, `category`, `position`, `points`, `weekPoints`) VALUES (1, 1, 52, 11, 1, 5, 592, NULL),
(2, 1, 53, 11, 1, 1, 666, NULL),
(3, 1, 54, 11, 1, 2, 627, NULL),
(4, 1, 55, 11, 1, 3, 610, NULL),
(5, 1, 56, 11, 1, 9, 555.5, NULL),
(6, 1, 57, 11, 1, 4, 604, NULL),
(7, 1, 58, 11, 1, 7, 564, NULL),
(8, 1, 59, 11, 1, 10, 554.5, NULL),
(9, 1, 60, 11, 1, 6, 583.5, NULL),
(10, 1, 61, 11, 1, 8, 563, NULL),
(11, 1, 62, 11, 2, 2, 665.5, NULL),
(12, 1, 63, 11, 2, 3, 623, NULL),
(13, 1, 64, 11, 2, 4, 609.5, NULL),
(14, 1, 65, 11, 2, 5, 603.5, NULL),
(15, 1, 66, 11, 2, 1, 680.5, NULL),
(16, 1, 67, 11, 2, 6, 599, NULL),
(17, 1, 68, 11, 2, 8, 587.5, NULL),
(18, 1, 69, 11, 2, 7, 594.5, NULL),
(19, 1, 70, 11, 2, 9, 552, NULL),
(20, 1, 71, 11, 2, 10, 544, NULL),
(1035, 1, 52, 14, 1, 4, 837.5, 84.5),
(1036, 1, 53, 14, 1, 1, 889.5, 80),
(1037, 1, 54, 14, 1, 2, 869, 80),
(1038, 1, 55, 14, 1, 5, 831.5, 75),
(1039, 1, 56, 14, 1, 9, 763.5, 65),
(1040, 1, 57, 14, 1, 3, 841.5, 79.5),
(1041, 1, 58, 14, 1, 8, 781.5, 81),
(1042, 1, 59, 14, 1, 10, 759, 69),
(1043, 1, 60, 14, 1, 7, 787.5, 76.5),
(1044, 1, 61, 14, 1, 6, 809, 82.5),
(1045, 1, 62, 14, 2, 1, 945, 95),
(1046, 1, 63, 14, 2, 3, 844, 90.5),
(1047, 1, 64, 14, 2, 5, 822, 73),
(1048, 1, 65, 14, 2, 6, 818, 67.5),
(1049, 1, 66, 14, 2, 2, 915, 88.5),
(1050, 1, 67, 14, 2, 7, 808.5, 60),
(1051, 1, 68, 14, 2, 8, 782.5, 69.5),
(1052, 1, 69, 14, 2, 4, 834.5, 95.5),
(1053, 1, 70, 14, 2, 10, 755.5, 64),
(1054, 1, 71, 14, 2, 9, 782.5, 96),
(1055, 1, 52, 13, 1, 5, 753, 82),
(1056, 1, 53, 13, 1, 1, 809.5, 73),
(1057, 1, 54, 13, 1, 2, 789, 79.5),
(1058, 1, 55, 13, 1, 4, 756.5, 71.5),
(1059, 1, 56, 13, 1, 9, 698.5, 66.5),
(1060, 1, 57, 13, 1, 3, 762, 69.5),
(1061, 1, 58, 13, 1, 8, 700.5, 66),
(1062, 1, 59, 13, 1, 10, 690, 77),
(1063, 1, 60, 13, 1, 7, 711, 60.5),
(1064, 1, 61, 13, 1, 6, 726.5, 73.5),
(1065, 1, 62, 13, 2, 1, 850, 75.5),
(1066, 1, 63, 13, 2, 3, 753.5, 74),
(1067, 1, 64, 13, 2, 5, 749, 75),
(1068, 1, 65, 13, 2, 4, 750.5, 85),
(1069, 1, 66, 13, 2, 2, 826.5, 83.5),
(1070, 1, 67, 13, 2, 6, 748.5, 80),
(1071, 1, 68, 13, 2, 8, 713, 64),
(1072, 1, 69, 13, 2, 7, 739, 73),
(1073, 1, 70, 13, 2, 9, 691.5, 82.5),
(1074, 1, 71, 13, 2, 10, 686.5, 62),
(1075, 1, 52, 12, 1, 5, 671, 79),
(1076, 1, 53, 12, 1, 1, 736.5, 70.5),
(1077, 1, 54, 12, 1, 2, 709.5, 82.5),
(1078, 1, 55, 12, 1, 4, 685, 75),
(1079, 1, 56, 12, 1, 9, 632, 76.5),
(1080, 1, 57, 12, 1, 3, 692.5, 88.5),
(1081, 1, 58, 12, 1, 8, 634.5, 70.5),
(1082, 1, 59, 12, 1, 10, 617, 62.5),
(1083, 1, 60, 12, 1, 7, 650.5, 67),
(1084, 1, 61, 12, 1, 6, 653, 90),
(1085, 1, 62, 12, 2, 1, 774.5, 109),
(1086, 1, 63, 12, 2, 3, 679.5, 56.5),
(1087, 1, 64, 12, 2, 4, 674, 64.5),
(1088, 1, 65, 12, 2, 7, 665.5, 62),
(1089, 1, 66, 12, 2, 2, 743, 62.5),
(1090, 1, 67, 12, 2, 5, 668.5, 69.5),
(1091, 1, 68, 12, 2, 8, 649, 61.5),
(1092, 1, 69, 12, 2, 6, 666, 71.5),
(1093, 1, 70, 12, 2, 10, 609, 57),
(1094, 1, 71, 12, 2, 9, 624.5, 80.5),
(1215, 1, 52, 15, 1, 4, 917, 79.5),
(1216, 1, 53, 15, 1, 2, 971, 81.5),
(1217, 1, 54, 15, 1, 1, 977, 108),
(1218, 1, 55, 15, 1, 6, 902.5, 71),
(1219, 1, 56, 15, 1, 7, 864, 100.5),
(1220, 1, 57, 15, 1, 3, 935.5, 94),
(1221, 1, 58, 15, 1, 8, 854.5, 73),
(1222, 1, 59, 15, 1, 9, 850.5, 91.5),
(1223, 1, 60, 15, 1, 10, 850.5, 63),
(1224, 1, 61, 15, 1, 5, 907.5, 98.5),
(1225, 1, 62, 15, 2, 1, 1022.5, 77.5),
(1226, 1, 63, 15, 2, 3, 920, 76),
(1227, 1, 64, 15, 2, 5, 887, 65),
(1228, 1, 65, 15, 2, 8, 871.5, 53.5),
(1229, 1, 66, 15, 2, 2, 978.5, 63.5),
(1230, 1, 67, 15, 2, 6, 875, 66.5),
(1231, 1, 68, 15, 2, 9, 861, 78.5),
(1232, 1, 69, 15, 2, 4, 900.5, 66),
(1233, 1, 70, 15, 2, 10, 812, 56.5),
(1234, 1, 71, 15, 2, 7, 874, 91.5),
(1275, 0, 52, 17, NULL, NULL, 1029, 38),
(1276, 1, 52, 16, 1, 5, 991, 74),
(1277, 1, 53, 16, 1, 1, 1048.5, 77.5),
(1278, 1, 54, 16, 1, 2, 1046, 69),
(1279, 1, 55, 16, 1, 4, 999, 96.5),
(1280, 1, 56, 16, 1, 7, 942.5, 78.5),
(1281, 1, 57, 16, 1, 3, 1000, 64.5),
(1282, 1, 58, 16, 1, 8, 937, 82.5),
(1283, 1, 59, 16, 1, 10, 920.5, 70),
(1284, 1, 60, 16, 1, 9, 926.5, 76),
(1285, 1, 61, 16, 1, 6, 976.5, 69),
(1286, 1, 62, 16, 2, 1, 1093.5, 71),
(1287, 1, 63, 16, 2, 3, 992, 72),
(1288, 1, 64, 16, 2, 4, 987, 100),
(1289, 1, 65, 16, 2, 9, 933, 61.5),
(1290, 1, 66, 16, 2, 2, 1039.5, 61),
(1291, 1, 67, 16, 2, 6, 971, 96),
(1292, 1, 68, 16, 2, 8, 944.5, 83.5),
(1293, 1, 69, 16, 2, 5, 987, 86.5),
(1294, 1, 70, 16, 2, 10, 880.5, 68.5),
(1295, 1, 71, 16, 2, 7, 960, 86);

-- --------------------------------------------------------

-- 
-- Estructura de tabla para la tabla `team`
-- 

DROP TABLE IF EXISTS `team`;
CREATE TABLE IF NOT EXISTS `team` (
  `id` bigint(20) NOT NULL auto_increment,
  `version` bigint(20) NOT NULL default '0',
  `name` varchar(255) NOT NULL,
  `user` bigint(20) NOT NULL,
  `category` bigint(20) NOT NULL,
  PRIMARY KEY  (`id`),
  UNIQUE KEY `UK_Team_name` (`name`),
  KEY `FK_Team_user` (`user`),
  KEY `FK_Team_category` (`category`)
) ENGINE=InnoDB DEFAULT CHARSET=latin1 AUTO_INCREMENT=72 ;

-- 
-- Volcar la base de datos para la tabla `team`
-- 

INSERT INTO `team` (`id`, `version`, `name`, `user`, `category`) VALUES (52, 0, 'Botox', 52, 1),
(53, 0, 'HRG F.C.', 53, 1),
(54, 0, 'Viejita Stone', 54, 1),
(55, 0, 'TRES', 55, 1),
(56, 0, '15 de Octubre', 56, 1),
(57, 0, 'Red Bull', 57, 1),
(58, 0, 'Capussoto F.C.', 58, 1),
(59, 0, 'QEE', 59, 1),
(60, 0, 'GELP WareTech', 60, 1),
(61, 0, 'Chapita de Cerveza Fóbal Clus', 61, 1),
(62, 0, 'Los Super Ratones', 62, 2),
(63, 0, 'La Bandita', 63, 2),
(64, 0, 'Magia Negra', 64, 2),
(65, 0, 'A.C. DECANO', 65, 2),
(66, 0, 'La Filial', 66, 2),
(67, 0, 'Hidrocarburo', 67, 2),
(68, 0, 'FASA 13', 68, 2),
(69, 0, 'ULTIMO RECURSO', 69, 2),
(70, 0, 'Clockwork Orange', 70, 2),
(71, 0, 'Los Golosos', 71, 2);

-- --------------------------------------------------------

-- 
-- Estructura de tabla para la tabla `user`
-- 

DROP TABLE IF EXISTS `user`;
CREATE TABLE IF NOT EXISTS `user` (
  `id` bigint(20) NOT NULL auto_increment,
  `version` bigint(20) NOT NULL default '0',
  `firstname` varchar(255) NOT NULL,
  `lastname` varchar(255) NOT NULL,
  `username` varchar(255) NOT NULL,
  `password` varchar(255) NOT NULL,
  `email` varchar(255) NOT NULL,
  PRIMARY KEY  (`id`),
  UNIQUE KEY `UK_User_username` (`username`),
  UNIQUE KEY `UK_User_firstname_lastname` (`firstname`,`lastname`)
) ENGINE=InnoDB DEFAULT CHARSET=latin1 AUTO_INCREMENT=73 ;

-- 
-- Volcar la base de datos para la tabla `user`
-- 

INSERT INTO `user` (`id`, `version`, `firstname`, `lastname`, `username`, `password`, `email`) VALUES (1, 1, 'prueba', 'prueba', 'prueba', 'cHJ1ZWJh', 'grandt@waretech.com.ar'),
(52, 2, 'Ricardo', 'Berl', 'Pela', 'cGVsYQ==', 'rickyberl@hotmail.com'),
(53, 4, 'Leandro', 'Soncini', 'Chochi', 'Y2hvY2hp', 'leandrosoncini@hotmail.com'),
(54, 2, 'Francisco', 'Tabellione', 'Tabe', 'anVuaW9y', 'ftabe76@hotmail.com'),
(55, 2, 'Esteban', 'Sabbione', 'Tete', 'dGV0ZQ==', 'tetesabbione@hotmail.com'),
(56, 2, 'Tomas', 'Condorelli', 'Tommy', 'YmFzYW50YQ==', 'tonyvelamazan@hotmail.com'),
(57, 4, 'Martin', 'Aristia', 'Martin', 'bWFydGlu', 'm.aristia@gmail.com'),
(58, 2, 'Franco', 'Condorelli', 'Catalano', 'Y2F0YWxhbm8=', 'cachosaccardi@hotmail.com'),
(59, 3, 'Nicolas', 'Condorelli', 'Coco', 'Y29jbw==', 'ncondorelli@exiros.com'),
(60, 10, 'Augusto', 'Soncini', 'Augusto', 'YXVndXN0bw==', 'augustosoncini@hotmail.com'),
(61, 2, 'Matias', 'Condorelli', 'Pepi', 'cGVwaQ==', 'maticondorelli@gmail.com'),
(62, 2, 'Mauro', 'Pennacchioni', 'Rata', 'cmF0YQ==', 'mpennach@gmail.com'),
(63, 1, 'Emilio', 'Tabellione', 'Emi', 'RW1p', 'etabe114@hotmail.com'),
(64, 3, 'Andres', 'Garci­a Olivares', 'Negro', 'bmVncm8=', 'a_garciaolivares@hotmail.com'),
(65, 1, 'Guillermo', 'Vallina', 'Guillote', 'R3VpbGxvdGU=', 'gdvallina@fibertel.com.ar'),
(66, 3, 'Mauro', 'Di Benni', 'Papucho', 'Y29xdWlhcmdlbnRv', 'patodb@hotmail.com'),
(67, 2, 'Adriano', 'Mucelli', 'Tano', 'dGFubw==', 'amucelli@kpmg.com.ar'),
(68, 3, 'Fabian', 'Sabbione', 'Cunado', 'Y3VuYWRv', 'fabiansabbione@hotmail.com'),
(69, 2, 'Sebastian', 'Fiori', 'Chocho', 'Y2hvY2hv', 'fioriseba@hotmail.com'),
(70, 2, 'Ignacio', 'Soncini', 'Iki', 'ZG9jdG9y', 'ikisoncini@hotmail.com'),
(71, 2, 'Gaston', 'Messineo', 'Vivi', 'dml2aQ==', 'gastonmessineo@hotmail.com'),
(72, 2, 'Luciano', 'Mucelli', 'Luchi', 'bHVjaGk=', 'luciano.mucelli@gmail.com');

-- --------------------------------------------------------

-- 
-- Estructura de tabla para la tabla `useraccess`
-- 

DROP TABLE IF EXISTS `useraccess`;
CREATE TABLE IF NOT EXISTS `useraccess` (
  `id` bigint(20) NOT NULL auto_increment,
  `version` bigint(20) NOT NULL default '0',
  `user` bigint(20) NOT NULL,
  `access` bigint(20) NOT NULL,
  PRIMARY KEY  (`id`),
  KEY `FK_UserAccess_user` (`user`),
  KEY `FK_UserAccess_access` (`access`)
) ENGINE=InnoDB DEFAULT CHARSET=latin1 AUTO_INCREMENT=93 ;

-- 
-- Volcar la base de datos para la tabla `useraccess`
-- 

INSERT INTO `useraccess` (`id`, `version`, `user`, `access`) VALUES (1, 0, 60, 1),
(2, 0, 60, 2),
(3, 0, 60, 3),
(4, 0, 60, 13),
(5, 0, 60, 14),
(34, 0, 62, 1),
(35, 0, 62, 2),
(36, 0, 62, 13),
(37, 0, 53, 1),
(38, 0, 53, 2),
(39, 0, 53, 13),
(40, 0, 59, 1),
(41, 0, 59, 2),
(42, 0, 59, 13),
(88, 0, 65, 1),
(89, 0, 65, 2),
(90, 0, 65, 3),
(91, 0, 65, 13),
(92, 0, 65, 14);

-- --------------------------------------------------------

-- 
-- Estructura de tabla para la tabla `week`
-- 

DROP TABLE IF EXISTS `week`;
CREATE TABLE IF NOT EXISTS `week` (
  `id` bigint(20) NOT NULL auto_increment,
  `version` bigint(20) NOT NULL default '0',
  `number` int(11) NOT NULL,
  PRIMARY KEY  (`id`),
  UNIQUE KEY `UK_Week_number` (`number`)
) ENGINE=InnoDB DEFAULT CHARSET=latin1 AUTO_INCREMENT=20 ;

-- 
-- Volcar la base de datos para la tabla `week`
-- 

INSERT INTO `week` (`id`, `version`, `number`) VALUES (1, 0, 1),
(2, 0, 2),
(3, 0, 3),
(4, 0, 4),
(5, 0, 5),
(6, 0, 6),
(7, 0, 7),
(8, 0, 8),
(9, 0, 9),
(10, 0, 10),
(11, 0, 11),
(12, 0, 12),
(13, 0, 13),
(14, 0, 14),
(15, 0, 15),
(16, 0, 16),
(17, 0, 17),
(18, 0, 18),
(19, 0, 19);

-- 
-- Filtros para las tablas descargadas (dump)
-- 

-- 
-- Filtros para la tabla `match_`
-- 
ALTER TABLE `match_`
  ADD CONSTRAINT `FK_Match_awayClub` FOREIGN KEY (`awayClub`) REFERENCES `club` (`id`),
  ADD CONSTRAINT `FK_Match_homeClub` FOREIGN KEY (`homeClub`) REFERENCES `club` (`id`),
  ADD CONSTRAINT `FK_Match_week` FOREIGN KEY (`week`) REFERENCES `week` (`id`);

-- 
-- Filtros para la tabla `player`
-- 
ALTER TABLE `player`
  ADD CONSTRAINT `FK_Player_club` FOREIGN KEY (`club`) REFERENCES `club` (`id`),
  ADD CONSTRAINT `FK_Player_position` FOREIGN KEY (`position`) REFERENCES `playerposition` (`id`);

-- 
-- Filtros para la tabla `playermatch`
-- 
ALTER TABLE `playermatch`
  ADD CONSTRAINT `FK_PlayerMatch_match` FOREIGN KEY (`match_`) REFERENCES `match_` (`id`),
  ADD CONSTRAINT `FK_PlayerMatch_player` FOREIGN KEY (`player`) REFERENCES `player` (`id`);

-- 
-- Filtros para la tabla `playerteam`
-- 
ALTER TABLE `playerteam`
  ADD CONSTRAINT `FK_PlayerTeam_player` FOREIGN KEY (`player`) REFERENCES `player` (`id`),
  ADD CONSTRAINT `FK_PlayerTeam_team` FOREIGN KEY (`team`) REFERENCES `team` (`id`);

-- 
-- Filtros para la tabla `playerteamweek`
-- 
ALTER TABLE `playerteamweek`
  ADD CONSTRAINT `FK_PlayerTeamWeek_playerteam` FOREIGN KEY (`playerteam`) REFERENCES `playerteam` (`id`),
  ADD CONSTRAINT `FK_PlayerTeamWeek_week` FOREIGN KEY (`week`) REFERENCES `week` (`id`);

-- 
-- Filtros para la tabla `playerweek`
-- 
ALTER TABLE `playerweek`
  ADD CONSTRAINT `FK_PlayerWeek_player` FOREIGN KEY (`player`) REFERENCES `player` (`id`),
  ADD CONSTRAINT `FK_PlayerWeek_week` FOREIGN KEY (`week`) REFERENCES `week` (`id`);

-- 
-- Filtros para la tabla `positionteamweek`
-- 
ALTER TABLE `positionteamweek`
  ADD CONSTRAINT `FK_PositionTeamWeek_category` FOREIGN KEY (`category`) REFERENCES `category` (`id`),
  ADD CONSTRAINT `FK_PositionTeamWeek_team` FOREIGN KEY (`team`) REFERENCES `team` (`id`),
  ADD CONSTRAINT `FK_PositionTeamWeek_week` FOREIGN KEY (`week`) REFERENCES `week` (`id`);

-- 
-- Filtros para la tabla `team`
-- 
ALTER TABLE `team`
  ADD CONSTRAINT `FK_Team_category` FOREIGN KEY (`category`) REFERENCES `category` (`id`),
  ADD CONSTRAINT `FK_Team_user` FOREIGN KEY (`user`) REFERENCES `user` (`id`);

-- 
-- Filtros para la tabla `useraccess`
-- 
ALTER TABLE `useraccess`
  ADD CONSTRAINT `FK_UserAccess_access` FOREIGN KEY (`access`) REFERENCES `access` (`id`),
  ADD CONSTRAINT `FK_UserAccess_user` FOREIGN KEY (`user`) REFERENCES `user` (`id`);
