-- phpMyAdmin SQL Dump
-- version 2.8.2.4
-- http://www.phpmyadmin.net
-- 
-- Servidor: localhost:3306
-- Tiempo de generación: 03-03-2010 a las 17:30:28
-- Versión del servidor: 5.0.32
-- Versión de PHP: 5.2.6

SET FOREIGN_KEY_CHECKS=0;

SET AUTOCOMMIT=0;
START TRANSACTION;

-- 
-- Base de datos: `waretech_GranDT`
-- 

-- --------------------------------------------------------

-- 
-- Estructura de tabla para la tabla `access`
-- 

DROP TABLE IF EXISTS `access`;
CREATE TABLE IF NOT EXISTS `access` (
  `id` bigint(20) NOT NULL auto_increment,
  `version` bigint(20) NOT NULL default '0',
  `value` varchar(255) NOT NULL,
  `description` varchar(255) NOT NULL,
  PRIMARY KEY  (`id`)
) ENGINE=InnoDB DEFAULT CHARSET=latin1 AUTO_INCREMENT=18 ;

-- 
-- Volcar la base de datos para la tabla `access`
-- 

INSERT INTO `access` (`id`, `version`, `value`, `description`) VALUES (1, 1, 'MatchEdit.jsp!enabled', 'Edicion de Partido'),
(2, 0, 'WeekEdit.jsp!change', 'Calcular la fecha'),
(3, 0, 'AccessList.jsp', 'Lista de accesos'),
(13, 0, 'TeamEdit.jsp!change', 'Cambiar jugador de la lista'),
(14, 5, 'UserEdit.jsp!update', 'Edicion de usuario'),
(15, 0, 'TeamBuild.jsp!enabled', 'Construccion de Equipo'),
(16, 0, 'WeekList.jsp!tournamentStart', 'Comenzar torneo'),
(17, 0, 'EMailSend.jsp', 'Enviar eMail');

-- --------------------------------------------------------

-- 
-- Estructura de tabla para la tabla `category`
-- 

DROP TABLE IF EXISTS `category`;
CREATE TABLE IF NOT EXISTS `category` (
  `id` bigint(20) NOT NULL auto_increment,
  `version` bigint(20) NOT NULL default '0',
  `name` varchar(255) NOT NULL,
  PRIMARY KEY  (`id`),
  UNIQUE KEY `UK_PlayerPosition_name` (`name`)
) ENGINE=InnoDB DEFAULT CHARSET=latin1 AUTO_INCREMENT=3 ;

-- 
-- Volcar la base de datos para la tabla `category`
-- 

INSERT INTO `category` (`id`, `version`, `name`) VALUES (1, 0, 'Primera A'),
(2, 0, 'Nacional B');

-- --------------------------------------------------------

-- 
-- Estructura de tabla para la tabla `club`
-- 

DROP TABLE IF EXISTS `club`;
CREATE TABLE IF NOT EXISTS `club` (
  `id` bigint(20) NOT NULL auto_increment,
  `version` bigint(20) NOT NULL default '0',
  `name` varchar(255) NOT NULL,
  PRIMARY KEY  (`id`),
  UNIQUE KEY `UK_Club_name` (`name`)
) ENGINE=InnoDB DEFAULT CHARSET=latin1 AUTO_INCREMENT=47 ;

-- 
-- Volcar la base de datos para la tabla `club`
-- 

INSERT INTO `club` (`id`, `version`, `name`) VALUES (27, 0, 'Vélez Sarsfield'),
(28, 0, 'San Lorenzo'),
(29, 0, 'River Plate'),
(30, 0, 'Newell''s Old Boys'),
(31, 0, 'Lanús'),
(32, 0, 'Huracán'),
(33, 0, 'Estudiantes (La Plata)'),
(34, 0, 'Colón (Santa Fé)'),
(35, 0, 'Boca Jrs.'),
(36, 0, 'Tigre'),
(37, 0, 'Rosario Central'),
(38, 0, 'Racing Club'),
(39, 0, 'Independiente'),
(40, 0, 'Godoy Cruz (Mendoza)'),
(41, 0, 'Gimnasia y Esgrima (La Plata)'),
(42, 0, 'Chacarita Jrs.'),
(43, 0, 'Banfield'),
(44, 0, 'Atletico Tucumán'),
(45, 0, 'Arsenal'),
(46, 0, 'Argentinos Jrs.');

-- --------------------------------------------------------

-- 
-- Estructura de tabla para la tabla `configuration`
-- 

DROP TABLE IF EXISTS `configuration`;
CREATE TABLE IF NOT EXISTS `configuration` (
  `id` bigint(20) NOT NULL auto_increment,
  `version` bigint(20) NOT NULL default '0',
  `key_` varchar(255) NOT NULL,
  `value` varchar(255) NOT NULL,
  PRIMARY KEY  (`id`)
) ENGINE=InnoDB DEFAULT CHARSET=latin1 AUTO_INCREMENT=2 ;

-- 
-- Volcar la base de datos para la tabla `configuration`
-- 

INSERT INTO `configuration` (`id`, `version`, `key_`, `value`) VALUES (1, 10, 'started', 'true');

-- --------------------------------------------------------

-- 
-- Estructura de tabla para la tabla `match_`
-- 

DROP TABLE IF EXISTS `match_`;
CREATE TABLE IF NOT EXISTS `match_` (
  `id` bigint(20) NOT NULL auto_increment,
  `version` bigint(20) NOT NULL default '0',
  `week` bigint(20) NOT NULL,
  `homeClub` bigint(20) NOT NULL,
  `awayClub` bigint(20) NOT NULL,
  `homeGoals` int(11) default NULL,
  `awayGoals` int(11) default NULL,
  `date` date default NULL,
  `time` time default NULL,
  PRIMARY KEY  (`id`),
  KEY `FK_Match_week` (`week`),
  KEY `FK_Match_homeClub` (`homeClub`),
  KEY `FK_Match_awayClub` (`awayClub`)
) ENGINE=InnoDB DEFAULT CHARSET=latin1 AUTO_INCREMENT=192 ;

-- 
-- Volcar la base de datos para la tabla `match_`
-- 

INSERT INTO `match_` (`id`, `version`, `week`, `homeClub`, `awayClub`, `homeGoals`, `awayGoals`, `date`, `time`) VALUES (41, 3, 5, 27, 39, 3, 0, '2009-09-13', NULL),
(42, 3, 5, 33, 32, 2, 0, '2009-09-13', NULL),
(43, 3, 5, 40, 35, 1, 1, '2009-09-13', NULL),
(44, 3, 5, 44, 46, 1, 1, '2009-09-13', NULL),
(45, 4, 5, 30, 31, 1, 1, '2009-09-13', NULL),
(46, 3, 5, 43, 37, 0, 0, '2009-09-13', NULL),
(47, 3, 5, 42, 34, 1, 2, '2009-09-13', NULL),
(48, 3, 5, 29, 45, 1, 1, '2009-09-13', NULL),
(49, 3, 5, 36, 41, 1, 1, '2009-09-13', NULL),
(50, 3, 5, 38, 28, 1, 0, '2009-09-13', NULL),
(51, 3, 6, 39, 38, 1, 0, '2009-09-20', NULL),
(52, 3, 6, 28, 36, 1, 0, '2009-09-20', NULL),
(53, 3, 6, 41, 29, 1, 1, '2009-09-20', NULL),
(54, 3, 6, 45, 42, 0, 3, '2009-09-20', NULL),
(55, 3, 6, 30, 43, 2, 1, '2009-09-20', NULL),
(56, 3, 6, 34, 37, 1, 1, '2009-09-20', NULL),
(57, 3, 6, 31, 44, 3, 0, '2009-09-20', NULL),
(58, 3, 6, 46, 40, 1, 2, '2009-09-20', NULL),
(59, 3, 6, 35, 33, 1, 1, '2009-09-20', NULL),
(60, 3, 6, 32, 27, 3, 2, '2009-09-20', NULL),
(61, 1, 7, 36, 39, NULL, NULL, '2009-09-27', NULL),
(62, 3, 7, 38, 32, 1, 1, '2009-09-27', NULL),
(63, 4, 7, 27, 35, 4, 4, '2009-09-27', NULL),
(64, 1, 7, 33, 46, NULL, NULL, '2009-09-27', NULL),
(65, 1, 7, 40, 31, NULL, NULL, '2009-09-27', NULL),
(66, 1, 7, 44, 30, NULL, NULL, '2009-09-27', NULL),
(67, 1, 7, 43, 34, NULL, NULL, '2009-09-27', NULL),
(68, 4, 7, 37, 45, 2, 3, '2009-09-27', NULL),
(69, 1, 7, 42, 41, NULL, NULL, '2009-09-27', NULL),
(70, 1, 7, 29, 28, NULL, NULL, '2009-09-27', NULL),
(71, 1, 8, 35, 38, NULL, NULL, '2009-10-04', NULL),
(72, 1, 8, 32, 36, NULL, NULL, '2009-10-04', NULL),
(73, 1, 8, 39, 29, NULL, NULL, '2009-10-04', NULL),
(74, 1, 8, 28, 42, NULL, NULL, '2009-10-04', NULL),
(75, 1, 8, 44, 43, NULL, NULL, '2009-10-04', NULL),
(76, 1, 8, 41, 37, NULL, NULL, '2009-10-04', NULL),
(77, 1, 8, 45, 34, NULL, NULL, '2009-10-04', NULL),
(78, 1, 8, 30, 40, NULL, NULL, '2009-10-04', NULL),
(79, 1, 8, 31, 33, NULL, NULL, '2009-10-04', NULL),
(80, 1, 8, 46, 27, NULL, NULL, '2009-10-04', NULL),
(81, 1, 9, 42, 39, NULL, NULL, '2009-10-07', NULL),
(82, 1, 9, 29, 32, NULL, NULL, '2009-10-07', NULL),
(83, 1, 9, 36, 35, NULL, NULL, '2009-10-07', NULL),
(84, 1, 9, 38, 46, NULL, NULL, '2009-10-07', NULL),
(85, 1, 9, 27, 31, NULL, NULL, '2009-10-07', NULL),
(86, 1, 9, 33, 30, NULL, NULL, '2009-10-07', NULL),
(87, 1, 9, 40, 44, NULL, NULL, '2009-10-07', NULL),
(88, 1, 9, 43, 45, NULL, NULL, '2009-10-07', NULL),
(89, 1, 9, 34, 41, NULL, NULL, '2009-10-07', NULL),
(90, 0, 9, 28, 28, NULL, NULL, '2009-10-07', NULL),
(91, 0, 9, 37, 37, NULL, NULL, '2009-10-07', NULL),
(92, 1, 10, 31, 38, NULL, NULL, '2009-10-18', NULL),
(93, 1, 10, 46, 36, NULL, NULL, '2009-10-18', NULL),
(94, 1, 10, 35, 29, NULL, NULL, '2009-10-18', NULL),
(95, 1, 10, 32, 42, NULL, NULL, '2009-10-18', NULL),
(96, 1, 10, 40, 43, NULL, NULL, '2009-10-18', NULL),
(97, 1, 10, 39, 37, NULL, NULL, '2009-10-18', NULL),
(98, 1, 10, 28, 34, NULL, NULL, '2009-10-18', NULL),
(99, 1, 10, 41, 45, NULL, NULL, '2009-10-18', NULL),
(100, 1, 10, 44, 33, NULL, NULL, '2009-10-18', NULL),
(101, 1, 10, 30, 27, NULL, NULL, '2009-10-18', NULL),
(102, 1, 11, 34, 39, NULL, NULL, '2009-10-25', NULL),
(103, 1, 11, 37, 32, NULL, NULL, '2009-10-25', NULL),
(104, 1, 11, 42, 35, NULL, NULL, '2009-10-25', NULL),
(105, 1, 11, 29, 46, NULL, NULL, '2009-10-25', NULL),
(106, 1, 11, 36, 31, NULL, NULL, '2009-10-25', NULL),
(107, 1, 11, 38, 30, NULL, NULL, '2009-10-25', NULL),
(108, 1, 11, 27, 44, NULL, NULL, '2009-10-25', NULL),
(109, 1, 11, 33, 40, NULL, NULL, '2009-10-25', NULL),
(110, 1, 11, 43, 41, NULL, NULL, '2009-10-25', NULL),
(111, 1, 11, 45, 28, NULL, NULL, '2009-10-25', NULL),
(112, 2, 12, 44, 38, 4, 0, '2009-10-28', NULL),
(113, 7, 12, 30, 36, 1, 2, '2009-10-28', NULL),
(114, 4, 12, 31, 29, 0, 1, '2009-10-28', NULL),
(115, 3, 12, 46, 42, 2, 2, '2009-10-28', NULL),
(116, 4, 12, 33, 43, 2, 1, '2009-10-28', NULL),
(117, 4, 12, 35, 37, 2, 1, '2009-10-28', NULL),
(118, 3, 12, 32, 34, 3, 0, '2009-10-28', NULL),
(119, 2, 12, 39, 45, 1, 0, '2009-10-28', NULL),
(120, 2, 12, 28, 41, 2, 2, '2009-10-28', NULL),
(121, 3, 12, 40, 27, 2, 0, '2009-10-28', NULL),
(122, 3, 13, 41, 39, 1, 0, '2009-11-01', NULL),
(123, 3, 13, 45, 32, 1, 1, '2009-11-01', NULL),
(124, 3, 13, 34, 35, 0, 0, '2009-11-01', NULL),
(125, 5, 13, 37, 46, 1, 1, '2009-11-01', NULL),
(126, 3, 13, 42, 31, 0, 3, '2009-11-01', NULL),
(127, 3, 13, 29, 30, 2, 1, '2009-11-01', NULL),
(128, 4, 13, 36, 44, 4, 2, '2009-11-01', NULL),
(129, 4, 13, 38, 40, 3, 1, '2009-11-01', NULL),
(130, 4, 13, 27, 33, 3, 0, '2009-11-01', NULL),
(131, 5, 13, 43, 28, 0, 1, '2009-11-01', NULL),
(132, 3, 14, 33, 38, 1, 0, '2009-11-08', NULL),
(133, 3, 14, 40, 36, 2, 0, '2009-11-08', NULL),
(134, 3, 14, 44, 29, 3, 1, '2009-11-08', NULL),
(135, 3, 14, 30, 42, 0, 1, '2009-11-08', NULL),
(136, 4, 14, 27, 43, 3, 0, '2009-11-08', NULL),
(137, 3, 14, 31, 37, 0, 0, '2009-11-08', NULL),
(138, 4, 14, 46, 34, 2, 0, '2009-11-08', NULL),
(139, 3, 14, 35, 45, 1, 1, '2009-11-08', NULL),
(140, 3, 14, 32, 41, 4, 1, '2009-11-08', NULL),
(141, 3, 14, 39, 28, 0, 3, '2009-11-08', NULL),
(142, 3, 15, 43, 39, 1, 2, '2009-11-15', NULL),
(143, 3, 15, 28, 32, 0, 2, '2009-11-15', NULL),
(144, 3, 15, 41, 35, 4, 0, '2009-11-15', NULL),
(145, 4, 15, 45, 46, 1, 1, '2009-11-15', NULL),
(146, 3, 15, 34, 31, 3, 0, '2009-11-15', NULL),
(147, 3, 15, 37, 30, 2, 2, '2009-11-15', NULL),
(148, 3, 15, 42, 44, 2, 1, '2009-11-15', NULL),
(149, 3, 15, 29, 40, 0, 0, '2009-11-15', NULL),
(150, 5, 15, 36, 33, 3, 1, '2009-11-15', NULL),
(151, 4, 15, 38, 27, 4, 2, '2009-11-15', NULL),
(152, 3, 16, 32, 39, 2, 0, '2009-11-22', NULL),
(153, 3, 16, 27, 36, 0, 3, '2009-11-22', NULL),
(154, 3, 16, 33, 29, 1, 1, '2009-11-22', NULL),
(155, 3, 16, 40, 42, 2, 1, '2009-11-22', NULL),
(156, 4, 16, 38, 43, 1, 2, '2009-11-22', NULL),
(157, 3, 16, 44, 37, 1, 1, '2009-11-22', NULL),
(158, 3, 16, 30, 34, 0, 1, '2009-11-22', NULL),
(159, 3, 16, 31, 45, 2, 5, '2009-11-22', NULL),
(160, 3, 16, 46, 41, 1, 2, '2009-11-22', NULL),
(161, 4, 16, 35, 28, 3, 0, '2009-11-22', NULL),
(162, 3, 17, 36, 38, 1, 0, '2009-11-29', NULL),
(163, 3, 17, 43, 32, 0, 1, '2009-11-29', NULL),
(164, 3, 17, 39, 35, 1, 2, '2009-11-29', NULL),
(165, 3, 17, 28, 46, 2, 1, '2009-11-29', NULL),
(166, 3, 17, 41, 31, 2, 0, '2009-11-29', NULL),
(167, 3, 17, 45, 30, 1, 2, '2009-11-29', NULL),
(168, 3, 17, 34, 44, 2, 0, '2009-11-29', NULL),
(169, 3, 17, 37, 40, 1, 1, '2009-11-29', NULL),
(170, 3, 17, 42, 33, 0, 0, '2009-11-29', NULL),
(171, 3, 17, 29, 27, 0, 0, '2009-11-29', NULL),
(172, 3, 18, 46, 39, 1, 1, '2009-12-06', NULL),
(173, 3, 18, 35, 32, 0, 0, '2009-12-06', NULL),
(174, 3, 18, 38, 29, 2, 0, '2009-12-06', NULL),
(175, 3, 18, 27, 42, 0, 0, '2009-12-06', NULL),
(176, 3, 18, 36, 43, 1, 0, '2009-12-06', NULL),
(177, 4, 18, 33, 37, 3, 0, '2009-12-06', NULL),
(178, 4, 18, 40, 34, 1, 0, '2009-12-06', NULL),
(179, 3, 18, 44, 45, 0, 0, '2009-12-06', NULL),
(180, 3, 18, 30, 41, 0, 2, '2009-12-06', NULL),
(181, 3, 18, 31, 28, 0, 1, '2009-12-06', NULL),
(182, 3, 19, 42, 38, 0, 2, '2009-12-13', NULL),
(183, 3, 19, 29, 36, 0, 2, '2009-12-13', NULL),
(184, 4, 19, 43, 35, 2, 0, '2009-12-13', NULL),
(185, 2, 19, 32, 46, 5, 1, '2009-12-13', NULL),
(186, 3, 19, 39, 31, 0, 0, '2009-12-13', NULL),
(187, 3, 19, 28, 30, 0, 2, '2009-12-13', NULL),
(188, 3, 19, 41, 44, 0, 0, '2009-12-13', NULL),
(189, 3, 19, 45, 40, 0, 0, '2009-12-13', NULL),
(190, 3, 19, 34, 33, 0, 1, '2009-12-13', NULL),
(191, 3, 19, 37, 27, 1, 2, '2009-12-13', NULL);

-- --------------------------------------------------------

-- 
-- Estructura de tabla para la tabla `player`
-- 

DROP TABLE IF EXISTS `player`;
CREATE TABLE IF NOT EXISTS `player` (
  `id` bigint(20) NOT NULL auto_increment,
  `version` bigint(20) NOT NULL default '0',
  `firstname` varchar(255) NOT NULL,
  `lastname` varchar(255) NOT NULL,
  `number` int(2) default NULL,
  `club` bigint(20) NOT NULL,
  `position` bigint(20) NOT NULL,
  `value` varchar(255) NOT NULL,
  `selected` tinyint(1) NOT NULL default '0',
  PRIMARY KEY  (`id`),
  KEY `FK_Player_club` (`club`),
  KEY `FK_Player_position` (`position`)
) ENGINE=InnoDB DEFAULT CHARSET=latin1 AUTO_INCREMENT=1356 ;

-- 
-- Volcar la base de datos para la tabla `player`
-- 

INSERT INTO `player` (`id`, `version`, `firstname`, `lastname`, `number`, `club`, `position`, `value`, `selected`) VALUES (699, 0, 'Luis', 'Ojeda', NULL, 46, 1, '1', 0),
(700, 0, 'Matías', 'Caruzzo', NULL, 46, 2, '2', 1),
(701, 0, 'Gonzalo', 'Prósperi', NULL, 46, 2, '1', 1),
(702, 0, 'Matías', 'Laba', NULL, 46, 3, '1', 0),
(703, 0, 'Néstor', 'Ortigoza', NULL, 46, 3, '2', 1),
(704, 0, 'Ignacio', 'Canuto', NULL, 46, 2, '2', 1),
(705, 0, 'Gustavo', 'Oberman', NULL, 46, 4, '1', 0),
(706, 0, 'Nicolás', 'Pavlovich', NULL, 46, 4, '1', 1),
(707, 0, 'Facundo', 'Coria', NULL, 46, 3, '1', 1),
(708, 0, 'Federico', 'Domínguez', NULL, 46, 2, '1', 0),
(709, 0, 'Gabriel', 'Frandino', NULL, 46, 1, '1', 0),
(710, 0, 'Nicolás', 'Berardo', NULL, 46, 2, '1', 0),
(711, 0, 'Andrés', 'Romero', NULL, 46, 4, '1', 0),
(712, 0, 'Matías', 'Rotondi', NULL, 46, 4, '1', 0),
(713, 0, 'Juan', 'Sabia', NULL, 46, 2, '1', 0),
(714, 0, 'Ismael', 'Sosa', NULL, 46, 4, '1', 0),
(715, 0, 'Lucas', 'Rodríguez', NULL, 46, 2, '1', 0),
(716, 0, 'Julián', 'Fernández', NULL, 46, 2, '1', 0),
(717, 0, 'Santiago', 'Raymonda', NULL, 46, 3, '1', 0),
(718, 0, 'Nicolás', 'Peric', NULL, 46, 1, '1', 1),
(719, 0, 'Emilio', 'Hernández', NULL, 46, 3, '1', 0),
(720, 0, 'Germán', 'Basualdo', NULL, 46, 3, '1', 0),
(721, 0, 'Arturo', 'Mendoza', NULL, 46, 3, '1', 0),
(722, 0, 'Aníbal', 'Alarcon', NULL, 46, 2, '1', 0),
(723, 0, 'Nicolás', 'Gianni', NULL, 46, 3, '1', 0),
(724, 0, 'Sebastián', 'Jaime', NULL, 46, 4, '1', 0),
(725, 0, 'Santiago', 'Gentiletti', NULL, 46, 2, '1', 0),
(726, 0, 'Ludovico', 'Paulucci', NULL, 45, 1, '1', 0),
(727, 0, 'Mariano', 'Brau', NULL, 45, 2, '1', 0),
(728, 0, 'Matías', 'Perez', NULL, 45, 2, '1', 0),
(729, 0, 'Darío', 'Espínola', NULL, 45, 2, '1', 0),
(730, 0, 'Franco', 'Peppino', NULL, 45, 2, '1', 0),
(731, 0, 'Aníbal', 'Matellán', NULL, 45, 2, '2', 0),
(732, 0, 'Sergio', 'Sena', NULL, 45, 3, '1', 0),
(733, 0, 'Jonathan', 'López', NULL, 45, 4, '1', 0),
(734, 0, 'Federico', 'Poggi', NULL, 45, 3, '1', 0),
(735, 0, 'Darío', 'Benedetto', NULL, 45, 4, '1', 0),
(736, 0, 'Mariano', 'Martínez', NULL, 45, 4, '1', 0),
(737, 0, 'Nahuel', 'Sachetto', NULL, 45, 3, '1', 0),
(738, 0, 'Damián', 'Pérez', NULL, 45, 2, '1', 0),
(739, 0, 'Cristian', 'Tula', NULL, 45, 2, '2', 0),
(740, 0, 'Cristian', 'Campestrini', NULL, 45, 1, '2', 0),
(741, 0, 'Catriel', 'Orcellet', NULL, 45, 1, '1', 0),
(742, 0, 'Nicolás', 'Aguirre', NULL, 45, 3, '1', 0),
(743, 0, 'Diego', 'Galván', NULL, 45, 3, '2', 0),
(744, 0, 'Juan', 'Bottaro', NULL, 45, 4, '1', 0),
(745, 0, 'Cristian', 'Álvarez', NULL, 45, 3, '2', 0),
(746, 0, 'Javier', 'Yacuzzi', NULL, 45, 3, '2', 0),
(747, 0, 'Matías', 'Sierra', NULL, 45, 3, '1', 0),
(748, 0, 'Matías', 'Carabajal', NULL, 45, 3, '1', 0),
(749, 0, 'Víctor', 'Cuesta', NULL, 45, 2, '1', 0),
(750, 0, 'Hugo', 'Nervo', NULL, 45, 2, '1', 0),
(751, 0, 'Franco', 'Jara', NULL, 45, 4, '2', 1),
(752, 0, 'Iván', 'Marcone', NULL, 45, 3, '1', 0),
(753, 0, 'Facundo', 'Silva', NULL, 45, 3, '1', 0),
(754, 0, 'Claudio', 'Mosca', NULL, 45, 3, '1', 0),
(755, 0, 'Javier', 'Burrai', NULL, 45, 1, '1', 0),
(756, 0, 'Mauro', 'Matos', NULL, 45, 4, '1', 0),
(757, 0, 'Nicolás', 'Domingo', NULL, 45, 3, '1', 0),
(758, 0, 'Mauro', 'Óbolo', NULL, 45, 3, '1', 1),
(759, 0, 'Lucas', 'Ischuk', NULL, 44, 1, '1', 1),
(760, 0, 'Jorge', 'Morales', NULL, 44, 2, '1', 0),
(761, 0, 'Raúl', 'Saavedra', NULL, 44, 2, '1', 0),
(762, 0, 'Andrés', 'Bressán', NULL, 44, 2, '1', 0),
(763, 0, 'Martín', 'Granero', NULL, 44, 3, '1', 0),
(764, 0, 'Luis', 'Rodríguez', NULL, 44, 4, '1', 1),
(765, 0, 'Diego', 'Erroz', NULL, 44, 3, '1', 0),
(766, 0, 'Emmanuel', 'Gigliotti', NULL, 44, 4, '1', 0),
(767, 0, 'Claudio', 'Sarría', NULL, 44, 3, '1', 0),
(768, 0, 'César', 'Montiglio', NULL, 44, 3, '1', 0),
(769, 0, 'Iván', 'Benedetti', NULL, 44, 1, '1', 0),
(770, 0, 'Damián', 'Musto', NULL, 44, 3, '1', 0),
(771, 0, 'Pablo', 'Calandria', NULL, 44, 4, '1', 0),
(772, 0, 'Rodrigo', 'Herrera', NULL, 44, 2, '1', 0),
(773, 0, 'Deivis', 'Barone', NULL, 44, 2, '1', 0),
(774, 0, 'Matías', 'Villavicencio', NULL, 44, 2, '1', 0),
(775, 0, 'Javier', 'Páez', NULL, 44, 2, '1', 1),
(776, 0, 'César', 'More', NULL, 44, 2, '1', 0),
(777, 0, 'Matías', 'Escobar', NULL, 44, 3, '1', 0),
(778, 0, 'Fabio', 'Escobar', NULL, 44, 4, '1', 0),
(779, 0, 'Jonathan', 'Blanes', NULL, 44, 3, '1', 0),
(780, 0, 'Ricardo', 'Moreira', NULL, 44, 2, '1', 0),
(781, 0, 'Claudio', 'Vargas', NULL, 44, 3, '1', 0),
(782, 0, 'Matías', 'García', NULL, 44, 3, '1', 0),
(783, 0, 'Sebastián', 'Longo', NULL, 44, 3, '1', 0),
(784, 0, 'David', 'Drocco', NULL, 44, 3, '1', 0),
(785, 0, 'Cristian', 'Lucchetti', NULL, 43, 1, '3', 1),
(786, 0, 'Víctor', 'López', NULL, 43, 2, '2', 1),
(787, 0, 'Julio', 'Barraza', NULL, 43, 2, '1', 1),
(788, 0, 'Maximiliano', 'Bustos', NULL, 43, 3, '1', 0),
(789, 0, 'Marcelo', 'Bustamante', NULL, 43, 2, '1', 0),
(790, 0, 'Maximiliano', 'Laso', NULL, 43, 3, '1', 0),
(791, 0, 'James', 'Rodríguez', NULL, 43, 3, '1', 1),
(792, 0, 'Walter', 'Erviti', NULL, 43, 3, '3', 0),
(793, 0, 'Cristian', 'García', NULL, 43, 4, '1', 0),
(794, 0, 'Pablo', 'Vergara', NULL, 43, 3, '1', 0),
(795, 0, 'Federico', 'Sardella', NULL, 43, 3, '1', 0),
(796, 0, 'Sebastián', 'López', NULL, 43, 1, '1', 0),
(797, 0, 'Facundo', 'Ferreyra', NULL, 43, 4, '1', 0),
(798, 0, 'Marcelo', 'Quinteros', NULL, 43, 3, '1', 0),
(799, 0, 'José', 'Devaca', NULL, 43, 2, '1', 1),
(800, 0, 'Luis', 'Salmerón', NULL, 43, 4, '1', 0),
(801, 0, 'Emmanuel', 'Pío', NULL, 43, 3, '1', 0),
(802, 0, 'Santiago', 'Ladino', NULL, 43, 2, '1', 0),
(803, 0, 'Sebastián', 'Fernández', NULL, 43, 4, '2', 1),
(804, 0, 'Roberto', 'Battión', NULL, 43, 3, '1', 1),
(805, 0, 'Enrique', 'Bologna', NULL, 43, 1, '1', 0),
(806, 0, 'Julio', 'Marchant', NULL, 43, 3, '1', 0),
(807, 0, 'Ruben', 'Ramirez', NULL, 43, 4, '2', 1),
(808, 0, 'Jonathan', 'Maidana', NULL, 43, 2, '2', 1),
(809, 0, 'Mathías', 'Cardacio', NULL, 43, 3, '1', 0),
(810, 0, 'José', 'Shaffer', NULL, 43, 2, '2', 0),
(811, 0, 'Roberto', 'Abbondanzieri', NULL, 35, 1, '2', 0),
(812, 0, 'Hugo', 'Ibarra', NULL, 35, 2, '2', 0),
(813, 0, 'Sebastián', 'Battaglia', NULL, 35, 3, '3', 0),
(814, 0, 'Ezequiel', 'Muñoz', NULL, 35, 2, '1', 0),
(815, 0, 'Pablo', 'Mouche', NULL, 35, 4, '1', 0),
(816, 0, 'Gary', 'Medel', NULL, 35, 3, '2', 1),
(817, 0, 'Martín', 'Palermo', NULL, 35, 4, '3', 1),
(818, 0, 'Federico', 'Insúa', NULL, 35, 3, '2', 1),
(819, 0, 'Javier', 'García', NULL, 35, 1, '1', 1),
(820, 0, 'Sebastián', 'Prediger', NULL, 35, 3, '2', 0),
(821, 0, 'Ricardo', 'Noir', NULL, 35, 4, '1', 0),
(822, 0, 'Guillermo', 'Marino', NULL, 35, 3, '1', 0),
(823, 0, 'Matías', 'Giménez', NULL, 35, 3, '1', 0),
(824, 0, 'Luciano', 'Monzón', NULL, 35, 2, '1', 1),
(825, 0, 'Ariel', 'Rosada', NULL, 35, 3, '1', 0),
(826, 0, 'Juan', 'Krupoviesa', NULL, 35, 2, '1', 0),
(827, 0, 'Cristian', 'Chávez', NULL, 35, 3, '1', 0),
(828, 0, 'Cristian', 'Erbes', NULL, 35, 3, '1', 0),
(829, 0, 'Jonatan', 'Philippe', NULL, 35, 4, '1', 0),
(830, 0, 'Adrián', 'Gunino', NULL, 35, 2, '1', 0),
(831, 0, 'Gastón', 'Sauro', NULL, 35, 2, '1', 0),
(832, 0, 'Lucas', 'Viatri', NULL, 35, 4, '2', 0),
(833, 0, 'Nicolás', 'Gaitán', NULL, 35, 3, '3', 1),
(834, 0, 'Gabriel', 'Paletta', NULL, 35, 2, '2', 0),
(835, 0, 'Josué', 'Ayala', NULL, 35, 1, '1', 0),
(836, 0, 'Jesús', 'Méndez', NULL, 35, 3, '2', 1),
(837, 0, 'Julio', 'Barroso', NULL, 35, 2, '1', 0),
(838, 0, 'Leandro', 'Aguirre', NULL, 35, 2, '1', 0),
(839, 0, 'Breyner', 'Bonilla', NULL, 35, 2, '1', 0),
(840, 0, 'David', 'Achucarro', NULL, 35, 2, '1', 0),
(841, 0, 'Sergio', 'Araujo', NULL, 35, 4, '1', 0),
(842, 0, 'Lucas', 'Marín', NULL, 35, 2, '1', 0),
(843, 0, 'Sebastián', 'D''Angelo', NULL, 35, 1, '1', 0),
(844, 0, 'Enzo', 'Ruiz', NULL, 35, 2, '1', 0),
(845, 0, 'Santiago', 'Villafañe', NULL, 35, 2, '1', 0),
(846, 0, 'Nicolás', 'Colazo', NULL, 35, 3, '1', 0),
(847, 0, 'Gastón', 'Rossi', NULL, 35, 3, '1', 0),
(848, 0, 'Luiz', 'Alberto', NULL, 35, 2, '1', 0),
(849, 0, 'Nicolás', 'Tauber', NULL, 42, 1, '1', 0),
(850, 0, 'Mariano', 'Echeverría', NULL, 42, 2, '2', 1),
(851, 0, 'Franco', 'Coria', NULL, 42, 2, '1', 0),
(852, 0, 'Fernando', 'Fontana', NULL, 42, 2, '1', 0),
(853, 0, 'Federico', 'Vismara', NULL, 42, 3, '1', 0),
(854, 0, 'Cristian', 'Grabinski', NULL, 42, 2, '1', 1),
(855, 0, 'Alejandro', 'Frezzotti', NULL, 42, 3, '1', 0),
(856, 0, 'Daniel', 'Ponce', NULL, 42, 3, '1', 0),
(857, 0, 'Cristian', 'Gutierrez', NULL, 42, 2, '1', 0),
(858, 0, 'Matías', 'Pisano', NULL, 42, 3, '1', 0),
(859, 0, 'Pedro', 'Fernández', NULL, 42, 1, '1', 0),
(860, 0, 'Emanuel', 'Centurión', NULL, 42, 3, '1', 0),
(861, 0, 'Lisandro', 'López', NULL, 42, 2, '1', 1),
(862, 0, 'Federico', 'Iñíguez', NULL, 42, 3, '1', 0),
(863, 0, 'Diego', 'Morales', NULL, 42, 3, '2', 1),
(864, 0, 'Sebastián', 'Sciorilli', NULL, 42, 3, '1', 0),
(865, 0, 'Facundo', 'Parra', NULL, 42, 4, '1', 1),
(866, 0, 'Daniel', 'Pereira', NULL, 42, 3, '1', 0),
(867, 0, 'Sebastián', 'Cejas', NULL, 42, 1, '1', 0),
(868, 0, 'Nicolás', 'Ramírez', NULL, 42, 3, '1', 0),
(869, 0, 'Omar', 'Zarif', NULL, 42, 3, '1', 0),
(870, 0, 'Diego', 'Crosa', NULL, 42, 2, '1', 0),
(871, 0, 'Jorge', 'Núñez', NULL, 42, 2, '1', 0),
(872, 0, 'Germán', 'Cano', NULL, 42, 4, '1', 0),
(873, 0, 'Emiliano', 'Strappini', NULL, 42, 4, '1', 0),
(874, 0, 'Fernando', 'Crosa', NULL, 42, 2, '1', 0),
(875, 0, 'Franco', 'Miranda', NULL, 42, 2, '1', 0),
(876, 0, 'Jorge', 'Myma', NULL, 42, 3, '1', 0),
(877, 0, 'Federico', 'Rosso', NULL, 42, 2, '1', 0),
(878, 0, 'Diego', 'Pozo', NULL, 34, 1, '2', 1),
(879, 0, 'Josimar', 'Mosquera', NULL, 34, 2, '1', 0),
(880, 0, 'Salustiano', 'Candia', NULL, 34, 2, '1', 1),
(881, 0, 'Ismael', 'Quílez', NULL, 34, 2, '1', 0),
(882, 0, 'Ariel', 'Garcé', NULL, 34, 2, '2', 0),
(883, 0, 'Cristian', 'Pellerano', NULL, 34, 3, '2', 0),
(884, 0, 'Eduardo', 'Coudet', NULL, 34, 3, '1', 0),
(885, 0, 'Federico', 'Nieto', NULL, 34, 4, '2', 1),
(886, 0, 'Lucas', 'Acosta', NULL, 34, 4, '1', 0),
(887, 0, 'Ricardo', 'Gómez', NULL, 34, 3, '2', 0),
(888, 0, 'Andrés', 'Bailo', NULL, 34, 1, '1', 0),
(889, 0, 'Germán', 'Rivarola', NULL, 34, 2, '2', 1),
(890, 0, 'Andres', 'Ríos', NULL, 34, 4, '1', 0),
(891, 0, 'Santiago', 'Soto', NULL, 34, 4, '1', 0),
(892, 0, 'Facundo', 'Bertoglio', NULL, 34, 3, '2', 1),
(893, 0, 'Nicolás', 'Torres', NULL, 34, 3, '1', 0),
(894, 0, 'Esteban', 'Fuertes', NULL, 34, 4, '3', 1),
(895, 0, 'Marcos', 'Díaz', NULL, 34, 1, '1', 0),
(896, 0, 'Alejandro', 'Capurro', NULL, 34, 3, '2', 0),
(897, 0, 'Mauro', 'Bellone', NULL, 34, 3, '1', 0),
(898, 0, 'Facundo', 'Sánchez', NULL, 34, 3, '1', 0),
(899, 0, 'Rodrigo', 'Canario', NULL, 34, 4, '1', 0),
(900, 0, 'Omar', 'Merlo', NULL, 34, 2, '1', 0),
(901, 0, 'Maximiliano', 'Caire', NULL, 34, 2, '1', 0),
(902, 0, 'Alfredo', 'Ramírez', NULL, 34, 3, '1', 0),
(903, 0, 'Iván', 'Gorosito', NULL, 34, 1, '1', 0),
(904, 0, 'Jonatan', 'Bauman', NULL, 34, 4, '1', 0),
(905, 0, 'Marcelo', 'Goux', NULL, 34, 2, '1', 0),
(906, 0, 'Mauricio', 'Mansilla', NULL, 34, 2, '1', 0),
(907, 0, 'Matías', 'Burne', NULL, 34, 4, '1', 0),
(908, 0, 'Johann', 'Laureiro', NULL, 34, 3, '1', 0),
(909, 0, 'Roberto', 'Fernández', NULL, 33, 1, '1', 0),
(910, 0, 'Leandro', 'Desábato', NULL, 33, 2, '2', 1),
(911, 0, 'Cristian', 'Cellay', NULL, 33, 2, '2', 0),
(912, 0, 'Raúl', 'Iberbia', NULL, 33, 2, '1', 0),
(913, 0, 'Matías', 'Sánchez', NULL, 33, 3, '1', 0),
(914, 0, 'Marcos', 'Rojo', NULL, 33, 2, '1', 1),
(915, 0, 'José', 'Sosa', NULL, 33, 3, '3', 1),
(916, 0, 'Enzo', 'Pérez', NULL, 33, 3, '2', 0),
(917, 0, 'Mauro', 'Boselli', NULL, 33, 4, '3', 0),
(918, 0, 'Marcelo', 'Carrusca', NULL, 33, 3, '2', 0),
(919, 0, 'César', 'Taborda', NULL, 33, 1, '1', 0),
(920, 0, 'Michael', 'Hoyos', NULL, 33, 3, '1', 0),
(921, 0, 'Marcos', 'Angeleri', NULL, 33, 2, '2', 0),
(922, 0, 'Darío', 'Stefanatto', NULL, 33, 3, '1', 0),
(923, 0, 'Germán', 'Ré', NULL, 33, 2, '2', 1),
(924, 0, 'Federico', 'Fernández', NULL, 33, 2, '1', 0),
(925, 0, 'Maximiliano', 'Núñez', NULL, 33, 3, '1', 0),
(926, 0, 'Ignacio', 'Cantaluppi', NULL, 33, 3, '1', 0),
(927, 0, 'Leandro', 'González', NULL, 33, 4, '1', 0),
(928, 0, 'Agustín', 'Orión', NULL, 33, 1, '2', 0),
(929, 0, 'Rodrigo', 'Braña', NULL, 33, 3, '2', 1),
(930, 0, 'Leandro', 'Benítez', NULL, 33, 3, '2', 0),
(931, 0, 'Leonardo', 'Sánchez', NULL, 33, 2, '1', 0),
(932, 0, 'Damián', 'Albil', NULL, 33, 1, '1', 1),
(933, 0, 'Juan', 'Huerta', NULL, 33, 3, '1', 0),
(934, 0, 'Matías', 'Sarulyte', NULL, 33, 2, '1', 0),
(935, 0, 'Roberto', 'Birge', NULL, 33, 3, '1', 0),
(936, 0, 'Clemente', 'Rodríguez', NULL, 33, 2, '2', 1),
(937, 0, 'Agustín', 'Silva', NULL, 33, 1, '1', 0),
(938, 0, 'Cristian', 'Gaitán', NULL, 33, 3, '1', 0),
(939, 0, 'Leonardo', 'Jara', NULL, 33, 3, '1', 0),
(940, 0, 'Diego', 'Auzqui', NULL, 33, 3, '1', 0),
(941, 0, 'Emanuel', 'López', NULL, 33, 2, '1', 0),
(942, 0, 'Fabián', 'Roskos', NULL, 33, 2, '1', 0),
(943, 0, 'Héctor', 'Morales', NULL, 33, 3, '1', 0),
(944, 0, 'Ianni', 'Verón', NULL, 33, 3, '1', 0),
(945, 0, 'Guido', 'Carrillo', NULL, 33, 4, '1', 0),
(946, 0, 'Máximo', 'Cantaluppi', NULL, 33, 4, '1', 0),
(947, 0, 'Guido', 'Cantaluppi', NULL, 33, 3, '1', 0),
(948, 0, 'Gastón', 'Sessa', NULL, 41, 1, '2', 0),
(949, 0, 'Patricio', 'Graff', NULL, 41, 2, '1', 0),
(950, 0, 'Álvaro', 'Ormeño', NULL, 41, 2, '2', 0),
(951, 0, 'Ariel', 'Agüero', NULL, 41, 2, '1', 1),
(952, 0, 'Juan', 'Cuevas', NULL, 41, 4, '1', 0),
(953, 0, 'Luciano', 'Aued', NULL, 41, 3, '2', 1),
(954, 0, 'Roberto', 'Sosa', NULL, 41, 4, '1', 0),
(955, 0, 'Mariano', 'Messera', NULL, 41, 3, '1', 0),
(956, 0, 'Diego', 'Villar', NULL, 41, 3, '2', 1),
(957, 0, 'Pablo', 'Bangardino', NULL, 41, 1, '1', 0),
(958, 0, 'Raúl', 'Albornoz', NULL, 41, 2, '1', 0),
(959, 0, 'Hugo', 'Iriarte', NULL, 41, 2, '1', 0),
(960, 0, 'Milton', 'Casco', NULL, 41, 2, '1', 0),
(961, 0, 'Lucas', 'Castro', NULL, 41, 3, '1', 0),
(962, 0, 'Sebastián', 'Romero', NULL, 41, 3, '2', 1),
(963, 0, 'José', 'Vizcarra', NULL, 41, 4, '1', 0),
(964, 0, 'Esteban', 'González', NULL, 41, 3, '1', 0),
(965, 0, 'Juan', 'Neira', NULL, 41, 4, '1', 0),
(966, 0, 'Fabián', 'Rinaudo', NULL, 41, 3, '2', 1),
(967, 0, 'Denis', 'Stracqualursi', NULL, 41, 4, '2', 0),
(968, 0, 'Néstor', 'Martinena', NULL, 41, 4, '1', 0),
(969, 0, 'Facundo', 'Imboden', NULL, 41, 2, '1', 0),
(970, 0, 'Hernan', 'Encina', NULL, 41, 3, '1', 0),
(971, 0, 'Dardo', 'Miloc', NULL, 41, 2, '1', 0),
(972, 0, 'Fernando', 'Monetti', NULL, 41, 1, '1', 0),
(973, 0, 'Gastón', 'Casas', NULL, 41, 4, '1', 0),
(974, 0, 'Rubén', 'Maldonado', NULL, 41, 2, '1', 0),
(975, 0, 'Marco', 'Pérez', NULL, 41, 4, '1', 1),
(976, 0, 'Israel', 'Roldán', NULL, 41, 2, '1', 0),
(977, 0, 'Joel', 'Carli', NULL, 41, 2, '1', 0),
(978, 0, 'Facundo', 'Quiroga', NULL, 41, 4, '1', 0),
(979, 0, 'Álvaro', 'Navarro', NULL, 41, 4, '1', 0),
(980, 0, 'Nelson', 'Ibáñez', NULL, 40, 1, '2', 1),
(981, 0, 'Leonardo', 'Sigali', NULL, 40, 2, '1', 0),
(982, 0, 'David', 'Ramírez', NULL, 40, 3, '1', 1),
(983, 0, 'Nicolás', 'Olmedo', NULL, 40, 3, '1', 1),
(984, 0, 'Lautaro', 'Formica', NULL, 40, 2, '1', 1),
(985, 0, 'Federico', 'Higuaín', NULL, 40, 4, '1', 1),
(986, 0, 'Daniel', 'Vega', NULL, 40, 4, '1', 1),
(987, 0, 'Cristian', 'Chávez', NULL, 40, 4, '1', 0),
(988, 0, 'César', 'Carranza', NULL, 40, 4, '2', 1),
(989, 0, 'Cristian', 'Aracena', NULL, 40, 1, '1', 0),
(990, 0, 'Sebastián', 'Martínez', NULL, 40, 2, '1', 0),
(991, 0, 'Francisco', 'Dutari', NULL, 40, 2, '1', 1),
(992, 0, 'Jesús', 'Vera', NULL, 40, 4, '1', 0),
(993, 0, 'Federico', 'Villegas', NULL, 40, 3, '1', 0),
(994, 0, 'Jairo', 'Castillo', NULL, 40, 4, '2', 0),
(995, 0, 'Martín', 'Aguirre', NULL, 40, 3, '1', 0),
(996, 0, 'Leandro', 'Torres', NULL, 40, 3, '1', 0),
(997, 0, 'Zelmar', 'García', NULL, 40, 2, '1', 0),
(998, 0, 'José', 'Ramírez', NULL, 40, 1, '1', 0),
(999, 0, 'Ariel', 'Rojas', NULL, 40, 3, '1', 0),
(1000, 0, 'Rodrigo', 'Salinas', NULL, 40, 4, '1', 0),
(1001, 0, 'Cristian', 'Cuevas', NULL, 40, 2, '1', 0),
(1002, 0, 'Jorge', 'Curbelo', NULL, 40, 2, '1', 0),
(1003, 0, 'Alejandro', 'Camargo', NULL, 40, 3, '1', 0),
(1004, 0, 'Nicolas', 'Triviño', NULL, 40, 2, '1', 0),
(1005, 0, 'Maximiliano', 'Alaniz', NULL, 40, 4, '1', 0),
(1006, 0, 'Sebastian', 'Torrico', NULL, 40, 1, '1', 1),
(1007, 0, 'Darío', 'Salomón', NULL, 40, 2, '1', 0),
(1008, 0, 'Paul', 'Martín', NULL, 40, 3, '1', 0),
(1009, 0, 'Gabriel', 'Moyano', NULL, 40, 3, '1', 0),
(1010, 0, 'Sebastián', 'Moyano', NULL, 40, 1, '1', 0),
(1011, 0, 'Paolo', 'Goltz', NULL, 32, 2, '2', 1),
(1012, 0, 'Pablo', 'Jerez', NULL, 32, 2, '1', 0),
(1013, 0, 'Gastón', 'Esmerado', NULL, 32, 3, '1', 0),
(1014, 0, 'Ezequiel', 'Filippetto', NULL, 32, 2, '1', 0),
(1015, 0, 'Andrés', 'Franzoia', NULL, 32, 4, '2', 0),
(1016, 0, 'Leandro', 'Díaz', NULL, 32, 3, '2', 0),
(1017, 0, 'Gustavo', 'Balvorín', NULL, 32, 4, '1', 1),
(1018, 0, 'Alan', 'Sánchez', NULL, 32, 3, '1', 0),
(1019, 0, 'Adrián', 'Peralta', NULL, 32, 3, '1', 0),
(1020, 0, 'Lucas', 'Calviño', NULL, 32, 1, '1', 0),
(1021, 0, 'Franco', 'Chiviló', NULL, 32, 2, '1', 0),
(1022, 0, 'Juan', 'Carrizo', NULL, 32, 3, '1', 0),
(1023, 0, 'Kevin', 'Cura', NULL, 32, 2, '1', 0),
(1024, 0, 'Federico', 'Laurito', NULL, 32, 4, '1', 0),
(1025, 0, 'Gastón', 'Machín', NULL, 32, 3, '1', 0),
(1026, 0, 'Patricio', 'Toranzo', NULL, 32, 3, '2', 1),
(1027, 0, 'Leandro', 'Benegas', NULL, 32, 4, '1', 0),
(1028, 0, 'Diego', 'Rodríguez', NULL, 32, 2, '1', 0),
(1029, 0, 'Gonzalo', 'García', NULL, 32, 2, '1', 0),
(1030, 0, 'Gaston', 'Monzón', NULL, 32, 1, '2', 0),
(1031, 0, 'Luciano', 'Nieto', NULL, 32, 4, '1', 0),
(1032, 0, 'Eduardo', 'Domínguez', NULL, 32, 2, '1', 1),
(1033, 0, 'Christian', 'Ortiz', NULL, 32, 3, '1', 0),
(1034, 0, 'Gino', 'Clara', NULL, 32, 4, '1', 0),
(1035, 0, 'Julián', 'Bottaro', NULL, 32, 4, '1', 0),
(1036, 0, 'Alejandro', 'Quintana', NULL, 32, 4, '1', 0),
(1037, 0, 'Guilllermo', 'Roffés', NULL, 32, 4, '1', 0),
(1038, 0, 'Lucas', 'Mareque', NULL, 39, 2, '2', 0),
(1039, 0, 'Luciano', 'Vella', NULL, 39, 2, '1', 0),
(1040, 0, 'Walter', 'Acevedo', NULL, 39, 3, '2', 1),
(1041, 0, 'Eduardo', 'Tuzzio', NULL, 39, 2, '2', 0),
(1042, 0, 'Walter', 'Busse', NULL, 39, 3, '2', 0),
(1043, 0, 'Lucas', 'Pusineri', NULL, 39, 3, '1', 0),
(1044, 0, 'Leonel', 'Nuñez', NULL, 39, 4, '1', 0),
(1045, 0, 'Patricio', 'Rodríguez', NULL, 39, 3, '2', 0),
(1046, 0, 'Andrés', 'Silvera', NULL, 39, 4, '2', 1),
(1047, 0, 'Adrián', 'Gabbarini', NULL, 39, 1, '2', 1),
(1048, 0, 'Julián', 'Velázquez', NULL, 39, 2, '1', 0),
(1049, 0, 'Lucas', 'Kruspzky', NULL, 39, 2, '1', 0),
(1050, 0, 'Fernando', 'Godoy', NULL, 39, 3, '1', 0),
(1051, 0, 'Federico', 'Gonzalez', NULL, 39, 4, '1', 0),
(1052, 0, 'Darío', 'Gandín', NULL, 39, 4, '3', 1),
(1053, 0, 'Martín', 'Gómez', NULL, 39, 4, '1', 0),
(1054, 0, 'Diego', 'Rodríguez', NULL, 39, 1, '1', 0),
(1055, 0, 'Ignacio', 'Piatti', NULL, 39, 3, '2', 1),
(1056, 0, 'Mariano', 'Berriex', NULL, 39, 3, '1', 0),
(1057, 0, 'Carlos', 'Matheu', NULL, 39, 2, '2', 0),
(1058, 0, 'Samuel', 'Cáceres', NULL, 39, 2, '1', 0),
(1059, 0, 'Leonel', 'Galeano', NULL, 39, 2, '2', 1),
(1060, 0, 'Federico', 'Mancuello', NULL, 39, 3, '1', 1),
(1061, 0, 'Sergio', 'Vittor', NULL, 39, 3, '1', 0),
(1062, 0, 'Hilario', 'Navarro', NULL, 39, 1, '1', 0),
(1063, 0, 'Ivan', 'Perez', NULL, 39, 3, '1', 0),
(1064, 0, 'Brian', 'Nieva', NULL, 39, 4, '1', 0),
(1065, 0, 'Roberto', 'Vissio', NULL, 39, 3, '1', 0),
(1066, 0, 'Héctor', 'Echagüe', NULL, 39, 3, '1', 0),
(1067, 0, 'Nicolás', 'Mazzola', NULL, 39, 4, '1', 0),
(1068, 0, 'Hernán', 'Fredes', NULL, 39, 3, '1', 0),
(1069, 0, 'Ángel', 'Puertas', NULL, 39, 2, '1', 0),
(1070, 0, 'Juan', 'Caracoche', NULL, 39, 2, '1', 0),
(1071, 0, 'Fernando', 'Perez', NULL, 39, 3, '1', 0),
(1072, 0, 'Pablo', 'Vitti', NULL, 39, 4, '1', 0),
(1073, 0, 'Jose', 'Moreno', NULL, 39, 4, '1', 0),
(1074, 0, 'Carlos', 'Báez', NULL, 39, 2, '1', 0),
(1075, 0, 'Leandro', 'Gracián', NULL, 39, 3, '2', 0),
(1076, 0, 'Agustín', 'Marchesín', NULL, 31, 1, '1', 1),
(1077, 0, 'Carlos', 'Quintana', NULL, 31, 2, '1', 0),
(1078, 0, 'Maximiliano', 'Velázquez', NULL, 31, 2, '2', 0),
(1079, 0, 'Hernán', 'Grana', NULL, 31, 2, '1', 0),
(1080, 0, 'Matías', 'Fritzler', NULL, 31, 3, '2', 0),
(1081, 0, 'Santiago', 'Biglieri', NULL, 31, 4, '1', 0),
(1082, 0, 'Agustín', 'Pelletieri', NULL, 31, 3, '2', 0),
(1083, 0, 'Cristian', 'Menéndez', NULL, 31, 4, '1', 0),
(1084, 0, 'Sebastián', 'Blanco', NULL, 31, 3, '3', 1),
(1085, 0, 'Gonzalo', 'Castillejos', NULL, 31, 4, '2', 1),
(1086, 0, 'Eduardo', 'Ledesma', NULL, 31, 3, '1', 0),
(1087, 0, 'Esteban', 'Andrada', NULL, 31, 1, '1', 0),
(1088, 0, 'Santiago', 'Salcedo', NULL, 31, 4, '2', 0),
(1089, 0, 'Mauricio', 'Caranta', NULL, 31, 1, '2', 0),
(1090, 0, 'Diego', 'Bielkiewicz', NULL, 31, 4, '1', 0),
(1091, 0, 'Santiago', 'Hoyos', NULL, 31, 2, '1', 0),
(1092, 0, 'Diego', 'Lagos', NULL, 31, 3, '2', 0),
(1093, 0, 'Emir', 'Faccioli', NULL, 31, 2, '1', 0),
(1094, 0, 'Marcos', 'Aguirre', NULL, 31, 3, '2', 0),
(1095, 0, 'Leonel', 'Pérez', NULL, 31, 2, '1', 0),
(1096, 0, 'Roberto', 'Dovetta', NULL, 31, 4, '1', 0),
(1097, 0, 'Carlos', 'Arce', NULL, 31, 2, '1', 0),
(1098, 0, 'Eric', 'Aparicio', NULL, 31, 4, '1', 0),
(1099, 0, 'Iván', 'Macalik', NULL, 31, 2, '1', 0),
(1100, 0, 'Ariel', 'Alarcón', NULL, 31, 2, '1', 0),
(1101, 0, 'Jorge', 'Pucheta', NULL, 31, 1, '1', 0),
(1102, 0, 'Javier', 'Arias', NULL, 31, 4, '1', 0),
(1103, 0, 'Gonzalo', 'Díaz', NULL, 31, 3, '1', 0),
(1104, 0, 'Diego', 'González', NULL, 31, 3, '1', 0),
(1105, 0, 'Luciano', 'Balbi', NULL, 31, 2, '1', 0),
(1106, 0, 'Maximiliano', 'Lugo', NULL, 31, 2, '1', 0),
(1107, 0, 'Mario', 'Zaninovic', NULL, 31, 3, '1', 0),
(1108, 0, 'Rodrigo', 'Erramuspe', NULL, 31, 2, '1', 0),
(1109, 0, 'Guido', 'Pizarro', NULL, 31, 3, '1', 0),
(1110, 0, 'Sebastián', 'Peratta', NULL, 30, 1, '2', 1),
(1111, 0, 'Alexis', 'Machuca', NULL, 30, 2, '1', 0),
(1112, 0, 'Juan', 'Quiroga', NULL, 30, 2, '1', 0),
(1113, 0, 'Agustin', 'Alayes', NULL, 30, 2, '2', 1),
(1114, 0, 'Diego', 'Mateo', NULL, 30, 3, '2', 0),
(1115, 0, 'Rolando', 'Schiavi', NULL, 30, 2, '3', 0),
(1116, 0, 'Lucas', 'Bernardi', NULL, 30, 3, '2', 1),
(1117, 0, 'Franco', 'Dolci', NULL, 30, 3, '1', 0),
(1118, 0, 'Cristian', 'Nuñez', NULL, 30, 4, '1', 0),
(1119, 0, 'Mauro', 'Formica', NULL, 30, 3, '3', 1),
(1120, 0, 'Diego', 'Torres', NULL, 30, 4, '1', 0),
(1121, 0, 'Lucas', 'Hoyos', NULL, 30, 1, '1', 0),
(1122, 0, 'Mauricio', 'Sperdutti', NULL, 30, 3, '1', 0),
(1123, 0, 'Nahuel', 'Roselli', NULL, 30, 2, '1', 0),
(1124, 0, 'Marcelo', 'Estigarribia', NULL, 30, 3, '1', 0),
(1125, 0, 'Jorge', 'Achucarro', NULL, 30, 4, '2', 1),
(1126, 0, 'Hugo', 'Barrientos', NULL, 30, 3, '1', 0),
(1127, 0, 'Joaquín', 'Boghossian', NULL, 30, 4, '3', 1),
(1128, 0, 'Leonel', 'Vangioni', NULL, 30, 3, '2', 1),
(1129, 0, 'Leandro', 'Benitez', NULL, 30, 2, '1', 0),
(1130, 0, 'Emanuel', 'Dening', NULL, 30, 4, '1', 0),
(1131, 0, 'Alejandro', 'Cascio', NULL, 30, 3, '1', 0),
(1132, 0, 'Ignacio', 'Fideleff', NULL, 30, 2, '1', 0),
(1133, 0, 'Nahuel', 'Guzman', NULL, 30, 1, '1', 1),
(1134, 0, 'Cristian', 'Lema', NULL, 30, 2, '1', 0),
(1135, 0, 'Jonathan', 'Hereñu', NULL, 30, 2, '1', 0),
(1136, 0, 'Hernan', 'Villalba', NULL, 30, 3, '1', 0),
(1137, 0, 'Santiago', 'Fernandez', NULL, 30, 4, '1', 0),
(1138, 0, 'Pablo', 'Santillo', NULL, 38, 1, '1', 0),
(1139, 0, 'Roberto', 'Ayala', NULL, 38, 2, '2', 0),
(1140, 0, 'Nicolás', 'Sainz', NULL, 38, 2, '1', 0),
(1141, 0, 'Claudio', 'Yacob', NULL, 38, 3, '2', 0),
(1142, 0, 'Lucas', 'Aveldaño', NULL, 38, 2, '1', 0),
(1143, 0, 'Pablo', 'Lugüercio', NULL, 38, 4, '2', 1),
(1144, 0, 'Martin', 'Wagner', NULL, 38, 3, '1', 0),
(1145, 0, 'Pablo', 'Caballero', NULL, 38, 4, '1', 0),
(1146, 0, 'Gabriel', 'Hauche', NULL, 38, 4, '2', 1),
(1147, 0, 'Sebastián', 'Grazzini', NULL, 38, 3, '2', 0),
(1148, 0, 'Mauro', 'Dobler', NULL, 38, 1, '1', 0),
(1149, 0, 'Claudio', 'Bieler', NULL, 38, 4, '3', 1),
(1150, 0, 'Cristian', 'Tavio', NULL, 38, 2, '1', 0),
(1151, 0, 'Adrián', 'Lucero', NULL, 38, 3, '1', 0),
(1152, 0, 'Damián', 'Steinert', NULL, 38, 4, '1', 0),
(1153, 0, 'Gabriel', 'Mercado', NULL, 38, 2, '2', 1),
(1154, 0, 'Brian', 'Lluy', NULL, 38, 3, '1', 0),
(1155, 0, 'Damián', 'Ledesma', NULL, 38, 3, '1', 0),
(1156, 0, 'Sebastián', 'Rosano', NULL, 38, 3, '1', 0),
(1157, 0, 'Lucas', 'Castromán', NULL, 38, 4, '2', 0),
(1158, 0, 'Matías', 'Cahais', NULL, 38, 2, '1', 1),
(1159, 0, 'Marcos', 'Cáceres', NULL, 38, 2, '1', 0),
(1160, 0, 'Gonzalo', 'Pérez', NULL, 38, 3, '1', 0),
(1161, 0, 'Valentín', 'Viola', NULL, 38, 4, '1', 0),
(1162, 0, 'Luis', 'Fariña', NULL, 38, 3, '1', 0),
(1163, 0, 'Santiago', 'Malano', NULL, 38, 4, '1', 0),
(1164, 0, 'Lucas', 'Licht', NULL, 38, 2, '2', 1),
(1165, 0, 'Matías', 'Martínez', NULL, 38, 2, '2', 1),
(1166, 0, 'Ignacio', 'Colombini', NULL, 38, 4, '1', 0),
(1167, 0, 'Bruno', 'Zuculini', NULL, 38, 3, '1', 1),
(1168, 0, 'Daniel', 'Vega', NULL, 29, 1, '2', 1),
(1169, 0, 'Alexis', 'Ferrero', NULL, 29, 2, '2', 1),
(1170, 0, 'Cristian', 'Villagra', NULL, 29, 2, '1', 0),
(1171, 0, 'Paulo', 'Ferrari', NULL, 29, 2, '2', 1),
(1172, 0, 'Oscar', 'Ahumada', NULL, 29, 3, '1', 0),
(1173, 0, 'Nicolás', 'Sánchez', NULL, 29, 2, '2', 0),
(1174, 0, 'Mauro', 'Rosales', NULL, 29, 4, '1', 0),
(1175, 0, 'Rodrigo', 'Rojas', NULL, 29, 3, '2', 1),
(1176, 0, 'Ariel', 'Ortega', NULL, 29, 4, '3', 0),
(1177, 0, 'Marcelo', 'Gallardo', NULL, 29, 3, '3', 1),
(1178, 0, 'Juan', 'Ojeda', NULL, 29, 1, '1', 0),
(1179, 0, 'Maximiliano', 'Coronel', NULL, 29, 2, '1', 0),
(1180, 0, 'Andrés', 'Ríos', NULL, 29, 4, '1', 0),
(1181, 0, 'Gustavo', 'Canales', NULL, 29, 4, '1', 1),
(1182, 0, 'Diego', 'Barrado', NULL, 29, 3, '1', 0),
(1183, 0, 'Martín', 'Galmarini', NULL, 29, 3, '1', 0),
(1184, 0, 'Gustavo', 'Bou', NULL, 29, 3, '1', 0),
(1185, 0, 'Gustavo', 'Cabral', NULL, 29, 2, '2', 0),
(1186, 0, 'Matías', 'Almeyda', NULL, 29, 3, '2', 1),
(1187, 0, 'Nicolás', 'Navarro', NULL, 29, 1, '1', 0),
(1188, 0, 'Mauro', 'Díaz', NULL, 29, 3, '1', 0),
(1189, 0, 'Diego', 'Buonanotte', NULL, 29, 4, '3', 0),
(1190, 0, 'Facundo', 'Quiroga', NULL, 29, 2, '2', 1),
(1191, 0, 'Gonzalo', 'Ludueña', NULL, 29, 4, '1', 0),
(1192, 0, 'Daniel', 'Villalba', NULL, 29, 4, '2', 1),
(1193, 0, 'Gonzalo', 'Gil', NULL, 29, 4, '1', 0),
(1194, 0, 'Lucas', 'Orbán', NULL, 29, 2, '1', 0),
(1195, 0, 'Roberto', 'Pereyra', NULL, 29, 3, '1', 0),
(1196, 0, 'Matías', 'Abelairas', NULL, 29, 3, '2', 0),
(1197, 0, 'Erik', 'Lamela', NULL, 29, 3, '1', 0),
(1198, 0, 'Jorge', 'Broun', NULL, 37, 1, '2', 0),
(1199, 0, 'Nahuel', 'Valentini', NULL, 37, 2, '1', 0),
(1200, 0, 'Guillermo', 'Burdisso', NULL, 37, 2, '2', 1),
(1201, 0, 'Alexis', 'Danelón', NULL, 37, 2, '1', 0),
(1202, 0, 'Diego', 'Braghieri', NULL, 37, 2, '1', 0),
(1203, 0, 'Diego', 'Chitzoff', NULL, 37, 2, '1', 1),
(1204, 0, 'Luciano', 'Figueroa', NULL, 37, 4, '2', 1),
(1205, 0, 'Johnatan', 'Gómez', NULL, 37, 3, '2', 1),
(1206, 0, 'Gervasio', 'Núñez', NULL, 37, 3, '1', 0),
(1207, 0, 'Hernán', 'Galíndez', NULL, 37, 1, '1', 0),
(1208, 0, 'Mario', 'Vallejo', NULL, 37, 2, '1', 0),
(1209, 0, 'Lucas', 'Moya', NULL, 37, 3, '1', 0),
(1210, 0, 'Milton', 'Caraglio', NULL, 37, 4, '1', 1),
(1211, 0, 'Martín', 'Astudillo', NULL, 37, 3, '1', 0),
(1212, 0, 'Emilio', 'Zelaya', NULL, 37, 4, '2', 0),
(1213, 0, 'Matías', 'Ballini', NULL, 37, 3, '1', 0),
(1214, 0, 'Jorge', 'Bava', NULL, 37, 1, '1', 0),
(1215, 0, 'Darío', 'Ocampo', NULL, 37, 3, '1', 0),
(1216, 0, 'Ignacio', 'Boggino', NULL, 37, 2, '1', 0),
(1217, 0, 'Facundo', 'Lupardo', NULL, 37, 1, '1', 0),
(1218, 0, 'Milton', 'Zárate', NULL, 37, 3, '1', 0),
(1219, 0, 'Leandro', 'Gurrieri', NULL, 37, 4, '1', 0),
(1220, 0, 'Santiago', 'García', NULL, 37, 2, '1', 0),
(1221, 0, 'Mario', 'Paglialunga', NULL, 37, 3, '1', 0),
(1222, 0, 'Paúl', 'Ambrosi', NULL, 37, 2, '1', 0),
(1223, 0, 'Martín', 'Rivero', NULL, 37, 3, '1', 0),
(1224, 0, 'Horacio', 'Calcaterra', NULL, 37, 3, '1', 0),
(1225, 0, 'Nicolás', 'Fernández', NULL, 37, 4, '1', 0),
(1226, 0, 'Manuel', 'García', NULL, 37, 1, '1', 0),
(1227, 0, 'Gustavo', 'Campagnuolo', NULL, 28, 1, '1', 0),
(1228, 0, 'Germán', 'Voboril', NULL, 28, 2, '1', 0),
(1229, 0, 'Sebastián', 'Luna', NULL, 28, 2, '1', 0),
(1230, 0, 'Cristian', 'González', NULL, 28, 3, '2', 1),
(1231, 0, 'Jonathan', 'Bottinelli', NULL, 28, 2, '2', 1),
(1232, 0, 'Diego', 'Rivero', NULL, 28, 3, '2', 0),
(1233, 0, 'Bernardo', 'Romeo', NULL, 28, 4, '1', 0),
(1234, 0, 'Leandro', 'Romagnoli', NULL, 28, 3, '3', 0),
(1235, 0, 'Aureliano', 'Torres', NULL, 28, 2, '2', 0),
(1236, 0, 'Nereo', 'Champagne', NULL, 28, 1, '1', 0),
(1237, 0, 'Fernando', 'Meza', NULL, 28, 2, '1', 0),
(1238, 0, 'Fabián', 'Bordagaray', NULL, 28, 4, '2', 1),
(1239, 0, 'Santiago', 'Prim', NULL, 28, 3, '1', 0),
(1240, 0, 'Cristian', 'Leiva', NULL, 28, 3, '1', 0),
(1241, 0, 'Alejandro', 'Gómez', NULL, 28, 4, '3', 0),
(1242, 0, 'Gastón', 'Aguirre', NULL, 28, 2, '2', 1),
(1243, 0, 'Pablo', 'Pintos', NULL, 28, 2, '2', 1),
(1244, 0, 'Sebastián', 'Rusculleda', NULL, 28, 3, '1', 0),
(1245, 0, 'Salvador', 'Reynoso', NULL, 28, 3, '1', 0),
(1246, 0, 'Gonzalo', 'Bazán', NULL, 28, 3, '1', 0),
(1247, 0, 'Axel', 'Juarez', NULL, 28, 3, '1', 0),
(1248, 0, 'Nelson', 'Benítez', NULL, 28, 2, '1', 0),
(1249, 0, 'Emiliano', 'Alfaro', NULL, 28, 4, '1', 1),
(1250, 0, 'Sebastián', 'González', NULL, 28, 3, '1', 0),
(1251, 0, 'Pablo', 'Migliore', NULL, 28, 1, '2', 0),
(1252, 0, 'Matías', 'Vega', NULL, 28, 1, '1', 0),
(1253, 0, 'Nicolás', 'Bertocchi', NULL, 28, 3, '1', 0),
(1254, 0, 'Daniel', 'Islas', NULL, 36, 1, '2', 1),
(1255, 0, 'Cristian', 'Leyes', NULL, 36, 2, '1', 1),
(1256, 0, 'Juan', 'Celaya', NULL, 36, 2, '1', 0),
(1257, 0, 'Diego', 'Castaño', NULL, 36, 3, '2', 0),
(1258, 0, 'Rodolfo', 'Arruabarrena', NULL, 36, 2, '1', 1),
(1259, 0, 'Carlos', 'Luna', NULL, 36, 4, '2', 1),
(1260, 0, 'Jónathan', 'Blanco', NULL, 36, 3, '1', 0),
(1261, 0, 'Leandro', 'Lázzaro', NULL, 36, 4, '2', 0),
(1262, 0, 'Martín', 'Morel', NULL, 36, 3, '2', 0),
(1263, 0, 'Ramiro', 'Leone', NULL, 36, 3, '1', 0),
(1264, 0, 'Luis', 'Ardente', NULL, 36, 1, '1', 1),
(1265, 0, 'Alberto', 'Alarcón', NULL, 36, 2, '1', 0),
(1266, 0, 'Gerardo', 'Castro', NULL, 36, 4, '1', 0),
(1267, 0, 'Néstor', 'Ayala', NULL, 36, 4, '2', 1),
(1268, 0, 'Lucas', 'Oviedo', NULL, 36, 3, '1', 0),
(1269, 0, 'Rubén', 'Botta', NULL, 36, 3, '1', 0),
(1270, 0, 'Ribair', 'Rodríguez', NULL, 36, 3, '1', 0),
(1271, 0, 'Cristian', 'Bardaro', NULL, 36, 4, '1', 0),
(1272, 0, 'Mariano', 'Pasini', NULL, 36, 3, '1', 0),
(1273, 0, 'Lucas', 'Abud', NULL, 36, 1, '1', 0),
(1274, 0, 'Facundo', 'Pumpido', NULL, 36, 4, '1', 0),
(1275, 0, 'Norberto', 'Paparatto', NULL, 36, 2, '1', 0),
(1276, 0, 'Walter', 'Sánchez', NULL, 36, 3, '1', 0),
(1277, 0, 'Gonzalo', 'Choy', NULL, 36, 3, '1', 0),
(1278, 0, 'Pablo', 'Fontanello', NULL, 36, 2, '1', 0),
(1279, 0, 'Carlos', 'Fondacaro', NULL, 36, 2, '1', 0),
(1280, 0, 'Brian', 'Rodríguez', NULL, 36, 4, '1', 0),
(1281, 0, 'Maximiliano', 'Oliva', NULL, 36, 2, '1', 0),
(1282, 0, 'Joaquín', 'Laso', NULL, 36, 2, '1', 0),
(1283, 0, 'Franco', 'Lanaro', NULL, 36, 4, '1', 0),
(1284, 0, 'Marcelo', 'Barovero', NULL, 27, 1, '1', 1),
(1285, 0, 'Marco', 'Torsiglieri', NULL, 27, 2, '1', 0),
(1286, 0, 'Emiliano', 'Papa', NULL, 27, 2, '2', 1),
(1287, 0, 'Gastón', 'Díaz', NULL, 27, 2, '1', 0),
(1288, 0, 'Fabián', 'Cubero', NULL, 27, 3, '2', 0),
(1289, 0, 'Sebastián', 'Domínguez', NULL, 27, 2, '2', 1),
(1290, 0, 'Nicolás', 'Cabrera', NULL, 27, 3, '2', 1),
(1291, 0, 'Maximiliano', 'Moralez', NULL, 27, 3, '3', 1),
(1292, 0, 'Rolando', 'Zárate', NULL, 27, 4, '1', 0),
(1293, 0, 'Ezequiel', 'Cacace', NULL, 27, 1, '1', 0),
(1294, 0, 'Pablo', 'Lima', NULL, 27, 2, '1', 1),
(1295, 0, 'Fernando', 'Tobio', NULL, 27, 2, '1', 0),
(1296, 0, 'Víctor', 'Zapata', NULL, 27, 3, '2', 0),
(1297, 0, 'Franco', 'Razzotti', NULL, 27, 3, '1', 0),
(1298, 0, 'Leandro', 'Somoza', NULL, 27, 3, '2', 1),
(1299, 0, 'Nicolás', 'Otamendi', NULL, 27, 2, '2', 1),
(1300, 0, 'Leandro', 'Caruso', NULL, 27, 4, '2', 0),
(1301, 0, 'Jonathan', 'Cristaldo', NULL, 27, 4, '2', 0),
(1302, 0, 'Leandro', 'Velázquez', NULL, 27, 3, '1', 0),
(1303, 0, 'Santiago', 'Silva', NULL, 27, 4, '3', 1),
(1304, 0, 'Iván', 'Bella', NULL, 27, 3, '1', 0),
(1305, 0, 'Germán', 'Montoya', NULL, 27, 1, '2', 1),
(1306, 0, 'Pablo', 'Despósito', NULL, 27, 3, '1', 0),
(1307, 0, 'Alejandro', 'Cabral', NULL, 27, 3, '1', 0),
(1308, 0, 'Mariano', 'Bíttolo', NULL, 27, 2, '1', 0),
(1309, 0, 'Ricardo', 'Álvarez', NULL, 27, 3, '1', 0),
(1310, 0, 'Leandro', 'Píris', NULL, 27, 4, '1', 0),
(1311, 0, 'Héctor', 'Canteros', NULL, 27, 3, '1', 0),
(1312, 0, 'Matías', 'Conti', NULL, 27, 4, '1', 0),
(1313, 0, 'Juan Ignacio', 'Mercier', NULL, 46, 3, '2', 1),
(1314, 0, 'José Luis', 'Calderón', NULL, 46, 4, '2', 0),
(1315, 0, 'Juan Manuel', 'Azconzábal', NULL, 44, 2, '1', 0),
(1316, 0, 'Jose M.', 'Saavedra', NULL, 44, 3, '1', 0),
(1317, 0, 'Juan Pablo', 'Pereyra', NULL, 44, 4, '1', 1),
(1318, 0, 'Juan Román', 'Riquelme', NULL, 35, 3, '3', 1),
(1319, 0, 'José María', 'Calvo', NULL, 35, 2, '1', 0),
(1320, 0, 'Juan Manuel', 'Lucero', NULL, 34, 3, '1', 1),
(1321, 0, 'Juan Sebastián', 'Verón', NULL, 33, 3, '3', 1),
(1322, 0, 'Carlos Andrés', 'Sánchez', NULL, 40, 3, '1', 0),
(1323, 0, 'Sergio Daniel', 'Sánchez', NULL, 40, 3, '1', 0),
(1324, 0, 'Juan Manuel', 'Insaurralde', NULL, 30, 2, '3', 1),
(1325, 0, 'José Luis', 'Martínez Gullota', NULL, 38, 1, '1', 0),
(1326, 0, 'Juan Ignacio', 'Sánchez Sotelo', NULL, 38, 4, '1', 0),
(1327, 0, 'Juan Carlos', 'Falcón', NULL, 38, 4, '2', 0),
(1328, 0, 'Juan Manuel', 'Díaz', NULL, 29, 2, '2', 0),
(1329, 0, 'Juan Carlos', 'Menseguez', NULL, 28, 4, '2', 0),
(1330, 0, 'Juan Manuel', 'Torres', NULL, 28, 3, '2', 0),
(1331, 0, 'José Luis', 'Palomino', NULL, 28, 2, '1', 0),
(1332, 0, 'Juan Pablo', 'Garat', NULL, 36, 2, '1', 0),
(1333, 0, 'Juan Miguel', 'Maldonado', NULL, 36, 3, '1', 0),
(1334, 0, 'Claudio Daniel', 'Pérez', NULL, 36, 2, '1', 0),
(1335, 0, 'Juan Manuel', 'Martínez', NULL, 27, 4, '2', 0),
(1336, 0, 'Hernán Rodrigo', 'López', NULL, 27, 4, '3', 0),
(1337, 0, 'Juan Pablo', 'Arancio', NULL, 27, 3, '1', 0),
(1338, 0, 'Facundo', 'Pérez Castro', NULL, 45, 3, '1', 0),
(1339, 0, 'Pablo', 'Villalba Fretes', NULL, 45, 4, '1', 0),
(1340, 0, 'Esteban', 'Dei Rossi', NULL, 44, 1, '1', 0),
(1341, 0, 'Mauro', 'Dos Santos', NULL, 43, 2, '1', 0),
(1342, 0, 'Claudio', 'Morel Rodríguez', NULL, 35, 2, '2', 1),
(1343, 0, 'Pablo', 'De Miranda', NULL, 34, 2, '1', 0),
(1344, 0, 'Iván', 'Moreno y Fabianesi', NULL, 34, 3, '2', 1),
(1345, 0, 'Jerónimo', 'Morales Neumann', NULL, 33, 4, '1', 1),
(1346, 0, 'Jadson', 'Viera Castro', NULL, 31, 2, '2', 0),
(1347, 0, 'Cristian', 'Sanchez Prette', NULL, 30, 3, '2', 0),
(1348, 0, 'David', 'Hernandez Valdez', NULL, 30, 4, '1', 0),
(1349, 0, 'Marcos', 'Brítez Ojeda', NULL, 38, 3, '1', 0),
(1350, 0, 'Jorge', 'De Olivera', NULL, 38, 1, '1', 1),
(1351, 0, 'Rogelio', 'Funes Mori', NULL, 29, 4, '1', 0),
(1352, 0, 'Adrián', 'De León', NULL, 37, 4, '1', 0),
(1353, 0, 'Cristian', 'Cuffaro Russo', NULL, 37, 2, '1', 0),
(1354, 0, 'José', 'San Román', NULL, 36, 2, '1', 0),
(1355, 0, 'Maureen', 'Franco', NULL, 42, 3, '1', 0);

-- --------------------------------------------------------

-- 
-- Estructura de tabla para la tabla `playermatch`
-- 

DROP TABLE IF EXISTS `playermatch`;
CREATE TABLE IF NOT EXISTS `playermatch` (
  `id` bigint(20) NOT NULL auto_increment,
  `version` bigint(20) NOT NULL default '0',
  `player` bigint(20) NOT NULL,
  `match_` bigint(20) NOT NULL,
  `totalPoints` double default NULL,
  `olePoints` double default NULL,
  `cleanGoal` tinyint(1) default NULL,
  `recivedGoals` int(11) default NULL,
  `ownGoals` int(11) default NULL,
  `mom` tinyint(1) default NULL,
  `goals` int(11) default NULL,
  `penaltyGoals` int(11) default NULL,
  `freeKickGoals` int(11) default NULL,
  `missedPenalties` int(11) default NULL,
  `cachedPenalties` int(11) default NULL,
  `yellowCard` tinyint(1) default NULL,
  `redCard` tinyint(1) default NULL,
  PRIMARY KEY  (`id`),
  UNIQUE KEY `UK_PlayerMatch_player_match` (`player`,`match_`),
  KEY `FK_PlayerMatch_player` (`player`),
  KEY `FK_PlayerMatch_match` (`match_`)
) ENGINE=InnoDB DEFAULT CHARSET=latin1 AUTO_INCREMENT=1705 ;

-- 
-- Volcar la base de datos para la tabla `playermatch`
-- 

INSERT INTO `playermatch` (`id`, `version`, `player`, `match_`, `totalPoints`, `olePoints`, `cleanGoal`, `recivedGoals`, `ownGoals`, `mom`, `goals`, `penaltyGoals`, `freeKickGoals`, `missedPenalties`, `cachedPenalties`, `yellowCard`, `redCard`) VALUES (1471, 0, 1284, 41, 8, 6, 1, NULL, 0, 0, 0, 0, 0, 0, 0, 0, 0),
(1472, 0, 1291, 41, 9, 7, 0, 0, 0, 0, 0, 1, 0, 0, 0, 0, 0),
(1473, 0, 1303, 41, 9, 6, 0, 0, 0, 0, 1, 0, 0, 0, 0, 0, 0),
(1474, 0, 1040, 41, 4, 4, 0, 0, 0, 0, 0, 0, 0, 0, 0, 0, 0),
(1475, 0, 1046, 41, 6, 6, 0, 0, 0, 0, 0, 0, 0, 0, 0, 0, 0),
(1476, 0, 1047, 41, 0, 4, 0, 3, 0, 0, 0, 0, 0, 0, 0, 1, 0),
(1477, 0, 1052, 41, 4, 4, 0, 0, 0, 0, 0, 0, 0, 0, 0, 0, 0),
(1478, 0, 1055, 41, 5.5, 5.5, 0, 0, 0, 0, 0, 0, 0, 0, 0, 0, 0),
(1479, 0, 1059, 41, 4, 5, 0, 0, 0, 0, 0, 0, 0, 0, 0, 1, 0),
(1480, 0, 1060, 41, 3, 3, 0, 0, 0, 0, 0, 0, 0, 0, 0, 0, 0),
(1481, 0, 850, 47, 5, 5, 0, 0, 0, 0, 0, 0, 0, 0, 0, 0, 0),
(1482, 0, 861, 47, 4, 4, 0, 0, 0, 0, 0, 0, 0, 0, 0, 0, 0),
(1483, 0, 863, 47, 6, 7, 0, 0, 0, 0, 0, 0, 0, 0, 0, 1, 0),
(1484, 0, 865, 47, 10, 7, 0, 0, 0, 0, 1, 0, 0, 0, 0, 0, 0),
(1485, 0, 878, 47, 15, 8, 0, 1, 0, 1, 0, 0, 0, 0, 0, 0, 0),
(1486, 0, 880, 47, 6, 6, 0, 0, 0, 0, 0, 0, 0, 0, 0, 0, 0),
(1487, 0, 885, 47, 10, 7, 0, 0, 0, 0, 1, 0, 0, 0, 0, 0, 0),
(1488, 0, 889, 47, 10, 5, 0, 0, 0, 0, 1, 0, 0, 0, 0, 1, 0),
(1489, 0, 892, 47, 6, 7, 0, 0, 0, 0, 0, 0, 0, 0, 0, 1, 0),
(1490, 0, 894, 47, 6, 6, 0, 0, 0, 0, 0, 0, 0, 0, 0, 0, 0),
(1491, 0, 1320, 47, 4, 4, 0, 0, 0, 0, 0, 0, 0, 0, 0, 0, 0),
(1492, 0, 1344, 47, 5, 5, 0, 0, 0, 0, 0, 0, 0, 0, 0, 0, 0),
(1493, 0, 1143, 50, 5.5, 5.5, 0, 0, 0, 0, 0, 0, 0, 0, 0, 0, 0),
(1494, 0, 1146, 50, 8.5, 5.5, 0, 0, 0, 0, 1, 0, 0, 0, 0, 0, 0),
(1495, 0, 1149, 50, 4, 4, 0, 0, 0, 0, 0, 0, 0, 0, 0, 0, 0),
(1496, 0, 1153, 50, 3, 4, 0, 0, 0, 0, 0, 0, 0, 0, 0, 1, 0),
(1497, 0, 1350, 50, 16, 7, 1, NULL, 0, 1, 0, 0, 0, 0, 0, 0, 0),
(1498, 0, 1230, 50, 5.5, 5.5, 0, 0, 0, 0, 0, 0, 0, 0, 0, 0, 0),
(1499, 0, 1231, 50, -1, 1, 0, 0, 0, 0, 0, 0, 0, 0, 0, 0, 1),
(1500, 0, 1238, 50, 5, 5, 0, 0, 0, 0, 0, 0, 0, 0, 0, 0, 0),
(1501, 0, 1242, 50, 5, 5, 0, 0, 0, 0, 0, 0, 0, 0, 0, 0, 0),
(1502, 0, 1243, 50, 6.5, 6.5, 0, 0, 0, 0, 0, 0, 0, 0, 0, 0, 0),
(1503, 0, 1249, 50, 6, 6, 0, 0, 0, 0, 0, 0, 0, 0, 0, 0, 0),
(1504, 0, 1254, 49, 5.5, 6.5, 0, 1, 0, 0, 0, 0, 0, 0, 0, 0, 0),
(1505, 0, 1255, 49, 5.5, 5.5, 0, 0, 0, 0, 0, 0, 0, 0, 0, 0, 0),
(1506, 0, 1258, 49, 4.5, 5.5, 0, 0, 0, 0, 0, 0, 0, 0, 0, 1, 0),
(1507, 0, 1259, 49, 7, 7, 0, 0, 0, 0, 0, 0, 0, 0, 0, 0, 0),
(1508, 0, 1267, 49, 3.5, 3.5, 0, 0, 0, 0, 0, 0, 0, 0, 0, 0, 0),
(1509, 0, 953, 49, 6.5, 6.5, 0, 0, 0, 0, 0, 0, 0, 0, 0, 0, 0),
(1510, 0, 962, 49, 5.5, 5.5, 0, 0, 0, 0, 0, 0, 0, 0, 0, 0, 0),
(1511, 0, 966, 49, 14, 7.5, 0, 0, 0, 1, 0, 0, 0, 0, 0, 1, 0),
(1512, 0, 975, 49, 6, 6, 0, 0, 0, 0, 0, 0, 0, 0, 0, 0, 0),
(1513, 0, 1110, 45, 4, 6, 0, 1, 0, 0, 0, 0, 0, 0, 0, 1, 0),
(1514, 0, 1113, 45, 6, 6, 0, 0, 0, 0, 0, 0, 0, 0, 0, 0, 0),
(1515, 0, 1116, 45, 5, 5, 0, 0, 0, 0, 0, 0, 0, 0, 0, 0, 0),
(1516, 0, 1119, 45, 7, 7, 0, 0, 0, 0, 0, 0, 0, 0, 0, 0, 0),
(1517, 0, 1125, 45, 8, 5, 0, 0, 0, 0, 1, 0, 0, 0, 0, 0, 0),
(1518, 0, 1127, 45, 5, 5, 0, 0, 0, 0, 0, 0, 0, 0, 0, 0, 0),
(1519, 0, 1128, 45, 4, 5, 0, 0, 0, 0, 0, 0, 0, 0, 0, 1, 0),
(1520, 0, 1324, 45, 5, 5, 0, 0, 0, 0, 0, 0, 0, 0, 0, 0, 0),
(1521, 0, 1084, 45, 6, 6, 0, 0, 0, 0, 0, 0, 0, 0, 0, 0, 0),
(1522, 0, 1168, 48, 3, 5, 0, 1, 0, 0, 0, 0, 0, 0, 0, 1, 0),
(1523, 0, 1169, 48, 6.5, 6.5, 0, 0, 0, 0, 0, 0, 0, 0, 0, 0, 0),
(1524, 0, 1171, 48, 5.5, 6.5, 0, 0, 0, 0, 0, 0, 0, 0, 0, 1, 0),
(1525, 0, 1175, 48, 5, 5, 0, 0, 0, 0, 0, 0, 0, 0, 0, 0, 0),
(1526, 0, 1177, 48, 12, 6, 0, 0, 0, 0, 0, 0, 1, 0, 0, 0, 0),
(1527, 0, 1181, 48, 4, 4, 0, 0, 0, 0, 0, 0, 0, 0, 0, 0, 0),
(1528, 0, 1186, 48, 2, 4, 0, 0, 0, 0, 0, 0, 0, 0, 0, 0, 1),
(1529, 0, 1192, 48, 5.5, 5.5, 0, 0, 0, 0, 0, 0, 0, 0, 0, 0, 0),
(1530, 0, 751, 48, 5, 5, 0, 0, 0, 0, 0, 0, 0, 0, 0, 0, 0),
(1531, 0, 758, 48, 4.5, 4.5, 0, 0, 0, 0, 0, 0, 0, 0, 0, 0, 0),
(1532, 0, 759, 44, 6, 7, 0, 1, 0, 0, 0, 0, 0, 0, 0, 0, 0),
(1533, 0, 764, 44, 4, 4, 0, 0, 0, 0, 0, 0, 0, 0, 0, 0, 0),
(1534, 1, 775, 44, 1, 5, 0, 0, 1, 0, 0, 0, 0, 0, 0, 0, 0),
(1535, 0, 1317, 44, 7, 7, 0, 0, 0, 0, 0, 0, 0, 0, 0, 0, 0),
(1536, 0, 700, 44, 6, 6, 0, 0, 0, 0, 0, 0, 0, 0, 0, 0, 0),
(1537, 0, 701, 44, 5, 5, 0, 0, 0, 0, 0, 0, 0, 0, 0, 0, 0),
(1538, 0, 703, 44, 14, 7, 0, 0, 0, 1, 0, 0, 0, 0, 0, 0, 0),
(1539, 0, 704, 44, 5, 5, 0, 0, 0, 0, 0, 0, 0, 0, 0, 0, 0),
(1540, 0, 706, 44, 5.5, 5.5, 0, 0, 0, 0, 0, 0, 0, 0, 0, 0, 0),
(1541, 0, 707, 44, 7, 7, 0, 0, 0, 0, 0, 0, 0, 0, 0, 0, 0),
(1542, 0, 718, 44, 5, 6, 0, 1, 0, 0, 0, 0, 0, 0, 0, 0, 0),
(1543, 0, 1200, 46, 4, 5, 0, 0, 0, 0, 0, 0, 0, 0, 0, 1, 0),
(1544, 0, 1203, 46, 4, 4, 0, 0, 0, 0, 0, 0, 0, 0, 0, 0, 0),
(1545, 0, 1204, 46, 3, 4, 0, 0, 0, 0, 0, 0, 0, 0, 0, 1, 0),
(1546, 0, 1205, 46, 4, 4, 0, 0, 0, 0, 0, 0, 0, 0, 0, 0, 0),
(1547, 1, 980, 43, 4, 5, 0, 1, 0, 0, 0, 0, 0, 0, 0, 0, 0),
(1548, 0, 982, 43, 15, 7.5, 0, 0, 0, 1, 0, 0, 0, 0, 0, 0, 0),
(1549, 0, 983, 43, 6, 6, 0, 0, 0, 0, 0, 0, 0, 0, 0, 0, 0),
(1550, 0, 984, 43, 5, 5, 0, 0, 0, 0, 0, 0, 0, 0, 0, 0, 0),
(1551, 0, 985, 43, 9, 6, 0, 0, 0, 0, 1, 0, 0, 0, 0, 0, 0),
(1552, 0, 988, 43, 5, 5, 0, 0, 0, 0, 0, 0, 0, 0, 0, 0, 0),
(1553, 0, 816, 43, 5.5, 5.5, 0, 0, 0, 0, 0, 0, 0, 0, 0, 0, 0),
(1554, 0, 817, 43, 9.5, 6.5, 0, 0, 0, 0, 1, 0, 0, 0, 0, 0, 0),
(1555, 0, 819, 43, 6, 7, 0, 1, 0, 0, 0, 0, 0, 0, 0, 0, 0),
(1556, 0, 824, 43, 6, 6, 0, 0, 0, 0, 0, 0, 0, 0, 0, 0, 0),
(1557, 0, 836, 43, 5.5, 6.5, 0, 0, 0, 0, 0, 0, 0, 0, 0, 1, 0),
(1558, 0, 1318, 43, 6.5, 6.5, 0, 0, 0, 0, 0, 0, 0, 0, 0, 0, 0),
(1559, 0, 1342, 43, 5.5, 5.5, 0, 0, 0, 0, 0, 0, 0, 0, 0, 0, 0),
(1560, 1, 910, 42, 6, 6, 0, 0, 0, 0, 0, 0, 0, 0, 0, 0, 0),
(1561, 1, 915, 42, 7.5, 7.5, 0, 0, 0, 0, 0, 0, 0, 0, 0, 0, 0),
(1562, 1, 923, 42, 6, 6, 0, 0, 0, 0, 0, 0, 0, 0, 0, 0, 0),
(1563, 1, 929, 42, 6.5, 7.5, 0, 0, 0, 0, 0, 0, 0, 0, 0, 1, 0),
(1564, 1, 1321, 42, 15, 8, 0, 0, 0, 1, 0, 0, 0, 0, 0, 1, 0),
(1565, 1, 1011, 42, 3, 4, 0, 0, 0, 0, 0, 0, 0, 0, 0, 1, 0),
(1566, 1, 1017, 42, 4, 4, 0, 0, 0, 0, 0, 0, 0, 0, 0, 0, 0),
(1567, 1, 1026, 42, 5, 5, 0, 0, 0, 0, 0, 0, 0, 0, 0, 0, 0),
(1568, 2, 1032, 42, -1, 3, 0, 0, 1, 0, 0, 0, 0, 0, 0, 0, 0),
(1569, 1, 951, 53, 5, 6, 0, 1, 0, 0, 0, 0, 0, 0, 0, 0, 0),
(1570, 1, 953, 53, 5, 5, 0, 0, 0, 0, 0, 0, 0, 0, 0, 0, 0),
(1571, 1, 956, 53, 4, 4, 0, 0, 0, 0, 0, 0, 0, 0, 0, 0, 0),
(1572, 1, 962, 53, 5, 5, 0, 0, 0, 0, 0, 0, 0, 0, 0, 0, 0),
(1573, 1, 966, 53, 6, 6, 0, 0, 0, 0, 0, 0, 0, 0, 0, 0, 0),
(1574, 1, 975, 53, 8, 5, 0, 0, 0, 0, 1, 0, 0, 0, 0, 0, 0),
(1575, 2, 1168, 53, 4.5, 5.5, 0, 1, 0, 0, 0, 0, 0, 0, 0, 0, 0),
(1576, 1, 1169, 53, 6, 6, 0, 0, 0, 0, 0, 0, 0, 0, 0, 0, 0),
(1577, 1, 1175, 53, 3.5, 3.5, 0, 0, 0, 0, 0, 0, 0, 0, 0, 0, 0),
(1578, 1, 1177, 53, 7, 7, 0, 0, 0, 0, 0, 0, 0, 0, 0, 0, 0),
(1579, 1, 1181, 53, 8, 6, 0, 0, 0, 0, 1, 0, 0, 0, 0, 1, 0),
(1580, 1, 1192, 53, 4, 5, 0, 0, 0, 0, 0, 0, 0, 0, 0, 1, 0),
(1581, 1, 1110, 55, 4, 6, 0, 1, 0, 0, 0, 0, 0, 0, 0, 1, 0),
(1582, 1, 1113, 55, 5, 6, 0, 0, 0, 0, 0, 0, 0, 0, 0, 1, 0),
(1583, 1, 1116, 55, 6, 6, 0, 0, 0, 0, 0, 0, 0, 0, 0, 0, 0),
(1584, 1, 1119, 55, 5, 5, 0, 0, 0, 0, 0, 0, 0, 0, 0, 0, 0),
(1585, 1, 1125, 55, 4, 4, 0, 0, 0, 0, 0, 0, 0, 0, 0, 0, 0),
(1586, 1, 1127, 55, 9, 6, 0, 0, 0, 0, 1, 0, 0, 0, 0, 0, 0),
(1587, 1, 1128, 55, 5, 6, 0, 0, 0, 0, 0, 0, 0, 0, 0, 1, 0),
(1588, 1, 1324, 55, 4, 5, 0, 0, 0, 0, 0, 0, 0, 0, 0, 1, 0),
(1589, 1, 785, 55, 3, 5, 0, 2, 0, 0, 0, 0, 0, 0, 0, 0, 0),
(1590, 1, 786, 55, 3, 3, 0, 0, 0, 0, 0, 0, 0, 0, 0, 0, 0),
(1591, 1, 787, 55, 5, 5, 0, 0, 0, 0, 0, 0, 0, 0, 0, 0, 0),
(1592, 1, 791, 55, 7, 7, 0, 0, 0, 0, 0, 0, 0, 0, 0, 0, 0),
(1593, 1, 803, 55, 5, 5, 0, 0, 0, 0, 0, 0, 0, 0, 0, 0, 0),
(1594, 1, 804, 55, 5, 5, 0, 0, 0, 0, 0, 0, 0, 0, 0, 0, 0),
(1595, 1, 807, 55, 7, 4, 0, 0, 0, 0, 1, 0, 0, 0, 0, 0, 0),
(1596, 1, 808, 55, 5, 5, 0, 0, 0, 0, 0, 0, 0, 0, 0, 0, 0),
(1597, 0, 700, 58, 3, 4, 0, NULL, 0, 0, 0, 0, 0, 0, 0, 1, 0),
(1598, 0, 701, 58, 4, 4, 0, NULL, 0, 0, 0, 0, 0, 0, 0, 0, 0),
(1599, 0, 703, 58, 6, 6, 0, NULL, 0, 0, 0, 0, 0, 0, 0, 0, 0),
(1600, 0, 704, 58, 4.5, 4.5, 0, NULL, 0, 0, 0, 0, 0, 0, 0, 0, 0),
(1601, 0, 706, 58, 4.5, 4.5, 0, NULL, 0, 0, 0, 0, 0, 0, 0, 0, 0),
(1602, 0, 707, 58, 3, 4, 0, NULL, 0, 0, 0, 0, 0, 0, 0, 1, 0),
(1603, 0, 718, 58, 3, 5, 0, 2, 0, 0, 0, 0, 0, 0, 0, 0, 0),
(1604, 0, 1313, 58, 5, 6, 0, NULL, 0, 0, 0, 0, 0, 0, 0, 1, 0),
(1605, 0, 980, 58, 5, 6, 0, 1, 0, 0, 0, 0, 0, 0, 0, 0, 0),
(1606, 0, 982, 58, 6, 6, 0, NULL, 0, 0, 0, 0, 0, 0, 0, 0, 0),
(1607, 0, 983, 58, 7, 7, 0, NULL, 0, 0, 0, 0, 0, 0, 0, 0, 0),
(1608, 0, 984, 58, 5, 5, 0, NULL, 0, 0, 0, 0, 0, 0, 0, 0, 0),
(1609, 0, 985, 58, 9, 6, 0, NULL, 0, 0, 1, 0, 0, 0, 0, 0, 0),
(1610, 0, 988, 58, 5, 6, 0, NULL, 0, 0, 0, 0, 0, 0, 0, 1, 0),
(1611, 0, 1076, 57, 8, 6, 1, NULL, 0, 0, 0, 0, 0, 0, 0, 0, 0),
(1612, 0, 1084, 57, 21, 8.5, 0, NULL, 0, 1, 1, 0, 0, 0, 0, 0, 0),
(1613, 0, 1085, 57, 5.5, 5.5, 0, NULL, 0, 0, 0, 0, 0, 0, 0, 0, 0),
(1614, 0, 759, 57, 1.5, 4.5, 0, 3, 0, 0, 0, 0, 0, 0, 0, 0, 0),
(1615, 0, 775, 57, 4, 4, 0, NULL, 0, 0, 0, 0, 0, 0, 0, 0, 0),
(1616, 0, 1317, 57, 6, 6, 0, NULL, 0, 0, 0, 0, 0, 0, 0, 0, 0),
(1617, 0, 1230, 52, 4, 5, 0, NULL, 0, 0, 0, 0, 0, 0, 0, 1, 0),
(1618, 0, 1238, 52, 6, 6, 0, NULL, 0, 0, 0, 0, 0, 0, 0, 0, 0),
(1619, 0, 1242, 52, 5.5, 5.5, 0, NULL, 0, 0, 0, 0, 0, 0, 0, 0, 0),
(1620, 0, 1243, 52, 6, 6, 0, NULL, 0, 0, 0, 0, 0, 0, 0, 0, 0),
(1621, 0, 1249, 52, 9, 6, 0, NULL, 0, 0, 1, 0, 0, 0, 0, 0, 0),
(1622, 0, 1254, 52, 4, 5, 0, 1, 0, 0, 0, 0, 0, 0, 0, 0, 0),
(1623, 0, 1255, 52, 6, 6, 0, NULL, 0, 0, 0, 0, 0, 0, 0, 0, 0),
(1624, 0, 1258, 52, 3, 4, 0, NULL, 0, 0, 0, 0, 0, 0, 0, 1, 0),
(1625, 0, 1259, 52, 4.5, 4.5, 0, NULL, 0, 0, 0, 0, 0, 0, 0, 0, 0),
(1626, 0, 1267, 52, 3, 4, 0, NULL, 0, 0, 0, 0, 0, 0, 0, 1, 0),
(1627, 0, 816, 59, 4.5, 5.5, 0, NULL, 0, 0, 0, 0, 0, 0, 0, 1, 0),
(1628, 0, 817, 59, 7, 5, 0, NULL, 0, 0, 0, 1, 0, 0, 0, 0, 0),
(1629, 0, 818, 59, 4, 4, 0, NULL, 0, 0, 0, 0, 0, 0, 0, 0, 0),
(1630, 0, 819, 59, 5, 6, 0, 1, 0, 0, 0, 0, 0, 0, 0, 0, 0),
(1631, 0, 833, 59, 5, 5, 0, NULL, 0, 0, 0, 0, 0, 0, 0, 0, 0),
(1632, 0, 836, 59, 4, 5, 0, NULL, 0, 0, 0, 0, 0, 0, 0, 1, 0),
(1633, 0, 1318, 59, 4.5, 4.5, 0, NULL, 0, 0, 0, 0, 0, 0, 0, 0, 0),
(1634, 0, 1342, 59, 3, 4, 0, NULL, 0, 0, 0, 0, 0, 0, 0, 1, 0),
(1635, 0, 910, 59, 6, 6, 0, NULL, 0, 0, 0, 0, 0, 0, 0, 0, 0),
(1636, 0, 915, 59, 4.5, 4.5, 0, NULL, 0, 0, 0, 0, 0, 0, 0, 0, 0),
(1637, 0, 923, 59, 4, 4, 0, NULL, 0, 0, 0, 0, 0, 0, 0, 0, 0),
(1638, 0, 929, 59, 13, 7, 0, NULL, 0, 1, 0, 0, 0, 0, 0, 1, 0),
(1639, 0, 936, 59, 5, 5, 0, NULL, 0, 0, 0, 0, 0, 0, 0, 0, 0),
(1640, 0, 751, 54, 5.5, 5.5, 0, NULL, 0, 0, 0, 0, 0, 0, 0, 0, 0),
(1641, 0, 758, 54, 4.5, 4.5, 0, NULL, 0, 0, 0, 0, 0, 0, 0, 0, 0),
(1642, 0, 850, 54, 6.5, 6.5, 0, NULL, 0, 0, 0, 0, 0, 0, 0, 0, 0),
(1643, 0, 854, 54, 6, 6, 0, NULL, 0, 0, 0, 0, 0, 0, 0, 0, 0),
(1644, 0, 861, 54, 6, 6, 0, NULL, 0, 0, 0, 0, 0, 0, 0, 0, 0),
(1645, 0, 863, 54, 26, 9, 0, NULL, 0, 1, 2, 0, 0, 0, 0, 0, 0),
(1646, 0, 865, 54, 10.5, 7.5, 0, NULL, 0, 0, 1, 0, 0, 0, 0, 0, 0),
(1647, 1, 1040, 51, 6, 6, 0, 0, 0, 0, 0, 0, 0, 0, 0, 0, 0),
(1648, 1, 1046, 51, 3, 3, 0, 0, 0, 0, 0, 0, 0, 0, 0, 0, 0),
(1649, 0, 1047, 51, 18, 8, 1, NULL, 0, 1, 0, 0, 0, 0, 0, 0, 0),
(1650, 1, 1052, 51, 6, 4, 0, 0, 0, 0, 0, 1, 0, 0, 0, 0, 0),
(1651, 1, 1055, 51, 6, 6, 0, 0, 0, 0, 0, 0, 0, 0, 0, 0, 0),
(1652, 1, 1059, 51, 5, 5, 0, 0, 0, 0, 0, 0, 0, 0, 0, 0, 0),
(1653, 0, 1143, 51, 6.5, 6.5, 0, NULL, 0, 0, 0, 0, 0, 0, 0, 0, 0),
(1654, 0, 1146, 51, 1, 3, 0, NULL, 0, 0, 0, 0, 0, 0, 0, 0, 1),
(1655, 0, 1149, 51, 6, 6, 0, NULL, 0, 0, 0, 0, 0, 0, 0, 0, 0),
(1656, 0, 1153, 51, 5, 5, 0, NULL, 0, 0, 0, 0, 0, 0, 0, 0, 0),
(1657, 0, 1158, 51, 5, 5, 0, NULL, 0, 0, 0, 0, 0, 0, 0, 0, 0),
(1658, 0, 1350, 51, 5, 6, 0, 1, 0, 0, 0, 0, 0, 0, 0, 0, 0),
(1659, 0, 1017, 60, 6, 5, 0, NULL, 0, 0, 0, 1, 0, 0, 0, 1, 0),
(1660, 0, 1026, 60, 17, 7.5, 0, NULL, 0, 1, 0, 1, 0, 0, 0, 0, 0),
(1661, 0, 1032, 60, 5.5, 5.5, 0, NULL, 0, 0, 0, 0, 0, 0, 0, 0, 0),
(1662, 0, 1284, 60, 2.5, 5.5, 0, 3, 0, 0, 0, 0, 0, 0, 0, 0, 0),
(1663, 0, 1286, 60, 3, 4, 0, NULL, 0, 0, 0, 0, 0, 0, 0, 1, 0),
(1664, 0, 1303, 60, 9, 6, 0, NULL, 0, 0, 1, 0, 0, 0, 0, 0, 0),
(1665, 0, 878, 56, 6, 7, 0, 1, 0, 0, 0, 0, 0, 0, 0, 0, 0),
(1666, 0, 880, 56, 5, 5, 0, NULL, 0, 0, 0, 0, 0, 0, 0, 0, 0),
(1667, 0, 885, 56, 4, 4, 0, NULL, 0, 0, 0, 0, 0, 0, 0, 0, 0),
(1668, 0, 889, 56, 12.5, 6.5, 0, NULL, 0, 0, 1, 0, 0, 0, 0, 0, 0),
(1669, 0, 894, 56, 4.5, 4.5, 0, NULL, 0, 0, 0, 0, 0, 0, 0, 0, 0),
(1670, 0, 1320, 56, 7, 7, 0, NULL, 0, 0, 0, 0, 0, 0, 0, 0, 0),
(1671, 0, 1344, 56, 5, 5, 0, NULL, 0, 0, 0, 0, 0, 0, 0, 0, 0),
(1672, 0, 1200, 56, 3, 5, 0, NULL, 0, 0, 0, 0, 0, 0, 0, 0, 1),
(1673, 0, 1203, 56, 6, 6, 0, NULL, 0, 0, 0, 0, 0, 0, 0, 0, 0),
(1674, 0, 1204, 56, 10, 7, 0, NULL, 0, 0, 1, 0, 0, 0, 0, 0, 0),
(1675, 0, 1205, 56, 2.5, 4.5, 0, NULL, 0, 0, 0, 0, 0, 0, 0, 0, 1),
(1676, 0, 1210, 56, 3.5, 4.5, 0, NULL, 0, 0, 0, 0, 0, 0, 0, 1, 0),
(1677, 1, 1143, 62, 5, 5, 0, 0, 0, 0, 0, 0, 0, 0, 0, 0, 0),
(1678, 1, 1149, 62, 17, 7, 0, 0, 0, 1, 1, 0, 0, 0, 0, 0, 0),
(1679, 1, 1153, 62, 5, 5, 0, 0, 0, 0, 0, 0, 0, 0, 0, 0, 0),
(1680, 1, 1158, 62, 6, 6, 0, 0, 0, 0, 0, 0, 0, 0, 0, 0, 0),
(1681, 1, 1350, 62, 5, 6, 0, 1, 0, 0, 0, 0, 0, 0, 0, 0, 0),
(1682, 1, 1011, 62, 5, 5, 0, 0, 0, 0, 0, 0, 0, 0, 0, 0, 0),
(1683, 1, 1017, 62, 3, 3, 0, 0, 0, 0, 0, 0, 0, 0, 0, 0, 0),
(1684, 1, 1026, 62, 5, 5, 0, 0, 0, 0, 0, 0, 0, 0, 0, 0, 0),
(1685, 1, 1032, 62, 12, 6, 0, 0, 0, 0, 1, 0, 0, 0, 0, 0, 0),
(1686, 1, 1286, 63, 6, 6, 0, 0, 0, 0, 0, 0, 0, 0, 0, 0, 0),
(1687, 1, 1289, 63, 3, 3, 0, 0, 0, 0, 0, 0, 0, 0, 0, 0, 0),
(1688, 1, 1290, 63, 5, 5, 0, 0, 0, 0, 0, 0, 0, 0, 0, 0, 0),
(1689, 1, 1291, 63, 8, 8, 0, 0, 0, 0, 0, 0, 0, 0, 0, 0, 0),
(1690, 1, 1294, 63, 3, 3, 0, 0, 0, 0, 0, 0, 0, 0, 0, 0, 0),
(1691, 1, 1298, 63, 4, 4, 0, 0, 0, 0, 0, 0, 0, 0, 0, 0, 0),
(1692, 1, 1303, 63, 14, 8, 0, 0, 0, 0, 2, 0, 0, 0, 0, 0, 0),
(1693, 2, 1305, 63, 5, 5, 0, 4, 0, 0, 0, 0, 0, 0, 1, 0, 0),
(1694, 1, 816, 63, 8, 5, 0, 0, 0, 0, 1, 0, 0, 0, 0, 1, 0),
(1695, 1, 817, 63, 4, 5, 0, 0, 0, 0, 1, 0, 0, 1, 0, 0, 0),
(1696, 1, 818, 63, 5, 5, 0, 0, 0, 0, 0, 0, 0, 0, 0, 0, 0),
(1697, 1, 819, 63, 1.5, 6.5, 0, 4, 0, 0, 0, 0, 0, 0, 0, 1, 0),
(1698, 1, 824, 63, 11, 5, 0, 0, 0, 0, 1, 0, 0, 0, 0, 0, 0),
(1699, 1, 833, 63, 11, 7, 0, 0, 0, 0, 1, 0, 0, 0, 0, 0, 0),
(1700, 1, 1318, 63, 18, 9, 0, 0, 0, 1, 0, 0, 0, 0, 0, 0, 0),
(1701, 1, 1203, 68, 3, 3, 0, 0, 0, 0, 0, 0, 0, 0, 0, 0, 0),
(1702, 1, 1204, 68, 9, 6, 0, 0, 0, 0, 1, 0, 0, 0, 0, 0, 0),
(1703, 1, 1210, 68, 8, 6, 0, 0, 0, 0, 1, 0, 0, 0, 0, 1, 0),
(1704, 0, 758, 68, 10, 6, 0, NULL, 0, 0, 1, 0, 0, 0, 0, 0, 0);

-- --------------------------------------------------------

-- 
-- Estructura de tabla para la tabla `playerposition`
-- 

DROP TABLE IF EXISTS `playerposition`;
CREATE TABLE IF NOT EXISTS `playerposition` (
  `id` bigint(20) NOT NULL auto_increment,
  `version` bigint(20) NOT NULL default '0',
  `name` varchar(255) NOT NULL,
  PRIMARY KEY  (`id`),
  UNIQUE KEY `UK_PlayerPosition_name` (`name`)
) ENGINE=InnoDB DEFAULT CHARSET=latin1 AUTO_INCREMENT=5 ;

-- 
-- Volcar la base de datos para la tabla `playerposition`
-- 

INSERT INTO `playerposition` (`id`, `version`, `name`) VALUES (1, 0, 'Arquero'),
(2, 0, 'Defensor'),
(3, 0, 'Volante'),
(4, 0, 'Delantero');

-- --------------------------------------------------------

-- 
-- Estructura de tabla para la tabla `playerteam`
-- 

DROP TABLE IF EXISTS `playerteam`;
CREATE TABLE IF NOT EXISTS `playerteam` (
  `id` bigint(20) NOT NULL auto_increment,
  `version` bigint(20) NOT NULL default '0',
  `player` bigint(20) NOT NULL,
  `team` bigint(20) NOT NULL,
  `isCaptain1` tinyint(1) default NULL,
  `isCaptain2` tinyint(1) default NULL,
  `isCaptain3` tinyint(1) default NULL,
  `isPrincipal` tinyint(1) default NULL,
  `isList` tinyint(1) default NULL,
  `isSubstitute` tinyint(1) default NULL,
  `number` int(11) default NULL,
  PRIMARY KEY  (`id`),
  UNIQUE KEY `UK_PlayerTeam_player_team` (`player`,`team`),
  KEY `FK_PlayerTeam_player` (`player`),
  KEY `FK_PlayerTeam_team` (`team`)
) ENGINE=InnoDB DEFAULT CHARSET=latin1 AUTO_INCREMENT=1741 ;

-- 
-- Volcar la base de datos para la tabla `playerteam`
-- 

INSERT INTO `playerteam` (`id`, `version`, `player`, `team`, `isCaptain1`, `isCaptain2`, `isCaptain3`, `isPrincipal`, `isList`, `isSubstitute`, `number`) VALUES (1226, 5, 1110, 60, 0, 0, 0, 1, 0, 0, 1),
(1227, 8, 1133, 60, 0, 0, 0, 0, 0, 1, 2),
(1229, 5, 951, 60, 0, 0, 0, 1, 0, 0, 4),
(1230, 7, 1200, 60, 0, 0, 0, 1, 0, 0, 5),
(1231, 5, 704, 60, 0, 0, 0, 1, 0, 0, 6),
(1233, 12, 850, 60, 0, 0, 0, 1, 0, 0, 7),
(1235, 2, 786, 60, 0, 0, 0, 0, 1, 0, 10),
(1241, 12, 1258, 60, 0, 0, 0, 0, 0, 1, 9),
(1243, 5, 1243, 60, 0, 0, 0, 0, 0, 1, 8),
(1245, 8, 953, 60, 0, 0, 0, 0, 1, 0, 32),
(1246, 2, 1290, 60, 0, 0, 0, 1, 0, 0, 21),
(1250, 11, 816, 60, 0, 0, 0, 1, 0, 0, 22),
(1253, 13, 863, 60, 0, 0, 0, 0, 0, 1, 24),
(1255, 9, 703, 60, 0, 0, 1, 1, 0, 0, 19),
(1257, 10, 1055, 60, 0, 1, 0, 1, 0, 0, 20),
(1264, 14, 804, 60, 0, 0, 0, 0, 0, 1, 23),
(1276, 17, 1238, 60, 0, 0, 0, 0, 0, 1, 51),
(1277, 2, 988, 60, 0, 0, 0, 0, 0, 1, 52),
(1278, 17, 1085, 60, 0, 0, 0, 0, 1, 0, 53),
(1288, 10, 1192, 60, 1, 0, 0, 1, 0, 0, 50),
(1292, 3, 1317, 60, 0, 0, 0, 1, 0, 0, 49),
(1295, 6, 980, 60, 0, 0, 0, 0, 1, 0, 54),
(1296, 3, 1251, 61, 0, 0, 0, 0, 1, 0, 22),
(1297, 2, 1350, 61, 0, 0, 0, 0, 0, 1, 2),
(1298, 2, 704, 61, 0, 0, 0, 1, 0, 0, 3),
(1299, 2, 786, 61, 0, 0, 0, 1, 0, 0, 4),
(1300, 2, 1164, 61, 0, 0, 0, 1, 0, 0, 5),
(1301, 2, 1032, 61, 0, 0, 0, 0, 0, 1, 6),
(1302, 2, 861, 61, 0, 0, 0, 0, 0, 1, 7),
(1303, 2, 816, 61, 0, 0, 0, 1, 0, 0, 8),
(1304, 2, 833, 61, 0, 0, 1, 1, 0, 0, 9),
(1305, 2, 1318, 61, 1, 0, 0, 1, 0, 0, 10),
(1306, 2, 1321, 61, 0, 1, 0, 1, 0, 0, 11),
(1307, 2, 791, 61, 0, 0, 0, 1, 0, 0, 12),
(1308, 2, 804, 61, 0, 0, 0, 0, 0, 1, 13),
(1310, 2, 751, 61, 0, 0, 0, 1, 0, 0, 15),
(1311, 2, 1046, 61, 0, 0, 0, 1, 0, 0, 16),
(1313, 2, 1204, 61, 0, 0, 0, 0, 0, 1, 18),
(1315, 3, 1055, 61, 0, 0, 0, 0, 0, 1, 20),
(1316, 2, 700, 61, 0, 0, 0, 0, 1, 0, 21),
(1317, 3, 1047, 61, 0, 0, 0, 1, 0, 0, 1),
(1319, 2, 1059, 59, 0, 0, 0, 1, 0, 0, 2),
(1321, 2, 889, 59, 0, 0, 0, 1, 0, 0, 4),
(1322, 2, 1040, 59, 0, 0, 0, 1, 0, 0, 5),
(1323, 2, 703, 59, 0, 1, 0, 1, 0, 0, 6),
(1324, 2, 1175, 59, 0, 0, 0, 1, 0, 0, 7),
(1325, 2, 791, 59, 0, 0, 0, 1, 0, 0, 8),
(1326, 2, 751, 59, 0, 0, 0, 1, 0, 0, 9),
(1327, 2, 1259, 59, 0, 0, 0, 1, 0, 0, 10),
(1328, 2, 1046, 59, 1, 0, 0, 1, 0, 0, 11),
(1330, 2, 878, 55, 0, 0, 1, 1, 0, 0, 1),
(1331, 2, 807, 64, 0, 0, 0, 1, 0, 0, 1),
(1332, 2, 1046, 64, 1, 0, 0, 1, 0, 0, 2),
(1333, 2, 929, 64, 0, 1, 0, 1, 0, 0, 3),
(1334, 2, 1055, 64, 0, 0, 0, 1, 0, 0, 4),
(1335, 2, 808, 64, 0, 0, 0, 1, 0, 0, 5),
(1336, 2, 910, 64, 0, 0, 1, 1, 0, 0, 6),
(1337, 2, 1299, 64, 0, 0, 0, 1, 0, 0, 7),
(1338, 2, 1298, 64, 0, 0, 0, 1, 0, 0, 8),
(1339, 2, 1242, 64, 0, 0, 0, 1, 0, 0, 9),
(1340, 2, 1230, 64, 0, 0, 0, 1, 0, 0, 10),
(1341, 2, 791, 64, 0, 0, 0, 0, 0, 1, 11),
(1342, 2, 1113, 64, 0, 0, 0, 0, 0, 1, 12),
(1343, 2, 1116, 64, 0, 0, 0, 0, 0, 1, 13),
(1344, 2, 914, 64, 0, 0, 0, 0, 0, 1, 14),
(1345, 2, 985, 64, 0, 0, 0, 0, 0, 1, 15),
(1346, 2, 986, 64, 0, 0, 0, 0, 0, 1, 16),
(1347, 2, 878, 64, 0, 0, 0, 1, 0, 0, 17),
(1348, 2, 819, 64, 0, 0, 0, 0, 0, 1, 18),
(1349, 2, 928, 64, 0, 0, 0, 0, 1, 0, 19),
(1350, 2, 936, 64, 0, 0, 0, 0, 1, 0, 20),
(1351, 2, 1143, 64, 0, 0, 0, 0, 1, 0, 21),
(1352, 2, 896, 64, 0, 0, 0, 0, 1, 0, 22),
(1353, 3, 1254, 58, 1, 0, 0, 1, 0, 0, 1),
(1354, 2, 1264, 58, 0, 0, 0, 0, 0, 1, 2),
(1355, 2, 1011, 58, 0, 0, 0, 1, 0, 0, 3),
(1356, 2, 1289, 58, 0, 0, 0, 1, 0, 0, 4),
(1357, 2, 889, 58, 0, 0, 0, 1, 0, 0, 5),
(1358, 6, 936, 58, 0, 0, 0, 1, 0, 0, 6),
(1360, 2, 984, 58, 0, 0, 0, 0, 0, 1, 8),
(1361, 2, 1040, 58, 0, 0, 0, 1, 0, 0, 9),
(1366, 3, 836, 58, 0, 0, 0, 1, 0, 0, 10),
(1367, 7, 1026, 58, 0, 0, 0, 0, 0, 1, 17),
(1368, 9, 1318, 58, 0, 0, 1, 1, 0, 0, 14),
(1369, 4, 915, 58, 0, 0, 0, 1, 0, 0, 13),
(1370, 3, 1127, 58, 0, 0, 0, 1, 0, 0, 18),
(1371, 3, 1204, 58, 0, 0, 0, 0, 0, 1, 20),
(1372, 6, 1046, 58, 0, 1, 0, 1, 0, 0, 19),
(1373, 2, 706, 58, 0, 0, 0, 0, 0, 1, 21),
(1374, 5, 880, 58, 0, 0, 0, 0, 0, 1, 22),
(1375, 1, 1200, 58, 0, 0, 0, 0, 1, 0, 22),
(1376, 4, 953, 58, 0, 0, 0, 0, 1, 0, 26),
(1377, 2, 751, 58, 0, 0, 0, 0, 1, 0, 24),
(1378, 0, 1251, 58, 0, 0, 0, 0, 1, 0, 25),
(1379, 2, 1047, 57, 0, 0, 0, 1, 0, 0, 1),
(1380, 2, 1242, 57, 0, 0, 0, 1, 0, 0, 2),
(1381, 2, 889, 57, 0, 0, 0, 1, 0, 0, 3),
(1382, 2, 1011, 57, 0, 0, 0, 1, 0, 0, 4),
(1383, 2, 791, 57, 0, 0, 0, 1, 0, 0, 5),
(1384, 2, 1291, 57, 0, 0, 1, 1, 0, 0, 6),
(1385, 2, 703, 57, 0, 0, 0, 1, 0, 0, 7),
(1386, 2, 1055, 57, 0, 0, 0, 1, 0, 0, 8),
(1387, 2, 803, 57, 0, 0, 0, 1, 0, 0, 9),
(1388, 2, 885, 57, 0, 1, 0, 1, 0, 0, 10),
(1389, 2, 1046, 57, 1, 0, 0, 1, 0, 0, 11),
(1390, 2, 1084, 57, 0, 0, 0, 0, 0, 1, 12),
(1391, 2, 718, 57, 0, 0, 0, 0, 0, 1, 13),
(1392, 2, 1305, 57, 0, 0, 0, 0, 1, 0, 14),
(1393, 2, 1171, 57, 0, 0, 0, 0, 0, 1, 15),
(1395, 1, 804, 58, 0, 0, 0, 0, 0, 1, 23),
(1396, 1, 1254, 56, 0, 0, 0, 1, 0, 0, 1),
(1397, 1, 1264, 56, 0, 0, 0, 0, 0, 1, 2),
(1398, 1, 1153, 56, 0, 0, 0, 1, 0, 0, 3),
(1399, 1, 850, 56, 0, 0, 0, 1, 0, 0, 4),
(1400, 1, 786, 56, 0, 0, 0, 1, 0, 0, 5),
(1401, 1, 889, 56, 0, 0, 0, 1, 0, 0, 6),
(1402, 1, 1175, 56, 0, 0, 0, 1, 0, 0, 7),
(1403, 1, 1128, 56, 0, 0, 0, 1, 0, 0, 8),
(1404, 2, 1026, 56, 0, 0, 1, 1, 0, 0, 9),
(1405, 1, 791, 56, 0, 0, 0, 1, 0, 0, 10),
(1406, 2, 1046, 56, 1, 0, 0, 1, 0, 0, 11),
(1407, 2, 1259, 56, 0, 1, 0, 1, 0, 0, 12),
(1408, 1, 751, 56, 0, 0, 0, 0, 0, 1, 13),
(1409, 1, 1017, 56, 0, 0, 0, 0, 0, 1, 14),
(1410, 1, 892, 56, 0, 0, 0, 0, 0, 1, 15),
(1411, 1, 1055, 56, 0, 0, 0, 0, 0, 1, 16),
(1412, 1, 799, 56, 0, 0, 0, 0, 0, 1, 17),
(1413, 1, 984, 56, 0, 0, 0, 0, 0, 1, 18),
(1414, 0, 980, 56, 0, 0, 0, 0, 1, 0, 19),
(1415, 0, 863, 56, 0, 0, 0, 0, 1, 0, 20),
(1416, 0, 1011, 56, 0, 0, 0, 0, 1, 0, 21),
(1417, 2, 878, 59, 0, 0, 1, 1, 0, 0, 12),
(1418, 1, 1299, 59, 0, 0, 0, 1, 0, 0, 13),
(1419, 1, 1200, 59, 0, 0, 0, 0, 0, 1, 14),
(1420, 0, 1204, 56, 0, 0, 0, 0, 1, 0, 22),
(1421, 1, 861, 59, 0, 0, 0, 0, 0, 1, 15),
(1422, 0, 704, 59, 0, 0, 0, 0, 1, 0, 16),
(1423, 1, 892, 59, 0, 0, 0, 0, 0, 1, 17),
(1424, 1, 982, 59, 0, 0, 0, 0, 0, 1, 18),
(1425, 0, 863, 59, 0, 0, 0, 0, 1, 0, 19),
(1426, 1, 1204, 59, 0, 0, 0, 0, 0, 1, 20),
(1427, 1, 764, 59, 0, 0, 0, 0, 0, 1, 21),
(1428, 0, 1238, 59, 0, 0, 0, 0, 1, 0, 22),
(1429, 1, 1350, 59, 0, 0, 0, 0, 0, 1, 23),
(1430, 0, 1110, 59, 0, 0, 0, 0, 1, 0, 24),
(1431, 1, 936, 55, 0, 0, 0, 1, 0, 0, 2),
(1432, 1, 1242, 55, 0, 0, 0, 1, 0, 0, 3),
(1433, 1, 889, 55, 0, 0, 0, 1, 0, 0, 4),
(1434, 2, 1321, 55, 1, 0, 0, 1, 0, 0, 5),
(1435, 2, 833, 55, 0, 1, 0, 1, 0, 0, 6),
(1436, 1, 892, 55, 0, 0, 0, 1, 0, 0, 7),
(1437, 1, 703, 55, 0, 0, 0, 1, 0, 0, 8),
(1438, 1, 791, 55, 0, 0, 0, 1, 0, 0, 9),
(1439, 1, 803, 55, 0, 0, 0, 1, 0, 0, 10),
(1440, 1, 1127, 55, 0, 0, 0, 1, 0, 0, 11),
(1441, 1, 759, 55, 0, 0, 0, 0, 0, 1, 12),
(1442, 1, 824, 55, 0, 0, 0, 0, 0, 1, 13),
(1443, 1, 775, 55, 0, 0, 0, 0, 0, 1, 14),
(1444, 1, 1055, 55, 0, 0, 0, 0, 0, 1, 15),
(1445, 1, 983, 55, 0, 0, 0, 0, 0, 1, 16),
(1446, 1, 751, 55, 0, 0, 0, 0, 0, 1, 17),
(1447, 1, 1046, 55, 0, 0, 0, 0, 0, 1, 18),
(1448, 0, 1259, 55, 0, 0, 0, 0, 1, 0, 19),
(1449, 0, 948, 55, 0, 0, 0, 0, 1, 0, 20),
(1450, 0, 1286, 55, 0, 0, 0, 0, 1, 0, 21),
(1451, 0, 836, 55, 0, 0, 0, 0, 1, 0, 22),
(1452, 1, 1305, 69, 0, 0, 0, 1, 0, 0, 1),
(1453, 3, 1284, 69, 0, 0, 0, 0, 0, 1, 3),
(1455, 5, 1165, 69, 0, 0, 0, 0, 0, 1, 8),
(1456, 1, 1299, 69, 0, 0, 0, 1, 0, 0, 5),
(1458, 4, 861, 69, 0, 0, 0, 0, 0, 1, 7),
(1460, 2, 786, 69, 0, 0, 0, 1, 0, 0, 6),
(1461, 2, 791, 69, 0, 1, 0, 1, 0, 0, 10),
(1462, 2, 1055, 69, 0, 0, 1, 1, 0, 0, 11),
(1466, 1, 984, 57, 0, 0, 0, 0, 0, 1, 16),
(1467, 0, 1243, 57, 0, 0, 0, 0, 1, 0, 17),
(1468, 1, 1167, 57, 0, 0, 0, 0, 0, 1, 18),
(1469, 0, 1347, 57, 0, 0, 0, 0, 1, 0, 19),
(1470, 1, 1303, 57, 0, 0, 0, 0, 0, 1, 20),
(1471, 1, 985, 57, 0, 0, 0, 0, 0, 1, 21),
(1472, 0, 967, 57, 0, 0, 0, 0, 1, 0, 22),
(1473, 1, 1243, 65, 0, 0, 0, 1, 0, 0, 4),
(1474, 1, 850, 65, 0, 0, 0, 1, 0, 0, 5),
(1475, 1, 1200, 65, 0, 0, 0, 1, 0, 0, 6),
(1476, 3, 1011, 65, 0, 0, 1, 1, 0, 0, 7),
(1477, 1, 889, 65, 0, 0, 0, 0, 0, 1, 8),
(1478, 1, 1169, 65, 0, 0, 0, 0, 0, 1, 9),
(1480, 3, 703, 65, 0, 1, 0, 1, 0, 0, 11),
(1481, 1, 1175, 65, 0, 0, 0, 1, 0, 0, 12),
(1482, 1, 892, 65, 0, 0, 0, 1, 0, 0, 13),
(1483, 1, 1055, 65, 0, 0, 0, 1, 0, 0, 14),
(1484, 2, 1026, 65, 0, 0, 0, 1, 0, 0, 15),
(1485, 1, 1060, 65, 0, 0, 0, 0, 0, 1, 16),
(1487, 1, 1046, 65, 1, 0, 0, 1, 0, 0, 18),
(1488, 1, 1344, 65, 0, 0, 0, 0, 0, 1, 19),
(1490, 0, 1206, 65, 0, 0, 0, 0, 1, 0, 20),
(1491, 1, 865, 65, 0, 0, 0, 0, 0, 1, 21),
(1492, 1, 1345, 65, 0, 0, 0, 0, 0, 1, 22),
(1493, 0, 706, 65, 0, 0, 0, 0, 1, 0, 23),
(1499, 0, 1294, 65, 0, 0, 0, 0, 1, 0, 27),
(1500, 1, 932, 65, 0, 0, 0, 1, 0, 0, 28),
(1501, 1, 819, 65, 0, 0, 0, 0, 0, 1, 29),
(1502, 0, 1284, 65, 0, 0, 0, 0, 1, 0, 30),
(1503, 2, 889, 69, 0, 0, 0, 0, 1, 0, 12),
(1504, 1, 1200, 69, 0, 0, 0, 1, 0, 0, 4),
(1505, 1, 804, 69, 0, 0, 0, 1, 0, 0, 14),
(1506, 2, 1146, 69, 1, 0, 0, 1, 0, 0, 15),
(1507, 5, 1143, 69, 0, 0, 0, 0, 0, 1, 24),
(1508, 5, 832, 69, 0, 0, 0, 0, 1, 0, 26),
(1510, 4, 1040, 69, 0, 0, 0, 0, 0, 1, 22),
(1511, 2, 703, 69, 0, 0, 0, 1, 0, 0, 19),
(1512, 2, 751, 69, 0, 0, 0, 1, 0, 0, 17),
(1513, 2, 818, 69, 0, 0, 0, 0, 0, 1, 20),
(1514, 0, 1184, 69, 0, 0, 0, 0, 1, 0, 23),
(1515, 3, 1318, 62, 0, 0, 0, 1, 0, 0, 1),
(1516, 2, 1321, 62, 1, 0, 0, 1, 0, 0, 2),
(1517, 2, 817, 62, 0, 1, 0, 1, 0, 0, 3),
(1518, 1, 878, 62, 0, 0, 0, 1, 0, 0, 4),
(1519, 1, 1200, 62, 0, 0, 0, 1, 0, 0, 5),
(1520, 1, 1289, 62, 0, 0, 0, 1, 0, 0, 6),
(1521, 1, 889, 62, 0, 0, 0, 1, 0, 0, 7),
(1522, 1, 1210, 69, 0, 0, 0, 0, 0, 1, 21),
(1523, 2, 703, 62, 0, 0, 1, 1, 0, 0, 8),
(1524, 1, 1055, 62, 0, 0, 0, 1, 0, 0, 9),
(1525, 1, 1046, 62, 0, 0, 0, 1, 0, 0, 10),
(1526, 1, 791, 62, 0, 0, 0, 1, 0, 0, 11),
(1527, 1, 787, 62, 0, 0, 0, 0, 0, 1, 12),
(1528, 1, 984, 62, 0, 0, 0, 0, 0, 1, 13),
(1529, 1, 953, 62, 0, 0, 0, 0, 0, 1, 14),
(1530, 1, 892, 62, 0, 0, 0, 0, 0, 1, 15),
(1531, 1, 751, 62, 0, 0, 0, 0, 0, 1, 16),
(1532, 1, 706, 62, 0, 0, 0, 0, 0, 1, 17),
(1533, 1, 1350, 62, 0, 0, 0, 0, 0, 1, 18),
(1534, 0, 1047, 62, 0, 0, 0, 0, 1, 0, 19),
(1535, 0, 1011, 62, 0, 0, 0, 0, 1, 0, 20),
(1536, 0, 1175, 62, 0, 0, 0, 0, 1, 0, 21),
(1537, 0, 803, 62, 0, 0, 0, 0, 1, 0, 22),
(1539, 4, 833, 53, 0, 0, 0, 0, 0, 1, 32),
(1540, 1, 1291, 53, 0, 0, 0, 1, 0, 0, 3),
(1541, 2, 1318, 53, 1, 0, 0, 1, 0, 0, 4),
(1548, 2, 1110, 53, 0, 0, 0, 1, 0, 0, 9),
(1549, 0, 878, 53, 0, 0, 0, 0, 1, 0, 12),
(1552, 3, 700, 53, 0, 0, 0, 0, 0, 1, 18),
(1554, 2, 1286, 53, 0, 0, 0, 1, 0, 0, 17),
(1555, 2, 889, 53, 0, 0, 0, 1, 0, 0, 15),
(1556, 1, 1203, 53, 0, 0, 0, 0, 0, 1, 19),
(1561, 1, 975, 61, 0, 0, 0, 0, 0, 1, 23),
(1562, 0, 1146, 61, 0, 0, 0, 0, 1, 0, 24),
(1563, 0, 892, 61, 0, 0, 0, 0, 1, 0, 25),
(1564, 0, 1047, 69, 0, 0, 0, 0, 1, 0, 25),
(1565, 1, 1046, 69, 0, 0, 0, 1, 0, 0, 18),
(1566, 3, 1301, 53, 0, 0, 0, 0, 1, 0, 36),
(1567, 2, 1146, 53, 0, 0, 0, 1, 0, 0, 25),
(1568, 2, 1259, 53, 0, 0, 0, 1, 0, 0, 26),
(1569, 3, 1046, 53, 0, 1, 0, 1, 0, 0, 24),
(1571, 1, 706, 53, 0, 0, 0, 0, 0, 1, 29),
(1573, 2, 703, 53, 0, 0, 1, 1, 0, 0, 31),
(1575, 2, 804, 53, 0, 0, 0, 0, 1, 0, 34),
(1576, 1, 758, 53, 0, 0, 0, 0, 0, 1, 33),
(1578, 1, 751, 53, 0, 0, 0, 0, 0, 1, 27),
(1580, 4, 791, 53, 0, 0, 0, 1, 0, 0, 2),
(1581, 1, 1350, 53, 0, 0, 0, 0, 0, 1, 11),
(1582, 0, 951, 53, 0, 0, 0, 0, 1, 0, 40),
(1583, 1, 984, 53, 0, 0, 0, 1, 0, 0, 13),
(1584, 1, 980, 71, 0, 0, 0, 1, 0, 0, 1),
(1585, 1, 704, 71, 0, 0, 0, 1, 0, 0, 2),
(1586, 2, 850, 71, 0, 0, 1, 1, 0, 0, 3),
(1587, 1, 1171, 71, 0, 0, 0, 1, 0, 0, 4),
(1588, 1, 786, 71, 0, 0, 0, 1, 0, 0, 5),
(1589, 1, 816, 71, 0, 0, 0, 1, 0, 0, 6),
(1590, 1, 966, 71, 0, 0, 0, 1, 0, 0, 7),
(1591, 2, 791, 71, 1, 0, 0, 1, 0, 0, 8),
(1592, 1, 1299, 71, 0, 0, 0, 1, 0, 0, 9),
(1593, 1, 1085, 71, 0, 0, 0, 1, 0, 0, 10),
(1594, 2, 1046, 71, 0, 1, 0, 1, 0, 0, 11),
(1595, 1, 1006, 71, 0, 0, 0, 0, 0, 1, 12),
(1596, 1, 923, 71, 0, 0, 0, 0, 0, 1, 13),
(1597, 1, 703, 71, 0, 0, 0, 0, 0, 1, 14),
(1598, 1, 804, 71, 0, 0, 0, 0, 0, 1, 15),
(1599, 1, 951, 71, 0, 0, 0, 0, 0, 1, 16),
(1600, 0, 819, 71, 0, 0, 0, 0, 1, 0, 17),
(1601, 0, 758, 71, 0, 0, 0, 0, 1, 0, 18),
(1602, 1, 975, 71, 0, 0, 0, 0, 0, 1, 19),
(1603, 1, 1267, 71, 0, 0, 0, 0, 0, 1, 20),
(1604, 0, 886, 71, 0, 0, 0, 0, 1, 0, 21),
(1605, 0, 824, 71, 0, 0, 0, 0, 1, 0, 22),
(1606, 1, 878, 63, 0, 0, 0, 1, 0, 0, 1),
(1607, 2, 1168, 63, 0, 0, 0, 0, 1, 0, 3),
(1608, 1, 1076, 63, 0, 0, 0, 0, 0, 1, 2),
(1609, 1, 704, 63, 0, 0, 0, 1, 0, 0, 4),
(1610, 1, 850, 63, 0, 0, 0, 1, 0, 0, 5),
(1611, 1, 1059, 63, 0, 0, 0, 1, 0, 0, 6),
(1612, 2, 984, 63, 0, 0, 0, 0, 0, 1, 7),
(1613, 1, 1294, 63, 0, 0, 0, 0, 0, 1, 8),
(1614, 0, 1079, 63, 0, 0, 0, 0, 1, 0, 9),
(1615, 2, 1119, 63, 0, 1, 0, 1, 0, 0, 10),
(1616, 2, 833, 63, 0, 0, 1, 1, 0, 0, 11),
(1617, 1, 1313, 63, 0, 0, 0, 1, 0, 0, 12),
(1618, 1, 791, 63, 0, 0, 0, 1, 0, 0, 13),
(1619, 1, 1026, 63, 0, 0, 0, 0, 0, 1, 14),
(1620, 1, 892, 63, 0, 0, 0, 0, 0, 1, 15),
(1621, 0, 703, 63, 0, 0, 0, 0, 1, 0, 16),
(1622, 2, 894, 63, 1, 0, 0, 1, 0, 0, 17),
(1623, 1, 1146, 63, 0, 0, 0, 1, 0, 0, 18),
(1624, 1, 751, 63, 0, 0, 0, 1, 0, 0, 19),
(1625, 1, 1238, 63, 0, 0, 0, 0, 0, 1, 20),
(1626, 1, 1317, 63, 0, 0, 0, 0, 0, 1, 21),
(1628, 1, 1047, 66, 0, 0, 0, 1, 0, 0, 1),
(1629, 1, 1350, 66, 0, 0, 0, 0, 0, 1, 2),
(1630, 0, 948, 66, 0, 0, 0, 0, 1, 0, 3),
(1631, 1, 1059, 66, 0, 0, 0, 1, 0, 0, 4),
(1632, 1, 1164, 66, 0, 0, 0, 1, 0, 0, 5),
(1633, 1, 1243, 66, 0, 0, 0, 1, 0, 0, 6),
(1634, 1, 1171, 66, 0, 0, 0, 0, 0, 1, 7),
(1635, 1, 1190, 66, 0, 0, 0, 0, 0, 1, 8),
(1636, 0, 950, 66, 0, 0, 0, 0, 1, 0, 9),
(1637, 1, 833, 66, 0, 0, 0, 1, 0, 0, 10),
(1638, 2, 1318, 66, 0, 1, 0, 1, 0, 0, 11),
(1639, 2, 1186, 66, 0, 0, 1, 1, 0, 0, 12),
(1640, 1, 1205, 66, 0, 0, 0, 1, 0, 0, 13),
(1641, 1, 1320, 66, 0, 0, 0, 0, 0, 1, 14),
(1643, 2, 817, 66, 1, 0, 0, 1, 0, 0, 16),
(1644, 1, 1238, 66, 0, 0, 0, 1, 0, 0, 17),
(1645, 1, 751, 66, 0, 0, 0, 1, 0, 0, 18),
(1646, 1, 975, 66, 0, 0, 0, 0, 0, 1, 19),
(1648, 2, 1125, 66, 0, 0, 0, 0, 1, 0, 24),
(1649, 2, 1344, 66, 0, 0, 0, 0, 1, 0, 23),
(1650, 1, 982, 66, 0, 0, 0, 0, 0, 1, 22),
(1651, 1, 1317, 66, 0, 0, 0, 0, 0, 1, 21),
(1652, 1, 1168, 52, 0, 0, 0, 1, 0, 0, 1),
(1653, 1, 1254, 52, 0, 0, 0, 0, 0, 1, 2),
(1654, 1, 850, 52, 0, 0, 0, 1, 0, 0, 3),
(1655, 1, 1153, 52, 0, 0, 0, 1, 0, 0, 4),
(1656, 1, 701, 52, 0, 0, 0, 1, 0, 0, 5),
(1657, 1, 1165, 52, 0, 0, 0, 0, 0, 1, 6),
(1658, 1, 1231, 52, 0, 0, 0, 0, 0, 1, 7),
(1659, 1, 836, 52, 0, 0, 0, 1, 0, 0, 8),
(1660, 1, 1313, 52, 0, 0, 0, 1, 0, 0, 9),
(1661, 2, 1026, 52, 0, 0, 1, 1, 0, 0, 10),
(1662, 1, 707, 52, 0, 0, 0, 1, 0, 0, 11),
(1663, 1, 956, 52, 0, 0, 0, 0, 0, 1, 12),
(1664, 1, 1177, 52, 0, 0, 0, 0, 0, 1, 13),
(1665, 2, 1149, 52, 0, 1, 0, 1, 0, 0, 14),
(1666, 2, 1052, 52, 1, 0, 0, 1, 0, 0, 15),
(1667, 1, 1249, 52, 0, 0, 0, 1, 0, 0, 16),
(1668, 1, 865, 52, 0, 0, 0, 0, 0, 1, 17),
(1669, 0, 819, 52, 0, 0, 0, 0, 1, 0, 18),
(1670, 0, 951, 52, 0, 0, 0, 0, 1, 0, 19),
(1671, 0, 1040, 52, 0, 0, 0, 0, 1, 0, 20),
(1672, 3, 1181, 52, 0, 0, 0, 0, 0, 1, 21),
(1673, 2, 1046, 52, 0, 0, 0, 0, 1, 0, 22),
(1674, 0, 832, 63, 0, 0, 0, 0, 1, 0, 22),
(1675, 3, 1047, 70, 0, 0, 0, 1, 0, 0, 1),
(1676, 1, 1055, 70, 0, 0, 0, 1, 0, 0, 2),
(1677, 1, 1046, 70, 1, 0, 0, 1, 0, 0, 3),
(1678, 4, 700, 70, 1, 0, 0, 1, 0, 0, 4),
(1679, 1, 707, 70, 0, 1, 0, 1, 0, 0, 5),
(1680, 1, 865, 70, 0, 0, 0, 1, 0, 0, 6),
(1681, 4, 1242, 70, 0, 1, 0, 1, 0, 0, 7),
(1682, 2, 889, 70, 0, 0, 1, 1, 0, 0, 8),
(1683, 1, 791, 70, 0, 0, 0, 1, 0, 0, 9),
(1684, 1, 1128, 70, 0, 0, 0, 1, 0, 0, 10),
(1685, 1, 1026, 70, 0, 0, 0, 1, 0, 0, 11),
(1686, 1, 819, 70, 0, 0, 0, 0, 0, 1, 12),
(1687, 1, 991, 70, 0, 0, 0, 0, 0, 1, 13),
(1688, 1, 863, 70, 0, 0, 0, 0, 0, 1, 14),
(1689, 1, 854, 70, 0, 0, 0, 0, 0, 1, 15),
(1690, 1, 962, 70, 0, 0, 0, 0, 0, 1, 16),
(1691, 1, 706, 70, 0, 0, 0, 0, 0, 1, 17),
(1692, 1, 1143, 70, 0, 0, 0, 0, 0, 1, 18),
(1693, 2, 1110, 70, 0, 0, 0, 0, 1, 0, 19),
(1694, 2, 951, 70, 0, 0, 0, 0, 1, 0, 20),
(1695, 2, 916, 70, 0, 0, 0, 0, 1, 0, 21),
(1696, 0, 803, 70, 0, 0, 0, 0, 1, 0, 22),
(1697, 2, 785, 54, 0, 1, 0, 1, 0, 0, 1),
(1698, 1, 791, 54, 0, 0, 0, 1, 0, 0, 2),
(1699, 1, 1200, 54, 0, 0, 0, 1, 0, 0, 3),
(1700, 1, 889, 54, 0, 0, 0, 1, 0, 0, 4),
(1701, 1, 892, 54, 0, 0, 0, 1, 0, 0, 5),
(1702, 1, 1324, 54, 0, 0, 0, 1, 0, 0, 6),
(1703, 2, 1127, 54, 0, 0, 1, 1, 0, 0, 7),
(1704, 1, 703, 54, 0, 0, 0, 1, 0, 0, 8),
(1705, 1, 1290, 54, 0, 0, 0, 1, 0, 0, 9),
(1706, 3, 1055, 54, 1, 0, 0, 1, 0, 0, 10),
(1707, 1, 1046, 54, 0, 0, 0, 1, 0, 0, 11),
(1708, 1, 1076, 54, 0, 0, 0, 0, 0, 1, 12),
(1709, 1, 850, 54, 0, 0, 0, 0, 0, 1, 13),
(1710, 1, 863, 54, 0, 0, 0, 0, 0, 1, 14),
(1711, 1, 1255, 54, 0, 0, 0, 0, 0, 1, 15),
(1712, 1, 1320, 54, 0, 0, 0, 0, 0, 1, 16),
(1713, 1, 706, 54, 0, 0, 0, 0, 0, 1, 17),
(1714, 1, 751, 54, 0, 0, 0, 0, 0, 1, 18),
(1715, 0, 1254, 54, 0, 0, 0, 0, 1, 0, 19),
(1716, 0, 1169, 54, 0, 0, 0, 0, 1, 0, 20),
(1717, 0, 916, 54, 0, 0, 0, 0, 1, 0, 21),
(1718, 0, 1204, 54, 0, 0, 0, 0, 1, 0, 22),
(1719, 2, 980, 67, 0, 0, 0, 0, 0, 1, 2),
(1720, 2, 819, 67, 0, 0, 0, 1, 0, 0, 1),
(1721, 0, 1076, 67, 0, 0, 0, 0, 1, 0, 3),
(1722, 2, 1200, 67, 0, 0, 0, 0, 0, 1, 7),
(1723, 1, 700, 67, 0, 0, 0, 1, 0, 0, 5),
(1724, 2, 1342, 67, 0, 0, 0, 0, 0, 1, 8),
(1725, 3, 1158, 67, 0, 0, 0, 1, 0, 0, 4),
(1726, 2, 984, 67, 0, 0, 0, 1, 0, 0, 6),
(1727, 2, 775, 67, 0, 0, 0, 0, 1, 0, 9),
(1728, 2, 1040, 67, 1, 0, 0, 1, 0, 0, 10),
(1729, 3, 1116, 67, 0, 0, 0, 0, 0, 1, 15),
(1730, 1, 892, 67, 0, 0, 0, 1, 0, 0, 12),
(1731, 2, 1313, 67, 0, 0, 1, 1, 0, 0, 13),
(1732, 3, 703, 67, 0, 1, 0, 1, 0, 0, 11),
(1733, 2, 1320, 67, 0, 0, 0, 0, 0, 1, 14),
(1734, 0, 791, 67, 0, 0, 0, 0, 1, 0, 16),
(1735, 4, 1125, 67, 0, 0, 0, 0, 0, 1, 21),
(1736, 2, 751, 67, 0, 0, 0, 1, 0, 0, 17),
(1737, 1, 1259, 67, 0, 0, 0, 1, 0, 0, 19),
(1738, 2, 885, 67, 0, 0, 0, 1, 0, 0, 18),
(1739, 1, 815, 67, 0, 0, 0, 0, 1, 0, 22),
(1740, 3, 865, 67, 0, 0, 0, 0, 0, 1, 20);

-- --------------------------------------------------------

-- 
-- Estructura de tabla para la tabla `playerteamweek`
-- 

DROP TABLE IF EXISTS `playerteamweek`;
CREATE TABLE IF NOT EXISTS `playerteamweek` (
  `id` bigint(20) NOT NULL auto_increment,
  `version` bigint(20) NOT NULL default '0',
  `playerteam` bigint(20) NOT NULL,
  `week` bigint(20) NOT NULL,
  `plays` tinyint(1) default NULL,
  `points` double default NULL,
  PRIMARY KEY  (`id`),
  UNIQUE KEY `UK_PlayerTeamWeek_playerteam_week` (`playerteam`,`week`),
  KEY `FK_PlayerTeamWeek_playerteam` (`playerteam`),
  KEY `FK_PlayerTeamWeek_week` (`week`)
) ENGINE=InnoDB DEFAULT CHARSET=latin1 AUTO_INCREMENT=5941 ;

-- 
-- Volcar la base de datos para la tabla `playerteamweek`
-- 

INSERT INTO `playerteamweek` (`id`, `version`, `playerteam`, `week`, `plays`, `points`) VALUES (3433, 0, 1652, 5, 1, 3),
(3434, 0, 1653, 5, 0, 5.5),
(3435, 0, 1654, 5, 1, 5),
(3436, 0, 1655, 5, 1, 3),
(3437, 0, 1656, 5, 1, 5),
(3438, 0, 1657, 5, 0, NULL),
(3439, 0, 1658, 5, 0, -1),
(3440, 0, 1659, 5, 1, 5.5),
(3441, 0, 1660, 5, 0, NULL),
(3442, 0, 1661, 5, 1, 5),
(3443, 0, 1662, 5, 1, 7),
(3444, 0, 1663, 5, 0, NULL),
(3445, 0, 1664, 5, 1, 12),
(3446, 0, 1665, 5, 1, 4),
(3447, 0, 1666, 5, 1, 8),
(3448, 0, 1667, 5, 1, 6),
(3449, 0, 1668, 5, 0, 10),
(3450, 0, 1669, 5, 0, 6),
(3451, 0, 1670, 5, 0, NULL),
(3452, 0, 1671, 5, 0, 4),
(3453, 0, 1672, 5, 0, 4),
(3454, 0, 1673, 5, 0, 6),
(3455, 0, 1539, 5, 0, NULL),
(3456, 0, 1540, 5, 1, 9),
(3457, 0, 1541, 5, 1, 13),
(3458, 0, 1548, 5, 1, 4),
(3459, 0, 1549, 5, 0, 15),
(3460, 0, 1552, 5, 1, 6),
(3461, 0, 1554, 5, 0, NULL),
(3462, 0, 1555, 5, 1, 10),
(3463, 0, 1556, 5, 0, 4),
(3464, 0, 1566, 5, 0, NULL),
(3465, 0, 1567, 5, 1, 8.5),
(3466, 0, 1568, 5, 1, 7),
(3467, 0, 1569, 5, 1, 6),
(3468, 0, 1571, 5, 0, 5.5),
(3469, 0, 1573, 5, 1, 14),
(3470, 0, 1575, 5, 0, NULL),
(3471, 0, 1576, 5, 1, 4.5),
(3472, 0, 1578, 5, 0, 5),
(3473, 0, 1580, 5, 0, NULL),
(3474, 0, 1581, 5, 0, 16),
(3475, 0, 1582, 5, 0, NULL),
(3476, 0, 1583, 5, 1, 5),
(3477, 0, 1697, 5, 0, NULL),
(3478, 0, 1698, 5, 0, NULL),
(3479, 0, 1699, 5, 1, 4),
(3480, 0, 1700, 5, 1, 10),
(3481, 0, 1701, 5, 1, 6),
(3482, 0, 1702, 5, 1, 5),
(3483, 0, 1703, 5, 1, 5),
(3484, 0, 1704, 5, 1, 14),
(3485, 0, 1705, 5, 0, NULL),
(3486, 0, 1706, 5, 1, 11),
(3487, 0, 1707, 5, 1, 6),
(3488, 0, 1708, 5, 0, NULL),
(3489, 0, 1709, 5, 0, 5),
(3490, 0, 1710, 5, 1, 6),
(3491, 0, 1711, 5, 0, 5.5),
(3492, 0, 1712, 5, 1, 4),
(3493, 0, 1713, 5, 0, 5.5),
(3494, 0, 1714, 5, 0, 5),
(3495, 0, 1715, 5, 0, 5.5),
(3496, 0, 1716, 5, 0, 6.5),
(3497, 0, 1717, 5, 0, NULL),
(3498, 0, 1718, 5, 0, 3),
(3499, 0, 1330, 5, 1, 15),
(3500, 0, 1431, 5, 0, NULL),
(3501, 0, 1432, 5, 1, 5),
(3502, 0, 1433, 5, 1, 10),
(3503, 0, 1434, 5, 1, 30),
(3504, 0, 1435, 5, 0, NULL),
(3505, 0, 1436, 5, 1, 6),
(3506, 0, 1437, 5, 1, 14),
(3507, 0, 1438, 5, 0, NULL),
(3508, 0, 1439, 5, 0, NULL),
(3509, 0, 1440, 5, 1, 5),
(3510, 0, 1441, 5, 0, 6),
(3511, 0, 1442, 5, 1, 6),
(3512, 0, 1443, 5, 0, 1),
(3513, 0, 1444, 5, 1, 5.5),
(3514, 0, 1445, 5, 1, 6),
(3515, 0, 1446, 5, 1, 5),
(3516, 0, 1447, 5, 0, 6),
(3517, 0, 1448, 5, 0, 7),
(3518, 0, 1449, 5, 0, NULL),
(3519, 0, 1450, 5, 0, NULL),
(3520, 0, 1451, 5, 0, 5.5),
(3521, 0, 1396, 5, 1, 5.5),
(3522, 0, 1397, 5, 0, NULL),
(3523, 0, 1398, 5, 1, 3),
(3524, 0, 1399, 5, 1, 5),
(3525, 0, 1400, 5, 0, NULL),
(3526, 0, 1401, 5, 1, 10),
(3527, 0, 1402, 5, 1, 5),
(3528, 0, 1403, 5, 1, 4),
(3529, 0, 1404, 5, 1, 5),
(3530, 0, 1405, 5, 0, NULL),
(3531, 0, 1406, 5, 1, 12),
(3532, 0, 1407, 5, 1, 7),
(3533, 0, 1408, 5, 0, 5),
(3534, 0, 1409, 5, 0, 4),
(3535, 0, 1410, 5, 1, 6),
(3536, 0, 1411, 5, 0, 5.5),
(3537, 0, 1412, 5, 0, NULL),
(3538, 0, 1413, 5, 1, 5),
(3539, 0, 1414, 5, 0, 4),
(3540, 0, 1415, 5, 0, 6),
(3541, 0, 1416, 5, 0, 3),
(3542, 0, 1420, 5, 0, 3),
(3543, 0, 1379, 5, 1, 0),
(3544, 0, 1380, 5, 1, 5),
(3545, 0, 1381, 5, 1, 10),
(3546, 0, 1382, 5, 1, 3),
(3547, 0, 1383, 5, 0, NULL),
(3548, 0, 1384, 5, 1, 9),
(3549, 0, 1385, 5, 1, 14),
(3550, 0, 1386, 5, 1, 5.5),
(3551, 0, 1387, 5, 0, NULL),
(3552, 0, 1388, 5, 1, 10),
(3553, 0, 1389, 5, 1, 12),
(3554, 0, 1390, 5, 1, 6),
(3555, 0, 1391, 5, 0, 5),
(3556, 0, 1392, 5, 0, NULL),
(3557, 0, 1393, 5, 0, 5.5),
(3558, 0, 1466, 5, 0, 5),
(3559, 0, 1467, 5, 0, 6.5),
(3560, 0, 1468, 5, 0, NULL),
(3561, 0, 1469, 5, 0, NULL),
(3562, 0, 1470, 5, 1, 9),
(3563, 0, 1471, 5, 0, 9),
(3564, 0, 1472, 5, 0, NULL),
(3565, 0, 1353, 5, 1, 11),
(3566, 0, 1354, 5, 0, NULL),
(3567, 0, 1355, 5, 1, 3),
(3568, 0, 1356, 5, 0, NULL),
(3569, 0, 1357, 5, 1, 10),
(3570, 0, 1358, 5, 0, NULL),
(3571, 0, 1360, 5, 1, 5),
(3572, 0, 1361, 5, 1, 4),
(3573, 0, 1366, 5, 1, 5.5),
(3574, 0, 1367, 5, 0, 5),
(3575, 0, 1368, 5, 1, 6.5),
(3576, 0, 1369, 5, 1, 7.5),
(3577, 0, 1370, 5, 1, 5),
(3578, 0, 1371, 5, 0, 3),
(3579, 0, 1372, 5, 1, 6),
(3580, 0, 1373, 5, 0, 5.5),
(3581, 0, 1374, 5, 1, 6),
(3582, 0, 1375, 5, 0, 4),
(3583, 0, 1376, 5, 0, 6.5),
(3584, 0, 1377, 5, 0, 5),
(3585, 0, 1378, 5, 0, NULL),
(3586, 0, 1395, 5, 0, NULL),
(3587, 0, 1319, 5, 1, 4),
(3588, 0, 1321, 5, 1, 10),
(3589, 0, 1322, 5, 1, 4),
(3590, 0, 1323, 5, 1, 14),
(3591, 0, 1324, 5, 1, 5),
(3592, 0, 1325, 5, 0, NULL),
(3593, 0, 1326, 5, 1, 5),
(3594, 0, 1327, 5, 1, 7),
(3595, 0, 1328, 5, 1, 12),
(3596, 0, 1417, 5, 1, 15),
(3597, 0, 1418, 5, 0, NULL),
(3598, 0, 1419, 5, 1, 4),
(3599, 0, 1421, 5, 0, 4),
(3600, 0, 1422, 5, 0, 5),
(3601, 0, 1423, 5, 1, 6),
(3602, 0, 1424, 5, 0, 15),
(3603, 0, 1425, 5, 0, 6),
(3604, 0, 1426, 5, 0, 3),
(3605, 0, 1427, 5, 0, 4),
(3606, 0, 1428, 5, 0, 5),
(3607, 0, 1429, 5, 0, 16),
(3608, 0, 1430, 5, 0, 4),
(3609, 0, 1226, 5, 1, 4),
(3610, 0, 1227, 5, 0, NULL),
(3611, 0, 1229, 5, 0, NULL),
(3612, 0, 1230, 5, 1, 4),
(3613, 0, 1231, 5, 1, 5),
(3614, 0, 1233, 5, 1, 5),
(3615, 0, 1235, 5, 0, NULL),
(3616, 0, 1241, 5, 0, 4.5),
(3617, 0, 1243, 5, 1, 6.5),
(3618, 0, 1245, 5, 0, 6.5),
(3619, 0, 1246, 5, 0, NULL),
(3620, 0, 1250, 5, 1, 5.5),
(3621, 0, 1253, 5, 1, 6),
(3622, 0, 1255, 5, 1, 14),
(3623, 0, 1257, 5, 1, 5.5),
(3624, 0, 1264, 5, 0, NULL),
(3625, 0, 1276, 5, 0, 5),
(3626, 0, 1277, 5, 0, 5),
(3627, 0, 1278, 5, 0, NULL),
(3628, 0, 1288, 5, 1, 11),
(3629, 0, 1292, 5, 1, 7),
(3630, 0, 1295, 5, 0, 4),
(3631, 0, 1296, 5, 0, NULL),
(3632, 0, 1297, 5, 0, 16),
(3633, 0, 1298, 5, 1, 5),
(3634, 0, 1299, 5, 0, NULL),
(3635, 0, 1300, 5, 0, NULL),
(3636, 0, 1301, 5, 1, -1),
(3637, 0, 1302, 5, 1, 4),
(3638, 0, 1303, 5, 1, 5.5),
(3639, 0, 1304, 5, 0, NULL),
(3640, 0, 1305, 5, 1, 13),
(3641, 0, 1306, 5, 1, 15),
(3642, 0, 1307, 5, 0, NULL),
(3643, 0, 1308, 5, 0, NULL),
(3644, 0, 1310, 5, 1, 5),
(3645, 0, 1311, 5, 1, 6),
(3646, 0, 1313, 5, 1, 3),
(3647, 0, 1315, 5, 1, 5.5),
(3648, 0, 1316, 5, 0, 6),
(3649, 0, 1317, 5, 1, 0),
(3650, 0, 1561, 5, 0, 6),
(3651, 0, 1562, 5, 0, 8.5),
(3652, 0, 1563, 5, 0, 6),
(3653, 0, 1515, 5, 1, 6.5),
(3654, 0, 1516, 5, 1, 30),
(3655, 0, 1517, 5, 1, 9.5),
(3656, 0, 1518, 5, 1, 15),
(3657, 0, 1519, 5, 1, 4),
(3658, 0, 1520, 5, 0, NULL),
(3659, 0, 1521, 5, 1, 10),
(3660, 0, 1523, 5, 1, 14),
(3661, 0, 1524, 5, 1, 5.5),
(3662, 0, 1525, 5, 1, 6),
(3663, 0, 1526, 5, 0, NULL),
(3664, 0, 1527, 5, 0, NULL),
(3665, 0, 1528, 5, 1, 5),
(3666, 0, 1529, 5, 1, 6.5),
(3667, 0, 1530, 5, 0, 6),
(3668, 0, 1531, 5, 0, 5),
(3669, 0, 1532, 5, 0, 5.5),
(3670, 0, 1533, 5, 0, 16),
(3671, 0, 1534, 5, 0, 0),
(3672, 0, 1535, 5, 0, 3),
(3673, 0, 1536, 5, 0, 5),
(3674, 0, 1537, 5, 0, NULL),
(3675, 0, 1606, 5, 1, 15),
(3676, 0, 1607, 5, 0, 3),
(3677, 0, 1608, 5, 0, NULL),
(3678, 0, 1609, 5, 1, 5),
(3679, 0, 1610, 5, 1, 5),
(3680, 0, 1611, 5, 1, 4),
(3681, 0, 1612, 5, 1, 5),
(3682, 0, 1613, 5, 0, NULL),
(3683, 0, 1614, 5, 0, NULL),
(3684, 0, 1615, 5, 1, 7),
(3685, 0, 1616, 5, 0, NULL),
(3686, 0, 1617, 5, 0, NULL),
(3687, 0, 1618, 5, 0, NULL),
(3688, 0, 1619, 5, 1, 5),
(3689, 0, 1620, 5, 1, 6),
(3690, 0, 1621, 5, 0, 14),
(3691, 0, 1622, 5, 1, 12),
(3692, 0, 1623, 5, 1, 8.5),
(3693, 0, 1624, 5, 1, 5),
(3694, 0, 1625, 5, 0, 5),
(3695, 0, 1626, 5, 0, 7),
(3696, 0, 1674, 5, 0, NULL),
(3697, 0, 1331, 5, 0, NULL),
(3698, 0, 1332, 5, 1, 12),
(3699, 0, 1333, 5, 1, 6.5),
(3700, 0, 1334, 5, 1, 5.5),
(3701, 0, 1335, 5, 0, NULL),
(3702, 0, 1336, 5, 1, 6),
(3703, 0, 1337, 5, 0, NULL),
(3704, 0, 1338, 5, 0, NULL),
(3705, 0, 1339, 5, 1, 5),
(3706, 0, 1340, 5, 1, 5.5),
(3707, 0, 1341, 5, 0, NULL),
(3708, 0, 1342, 5, 1, 6),
(3709, 0, 1343, 5, 1, 5),
(3710, 0, 1344, 5, 0, NULL),
(3711, 0, 1345, 5, 1, 9),
(3712, 0, 1346, 5, 0, NULL),
(3713, 0, 1347, 5, 1, 15),
(3714, 0, 1348, 5, 0, 6),
(3715, 0, 1349, 5, 0, NULL),
(3716, 0, 1350, 5, 0, NULL),
(3717, 0, 1351, 5, 0, 5.5),
(3718, 0, 1352, 5, 0, NULL),
(3719, 0, 1473, 5, 1, 6.5),
(3720, 0, 1474, 5, 1, 5),
(3721, 0, 1475, 5, 1, 4),
(3722, 0, 1476, 5, 1, 3),
(3723, 0, 1477, 5, 0, 10),
(3724, 0, 1478, 5, 0, 6.5),
(3725, 0, 1480, 5, 1, 14),
(3726, 0, 1481, 5, 1, 5),
(3727, 0, 1482, 5, 1, 6),
(3728, 0, 1483, 5, 1, 5.5),
(3729, 0, 1484, 5, 1, 5),
(3730, 0, 1485, 5, 0, 3),
(3731, 0, 1487, 5, 1, 12),
(3732, 0, 1488, 5, 0, 5),
(3733, 0, 1490, 5, 0, NULL),
(3734, 0, 1491, 5, 0, 10),
(3735, 0, 1492, 5, 0, NULL),
(3736, 0, 1493, 5, 0, 5.5),
(3737, 0, 1499, 5, 0, NULL),
(3738, 0, 1500, 5, 0, NULL),
(3739, 0, 1501, 5, 1, 6),
(3740, 0, 1502, 5, 0, 8),
(3741, 0, 1628, 5, 1, 0),
(3742, 0, 1629, 5, 0, 16),
(3743, 0, 1630, 5, 0, NULL),
(3744, 0, 1631, 5, 1, 4),
(3745, 0, 1632, 5, 0, NULL),
(3746, 0, 1633, 5, 1, 6.5),
(3747, 0, 1634, 5, 1, 5.5),
(3748, 0, 1635, 5, 0, NULL),
(3749, 0, 1636, 5, 0, NULL),
(3750, 0, 1637, 5, 0, NULL),
(3751, 0, 1638, 5, 1, 6.5),
(3752, 0, 1639, 5, 1, 2),
(3753, 0, 1640, 5, 1, 4),
(3754, 0, 1641, 5, 1, 4),
(3755, 0, 1643, 5, 1, 19),
(3756, 0, 1644, 5, 1, 5),
(3757, 0, 1645, 5, 1, 5),
(3758, 0, 1646, 5, 0, 6),
(3759, 0, 1648, 5, 0, 8),
(3760, 0, 1649, 5, 0, 5),
(3761, 0, 1650, 5, 0, 15),
(3762, 0, 1651, 5, 0, 7),
(3763, 0, 1719, 5, 0, 4),
(3764, 0, 1720, 5, 1, 6),
(3765, 0, 1721, 5, 0, NULL),
(3766, 0, 1722, 5, 1, 4),
(3767, 0, 1723, 5, 1, 6),
(3768, 0, 1724, 5, 0, 5.5),
(3769, 0, 1725, 5, 0, NULL),
(3770, 0, 1726, 5, 1, 5),
(3771, 0, 1727, 5, 0, 1),
(3772, 0, 1728, 5, 1, 8),
(3773, 0, 1729, 5, 0, 5),
(3774, 0, 1730, 5, 1, 6),
(3775, 0, 1731, 5, 0, NULL),
(3776, 0, 1732, 5, 1, 14),
(3777, 0, 1733, 5, 1, 4),
(3778, 0, 1734, 5, 0, NULL),
(3779, 0, 1735, 5, 0, 8),
(3780, 0, 1736, 5, 1, 5),
(3781, 0, 1737, 5, 1, 7),
(3782, 0, 1738, 5, 1, 10),
(3783, 0, 1739, 5, 0, NULL),
(3784, 0, 1740, 5, 0, 10),
(3785, 0, 1452, 5, 0, NULL),
(3786, 0, 1453, 5, 1, 8),
(3787, 0, 1455, 5, 0, NULL),
(3788, 0, 1456, 5, 0, NULL),
(3789, 0, 1458, 5, 1, 4),
(3790, 0, 1460, 5, 0, NULL),
(3791, 0, 1461, 5, 0, NULL),
(3792, 0, 1462, 5, 1, 5.5),
(3793, 0, 1503, 5, 0, 10),
(3794, 0, 1504, 5, 1, 4),
(3795, 0, 1505, 5, 0, NULL),
(3796, 0, 1506, 5, 1, 17),
(3797, 0, 1507, 5, 1, 5.5),
(3798, 0, 1508, 5, 0, NULL),
(3799, 0, 1510, 5, 1, 4),
(3800, 0, 1511, 5, 1, 14),
(3801, 0, 1512, 5, 1, 5),
(3802, 0, 1513, 5, 0, NULL),
(3803, 0, 1514, 5, 0, NULL),
(3804, 0, 1522, 5, 0, NULL),
(3805, 0, 1564, 5, 0, 0),
(3806, 0, 1565, 5, 1, 6),
(3807, 0, 1675, 5, 1, 0),
(3808, 0, 1676, 5, 1, 5.5),
(3809, 0, 1677, 5, 1, 12),
(3810, 0, 1678, 5, 1, 6),
(3811, 0, 1679, 5, 1, 7),
(3812, 0, 1680, 5, 1, 10),
(3813, 0, 1681, 5, 1, 5),
(3814, 0, 1682, 5, 1, 10),
(3815, 0, 1683, 5, 0, NULL),
(3816, 0, 1684, 5, 1, 4),
(3817, 0, 1685, 5, 1, 5),
(3818, 0, 1686, 5, 0, 6),
(3819, 0, 1687, 5, 0, NULL),
(3820, 0, 1688, 5, 1, 6),
(3821, 0, 1689, 5, 0, NULL),
(3822, 0, 1690, 5, 0, 5.5),
(3823, 0, 1691, 5, 0, 5.5),
(3824, 0, 1692, 5, 0, 5.5),
(3825, 0, 1693, 5, 0, 4),
(3826, 0, 1694, 5, 0, NULL),
(3827, 0, 1695, 5, 0, NULL),
(3828, 0, 1696, 5, 0, NULL),
(3829, 0, 1584, 5, 1, 4),
(3830, 0, 1585, 5, 1, 5),
(3831, 0, 1586, 5, 1, 5),
(3832, 0, 1587, 5, 1, 5.5),
(3833, 0, 1588, 5, 0, NULL),
(3834, 0, 1589, 5, 1, 5.5),
(3835, 0, 1590, 5, 1, 14),
(3836, 0, 1591, 5, 0, NULL),
(3837, 0, 1592, 5, 0, NULL),
(3838, 0, 1593, 5, 0, NULL),
(3839, 0, 1594, 5, 1, 12),
(3840, 0, 1595, 5, 0, NULL),
(3841, 0, 1596, 5, 1, 6),
(3842, 0, 1597, 5, 1, 14),
(3843, 0, 1598, 5, 0, NULL),
(3844, 0, 1599, 5, 0, NULL),
(3845, 0, 1600, 5, 0, 6),
(3846, 0, 1601, 5, 0, 4.5),
(3847, 0, 1602, 5, 1, 6),
(3848, 0, 1603, 5, 1, 3.5),
(3849, 0, 1604, 5, 0, NULL),
(3850, 0, 1605, 5, 0, 6),
(5105, 0, 1652, 6, 1, 4.5),
(5106, 0, 1653, 6, 0, 4),
(5107, 0, 1654, 6, 1, 6.5),
(5108, 0, 1655, 6, 1, 5),
(5109, 0, 1656, 6, 1, 4),
(5110, 0, 1657, 6, 0, NULL),
(5111, 0, 1658, 6, 0, NULL),
(5112, 0, 1659, 6, 1, 4),
(5113, 0, 1660, 6, 1, 5),
(5114, 0, 1661, 6, 1, 17),
(5115, 0, 1662, 6, 1, 3),
(5116, 0, 1663, 6, 0, 4),
(5117, 0, 1664, 6, 0, 7),
(5118, 0, 1665, 6, 1, 6),
(5119, 0, 1666, 6, 1, 12),
(5120, 0, 1667, 6, 1, 9),
(5121, 0, 1668, 6, 0, 10.5),
(5122, 0, 1669, 6, 0, 5),
(5123, 0, 1670, 6, 0, 5),
(5124, 0, 1671, 6, 0, 6),
(5125, 0, 1672, 6, 0, 8),
(5126, 0, 1673, 6, 0, 3),
(5127, 0, 1539, 6, 1, 5),
(5128, 0, 1540, 6, 0, NULL),
(5129, 0, 1541, 6, 1, 9),
(5130, 0, 1548, 6, 1, 4),
(5131, 0, 1549, 6, 0, 6),
(5132, 0, 1552, 6, 0, 3),
(5133, 0, 1554, 6, 1, 3),
(5134, 0, 1555, 6, 1, 12.5),
(5135, 0, 1556, 6, 0, 6),
(5136, 0, 1566, 6, 0, NULL),
(5137, 0, 1567, 6, 1, 1),
(5138, 0, 1568, 6, 1, 4.5),
(5139, 0, 1569, 6, 1, 3),
(5140, 0, 1571, 6, 0, 4.5),
(5141, 0, 1573, 6, 1, 6),
(5142, 0, 1575, 6, 0, 5),
(5143, 0, 1576, 6, 0, 4.5),
(5144, 0, 1578, 6, 0, 5.5),
(5145, 0, 1580, 6, 1, 7),
(5146, 0, 1581, 6, 0, 5),
(5147, 0, 1582, 6, 0, 5),
(5148, 0, 1583, 6, 1, 5),
(5149, 0, 1697, 6, 1, 3),
(5150, 0, 1698, 6, 1, 7),
(5151, 0, 1699, 6, 1, 3),
(5152, 0, 1700, 6, 1, 12.5),
(5153, 0, 1701, 6, 0, NULL),
(5154, 0, 1702, 6, 1, 4),
(5155, 0, 1703, 6, 1, 9),
(5156, 0, 1704, 6, 1, 6),
(5157, 0, 1705, 6, 0, NULL),
(5158, 0, 1706, 6, 1, 12),
(5159, 0, 1707, 6, 1, 3),
(5160, 0, 1708, 6, 0, 8),
(5161, 0, 1709, 6, 0, 6.5),
(5162, 0, 1710, 6, 1, 26),
(5163, 0, 1711, 6, 0, 6),
(5164, 0, 1712, 6, 1, 7),
(5165, 0, 1713, 6, 0, 4.5),
(5166, 0, 1714, 6, 0, 5.5),
(5167, 0, 1715, 6, 0, 4),
(5168, 0, 1716, 6, 0, 6),
(5169, 0, 1717, 6, 0, NULL),
(5170, 0, 1718, 6, 0, 10),
(5171, 0, 1330, 6, 1, 6),
(5172, 0, 1431, 6, 1, 5),
(5173, 0, 1432, 6, 1, 5.5),
(5174, 0, 1433, 6, 1, 12.5),
(5175, 0, 1434, 6, 0, NULL),
(5176, 0, 1435, 6, 1, 10),
(5177, 0, 1436, 6, 0, NULL),
(5178, 0, 1437, 6, 1, 6),
(5179, 0, 1438, 6, 1, 7),
(5180, 0, 1439, 6, 1, 5),
(5181, 0, 1440, 6, 1, 9),
(5182, 0, 1441, 6, 0, 1.5),
(5183, 0, 1442, 6, 0, NULL),
(5184, 0, 1443, 6, 0, 4),
(5185, 0, 1444, 6, 1, 6),
(5186, 0, 1445, 6, 1, 7),
(5187, 0, 1446, 6, 0, 5.5),
(5188, 0, 1447, 6, 0, 3),
(5189, 0, 1448, 6, 0, 4.5),
(5190, 0, 1449, 6, 0, NULL),
(5191, 0, 1450, 6, 0, 3),
(5192, 0, 1451, 6, 0, 4),
(5193, 0, 1396, 6, 1, 4),
(5194, 0, 1397, 6, 0, NULL),
(5195, 0, 1398, 6, 1, 5),
(5196, 0, 1399, 6, 1, 6.5),
(5197, 0, 1400, 6, 1, 3),
(5198, 0, 1401, 6, 1, 12.5),
(5199, 0, 1402, 6, 1, 3.5),
(5200, 0, 1403, 6, 1, 5),
(5201, 0, 1404, 6, 1, 17),
(5202, 0, 1405, 6, 1, 7),
(5203, 0, 1406, 6, 1, 6),
(5204, 0, 1407, 6, 1, 4.5),
(5205, 0, 1408, 6, 0, 5.5),
(5206, 0, 1409, 6, 0, 6),
(5207, 0, 1410, 6, 0, NULL),
(5208, 0, 1411, 6, 0, 6),
(5209, 0, 1412, 6, 0, NULL),
(5210, 0, 1413, 6, 0, 5),
(5211, 0, 1414, 6, 0, 5),
(5212, 0, 1415, 6, 0, 26),
(5213, 0, 1416, 6, 0, NULL),
(5214, 0, 1420, 6, 0, 10),
(5215, 0, 1379, 6, 1, 18),
(5216, 0, 1380, 6, 1, 5.5),
(5217, 0, 1381, 6, 1, 12.5),
(5218, 0, 1382, 6, 0, NULL),
(5219, 0, 1383, 6, 1, 7),
(5220, 0, 1384, 6, 0, NULL),
(5221, 0, 1385, 6, 1, 6),
(5222, 0, 1386, 6, 1, 6),
(5223, 0, 1387, 6, 1, 5),
(5224, 0, 1388, 6, 1, 4),
(5225, 0, 1389, 6, 1, 6),
(5226, 0, 1390, 6, 1, 21),
(5227, 0, 1391, 6, 0, 3),
(5228, 0, 1392, 6, 0, NULL),
(5229, 0, 1393, 6, 0, NULL),
(5230, 0, 1466, 6, 1, 5),
(5231, 0, 1467, 6, 0, 6),
(5232, 0, 1468, 6, 0, NULL),
(5233, 0, 1469, 6, 0, NULL),
(5234, 0, 1470, 6, 0, 9),
(5235, 0, 1471, 6, 0, 9),
(5236, 0, 1472, 6, 0, NULL),
(5237, 0, 1353, 6, 1, 8),
(5238, 0, 1354, 6, 0, NULL),
(5239, 0, 1355, 6, 0, NULL),
(5240, 0, 1356, 6, 0, NULL),
(5241, 0, 1357, 6, 1, 12.5),
(5242, 0, 1358, 6, 1, 5),
(5243, 0, 1360, 6, 1, 5),
(5244, 0, 1361, 6, 1, 6),
(5245, 0, 1366, 6, 1, 4),
(5246, 0, 1367, 6, 0, 17),
(5247, 0, 1368, 6, 1, 4.5),
(5248, 0, 1369, 6, 1, 4.5),
(5249, 0, 1370, 6, 1, 9),
(5250, 0, 1371, 6, 0, 10),
(5251, 0, 1372, 6, 1, 3),
(5252, 0, 1373, 6, 0, 4.5),
(5253, 0, 1374, 6, 1, 5),
(5254, 0, 1375, 6, 0, 3),
(5255, 0, 1376, 6, 0, 5),
(5256, 0, 1377, 6, 0, 5.5),
(5257, 0, 1378, 6, 0, NULL),
(5258, 0, 1395, 6, 0, 5),
(5259, 0, 1319, 6, 1, 5),
(5260, 0, 1321, 6, 1, 12.5),
(5261, 0, 1322, 6, 1, 6),
(5262, 0, 1323, 6, 1, 6),
(5263, 0, 1324, 6, 1, 3.5),
(5264, 0, 1325, 6, 1, 7),
(5265, 0, 1326, 6, 1, 5.5),
(5266, 0, 1327, 6, 1, 4.5),
(5267, 0, 1328, 6, 1, 6),
(5268, 0, 1417, 6, 1, 6),
(5269, 0, 1418, 6, 0, NULL),
(5270, 0, 1419, 6, 1, 3),
(5271, 0, 1421, 6, 0, 6),
(5272, 0, 1422, 6, 0, 4.5),
(5273, 0, 1423, 6, 0, NULL),
(5274, 0, 1424, 6, 0, 6),
(5275, 0, 1425, 6, 0, 26),
(5276, 0, 1426, 6, 0, 10),
(5277, 0, 1427, 6, 0, NULL),
(5278, 0, 1428, 6, 0, 6),
(5279, 0, 1429, 6, 0, 5),
(5280, 0, 1430, 6, 0, 4),
(5281, 0, 1226, 6, 1, 4),
(5282, 0, 1227, 6, 0, NULL),
(5283, 0, 1229, 6, 1, 5),
(5284, 0, 1230, 6, 1, 3),
(5285, 0, 1231, 6, 1, 4.5),
(5286, 0, 1233, 6, 1, 6.5),
(5287, 0, 1235, 6, 0, 3),
(5288, 0, 1241, 6, 0, 3),
(5289, 0, 1243, 6, 0, 6),
(5290, 0, 1245, 6, 0, 5),
(5291, 0, 1246, 6, 0, NULL),
(5292, 0, 1250, 6, 1, 4.5),
(5293, 0, 1253, 6, 0, 26),
(5294, 0, 1255, 6, 1, 6),
(5295, 0, 1257, 6, 1, 6),
(5296, 0, 1264, 6, 1, 5),
(5297, 0, 1276, 6, 0, 6),
(5298, 0, 1277, 6, 0, 5),
(5299, 0, 1278, 6, 0, 5.5),
(5300, 0, 1288, 6, 1, 8),
(5301, 0, 1292, 6, 1, 6),
(5302, 0, 1295, 6, 0, 5),
(5303, 0, 1296, 6, 0, NULL),
(5304, 0, 1297, 6, 0, 5),
(5305, 0, 1298, 6, 1, 4.5),
(5306, 0, 1299, 6, 1, 3),
(5307, 0, 1300, 6, 0, NULL),
(5308, 0, 1301, 6, 1, 5.5),
(5309, 0, 1302, 6, 0, 6),
(5310, 0, 1303, 6, 1, 4.5),
(5311, 0, 1304, 6, 1, 5),
(5312, 0, 1305, 6, 1, 9),
(5313, 0, 1306, 6, 0, NULL),
(5314, 0, 1307, 6, 1, 7),
(5315, 0, 1308, 6, 1, 5),
(5316, 0, 1310, 6, 1, 5.5),
(5317, 0, 1311, 6, 1, 3),
(5318, 0, 1313, 6, 0, 10),
(5319, 0, 1315, 6, 0, 6),
(5320, 0, 1316, 6, 0, 3),
(5321, 0, 1317, 6, 1, 18),
(5322, 0, 1561, 6, 0, 8),
(5323, 0, 1562, 6, 0, 1),
(5324, 0, 1563, 6, 0, NULL),
(5325, 0, 1515, 6, 1, 4.5),
(5326, 0, 1516, 6, 0, NULL),
(5327, 0, 1517, 6, 1, 14),
(5328, 0, 1518, 6, 1, 6),
(5329, 0, 1519, 6, 1, 3),
(5330, 0, 1520, 6, 0, NULL),
(5331, 0, 1521, 6, 1, 12.5),
(5332, 0, 1523, 6, 1, 6),
(5333, 0, 1524, 6, 1, 6),
(5334, 0, 1525, 6, 1, 3),
(5335, 0, 1526, 6, 1, 7),
(5336, 0, 1527, 6, 1, 5),
(5337, 0, 1528, 6, 0, 5),
(5338, 0, 1529, 6, 1, 5),
(5339, 0, 1530, 6, 0, NULL),
(5340, 0, 1531, 6, 0, 5.5),
(5341, 0, 1532, 6, 0, 4.5),
(5342, 0, 1533, 6, 0, 5),
(5343, 0, 1534, 6, 0, 18),
(5344, 0, 1535, 6, 0, NULL),
(5345, 0, 1536, 6, 0, 3.5),
(5346, 0, 1537, 6, 0, 5),
(5347, 0, 1606, 6, 1, 6),
(5348, 0, 1607, 6, 0, 4.5),
(5349, 0, 1608, 6, 0, 8),
(5350, 0, 1609, 6, 1, 4.5),
(5351, 0, 1610, 6, 1, 6.5),
(5352, 0, 1611, 6, 1, 5),
(5353, 0, 1612, 6, 0, 5),
(5354, 0, 1613, 6, 0, NULL),
(5355, 0, 1614, 6, 0, NULL),
(5356, 0, 1615, 6, 1, 5),
(5357, 0, 1616, 6, 1, 5),
(5358, 0, 1617, 6, 1, 5),
(5359, 0, 1618, 6, 1, 7),
(5360, 0, 1619, 6, 0, 17),
(5361, 0, 1620, 6, 0, NULL),
(5362, 0, 1621, 6, 0, 6),
(5363, 0, 1622, 6, 1, 9),
(5364, 0, 1623, 6, 1, 1),
(5365, 0, 1624, 6, 1, 5.5),
(5366, 0, 1625, 6, 0, 6),
(5367, 0, 1626, 6, 0, 6),
(5368, 0, 1674, 6, 0, NULL),
(5369, 0, 1331, 6, 1, 7),
(5370, 0, 1332, 6, 1, 6),
(5371, 0, 1333, 6, 1, 13),
(5372, 0, 1334, 6, 1, 6),
(5373, 0, 1335, 6, 1, 5),
(5374, 0, 1336, 6, 1, 6),
(5375, 0, 1337, 6, 0, NULL),
(5376, 0, 1338, 6, 0, NULL),
(5377, 0, 1339, 6, 1, 5.5),
(5378, 0, 1340, 6, 1, 4),
(5379, 0, 1341, 6, 1, 7),
(5380, 0, 1342, 6, 1, 5),
(5381, 0, 1343, 6, 0, 6),
(5382, 0, 1344, 6, 0, NULL),
(5383, 0, 1345, 6, 0, 9),
(5384, 0, 1346, 6, 0, NULL),
(5385, 0, 1347, 6, 1, 6),
(5386, 0, 1348, 6, 0, 5),
(5387, 0, 1349, 6, 0, NULL),
(5388, 0, 1350, 6, 0, 5),
(5389, 0, 1351, 6, 0, 6.5),
(5390, 0, 1352, 6, 0, NULL),
(5391, 0, 1473, 6, 1, 6),
(5392, 0, 1474, 6, 1, 6.5),
(5393, 0, 1475, 6, 1, 3),
(5394, 0, 1476, 6, 0, NULL),
(5395, 0, 1477, 6, 1, 12.5),
(5396, 0, 1478, 6, 0, 6),
(5397, 0, 1480, 6, 1, 6),
(5398, 0, 1481, 6, 1, 3.5),
(5399, 0, 1482, 6, 0, NULL),
(5400, 0, 1483, 6, 1, 6),
(5401, 0, 1484, 6, 1, 17),
(5402, 0, 1485, 6, 0, NULL),
(5403, 0, 1487, 6, 1, 6),
(5404, 0, 1488, 6, 1, 5),
(5405, 0, 1490, 6, 0, NULL),
(5406, 0, 1491, 6, 0, 10.5),
(5407, 0, 1492, 6, 0, NULL),
(5408, 0, 1493, 6, 0, 4.5),
(5409, 0, 1499, 6, 0, NULL),
(5410, 0, 1500, 6, 0, NULL),
(5411, 0, 1501, 6, 1, 5),
(5412, 0, 1502, 6, 0, 2.5),
(5413, 0, 1628, 6, 1, 18),
(5414, 0, 1629, 6, 0, 5),
(5415, 0, 1630, 6, 0, NULL),
(5416, 0, 1631, 6, 1, 5),
(5417, 0, 1632, 6, 0, NULL),
(5418, 0, 1633, 6, 1, 6),
(5419, 0, 1634, 6, 0, NULL),
(5420, 0, 1635, 6, 0, NULL),
(5421, 0, 1636, 6, 0, NULL),
(5422, 0, 1637, 6, 1, 5),
(5423, 0, 1638, 6, 1, 4.5),
(5424, 0, 1639, 6, 0, NULL),
(5425, 0, 1640, 6, 1, 2.5),
(5426, 0, 1641, 6, 1, 7),
(5427, 0, 1643, 6, 1, 14),
(5428, 0, 1644, 6, 1, 6),
(5429, 0, 1645, 6, 1, 5.5),
(5430, 0, 1646, 6, 0, 8),
(5431, 0, 1648, 6, 0, 4),
(5432, 0, 1649, 6, 0, 5),
(5433, 0, 1650, 6, 1, 6),
(5434, 0, 1651, 6, 0, 6),
(5435, 0, 1719, 6, 0, 5),
(5436, 0, 1720, 6, 1, 5),
(5437, 0, 1721, 6, 0, 8),
(5438, 0, 1722, 6, 0, 3),
(5439, 0, 1723, 6, 1, 3),
(5440, 0, 1724, 6, 0, 3),
(5441, 0, 1725, 6, 1, 5),
(5442, 0, 1726, 6, 1, 5),
(5443, 0, 1727, 6, 0, 4),
(5444, 0, 1728, 6, 1, 12),
(5445, 0, 1729, 6, 0, 6),
(5446, 0, 1730, 6, 0, NULL),
(5447, 0, 1731, 6, 1, 5),
(5448, 0, 1732, 6, 1, 6),
(5449, 0, 1733, 6, 1, 7),
(5450, 0, 1734, 6, 0, 7),
(5451, 0, 1735, 6, 0, 4),
(5452, 0, 1736, 6, 1, 5.5),
(5453, 0, 1737, 6, 1, 4.5),
(5454, 0, 1738, 6, 1, 4),
(5455, 0, 1739, 6, 0, NULL),
(5456, 0, 1740, 6, 0, 10.5),
(5457, 0, 1452, 6, 0, NULL),
(5458, 0, 1453, 6, 1, 2.5),
(5459, 0, 1455, 6, 0, NULL),
(5460, 0, 1456, 6, 0, NULL),
(5461, 0, 1458, 6, 1, 6),
(5462, 0, 1460, 6, 1, 3),
(5463, 0, 1461, 6, 1, 7),
(5464, 0, 1462, 6, 1, 6),
(5465, 0, 1503, 6, 0, 12.5),
(5466, 0, 1504, 6, 1, 3),
(5467, 0, 1505, 6, 1, 5),
(5468, 0, 1506, 6, 1, 2),
(5469, 0, 1507, 6, 0, 6.5),
(5470, 0, 1508, 6, 0, NULL),
(5471, 0, 1510, 6, 0, 6),
(5472, 0, 1511, 6, 1, 6),
(5473, 0, 1512, 6, 1, 5.5),
(5474, 0, 1513, 6, 0, 4),
(5475, 0, 1514, 6, 0, NULL),
(5476, 0, 1522, 6, 0, 3.5),
(5477, 0, 1564, 6, 0, 18),
(5478, 0, 1565, 6, 1, 3),
(5479, 0, 1675, 6, 1, 18),
(5480, 0, 1676, 6, 1, 6),
(5481, 0, 1677, 6, 1, 6),
(5482, 0, 1678, 6, 1, 3),
(5483, 0, 1679, 6, 1, 3),
(5484, 0, 1680, 6, 1, 10.5),
(5485, 0, 1681, 6, 1, 5.5),
(5486, 0, 1682, 6, 1, 12.5),
(5487, 0, 1683, 6, 1, 7),
(5488, 0, 1684, 6, 1, 5),
(5489, 0, 1685, 6, 1, 17),
(5490, 0, 1686, 6, 0, 5),
(5491, 0, 1687, 6, 0, NULL),
(5492, 0, 1688, 6, 0, 26),
(5493, 0, 1689, 6, 0, 6),
(5494, 0, 1690, 6, 0, 5),
(5495, 0, 1691, 6, 0, 4.5),
(5496, 0, 1692, 6, 0, 6.5),
(5497, 0, 1693, 6, 0, 4),
(5498, 0, 1694, 6, 0, 5),
(5499, 0, 1695, 6, 0, NULL),
(5500, 0, 1696, 6, 0, 5),
(5501, 0, 1584, 6, 1, 5),
(5502, 0, 1585, 6, 1, 4.5),
(5503, 0, 1586, 6, 1, 6.5),
(5504, 0, 1587, 6, 0, NULL),
(5505, 0, 1588, 6, 1, 3),
(5506, 0, 1589, 6, 1, 4.5),
(5507, 0, 1590, 6, 1, 6),
(5508, 0, 1591, 6, 1, 14),
(5509, 0, 1592, 6, 0, NULL),
(5510, 0, 1593, 6, 1, 5.5),
(5511, 0, 1594, 6, 1, 3),
(5512, 0, 1595, 6, 0, NULL),
(5513, 0, 1596, 6, 1, 4),
(5514, 0, 1597, 6, 0, 6),
(5515, 0, 1598, 6, 0, 5),
(5516, 0, 1599, 6, 1, 5),
(5517, 0, 1600, 6, 0, 5),
(5518, 0, 1601, 6, 0, 4.5),
(5519, 0, 1602, 6, 0, 8),
(5520, 0, 1603, 6, 0, 3),
(5521, 0, 1604, 6, 0, NULL),
(5522, 0, 1605, 6, 0, NULL),
(5523, 0, 1652, 7, 0, NULL),
(5524, 0, 1653, 7, 0, NULL),
(5525, 0, 1654, 7, 0, NULL),
(5526, 0, 1655, 7, 1, 5),
(5527, 0, 1656, 7, 0, NULL),
(5528, 0, 1657, 7, 0, NULL),
(5529, 0, 1658, 7, 0, NULL),
(5530, 0, 1659, 7, 0, NULL),
(5531, 0, 1660, 7, 0, NULL),
(5532, 0, 1661, 7, 1, 5),
(5533, 0, 1662, 7, 0, NULL),
(5534, 0, 1663, 7, 0, NULL),
(5535, 0, 1664, 7, 0, NULL),
(5536, 0, 1665, 7, 1, 34),
(5537, 0, 1666, 7, 0, NULL),
(5538, 0, 1667, 7, 0, NULL),
(5539, 0, 1668, 7, 0, NULL),
(5540, 0, 1669, 7, 0, 1.5),
(5541, 0, 1670, 7, 0, NULL),
(5542, 0, 1671, 7, 0, NULL),
(5543, 0, 1672, 7, 0, NULL),
(5544, 0, 1673, 7, 0, NULL),
(5545, 0, 1539, 7, 1, 11),
(5546, 0, 1540, 7, 1, 8),
(5547, 0, 1541, 7, 1, 36),
(5548, 0, 1548, 7, 0, NULL),
(5549, 0, 1549, 7, 0, NULL),
(5550, 0, 1552, 7, 0, NULL),
(5551, 0, 1554, 7, 1, 6),
(5552, 0, 1555, 7, 0, NULL),
(5553, 0, 1556, 7, 1, 3),
(5554, 0, 1566, 7, 0, NULL),
(5555, 0, 1567, 7, 0, NULL),
(5556, 0, 1568, 7, 0, NULL),
(5557, 0, 1569, 7, 0, NULL),
(5558, 0, 1571, 7, 0, NULL),
(5559, 0, 1573, 7, 0, NULL),
(5560, 0, 1575, 7, 0, NULL),
(5561, 0, 1576, 7, 1, 10),
(5562, 0, 1578, 7, 0, NULL),
(5563, 0, 1580, 7, 0, NULL),
(5564, 0, 1581, 7, 1, 5),
(5565, 0, 1582, 7, 0, NULL),
(5566, 0, 1583, 7, 0, NULL),
(5567, 0, 1697, 7, 0, NULL),
(5568, 0, 1698, 7, 0, NULL),
(5569, 0, 1699, 7, 0, NULL),
(5570, 0, 1700, 7, 0, NULL),
(5571, 0, 1701, 7, 0, NULL),
(5572, 0, 1702, 7, 0, NULL),
(5573, 0, 1703, 7, 0, NULL),
(5574, 0, 1704, 7, 0, NULL),
(5575, 0, 1705, 7, 1, 5),
(5576, 0, 1706, 7, 0, NULL),
(5577, 0, 1707, 7, 0, NULL),
(5578, 0, 1708, 7, 0, NULL),
(5579, 0, 1709, 7, 0, NULL),
(5580, 0, 1710, 7, 0, NULL),
(5581, 0, 1711, 7, 0, NULL),
(5582, 0, 1712, 7, 0, NULL),
(5583, 0, 1713, 7, 0, NULL),
(5584, 0, 1714, 7, 0, NULL),
(5585, 0, 1715, 7, 0, NULL),
(5586, 0, 1716, 7, 0, NULL),
(5587, 0, 1717, 7, 0, NULL),
(5588, 0, 1718, 7, 0, 9),
(5589, 0, 1330, 7, 0, NULL),
(5590, 0, 1431, 7, 0, NULL),
(5591, 0, 1432, 7, 0, NULL),
(5592, 0, 1433, 7, 0, NULL),
(5593, 0, 1434, 7, 0, NULL),
(5594, 0, 1435, 7, 1, 22),
(5595, 0, 1436, 7, 0, NULL),
(5596, 0, 1437, 7, 0, NULL),
(5597, 0, 1438, 7, 0, NULL),
(5598, 0, 1439, 7, 0, NULL),
(5599, 0, 1440, 7, 0, NULL),
(5600, 0, 1441, 7, 0, NULL),
(5601, 0, 1442, 7, 1, 11),
(5602, 0, 1443, 7, 0, NULL),
(5603, 0, 1444, 7, 0, NULL),
(5604, 0, 1445, 7, 0, NULL),
(5605, 0, 1446, 7, 0, NULL),
(5606, 0, 1447, 7, 0, NULL),
(5607, 0, 1448, 7, 0, NULL),
(5608, 0, 1449, 7, 0, NULL),
(5609, 0, 1450, 7, 0, 6),
(5610, 0, 1451, 7, 0, NULL),
(5611, 0, 1396, 7, 0, NULL),
(5612, 0, 1397, 7, 0, NULL),
(5613, 0, 1398, 7, 1, 5),
(5614, 0, 1399, 7, 0, NULL),
(5615, 0, 1400, 7, 0, NULL),
(5616, 0, 1401, 7, 0, NULL),
(5617, 0, 1402, 7, 0, NULL),
(5618, 0, 1403, 7, 0, NULL),
(5619, 0, 1404, 7, 1, 10),
(5620, 0, 1405, 7, 0, NULL),
(5621, 0, 1406, 7, 0, NULL),
(5622, 0, 1407, 7, 0, NULL),
(5623, 0, 1408, 7, 0, NULL),
(5624, 0, 1409, 7, 1, 3),
(5625, 0, 1410, 7, 0, NULL),
(5626, 0, 1411, 7, 0, NULL),
(5627, 0, 1412, 7, 0, NULL),
(5628, 0, 1413, 7, 0, NULL),
(5629, 0, 1414, 7, 0, NULL),
(5630, 0, 1415, 7, 0, NULL),
(5631, 0, 1416, 7, 0, 5),
(5632, 0, 1420, 7, 0, 9),
(5633, 0, 1379, 7, 0, NULL),
(5634, 0, 1380, 7, 0, NULL),
(5635, 0, 1381, 7, 0, NULL),
(5636, 0, 1382, 7, 1, 5),
(5637, 0, 1383, 7, 0, NULL),
(5638, 0, 1384, 7, 1, 16),
(5639, 0, 1385, 7, 0, NULL),
(5640, 0, 1386, 7, 0, NULL),
(5641, 0, 1387, 7, 0, NULL),
(5642, 0, 1388, 7, 0, NULL),
(5643, 0, 1389, 7, 0, NULL),
(5644, 0, 1390, 7, 0, NULL),
(5645, 0, 1391, 7, 0, NULL),
(5646, 0, 1392, 7, 0, 5),
(5647, 0, 1393, 7, 0, NULL),
(5648, 0, 1466, 7, 0, NULL),
(5649, 0, 1467, 7, 0, NULL),
(5650, 0, 1468, 7, 0, NULL),
(5651, 0, 1469, 7, 0, NULL),
(5652, 0, 1470, 7, 1, 14),
(5653, 0, 1471, 7, 0, NULL),
(5654, 0, 1472, 7, 0, NULL),
(5655, 0, 1353, 7, 0, NULL),
(5656, 0, 1354, 7, 0, NULL),
(5657, 0, 1355, 7, 1, 5),
(5658, 0, 1356, 7, 1, 3),
(5659, 0, 1357, 7, 0, NULL),
(5660, 0, 1358, 7, 0, NULL),
(5661, 0, 1360, 7, 0, NULL),
(5662, 0, 1361, 7, 0, NULL),
(5663, 0, 1366, 7, 0, NULL),
(5664, 0, 1367, 7, 1, 5),
(5665, 0, 1368, 7, 1, 36),
(5666, 0, 1369, 7, 0, NULL),
(5667, 0, 1370, 7, 0, NULL),
(5668, 0, 1371, 7, 1, 9),
(5669, 0, 1372, 7, 0, NULL),
(5670, 0, 1373, 7, 0, NULL),
(5671, 0, 1374, 7, 0, NULL),
(5672, 0, 1375, 7, 0, NULL),
(5673, 0, 1376, 7, 0, NULL),
(5674, 0, 1377, 7, 0, NULL),
(5675, 0, 1378, 7, 0, NULL),
(5676, 0, 1395, 7, 0, NULL),
(5677, 0, 1319, 7, 0, NULL),
(5678, 0, 1321, 7, 0, NULL),
(5679, 0, 1322, 7, 0, NULL),
(5680, 0, 1323, 7, 0, NULL),
(5681, 0, 1324, 7, 0, NULL),
(5682, 0, 1325, 7, 0, NULL),
(5683, 0, 1326, 7, 0, NULL),
(5684, 0, 1327, 7, 0, NULL),
(5685, 0, 1328, 7, 0, NULL),
(5686, 0, 1417, 7, 0, NULL),
(5687, 0, 1418, 7, 0, NULL),
(5688, 0, 1419, 7, 0, NULL),
(5689, 0, 1421, 7, 0, NULL),
(5690, 0, 1422, 7, 0, NULL),
(5691, 0, 1423, 7, 0, NULL),
(5692, 0, 1424, 7, 0, NULL),
(5693, 0, 1425, 7, 0, NULL),
(5694, 0, 1426, 7, 1, 9),
(5695, 0, 1427, 7, 0, NULL),
(5696, 0, 1428, 7, 0, NULL),
(5697, 0, 1429, 7, 1, 5),
(5698, 0, 1430, 7, 0, NULL),
(5699, 0, 1226, 7, 0, NULL),
(5700, 0, 1227, 7, 0, NULL),
(5701, 0, 1229, 7, 0, NULL),
(5702, 0, 1230, 7, 0, NULL),
(5703, 0, 1231, 7, 0, NULL),
(5704, 0, 1233, 7, 0, NULL),
(5705, 0, 1235, 7, 0, NULL),
(5706, 0, 1241, 7, 0, NULL),
(5707, 0, 1243, 7, 0, NULL),
(5708, 0, 1245, 7, 0, NULL),
(5709, 0, 1246, 7, 1, 5),
(5710, 0, 1250, 7, 1, 8),
(5711, 0, 1253, 7, 0, NULL),
(5712, 0, 1255, 7, 0, NULL),
(5713, 0, 1257, 7, 0, NULL),
(5714, 0, 1264, 7, 0, NULL),
(5715, 0, 1276, 7, 0, NULL),
(5716, 0, 1277, 7, 0, NULL),
(5717, 0, 1278, 7, 0, NULL),
(5718, 0, 1288, 7, 0, NULL),
(5719, 0, 1292, 7, 0, NULL),
(5720, 0, 1295, 7, 0, NULL),
(5721, 0, 1296, 7, 0, NULL),
(5722, 0, 1297, 7, 1, 5),
(5723, 0, 1298, 7, 0, NULL),
(5724, 0, 1299, 7, 0, NULL),
(5725, 0, 1300, 7, 0, NULL),
(5726, 0, 1301, 7, 1, 12),
(5727, 0, 1302, 7, 0, NULL),
(5728, 0, 1303, 7, 1, 8),
(5729, 0, 1304, 7, 1, 11),
(5730, 0, 1305, 7, 1, 36),
(5731, 0, 1306, 7, 0, NULL),
(5732, 0, 1307, 7, 0, NULL),
(5733, 0, 1308, 7, 0, NULL),
(5734, 0, 1310, 7, 0, NULL),
(5735, 0, 1311, 7, 0, NULL),
(5736, 0, 1313, 7, 1, 9),
(5737, 0, 1315, 7, 0, NULL),
(5738, 0, 1316, 7, 0, NULL),
(5739, 0, 1317, 7, 0, NULL),
(5740, 0, 1561, 7, 0, NULL),
(5741, 0, 1562, 7, 0, NULL),
(5742, 0, 1563, 7, 0, NULL),
(5743, 0, 1515, 7, 1, 18),
(5744, 0, 1516, 7, 0, NULL),
(5745, 0, 1517, 7, 1, 8),
(5746, 0, 1518, 7, 0, NULL),
(5747, 0, 1519, 7, 0, NULL),
(5748, 0, 1520, 7, 1, 3),
(5749, 0, 1521, 7, 0, NULL),
(5750, 0, 1523, 7, 0, NULL),
(5751, 0, 1524, 7, 0, NULL),
(5752, 0, 1525, 7, 0, NULL),
(5753, 0, 1526, 7, 0, NULL),
(5754, 0, 1527, 7, 0, NULL),
(5755, 0, 1528, 7, 0, NULL),
(5756, 0, 1529, 7, 0, NULL),
(5757, 0, 1530, 7, 0, NULL),
(5758, 0, 1531, 7, 0, NULL),
(5759, 0, 1532, 7, 0, NULL),
(5760, 0, 1533, 7, 1, 5),
(5761, 0, 1534, 7, 0, NULL),
(5762, 0, 1535, 7, 0, 5),
(5763, 0, 1536, 7, 0, NULL),
(5764, 0, 1537, 7, 0, NULL),
(5765, 0, 1606, 7, 0, NULL),
(5766, 0, 1607, 7, 0, NULL),
(5767, 0, 1608, 7, 0, NULL),
(5768, 0, 1609, 7, 0, NULL),
(5769, 0, 1610, 7, 0, NULL),
(5770, 0, 1611, 7, 0, NULL),
(5771, 0, 1612, 7, 0, NULL),
(5772, 0, 1613, 7, 1, 3),
(5773, 0, 1614, 7, 0, NULL),
(5774, 0, 1615, 7, 0, NULL),
(5775, 0, 1616, 7, 1, 22),
(5776, 0, 1617, 7, 0, NULL),
(5777, 0, 1618, 7, 0, NULL),
(5778, 0, 1619, 7, 1, 5),
(5779, 0, 1620, 7, 0, NULL),
(5780, 0, 1621, 7, 0, NULL),
(5781, 0, 1622, 7, 0, NULL),
(5782, 0, 1623, 7, 0, NULL),
(5783, 0, 1624, 7, 0, NULL),
(5784, 0, 1625, 7, 0, NULL),
(5785, 0, 1626, 7, 0, NULL),
(5786, 0, 1674, 7, 0, NULL),
(5787, 0, 1331, 7, 0, NULL),
(5788, 0, 1332, 7, 0, NULL),
(5789, 0, 1333, 7, 0, NULL),
(5790, 0, 1334, 7, 0, NULL),
(5791, 0, 1335, 7, 0, NULL),
(5792, 0, 1336, 7, 0, NULL),
(5793, 0, 1337, 7, 0, NULL),
(5794, 0, 1338, 7, 1, 4),
(5795, 0, 1339, 7, 0, NULL),
(5796, 0, 1340, 7, 0, NULL),
(5797, 0, 1341, 7, 0, NULL),
(5798, 0, 1342, 7, 0, NULL),
(5799, 0, 1343, 7, 0, NULL),
(5800, 0, 1344, 7, 0, NULL),
(5801, 0, 1345, 7, 0, NULL),
(5802, 0, 1346, 7, 0, NULL),
(5803, 0, 1347, 7, 0, NULL),
(5804, 0, 1348, 7, 1, 1.5),
(5805, 0, 1349, 7, 0, NULL),
(5806, 0, 1350, 7, 0, NULL),
(5807, 0, 1351, 7, 0, 5),
(5808, 0, 1352, 7, 0, NULL),
(5809, 0, 1473, 7, 0, NULL),
(5810, 0, 1474, 7, 0, NULL),
(5811, 0, 1475, 7, 0, NULL),
(5812, 0, 1476, 7, 1, 10),
(5813, 0, 1477, 7, 0, NULL),
(5814, 0, 1478, 7, 0, NULL),
(5815, 0, 1480, 7, 0, NULL),
(5816, 0, 1481, 7, 0, NULL),
(5817, 0, 1482, 7, 0, NULL),
(5818, 0, 1483, 7, 0, NULL),
(5819, 0, 1484, 7, 1, 5),
(5820, 0, 1485, 7, 0, NULL),
(5821, 0, 1487, 7, 0, NULL),
(5822, 0, 1488, 7, 0, NULL),
(5823, 0, 1490, 7, 0, NULL),
(5824, 0, 1491, 7, 0, NULL),
(5825, 0, 1492, 7, 0, NULL),
(5826, 0, 1493, 7, 0, NULL),
(5827, 0, 1499, 7, 0, 3),
(5828, 0, 1500, 7, 0, NULL),
(5829, 0, 1501, 7, 1, 1.5),
(5830, 0, 1502, 7, 0, NULL),
(5831, 0, 1628, 7, 0, NULL),
(5832, 0, 1629, 7, 1, 5),
(5833, 0, 1630, 7, 0, NULL),
(5834, 0, 1631, 7, 0, NULL),
(5835, 0, 1632, 7, 0, NULL),
(5836, 0, 1633, 7, 0, NULL),
(5837, 0, 1634, 7, 0, NULL),
(5838, 0, 1635, 7, 0, NULL),
(5839, 0, 1636, 7, 0, NULL),
(5840, 0, 1637, 7, 1, 11),
(5841, 0, 1638, 7, 1, 18),
(5842, 0, 1639, 7, 0, NULL),
(5843, 0, 1640, 7, 0, NULL),
(5844, 0, 1641, 7, 0, NULL),
(5845, 0, 1643, 7, 1, 8),
(5846, 0, 1644, 7, 0, NULL),
(5847, 0, 1645, 7, 0, NULL),
(5848, 0, 1646, 7, 0, NULL),
(5849, 0, 1648, 7, 0, NULL),
(5850, 0, 1649, 7, 0, NULL),
(5851, 0, 1650, 7, 0, NULL),
(5852, 0, 1651, 7, 0, NULL),
(5853, 0, 1719, 7, 0, NULL),
(5854, 0, 1720, 7, 1, 1.5),
(5855, 0, 1721, 7, 0, NULL),
(5856, 0, 1722, 7, 0, NULL),
(5857, 0, 1723, 7, 0, NULL),
(5858, 0, 1724, 7, 0, NULL),
(5859, 0, 1725, 7, 1, 6),
(5860, 0, 1726, 7, 0, NULL),
(5861, 0, 1727, 7, 0, NULL),
(5862, 0, 1728, 7, 0, NULL),
(5863, 0, 1729, 7, 0, NULL),
(5864, 0, 1730, 7, 0, NULL),
(5865, 0, 1731, 7, 0, NULL),
(5866, 0, 1732, 7, 0, NULL),
(5867, 0, 1733, 7, 0, NULL),
(5868, 0, 1734, 7, 0, NULL),
(5869, 0, 1735, 7, 0, NULL),
(5870, 0, 1736, 7, 0, NULL),
(5871, 0, 1737, 7, 0, NULL),
(5872, 0, 1738, 7, 0, NULL),
(5873, 0, 1739, 7, 0, NULL),
(5874, 0, 1740, 7, 0, NULL),
(5875, 0, 1452, 7, 1, 5),
(5876, 0, 1453, 7, 0, NULL),
(5877, 0, 1455, 7, 0, NULL),
(5878, 0, 1456, 7, 0, NULL),
(5879, 0, 1458, 7, 0, NULL),
(5880, 0, 1460, 7, 0, NULL),
(5881, 0, 1461, 7, 0, NULL),
(5882, 0, 1462, 7, 0, NULL),
(5883, 0, 1503, 7, 0, NULL),
(5884, 0, 1504, 7, 0, NULL),
(5885, 0, 1505, 7, 0, NULL),
(5886, 0, 1506, 7, 0, NULL),
(5887, 0, 1507, 7, 1, 5),
(5888, 0, 1508, 7, 0, NULL),
(5889, 0, 1510, 7, 0, NULL),
(5890, 0, 1511, 7, 0, NULL),
(5891, 0, 1512, 7, 0, NULL),
(5892, 0, 1513, 7, 1, 5),
(5893, 0, 1514, 7, 0, NULL),
(5894, 0, 1522, 7, 1, 8),
(5895, 0, 1564, 7, 0, NULL),
(5896, 0, 1565, 7, 0, NULL),
(5897, 0, 1675, 7, 0, NULL),
(5898, 0, 1676, 7, 0, NULL),
(5899, 0, 1677, 7, 0, NULL),
(5900, 0, 1678, 7, 0, NULL),
(5901, 0, 1679, 7, 0, NULL),
(5902, 0, 1680, 7, 0, NULL),
(5903, 0, 1681, 7, 0, NULL),
(5904, 0, 1682, 7, 0, NULL),
(5905, 0, 1683, 7, 0, NULL),
(5906, 0, 1684, 7, 0, NULL),
(5907, 0, 1685, 7, 1, 5),
(5908, 0, 1686, 7, 1, 1.5),
(5909, 0, 1687, 7, 0, NULL),
(5910, 0, 1688, 7, 0, NULL),
(5911, 0, 1689, 7, 0, NULL),
(5912, 0, 1690, 7, 0, NULL),
(5913, 0, 1691, 7, 0, NULL),
(5914, 0, 1692, 7, 1, 5),
(5915, 0, 1693, 7, 0, NULL),
(5916, 0, 1694, 7, 0, NULL),
(5917, 0, 1695, 7, 0, NULL),
(5918, 0, 1696, 7, 0, NULL),
(5919, 0, 1584, 7, 0, NULL),
(5920, 0, 1585, 7, 0, NULL),
(5921, 0, 1586, 7, 0, NULL),
(5922, 0, 1587, 7, 0, NULL),
(5923, 0, 1588, 7, 0, NULL),
(5924, 0, 1589, 7, 1, 8),
(5925, 0, 1590, 7, 0, NULL),
(5926, 0, 1591, 7, 0, NULL),
(5927, 0, 1592, 7, 0, NULL),
(5928, 0, 1593, 7, 0, NULL),
(5929, 0, 1594, 7, 0, NULL),
(5930, 0, 1595, 7, 0, NULL),
(5931, 0, 1596, 7, 0, NULL),
(5932, 0, 1597, 7, 0, NULL),
(5933, 0, 1598, 7, 0, NULL),
(5934, 0, 1599, 7, 0, NULL),
(5935, 0, 1600, 7, 0, 1.5),
(5936, 0, 1601, 7, 0, 10),
(5937, 0, 1602, 7, 0, NULL),
(5938, 0, 1603, 7, 0, NULL),
(5939, 0, 1604, 7, 0, NULL),
(5940, 0, 1605, 7, 0, 11);

-- --------------------------------------------------------

-- 
-- Estructura de tabla para la tabla `positionteamweek`
-- 

DROP TABLE IF EXISTS `positionteamweek`;
CREATE TABLE IF NOT EXISTS `positionteamweek` (
  `id` bigint(20) NOT NULL auto_increment,
  `version` bigint(20) NOT NULL default '0',
  `team` bigint(20) NOT NULL,
  `week` bigint(20) NOT NULL,
  `category` bigint(20) default NULL,
  `position` int(11) default NULL,
  `points` double default NULL,
  `weekPoints` double default NULL,
  PRIMARY KEY  (`id`),
  UNIQUE KEY `UK_PositionTeamWeek_team_week` (`team`,`week`),
  KEY `FK_PositionTeamWeek_team` (`team`),
  KEY `FK_PositionTeamWeek_week` (`week`),
  KEY `FK_PositionTeamWeek_category` (`category`)
) ENGINE=InnoDB DEFAULT CHARSET=latin1 AUTO_INCREMENT=1816 ;

-- 
-- Volcar la base de datos para la tabla `positionteamweek`
-- 

INSERT INTO `positionteamweek` (`id`, `version`, `team`, `week`, `category`, `position`, `points`, `weekPoints`) VALUES (1696, 1, 52, 5, 1, 8, 63.5, 63.5),
(1697, 1, 53, 5, 1, 3, 87, 87),
(1698, 1, 54, 5, 1, 6, 71, 71),
(1699, 1, 55, 5, 1, 2, 107.5, 107.5),
(1700, 1, 56, 5, 2, 9, 67.5, 67.5),
(1701, 1, 57, 5, 1, 4, 83.5, 83.5),
(1702, 1, 58, 5, 1, 7, 69.5, 69.5),
(1703, 1, 59, 5, 2, 1, 86, 86),
(1704, 1, 60, 5, 2, 5, 73.5, 73.5),
(1705, 1, 61, 5, 1, 10, 61, 61),
(1706, 1, 62, 5, 1, 1, 112, 112),
(1707, 1, 63, 5, 1, 5, 77.5, 77.5),
(1708, 1, 64, 5, 2, 3, 75.5, 75.5),
(1709, 1, 65, 5, 2, 7, 72, 72),
(1710, 1, 66, 5, 1, 9, 61.5, 61.5),
(1711, 1, 67, 5, 2, 4, 75, 75),
(1712, 1, 68, 5, 2, 10, 0, 0),
(1713, 1, 69, 5, 2, 6, 73, 73),
(1714, 1, 70, 5, 2, 8, 70.5, 70.5),
(1715, 1, 71, 5, 2, 2, 80.5, 80.5),
(1776, 1, 52, 6, 1, 7, 139.5, 76),
(1777, 1, 53, 6, 1, 5, 147, 60),
(1778, 1, 54, 6, 1, 4, 163.5, 92.5),
(1779, 1, 55, 6, 1, 1, 186.5, 79),
(1780, 1, 56, 6, 2, 5, 141.5, 74),
(1781, 1, 57, 6, 1, 3, 179.5, 96),
(1782, 1, 58, 6, 1, 9, 136, 66.5),
(1783, 1, 59, 6, 2, 2, 151, 65),
(1784, 1, 60, 6, 2, 8, 132, 58.5),
(1785, 1, 61, 6, 1, 10, 131, 70),
(1786, 1, 62, 6, 1, 2, 184, 72),
(1787, 1, 63, 6, 1, 8, 137, 59.5),
(1788, 1, 64, 6, 2, 4, 146, 70.5),
(1789, 1, 65, 6, 2, 3, 148.5, 76.5),
(1790, 1, 66, 6, 1, 6, 141, 79.5),
(1791, 1, 67, 6, 2, 7, 137, 62),
(1792, 1, 68, 6, 2, 10, 0, 0),
(1793, 1, 69, 6, 2, 9, 122, 49),
(1794, 1, 70, 6, 2, 1, 164, 93.5),
(1795, 1, 71, 6, 2, 6, 141.5, 61),
(1796, 1, 52, 7, 1, 7, 183.5, 44),
(1797, 1, 53, 7, 1, 1, 226, 79),
(1798, 1, 54, 7, 1, 9, 168.5, 5),
(1799, 1, 55, 7, 1, 2, 219.5, 33),
(1800, 1, 56, 7, 2, 4, 159.5, 18),
(1801, 1, 57, 7, 1, 4, 214.5, 35),
(1802, 1, 58, 7, 1, 6, 194, 58),
(1803, 1, 59, 7, 2, 2, 165, 14),
(1804, 1, 60, 7, 2, 7, 145, 13),
(1805, 1, 61, 7, 1, 5, 212, 81),
(1806, 1, 62, 7, 1, 3, 218, 34),
(1807, 1, 63, 7, 1, 10, 167, 30),
(1808, 1, 64, 7, 2, 5, 151.5, 5.5),
(1809, 1, 65, 7, 2, 3, 165, 16.5),
(1810, 1, 66, 7, 1, 8, 183, 42),
(1811, 1, 67, 7, 2, 9, 144.5, 7.5),
(1812, 1, 68, 7, 2, 10, 0, 0),
(1813, 1, 69, 7, 2, 8, 145, 23),
(1814, 1, 70, 7, 2, 1, 175.5, 11.5),
(1815, 1, 71, 7, 2, 6, 149.5, 8);

-- --------------------------------------------------------

-- 
-- Estructura de tabla para la tabla `team`
-- 

DROP TABLE IF EXISTS `team`;
CREATE TABLE IF NOT EXISTS `team` (
  `id` bigint(20) NOT NULL auto_increment,
  `version` bigint(20) NOT NULL default '0',
  `name` varchar(255) NOT NULL,
  `user` bigint(20) NOT NULL,
  `category` bigint(20) NOT NULL,
  `isClosed` tinyint(1) NOT NULL,
  `tactic` varchar(255) default NULL,
  PRIMARY KEY  (`id`),
  UNIQUE KEY `UK_Team_name` (`name`),
  KEY `FK_Team_user` (`user`),
  KEY `FK_Team_category` (`category`)
) ENGINE=InnoDB DEFAULT CHARSET=latin1 AUTO_INCREMENT=72 ;

-- 
-- Volcar la base de datos para la tabla `team`
-- 

INSERT INTO `team` (`id`, `version`, `name`, `user`, `category`, `isClosed`, `tactic`) VALUES (52, 2, 'Botox', 52, 1, 1, '3-4-3'),
(53, 2, 'HRG F.C.', 53, 1, 1, '3-4-3'),
(54, 2, 'Viejita Stone', 54, 1, 1, '3-5-2'),
(55, 2, 'TRES', 55, 1, 1, '3-5-2'),
(56, 1, '15 de Octubre', 56, 2, 1, '4-4-2'),
(57, 2, 'Red Bull', 57, 1, 1, '3-4-3'),
(58, 7, 'Capussoto F.C.', 58, 1, 1, '4-4-2'),
(59, 2, 'QEE', 59, 2, 1, '3-4-3'),
(60, 50, 'GELP WareTech', 60, 2, 1, '4-4-2'),
(61, 2, 'Chapita de Cerveza Fóbal Clus', 61, 1, 1, '3-5-2'),
(62, 2, 'Los Super Ratones', 62, 1, 1, '3-5-2'),
(63, 2, 'La Bandita', 63, 1, 1, '3-4-3'),
(64, 3, 'Magia Negra', 64, 2, 1, '4-4-2'),
(65, 4, '[SIN NOMBRE]', 65, 2, 1, '4-5-1'),
(66, 2, 'La Filial', 66, 1, 1, '3-4-3'),
(67, 2, 'Hidrocarburo', 67, 2, 1, '3-4-3'),
(68, 1, 'FASA 13', 68, 2, 0, '4-4-2'),
(69, 4, 'ULTIMO RECURSO', 69, 2, 1, '3-4-3'),
(70, 3, 'Dep. A Lunares', 70, 2, 1, '3-5-2'),
(71, 4, 'Los Golosos', 71, 2, 1, '5-3-2');

-- --------------------------------------------------------

-- 
-- Estructura de tabla para la tabla `user`
-- 

DROP TABLE IF EXISTS `user`;
CREATE TABLE IF NOT EXISTS `user` (
  `id` bigint(20) NOT NULL auto_increment,
  `version` bigint(20) NOT NULL default '0',
  `firstname` varchar(255) NOT NULL,
  `lastname` varchar(255) NOT NULL,
  `username` varchar(255) NOT NULL,
  `password` varchar(255) NOT NULL,
  `email` varchar(255) NOT NULL,
  PRIMARY KEY  (`id`),
  UNIQUE KEY `UK_User_username` (`username`),
  UNIQUE KEY `UK_User_firstname_lastname` (`firstname`,`lastname`)
) ENGINE=InnoDB DEFAULT CHARSET=latin1 AUTO_INCREMENT=73 ;

-- 
-- Volcar la base de datos para la tabla `user`
-- 

INSERT INTO `user` (`id`, `version`, `firstname`, `lastname`, `username`, `password`, `email`) VALUES (1, 2, 'prueba', 'prueba', 'prueba', 'R3JhbkRU', 'grandt@waretech.com.ar'),
(52, 2, 'Ricardo', 'Berl', 'Pela', 'cGVsYQ==', 'rickyberl@hotmail.com'),
(53, 4, 'Leandro', 'Soncini', 'Chochi', 'Y2hvY2hp', 'leandrosoncini@hotmail.com'),
(54, 2, 'Francisco', 'Tabellione', 'Tabe', 'anVuaW9y', 'ftabe76@hotmail.com'),
(55, 3, 'Esteban', 'Sabbione', 'Tete', 'Y2FsYTc=', 'tetesabbione@hotmail.com'),
(56, 2, 'Tomas', 'Condorelli', 'Tommy', 'YmFzYW50YQ==', 'tonyvelamazan@hotmail.com'),
(57, 4, 'Martin', 'Aristia', 'Martin', 'bWFydGlu', 'm.aristia@gmail.com'),
(58, 2, 'Franco', 'Condorelli', 'Catalano', 'Y2F0YWxhbm8=', 'cachosaccardi@hotmail.com'),
(59, 3, 'Nicolas', 'Condorelli', 'Coco', 'Y29jbw==', 'ncondorelli@exiros.com'),
(60, 14, 'Augusto', 'Soncini', 'Augusto', 'U29uY2luaQ==', 'augustosoncini@hotmail.com'),
(61, 3, 'Matias', 'Condorelli', 'Pepi', 'UGVwaQ==', 'maticondorelli@gmail.com'),
(62, 5, 'Mauro', 'Pennacchioni', 'Rata', 'U2FsdmFkb3I=', 'mpennach@gmail.com'),
(63, 2, 'Emilio', 'Tabellione', 'Emi', 'MTI2Njk2', 'etabe114@hotmail.com'),
(64, 3, 'Andres', 'Garci­a Olivares', 'Negro', 'bmVncm8=', 'a_garciaolivares@hotmail.com'),
(65, 3, 'Guillermo', 'Vallina', 'Guillote', 'MTI2NjUw', 'gdvallina@fibertel.com.ar'),
(66, 3, 'Mauro', 'Di Benni', 'Papucho', 'Y29xdWlhcmdlbnRv', 'patodb@hotmail.com'),
(67, 2, 'Adriano', 'Mucelli', 'Tano', 'dGFubw==', 'amucelli@kpmg.com.ar'),
(68, 3, 'Fabian', 'Sabbione', 'Cunado', 'Y3VuYWRv', 'fabiansabbione@hotmail.com'),
(69, 2, 'Sebastian', 'Fiori', 'Chocho', 'Y2hvY2hv', 'fioriseba@hotmail.com'),
(70, 3, 'Ignacio', 'Soncini', 'Iki', 'Z2F5', 'ikisoncini@hotmail.com'),
(71, 2, 'Gaston', 'Messineo', 'Vivi', 'dml2aQ==', 'gastonmessineo@hotmail.com'),
(72, 2, 'Luciano', 'Mucelli', 'Luchi', 'bHVjaGk=', 'luciano.mucelli@gmail.com');

-- --------------------------------------------------------

-- 
-- Estructura de tabla para la tabla `useraccess`
-- 

DROP TABLE IF EXISTS `useraccess`;
CREATE TABLE IF NOT EXISTS `useraccess` (
  `id` bigint(20) NOT NULL auto_increment,
  `version` bigint(20) NOT NULL default '0',
  `user` bigint(20) NOT NULL,
  `access` bigint(20) NOT NULL,
  PRIMARY KEY  (`id`),
  KEY `FK_UserAccess_user` (`user`),
  KEY `FK_UserAccess_access` (`access`)
) ENGINE=InnoDB DEFAULT CHARSET=latin1 AUTO_INCREMENT=102 ;

-- 
-- Volcar la base de datos para la tabla `useraccess`
-- 

INSERT INTO `useraccess` (`id`, `version`, `user`, `access`) VALUES (1, 0, 60, 1),
(2, 0, 60, 2),
(3, 0, 60, 3),
(4, 0, 60, 13),
(5, 0, 60, 14),
(34, 0, 62, 1),
(35, 0, 62, 2),
(36, 0, 62, 13),
(40, 0, 59, 1),
(41, 0, 59, 2),
(42, 0, 59, 13),
(88, 0, 65, 1),
(89, 0, 65, 2),
(90, 0, 65, 3),
(91, 0, 65, 13),
(92, 0, 65, 14),
(93, 0, 60, 15),
(94, 0, 60, 16),
(95, 0, 60, 17),
(96, 0, 59, 15),
(97, 0, 59, 16),
(98, 0, 62, 15),
(99, 0, 62, 16),
(100, 0, 55, 1),
(101, 0, 55, 2);

-- --------------------------------------------------------

-- 
-- Estructura de tabla para la tabla `week`
-- 

DROP TABLE IF EXISTS `week`;
CREATE TABLE IF NOT EXISTS `week` (
  `id` bigint(20) NOT NULL auto_increment,
  `version` bigint(20) NOT NULL default '0',
  `number` int(11) NOT NULL,
  PRIMARY KEY  (`id`),
  UNIQUE KEY `UK_Week_number` (`number`)
) ENGINE=InnoDB DEFAULT CHARSET=latin1 AUTO_INCREMENT=20 ;

-- 
-- Volcar la base de datos para la tabla `week`
-- 

INSERT INTO `week` (`id`, `version`, `number`) VALUES (5, 0, 5),
(6, 0, 6),
(7, 0, 7),
(8, 0, 8),
(9, 0, 9),
(10, 0, 10),
(11, 0, 11),
(12, 0, 12),
(13, 0, 13),
(14, 0, 14),
(15, 0, 15),
(16, 0, 16),
(17, 0, 17),
(18, 0, 18),
(19, 0, 19);

-- 
-- Filtros para las tablas descargadas (dump)
-- 

-- 
-- Filtros para la tabla `match_`
-- 
ALTER TABLE `match_`
  ADD CONSTRAINT `FK_Match_awayClub` FOREIGN KEY (`awayClub`) REFERENCES `club` (`id`),
  ADD CONSTRAINT `FK_Match_homeClub` FOREIGN KEY (`homeClub`) REFERENCES `club` (`id`),
  ADD CONSTRAINT `FK_Match_week` FOREIGN KEY (`week`) REFERENCES `week` (`id`);

-- 
-- Filtros para la tabla `player`
-- 
ALTER TABLE `player`
  ADD CONSTRAINT `FK_Player_club` FOREIGN KEY (`club`) REFERENCES `club` (`id`),
  ADD CONSTRAINT `FK_Player_position` FOREIGN KEY (`position`) REFERENCES `playerposition` (`id`);

-- 
-- Filtros para la tabla `playermatch`
-- 
ALTER TABLE `playermatch`
  ADD CONSTRAINT `FK_PlayerMatch_match` FOREIGN KEY (`match_`) REFERENCES `match_` (`id`),
  ADD CONSTRAINT `FK_PlayerMatch_player` FOREIGN KEY (`player`) REFERENCES `player` (`id`);

-- 
-- Filtros para la tabla `playerteam`
-- 
ALTER TABLE `playerteam`
  ADD CONSTRAINT `FK_PlayerTeam_player` FOREIGN KEY (`player`) REFERENCES `player` (`id`),
  ADD CONSTRAINT `FK_PlayerTeam_team` FOREIGN KEY (`team`) REFERENCES `team` (`id`);

-- 
-- Filtros para la tabla `playerteamweek`
-- 
ALTER TABLE `playerteamweek`
  ADD CONSTRAINT `FK_PlayerTeamWeek_playerteam` FOREIGN KEY (`playerteam`) REFERENCES `playerteam` (`id`),
  ADD CONSTRAINT `FK_PlayerTeamWeek_week` FOREIGN KEY (`week`) REFERENCES `week` (`id`);

-- 
-- Filtros para la tabla `positionteamweek`
-- 
ALTER TABLE `positionteamweek`
  ADD CONSTRAINT `FK_PositionTeamWeek_category` FOREIGN KEY (`category`) REFERENCES `category` (`id`),
  ADD CONSTRAINT `FK_PositionTeamWeek_team` FOREIGN KEY (`team`) REFERENCES `team` (`id`),
  ADD CONSTRAINT `FK_PositionTeamWeek_week` FOREIGN KEY (`week`) REFERENCES `week` (`id`);

-- 
-- Filtros para la tabla `team`
-- 
ALTER TABLE `team`
  ADD CONSTRAINT `FK_Team_category` FOREIGN KEY (`category`) REFERENCES `category` (`id`),
  ADD CONSTRAINT `FK_Team_user` FOREIGN KEY (`user`) REFERENCES `user` (`id`);

-- 
-- Filtros para la tabla `useraccess`
-- 
ALTER TABLE `useraccess`
  ADD CONSTRAINT `FK_UserAccess_access` FOREIGN KEY (`access`) REFERENCES `access` (`id`),
  ADD CONSTRAINT `FK_UserAccess_user` FOREIGN KEY (`user`) REFERENCES `user` (`id`);

SET FOREIGN_KEY_CHECKS=1;

COMMIT;
