-- phpMyAdmin SQL Dump
-- version 2.8.2.4
-- http://www.phpmyadmin.net
-- 
-- Servidor: localhost:3306
-- Tiempo de generación: 19-02-2010 a las 17:24:26
-- Versión del servidor: 5.0.32
-- Versión de PHP: 5.2.6

SET FOREIGN_KEY_CHECKS=0;

SET AUTOCOMMIT=0;
START TRANSACTION;

-- 
-- Base de datos: `waretech_GranDT`
-- 

-- --------------------------------------------------------

-- 
-- Estructura de tabla para la tabla `access`
-- 

DROP TABLE IF EXISTS `access`;
CREATE TABLE IF NOT EXISTS `access` (
  `id` bigint(20) NOT NULL auto_increment,
  `version` bigint(20) NOT NULL default '0',
  `value` varchar(255) NOT NULL,
  `description` varchar(255) NOT NULL,
  PRIMARY KEY  (`id`)
) ENGINE=InnoDB DEFAULT CHARSET=latin1 AUTO_INCREMENT=18 ;

-- 
-- Volcar la base de datos para la tabla `access`
-- 

INSERT INTO `access` (`id`, `version`, `value`, `description`) VALUES (1, 1, 'MatchEdit.jsp!enabled', 'Edicion de Partido'),
(2, 0, 'WeekEdit.jsp!change', 'Calcular la fecha'),
(3, 0, 'AccessList.jsp', 'Lista de accesos'),
(13, 0, 'TeamEdit.jsp!change', 'Cambiar jugador de la lista'),
(14, 5, 'UserEdit.jsp!update', 'Edicion de usuario'),
(15, 0, 'TeamBuild.jsp!enabled', 'Construccion de Equipo'),
(16, 0, 'WeekList.jsp!tournamentStart', 'Comenzar torneo'),
(17, 0, 'EMailSend.jsp', 'Enviar eMail');

-- --------------------------------------------------------

-- 
-- Estructura de tabla para la tabla `category`
-- 

DROP TABLE IF EXISTS `category`;
CREATE TABLE IF NOT EXISTS `category` (
  `id` bigint(20) NOT NULL auto_increment,
  `version` bigint(20) NOT NULL default '0',
  `name` varchar(255) NOT NULL,
  PRIMARY KEY  (`id`),
  UNIQUE KEY `UK_PlayerPosition_name` (`name`)
) ENGINE=InnoDB DEFAULT CHARSET=latin1 AUTO_INCREMENT=3 ;

-- 
-- Volcar la base de datos para la tabla `category`
-- 

INSERT INTO `category` (`id`, `version`, `name`) VALUES (1, 0, 'Primera A'),
(2, 0, 'Nacional B');

-- --------------------------------------------------------

-- 
-- Estructura de tabla para la tabla `club`
-- 

DROP TABLE IF EXISTS `club`;
CREATE TABLE IF NOT EXISTS `club` (
  `id` bigint(20) NOT NULL auto_increment,
  `version` bigint(20) NOT NULL default '0',
  `name` varchar(255) NOT NULL,
  PRIMARY KEY  (`id`),
  UNIQUE KEY `UK_Club_name` (`name`)
) ENGINE=InnoDB DEFAULT CHARSET=latin1 AUTO_INCREMENT=47 ;

-- 
-- Volcar la base de datos para la tabla `club`
-- 

INSERT INTO `club` (`id`, `version`, `name`) VALUES (27, 0, 'Vélez Sarsfield'),
(28, 0, 'San Lorenzo'),
(29, 0, 'River Plate'),
(30, 0, 'Newell''s Old Boys'),
(31, 0, 'Lanús'),
(32, 0, 'Huracán'),
(33, 0, 'Estudiantes (La Plata)'),
(34, 0, 'Colón (Santa Fé)'),
(35, 0, 'Boca Jrs.'),
(36, 0, 'Tigre'),
(37, 0, 'Rosario Central'),
(38, 0, 'Racing Club'),
(39, 0, 'Independiente'),
(40, 0, 'Godoy Cruz (Mendoza)'),
(41, 0, 'Gimnasia y Esgrima (La Plata)'),
(42, 0, 'Chacarita Jrs.'),
(43, 0, 'Banfield'),
(44, 0, 'Atletico Tucumán'),
(45, 0, 'Arsenal'),
(46, 0, 'Argentinos Jrs.');

-- --------------------------------------------------------

-- 
-- Estructura de tabla para la tabla `configuration`
-- 

DROP TABLE IF EXISTS `configuration`;
CREATE TABLE IF NOT EXISTS `configuration` (
  `id` bigint(20) NOT NULL auto_increment,
  `version` bigint(20) NOT NULL default '0',
  `key_` varchar(255) NOT NULL,
  `value` varchar(255) NOT NULL,
  PRIMARY KEY  (`id`)
) ENGINE=InnoDB DEFAULT CHARSET=latin1 AUTO_INCREMENT=2 ;

-- 
-- Volcar la base de datos para la tabla `configuration`
-- 

INSERT INTO `configuration` (`id`, `version`, `key_`, `value`) VALUES (1, 9, 'started', 'true');

-- --------------------------------------------------------

-- 
-- Estructura de tabla para la tabla `match_`
-- 

DROP TABLE IF EXISTS `match_`;
CREATE TABLE IF NOT EXISTS `match_` (
  `id` bigint(20) NOT NULL auto_increment,
  `version` bigint(20) NOT NULL default '0',
  `week` bigint(20) NOT NULL,
  `homeClub` bigint(20) NOT NULL,
  `awayClub` bigint(20) NOT NULL,
  `homeGoals` int(11) default NULL,
  `awayGoals` int(11) default NULL,
  `date` date default NULL,
  `time` time default NULL,
  PRIMARY KEY  (`id`),
  KEY `FK_Match_week` (`week`),
  KEY `FK_Match_homeClub` (`homeClub`),
  KEY `FK_Match_awayClub` (`awayClub`)
) ENGINE=InnoDB DEFAULT CHARSET=latin1 AUTO_INCREMENT=192 ;

-- 
-- Volcar la base de datos para la tabla `match_`
-- 

INSERT INTO `match_` (`id`, `version`, `week`, `homeClub`, `awayClub`, `homeGoals`, `awayGoals`, `date`, `time`) VALUES (41, 1, 5, 27, 39, NULL, NULL, '2009-09-13', NULL),
(42, 1, 5, 33, 32, NULL, NULL, '2009-09-13', NULL),
(43, 1, 5, 40, 35, NULL, NULL, '2009-09-13', NULL),
(44, 1, 5, 44, 46, NULL, NULL, '2009-09-13', NULL),
(45, 1, 5, 30, 31, NULL, NULL, '2009-09-13', NULL),
(46, 1, 5, 43, 37, NULL, NULL, '2009-09-13', NULL),
(47, 1, 5, 42, 34, NULL, NULL, '2009-09-13', NULL),
(48, 1, 5, 29, 45, NULL, NULL, '2009-09-13', NULL),
(49, 1, 5, 36, 41, NULL, NULL, '2009-09-13', NULL),
(50, 1, 5, 38, 28, NULL, NULL, '2009-09-13', NULL),
(51, 1, 6, 39, 38, NULL, NULL, '2009-09-20', NULL),
(52, 1, 6, 28, 36, NULL, NULL, '2009-09-20', NULL),
(53, 1, 6, 41, 29, NULL, NULL, '2009-09-20', NULL),
(54, 1, 6, 45, 42, NULL, NULL, '2009-09-20', NULL),
(55, 1, 6, 30, 43, NULL, NULL, '2009-09-20', NULL),
(56, 1, 6, 34, 37, NULL, NULL, '2009-09-20', NULL),
(57, 1, 6, 31, 44, NULL, NULL, '2009-09-20', NULL),
(58, 1, 6, 46, 40, NULL, NULL, '2009-09-20', NULL),
(59, 1, 6, 35, 33, NULL, NULL, '2009-09-20', NULL),
(60, 1, 6, 32, 27, NULL, NULL, '2009-09-20', NULL),
(61, 1, 7, 36, 39, NULL, NULL, '2009-09-27', NULL),
(62, 1, 7, 38, 32, NULL, NULL, '2009-09-27', NULL),
(63, 1, 7, 27, 35, NULL, NULL, '2009-09-27', NULL),
(64, 1, 7, 33, 46, NULL, NULL, '2009-09-27', NULL),
(65, 1, 7, 40, 31, NULL, NULL, '2009-09-27', NULL),
(66, 1, 7, 44, 30, NULL, NULL, '2009-09-27', NULL),
(67, 1, 7, 43, 34, NULL, NULL, '2009-09-27', NULL),
(68, 1, 7, 37, 45, NULL, NULL, '2009-09-27', NULL),
(69, 1, 7, 42, 41, NULL, NULL, '2009-09-27', NULL),
(70, 1, 7, 29, 28, NULL, NULL, '2009-09-27', NULL),
(71, 1, 8, 35, 38, NULL, NULL, '2009-10-04', NULL),
(72, 1, 8, 32, 36, NULL, NULL, '2009-10-04', NULL),
(73, 1, 8, 39, 29, NULL, NULL, '2009-10-04', NULL),
(74, 1, 8, 28, 42, NULL, NULL, '2009-10-04', NULL),
(75, 1, 8, 44, 43, NULL, NULL, '2009-10-04', NULL),
(76, 1, 8, 41, 37, NULL, NULL, '2009-10-04', NULL),
(77, 1, 8, 45, 34, NULL, NULL, '2009-10-04', NULL),
(78, 1, 8, 30, 40, NULL, NULL, '2009-10-04', NULL),
(79, 1, 8, 31, 33, NULL, NULL, '2009-10-04', NULL),
(80, 1, 8, 46, 27, NULL, NULL, '2009-10-04', NULL),
(81, 1, 9, 42, 39, NULL, NULL, '2009-10-07', NULL),
(82, 1, 9, 29, 32, NULL, NULL, '2009-10-07', NULL),
(83, 1, 9, 36, 35, NULL, NULL, '2009-10-07', NULL),
(84, 1, 9, 38, 46, NULL, NULL, '2009-10-07', NULL),
(85, 1, 9, 27, 31, NULL, NULL, '2009-10-07', NULL),
(86, 1, 9, 33, 30, NULL, NULL, '2009-10-07', NULL),
(87, 1, 9, 40, 44, NULL, NULL, '2009-10-07', NULL),
(88, 1, 9, 43, 45, NULL, NULL, '2009-10-07', NULL),
(89, 1, 9, 34, 41, NULL, NULL, '2009-10-07', NULL),
(90, 0, 9, 28, 28, NULL, NULL, '2009-10-07', NULL),
(91, 0, 9, 37, 37, NULL, NULL, '2009-10-07', NULL),
(92, 1, 10, 31, 38, NULL, NULL, '2009-10-18', NULL),
(93, 1, 10, 46, 36, NULL, NULL, '2009-10-18', NULL),
(94, 1, 10, 35, 29, NULL, NULL, '2009-10-18', NULL),
(95, 1, 10, 32, 42, NULL, NULL, '2009-10-18', NULL),
(96, 1, 10, 40, 43, NULL, NULL, '2009-10-18', NULL),
(97, 1, 10, 39, 37, NULL, NULL, '2009-10-18', NULL),
(98, 1, 10, 28, 34, NULL, NULL, '2009-10-18', NULL),
(99, 1, 10, 41, 45, NULL, NULL, '2009-10-18', NULL),
(100, 1, 10, 44, 33, NULL, NULL, '2009-10-18', NULL),
(101, 1, 10, 30, 27, NULL, NULL, '2009-10-18', NULL),
(102, 1, 11, 34, 39, NULL, NULL, '2009-10-25', NULL),
(103, 1, 11, 37, 32, NULL, NULL, '2009-10-25', NULL),
(104, 1, 11, 42, 35, NULL, NULL, '2009-10-25', NULL),
(105, 1, 11, 29, 46, NULL, NULL, '2009-10-25', NULL),
(106, 1, 11, 36, 31, NULL, NULL, '2009-10-25', NULL),
(107, 1, 11, 38, 30, NULL, NULL, '2009-10-25', NULL),
(108, 1, 11, 27, 44, NULL, NULL, '2009-10-25', NULL),
(109, 1, 11, 33, 40, NULL, NULL, '2009-10-25', NULL),
(110, 1, 11, 43, 41, NULL, NULL, '2009-10-25', NULL),
(111, 1, 11, 45, 28, NULL, NULL, '2009-10-25', NULL),
(112, 2, 12, 44, 38, 4, 0, '2009-10-28', NULL),
(113, 7, 12, 30, 36, 1, 2, '2009-10-28', NULL),
(114, 4, 12, 31, 29, 0, 1, '2009-10-28', NULL),
(115, 3, 12, 46, 42, 2, 2, '2009-10-28', NULL),
(116, 4, 12, 33, 43, 2, 1, '2009-10-28', NULL),
(117, 4, 12, 35, 37, 2, 1, '2009-10-28', NULL),
(118, 3, 12, 32, 34, 3, 0, '2009-10-28', NULL),
(119, 2, 12, 39, 45, 1, 0, '2009-10-28', NULL),
(120, 2, 12, 28, 41, 2, 2, '2009-10-28', NULL),
(121, 3, 12, 40, 27, 2, 0, '2009-10-28', NULL),
(122, 3, 13, 41, 39, 1, 0, '2009-11-01', NULL),
(123, 3, 13, 45, 32, 1, 1, '2009-11-01', NULL),
(124, 3, 13, 34, 35, 0, 0, '2009-11-01', NULL),
(125, 5, 13, 37, 46, 1, 1, '2009-11-01', NULL),
(126, 3, 13, 42, 31, 0, 3, '2009-11-01', NULL),
(127, 3, 13, 29, 30, 2, 1, '2009-11-01', NULL),
(128, 4, 13, 36, 44, 4, 2, '2009-11-01', NULL),
(129, 4, 13, 38, 40, 3, 1, '2009-11-01', NULL),
(130, 4, 13, 27, 33, 3, 0, '2009-11-01', NULL),
(131, 5, 13, 43, 28, 0, 1, '2009-11-01', NULL),
(132, 3, 14, 33, 38, 1, 0, '2009-11-08', NULL),
(133, 3, 14, 40, 36, 2, 0, '2009-11-08', NULL),
(134, 3, 14, 44, 29, 3, 1, '2009-11-08', NULL),
(135, 3, 14, 30, 42, 0, 1, '2009-11-08', NULL),
(136, 4, 14, 27, 43, 3, 0, '2009-11-08', NULL),
(137, 3, 14, 31, 37, 0, 0, '2009-11-08', NULL),
(138, 4, 14, 46, 34, 2, 0, '2009-11-08', NULL),
(139, 3, 14, 35, 45, 1, 1, '2009-11-08', NULL),
(140, 3, 14, 32, 41, 4, 1, '2009-11-08', NULL),
(141, 3, 14, 39, 28, 0, 3, '2009-11-08', NULL),
(142, 3, 15, 43, 39, 1, 2, '2009-11-15', NULL),
(143, 3, 15, 28, 32, 0, 2, '2009-11-15', NULL),
(144, 3, 15, 41, 35, 4, 0, '2009-11-15', NULL),
(145, 4, 15, 45, 46, 1, 1, '2009-11-15', NULL),
(146, 3, 15, 34, 31, 3, 0, '2009-11-15', NULL),
(147, 3, 15, 37, 30, 2, 2, '2009-11-15', NULL),
(148, 3, 15, 42, 44, 2, 1, '2009-11-15', NULL),
(149, 3, 15, 29, 40, 0, 0, '2009-11-15', NULL),
(150, 5, 15, 36, 33, 3, 1, '2009-11-15', NULL),
(151, 4, 15, 38, 27, 4, 2, '2009-11-15', NULL),
(152, 3, 16, 32, 39, 2, 0, '2009-11-22', NULL),
(153, 3, 16, 27, 36, 0, 3, '2009-11-22', NULL),
(154, 3, 16, 33, 29, 1, 1, '2009-11-22', NULL),
(155, 3, 16, 40, 42, 2, 1, '2009-11-22', NULL),
(156, 4, 16, 38, 43, 1, 2, '2009-11-22', NULL),
(157, 3, 16, 44, 37, 1, 1, '2009-11-22', NULL),
(158, 3, 16, 30, 34, 0, 1, '2009-11-22', NULL),
(159, 3, 16, 31, 45, 2, 5, '2009-11-22', NULL),
(160, 3, 16, 46, 41, 1, 2, '2009-11-22', NULL),
(161, 4, 16, 35, 28, 3, 0, '2009-11-22', NULL),
(162, 3, 17, 36, 38, 1, 0, '2009-11-29', NULL),
(163, 3, 17, 43, 32, 0, 1, '2009-11-29', NULL),
(164, 3, 17, 39, 35, 1, 2, '2009-11-29', NULL),
(165, 3, 17, 28, 46, 2, 1, '2009-11-29', NULL),
(166, 3, 17, 41, 31, 2, 0, '2009-11-29', NULL),
(167, 3, 17, 45, 30, 1, 2, '2009-11-29', NULL),
(168, 3, 17, 34, 44, 2, 0, '2009-11-29', NULL),
(169, 3, 17, 37, 40, 1, 1, '2009-11-29', NULL),
(170, 3, 17, 42, 33, 0, 0, '2009-11-29', NULL),
(171, 3, 17, 29, 27, 0, 0, '2009-11-29', NULL),
(172, 3, 18, 46, 39, 1, 1, '2009-12-06', NULL),
(173, 3, 18, 35, 32, 0, 0, '2009-12-06', NULL),
(174, 3, 18, 38, 29, 2, 0, '2009-12-06', NULL),
(175, 3, 18, 27, 42, 0, 0, '2009-12-06', NULL),
(176, 3, 18, 36, 43, 1, 0, '2009-12-06', NULL),
(177, 4, 18, 33, 37, 3, 0, '2009-12-06', NULL),
(178, 4, 18, 40, 34, 1, 0, '2009-12-06', NULL),
(179, 3, 18, 44, 45, 0, 0, '2009-12-06', NULL),
(180, 3, 18, 30, 41, 0, 2, '2009-12-06', NULL),
(181, 3, 18, 31, 28, 0, 1, '2009-12-06', NULL),
(182, 3, 19, 42, 38, 0, 2, '2009-12-13', NULL),
(183, 3, 19, 29, 36, 0, 2, '2009-12-13', NULL),
(184, 4, 19, 43, 35, 2, 0, '2009-12-13', NULL),
(185, 2, 19, 32, 46, 5, 1, '2009-12-13', NULL),
(186, 3, 19, 39, 31, 0, 0, '2009-12-13', NULL),
(187, 3, 19, 28, 30, 0, 2, '2009-12-13', NULL),
(188, 3, 19, 41, 44, 0, 0, '2009-12-13', NULL),
(189, 3, 19, 45, 40, 0, 0, '2009-12-13', NULL),
(190, 3, 19, 34, 33, 0, 1, '2009-12-13', NULL),
(191, 3, 19, 37, 27, 1, 2, '2009-12-13', NULL);

-- --------------------------------------------------------

-- 
-- Estructura de tabla para la tabla `player`
-- 

DROP TABLE IF EXISTS `player`;
CREATE TABLE IF NOT EXISTS `player` (
  `id` bigint(20) NOT NULL auto_increment,
  `version` bigint(20) NOT NULL default '0',
  `firstname` varchar(255) NOT NULL,
  `lastname` varchar(255) NOT NULL,
  `number` int(2) default NULL,
  `club` bigint(20) NOT NULL,
  `position` bigint(20) NOT NULL,
  `value` varchar(255) NOT NULL,
  `selected` tinyint(1) NOT NULL default '0',
  PRIMARY KEY  (`id`),
  KEY `FK_Player_club` (`club`),
  KEY `FK_Player_position` (`position`)
) ENGINE=InnoDB DEFAULT CHARSET=latin1 AUTO_INCREMENT=1356 ;

-- 
-- Volcar la base de datos para la tabla `player`
-- 

INSERT INTO `player` (`id`, `version`, `firstname`, `lastname`, `number`, `club`, `position`, `value`, `selected`) VALUES (699, 0, 'Luis', 'Ojeda', NULL, 46, 1, '1', 0),
(700, 0, 'Matías', 'Caruzzo', NULL, 46, 2, '2', 1),
(701, 0, 'Gonzalo', 'Prósperi', NULL, 46, 2, '1', 1),
(702, 0, 'Matías', 'Laba', NULL, 46, 3, '1', 0),
(703, 0, 'Néstor', 'Ortigoza', NULL, 46, 3, '2', 1),
(704, 0, 'Ignacio', 'Canuto', NULL, 46, 2, '2', 1),
(705, 0, 'Gustavo', 'Oberman', NULL, 46, 4, '1', 0),
(706, 0, 'Nicolás', 'Pavlovich', NULL, 46, 4, '1', 1),
(707, 0, 'Facundo', 'Coria', NULL, 46, 3, '1', 1),
(708, 0, 'Federico', 'Domínguez', NULL, 46, 2, '1', 0),
(709, 0, 'Gabriel', 'Frandino', NULL, 46, 1, '1', 0),
(710, 0, 'Nicolás', 'Berardo', NULL, 46, 2, '1', 0),
(711, 0, 'Andrés', 'Romero', NULL, 46, 4, '1', 0),
(712, 0, 'Matías', 'Rotondi', NULL, 46, 4, '1', 0),
(713, 0, 'Juan', 'Sabia', NULL, 46, 2, '1', 0),
(714, 0, 'Ismael', 'Sosa', NULL, 46, 4, '1', 0),
(715, 0, 'Lucas', 'Rodríguez', NULL, 46, 2, '1', 0),
(716, 0, 'Julián', 'Fernández', NULL, 46, 2, '1', 0),
(717, 0, 'Santiago', 'Raymonda', NULL, 46, 3, '1', 0),
(718, 0, 'Nicolás', 'Peric', NULL, 46, 1, '1', 1),
(719, 0, 'Emilio', 'Hernández', NULL, 46, 3, '1', 0),
(720, 0, 'Germán', 'Basualdo', NULL, 46, 3, '1', 0),
(721, 0, 'Arturo', 'Mendoza', NULL, 46, 3, '1', 0),
(722, 0, 'Aníbal', 'Alarcon', NULL, 46, 2, '1', 0),
(723, 0, 'Nicolás', 'Gianni', NULL, 46, 3, '1', 0),
(724, 0, 'Sebastián', 'Jaime', NULL, 46, 4, '1', 0),
(725, 0, 'Santiago', 'Gentiletti', NULL, 46, 2, '1', 0),
(726, 0, 'Ludovico', 'Paulucci', NULL, 45, 1, '1', 0),
(727, 0, 'Mariano', 'Brau', NULL, 45, 2, '1', 0),
(728, 0, 'Matías', 'Perez', NULL, 45, 2, '1', 0),
(729, 0, 'Darío', 'Espínola', NULL, 45, 2, '1', 0),
(730, 0, 'Franco', 'Peppino', NULL, 45, 2, '1', 0),
(731, 0, 'Aníbal', 'Matellán', NULL, 45, 2, '2', 0),
(732, 0, 'Sergio', 'Sena', NULL, 45, 3, '1', 0),
(733, 0, 'Jonathan', 'López', NULL, 45, 4, '1', 0),
(734, 0, 'Federico', 'Poggi', NULL, 45, 3, '1', 0),
(735, 0, 'Darío', 'Benedetto', NULL, 45, 4, '1', 0),
(736, 0, 'Mariano', 'Martínez', NULL, 45, 4, '1', 0),
(737, 0, 'Nahuel', 'Sachetto', NULL, 45, 3, '1', 0),
(738, 0, 'Damián', 'Pérez', NULL, 45, 2, '1', 0),
(739, 0, 'Cristian', 'Tula', NULL, 45, 2, '2', 0),
(740, 0, 'Cristian', 'Campestrini', NULL, 45, 1, '2', 0),
(741, 0, 'Catriel', 'Orcellet', NULL, 45, 1, '1', 0),
(742, 0, 'Nicolás', 'Aguirre', NULL, 45, 3, '1', 0),
(743, 0, 'Diego', 'Galván', NULL, 45, 3, '2', 0),
(744, 0, 'Juan', 'Bottaro', NULL, 45, 4, '1', 0),
(745, 0, 'Cristian', 'Álvarez', NULL, 45, 3, '2', 0),
(746, 0, 'Javier', 'Yacuzzi', NULL, 45, 3, '2', 0),
(747, 0, 'Matías', 'Sierra', NULL, 45, 3, '1', 0),
(748, 0, 'Matías', 'Carabajal', NULL, 45, 3, '1', 0),
(749, 0, 'Víctor', 'Cuesta', NULL, 45, 2, '1', 0),
(750, 0, 'Hugo', 'Nervo', NULL, 45, 2, '1', 0),
(751, 0, 'Franco', 'Jara', NULL, 45, 4, '2', 1),
(752, 0, 'Iván', 'Marcone', NULL, 45, 3, '1', 0),
(753, 0, 'Facundo', 'Silva', NULL, 45, 3, '1', 0),
(754, 0, 'Claudio', 'Mosca', NULL, 45, 3, '1', 0),
(755, 0, 'Javier', 'Burrai', NULL, 45, 1, '1', 0),
(756, 0, 'Mauro', 'Matos', NULL, 45, 4, '1', 0),
(757, 0, 'Nicolás', 'Domingo', NULL, 45, 3, '1', 0),
(758, 0, 'Mauro', 'Óbolo', NULL, 45, 3, '1', 1),
(759, 0, 'Lucas', 'Ischuk', NULL, 44, 1, '1', 1),
(760, 0, 'Jorge', 'Morales', NULL, 44, 2, '1', 0),
(761, 0, 'Raúl', 'Saavedra', NULL, 44, 2, '1', 0),
(762, 0, 'Andrés', 'Bressán', NULL, 44, 2, '1', 0),
(763, 0, 'Martín', 'Granero', NULL, 44, 3, '1', 0),
(764, 0, 'Luis', 'Rodríguez', NULL, 44, 4, '1', 1),
(765, 0, 'Diego', 'Erroz', NULL, 44, 3, '1', 0),
(766, 0, 'Emmanuel', 'Gigliotti', NULL, 44, 4, '1', 0),
(767, 0, 'Claudio', 'Sarría', NULL, 44, 3, '1', 0),
(768, 0, 'César', 'Montiglio', NULL, 44, 3, '1', 0),
(769, 0, 'Iván', 'Benedetti', NULL, 44, 1, '1', 0),
(770, 0, 'Damián', 'Musto', NULL, 44, 3, '1', 0),
(771, 0, 'Pablo', 'Calandria', NULL, 44, 4, '1', 0),
(772, 0, 'Rodrigo', 'Herrera', NULL, 44, 2, '1', 0),
(773, 0, 'Deivis', 'Barone', NULL, 44, 2, '1', 0),
(774, 0, 'Matías', 'Villavicencio', NULL, 44, 2, '1', 0),
(775, 0, 'Javier', 'Páez', NULL, 44, 2, '1', 1),
(776, 0, 'César', 'More', NULL, 44, 2, '1', 0),
(777, 0, 'Matías', 'Escobar', NULL, 44, 3, '1', 0),
(778, 0, 'Fabio', 'Escobar', NULL, 44, 4, '1', 0),
(779, 0, 'Jonathan', 'Blanes', NULL, 44, 3, '1', 0),
(780, 0, 'Ricardo', 'Moreira', NULL, 44, 2, '1', 0),
(781, 0, 'Claudio', 'Vargas', NULL, 44, 3, '1', 0),
(782, 0, 'Matías', 'García', NULL, 44, 3, '1', 0),
(783, 0, 'Sebastián', 'Longo', NULL, 44, 3, '1', 0),
(784, 0, 'David', 'Drocco', NULL, 44, 3, '1', 0),
(785, 0, 'Cristian', 'Lucchetti', NULL, 43, 1, '3', 1),
(786, 0, 'Víctor', 'López', NULL, 43, 2, '2', 1),
(787, 0, 'Julio', 'Barraza', NULL, 43, 2, '1', 1),
(788, 0, 'Maximiliano', 'Bustos', NULL, 43, 3, '1', 0),
(789, 0, 'Marcelo', 'Bustamante', NULL, 43, 2, '1', 0),
(790, 0, 'Maximiliano', 'Laso', NULL, 43, 3, '1', 0),
(791, 0, 'James', 'Rodríguez', NULL, 43, 3, '1', 1),
(792, 0, 'Walter', 'Erviti', NULL, 43, 3, '3', 0),
(793, 0, 'Cristian', 'García', NULL, 43, 4, '1', 0),
(794, 0, 'Pablo', 'Vergara', NULL, 43, 3, '1', 0),
(795, 0, 'Federico', 'Sardella', NULL, 43, 3, '1', 0),
(796, 0, 'Sebastián', 'López', NULL, 43, 1, '1', 0),
(797, 0, 'Facundo', 'Ferreyra', NULL, 43, 4, '1', 0),
(798, 0, 'Marcelo', 'Quinteros', NULL, 43, 3, '1', 0),
(799, 0, 'José', 'Devaca', NULL, 43, 2, '1', 1),
(800, 0, 'Luis', 'Salmerón', NULL, 43, 4, '1', 0),
(801, 0, 'Emmanuel', 'Pío', NULL, 43, 3, '1', 0),
(802, 0, 'Santiago', 'Ladino', NULL, 43, 2, '1', 0),
(803, 0, 'Sebastián', 'Fernández', NULL, 43, 4, '2', 1),
(804, 0, 'Roberto', 'Battión', NULL, 43, 3, '1', 1),
(805, 0, 'Enrique', 'Bologna', NULL, 43, 1, '1', 0),
(806, 0, 'Julio', 'Marchant', NULL, 43, 3, '1', 0),
(807, 0, 'Ruben', 'Ramirez', NULL, 43, 4, '2', 1),
(808, 0, 'Jonathan', 'Maidana', NULL, 43, 2, '2', 1),
(809, 0, 'Mathías', 'Cardacio', NULL, 43, 3, '1', 0),
(810, 0, 'José', 'Shaffer', NULL, 43, 2, '2', 0),
(811, 0, 'Roberto', 'Abbondanzieri', NULL, 35, 1, '2', 0),
(812, 0, 'Hugo', 'Ibarra', NULL, 35, 2, '2', 0),
(813, 0, 'Sebastián', 'Battaglia', NULL, 35, 3, '3', 0),
(814, 0, 'Ezequiel', 'Muñoz', NULL, 35, 2, '1', 0),
(815, 0, 'Pablo', 'Mouche', NULL, 35, 4, '1', 0),
(816, 0, 'Gary', 'Medel', NULL, 35, 3, '2', 1),
(817, 0, 'Martín', 'Palermo', NULL, 35, 4, '3', 1),
(818, 0, 'Federico', 'Insúa', NULL, 35, 3, '2', 1),
(819, 0, 'Javier', 'García', NULL, 35, 1, '1', 1),
(820, 0, 'Sebastián', 'Prediger', NULL, 35, 3, '2', 0),
(821, 0, 'Ricardo', 'Noir', NULL, 35, 4, '1', 0),
(822, 0, 'Guillermo', 'Marino', NULL, 35, 3, '1', 0),
(823, 0, 'Matías', 'Giménez', NULL, 35, 3, '1', 0),
(824, 0, 'Luciano', 'Monzón', NULL, 35, 2, '1', 1),
(825, 0, 'Ariel', 'Rosada', NULL, 35, 3, '1', 0),
(826, 0, 'Juan', 'Krupoviesa', NULL, 35, 2, '1', 0),
(827, 0, 'Cristian', 'Chávez', NULL, 35, 3, '1', 0),
(828, 0, 'Cristian', 'Erbes', NULL, 35, 3, '1', 0),
(829, 0, 'Jonatan', 'Philippe', NULL, 35, 4, '1', 0),
(830, 0, 'Adrián', 'Gunino', NULL, 35, 2, '1', 0),
(831, 0, 'Gastón', 'Sauro', NULL, 35, 2, '1', 0),
(832, 0, 'Lucas', 'Viatri', NULL, 35, 4, '2', 0),
(833, 0, 'Nicolás', 'Gaitán', NULL, 35, 3, '3', 1),
(834, 0, 'Gabriel', 'Paletta', NULL, 35, 2, '2', 0),
(835, 0, 'Josué', 'Ayala', NULL, 35, 1, '1', 0),
(836, 0, 'Jesús', 'Méndez', NULL, 35, 3, '2', 1),
(837, 0, 'Julio', 'Barroso', NULL, 35, 2, '1', 0),
(838, 0, 'Leandro', 'Aguirre', NULL, 35, 2, '1', 0),
(839, 0, 'Breyner', 'Bonilla', NULL, 35, 2, '1', 0),
(840, 0, 'David', 'Achucarro', NULL, 35, 2, '1', 0),
(841, 0, 'Sergio', 'Araujo', NULL, 35, 4, '1', 0),
(842, 0, 'Lucas', 'Marín', NULL, 35, 2, '1', 0),
(843, 0, 'Sebastián', 'D''Angelo', NULL, 35, 1, '1', 0),
(844, 0, 'Enzo', 'Ruiz', NULL, 35, 2, '1', 0),
(845, 0, 'Santiago', 'Villafañe', NULL, 35, 2, '1', 0),
(846, 0, 'Nicolás', 'Colazo', NULL, 35, 3, '1', 0),
(847, 0, 'Gastón', 'Rossi', NULL, 35, 3, '1', 0),
(848, 0, 'Luiz', 'Alberto', NULL, 35, 2, '1', 0),
(849, 0, 'Nicolás', 'Tauber', NULL, 42, 1, '1', 0),
(850, 0, 'Mariano', 'Echeverría', NULL, 42, 2, '2', 1),
(851, 0, 'Franco', 'Coria', NULL, 42, 2, '1', 0),
(852, 0, 'Fernando', 'Fontana', NULL, 42, 2, '1', 0),
(853, 0, 'Federico', 'Vismara', NULL, 42, 3, '1', 0),
(854, 0, 'Cristian', 'Grabinski', NULL, 42, 2, '1', 1),
(855, 0, 'Alejandro', 'Frezzotti', NULL, 42, 3, '1', 0),
(856, 0, 'Daniel', 'Ponce', NULL, 42, 3, '1', 0),
(857, 0, 'Cristian', 'Gutierrez', NULL, 42, 2, '1', 0),
(858, 0, 'Matías', 'Pisano', NULL, 42, 3, '1', 0),
(859, 0, 'Pedro', 'Fernández', NULL, 42, 1, '1', 0),
(860, 0, 'Emanuel', 'Centurión', NULL, 42, 3, '1', 0),
(861, 0, 'Lisandro', 'López', NULL, 42, 2, '1', 1),
(862, 0, 'Federico', 'Iñíguez', NULL, 42, 3, '1', 0),
(863, 0, 'Diego', 'Morales', NULL, 42, 3, '2', 1),
(864, 0, 'Sebastián', 'Sciorilli', NULL, 42, 3, '1', 0),
(865, 0, 'Facundo', 'Parra', NULL, 42, 4, '1', 1),
(866, 0, 'Daniel', 'Pereira', NULL, 42, 3, '1', 0),
(867, 0, 'Sebastián', 'Cejas', NULL, 42, 1, '1', 0),
(868, 0, 'Nicolás', 'Ramírez', NULL, 42, 3, '1', 0),
(869, 0, 'Omar', 'Zarif', NULL, 42, 3, '1', 0),
(870, 0, 'Diego', 'Crosa', NULL, 42, 2, '1', 0),
(871, 0, 'Jorge', 'Núñez', NULL, 42, 2, '1', 0),
(872, 0, 'Germán', 'Cano', NULL, 42, 4, '1', 0),
(873, 0, 'Emiliano', 'Strappini', NULL, 42, 4, '1', 0),
(874, 0, 'Fernando', 'Crosa', NULL, 42, 2, '1', 0),
(875, 0, 'Franco', 'Miranda', NULL, 42, 2, '1', 0),
(876, 0, 'Jorge', 'Myma', NULL, 42, 3, '1', 0),
(877, 0, 'Federico', 'Rosso', NULL, 42, 2, '1', 0),
(878, 0, 'Diego', 'Pozo', NULL, 34, 1, '2', 1),
(879, 0, 'Josimar', 'Mosquera', NULL, 34, 2, '1', 0),
(880, 0, 'Salustiano', 'Candia', NULL, 34, 2, '1', 1),
(881, 0, 'Ismael', 'Quílez', NULL, 34, 2, '1', 0),
(882, 0, 'Ariel', 'Garcé', NULL, 34, 2, '2', 0),
(883, 0, 'Cristian', 'Pellerano', NULL, 34, 3, '2', 0),
(884, 0, 'Eduardo', 'Coudet', NULL, 34, 3, '1', 0),
(885, 0, 'Federico', 'Nieto', NULL, 34, 4, '2', 1),
(886, 0, 'Lucas', 'Acosta', NULL, 34, 4, '1', 0),
(887, 0, 'Ricardo', 'Gómez', NULL, 34, 3, '2', 0),
(888, 0, 'Andrés', 'Bailo', NULL, 34, 1, '1', 0),
(889, 0, 'Germán', 'Rivarola', NULL, 34, 2, '2', 1),
(890, 0, 'Andres', 'Ríos', NULL, 34, 4, '1', 0),
(891, 0, 'Santiago', 'Soto', NULL, 34, 4, '1', 0),
(892, 0, 'Facundo', 'Bertoglio', NULL, 34, 3, '2', 1),
(893, 0, 'Nicolás', 'Torres', NULL, 34, 3, '1', 0),
(894, 0, 'Esteban', 'Fuertes', NULL, 34, 4, '3', 1),
(895, 0, 'Marcos', 'Díaz', NULL, 34, 1, '1', 0),
(896, 0, 'Alejandro', 'Capurro', NULL, 34, 3, '2', 0),
(897, 0, 'Mauro', 'Bellone', NULL, 34, 3, '1', 0),
(898, 0, 'Facundo', 'Sánchez', NULL, 34, 3, '1', 0),
(899, 0, 'Rodrigo', 'Canario', NULL, 34, 4, '1', 0),
(900, 0, 'Omar', 'Merlo', NULL, 34, 2, '1', 0),
(901, 0, 'Maximiliano', 'Caire', NULL, 34, 2, '1', 0),
(902, 0, 'Alfredo', 'Ramírez', NULL, 34, 3, '1', 0),
(903, 0, 'Iván', 'Gorosito', NULL, 34, 1, '1', 0),
(904, 0, 'Jonatan', 'Bauman', NULL, 34, 4, '1', 0),
(905, 0, 'Marcelo', 'Goux', NULL, 34, 2, '1', 0),
(906, 0, 'Mauricio', 'Mansilla', NULL, 34, 2, '1', 0),
(907, 0, 'Matías', 'Burne', NULL, 34, 4, '1', 0),
(908, 0, 'Johann', 'Laureiro', NULL, 34, 3, '1', 0),
(909, 0, 'Roberto', 'Fernández', NULL, 33, 1, '1', 0),
(910, 0, 'Leandro', 'Desábato', NULL, 33, 2, '2', 1),
(911, 0, 'Cristian', 'Cellay', NULL, 33, 2, '2', 0),
(912, 0, 'Raúl', 'Iberbia', NULL, 33, 2, '1', 0),
(913, 0, 'Matías', 'Sánchez', NULL, 33, 3, '1', 0),
(914, 0, 'Marcos', 'Rojo', NULL, 33, 2, '1', 1),
(915, 0, 'José', 'Sosa', NULL, 33, 3, '3', 1),
(916, 0, 'Enzo', 'Pérez', NULL, 33, 3, '2', 0),
(917, 0, 'Mauro', 'Boselli', NULL, 33, 4, '3', 0),
(918, 0, 'Marcelo', 'Carrusca', NULL, 33, 3, '2', 0),
(919, 0, 'César', 'Taborda', NULL, 33, 1, '1', 0),
(920, 0, 'Michael', 'Hoyos', NULL, 33, 3, '1', 0),
(921, 0, 'Marcos', 'Angeleri', NULL, 33, 2, '2', 0),
(922, 0, 'Darío', 'Stefanatto', NULL, 33, 3, '1', 0),
(923, 0, 'Germán', 'Ré', NULL, 33, 2, '2', 1),
(924, 0, 'Federico', 'Fernández', NULL, 33, 2, '1', 0),
(925, 0, 'Maximiliano', 'Núñez', NULL, 33, 3, '1', 0),
(926, 0, 'Ignacio', 'Cantaluppi', NULL, 33, 3, '1', 0),
(927, 0, 'Leandro', 'González', NULL, 33, 4, '1', 0),
(928, 0, 'Agustín', 'Orión', NULL, 33, 1, '2', 0),
(929, 0, 'Rodrigo', 'Braña', NULL, 33, 3, '2', 1),
(930, 0, 'Leandro', 'Benítez', NULL, 33, 3, '2', 0),
(931, 0, 'Leonardo', 'Sánchez', NULL, 33, 2, '1', 0),
(932, 0, 'Damián', 'Albil', NULL, 33, 1, '1', 1),
(933, 0, 'Juan', 'Huerta', NULL, 33, 3, '1', 0),
(934, 0, 'Matías', 'Sarulyte', NULL, 33, 2, '1', 0),
(935, 0, 'Roberto', 'Birge', NULL, 33, 3, '1', 0),
(936, 0, 'Clemente', 'Rodríguez', NULL, 33, 2, '2', 1),
(937, 0, 'Agustín', 'Silva', NULL, 33, 1, '1', 0),
(938, 0, 'Cristian', 'Gaitán', NULL, 33, 3, '1', 0),
(939, 0, 'Leonardo', 'Jara', NULL, 33, 3, '1', 0),
(940, 0, 'Diego', 'Auzqui', NULL, 33, 3, '1', 0),
(941, 0, 'Emanuel', 'López', NULL, 33, 2, '1', 0),
(942, 0, 'Fabián', 'Roskos', NULL, 33, 2, '1', 0),
(943, 0, 'Héctor', 'Morales', NULL, 33, 3, '1', 0),
(944, 0, 'Ianni', 'Verón', NULL, 33, 3, '1', 0),
(945, 0, 'Guido', 'Carrillo', NULL, 33, 4, '1', 0),
(946, 0, 'Máximo', 'Cantaluppi', NULL, 33, 4, '1', 0),
(947, 0, 'Guido', 'Cantaluppi', NULL, 33, 3, '1', 0),
(948, 0, 'Gastón', 'Sessa', NULL, 41, 1, '2', 0),
(949, 0, 'Patricio', 'Graff', NULL, 41, 2, '1', 0),
(950, 0, 'Álvaro', 'Ormeño', NULL, 41, 2, '2', 0),
(951, 0, 'Ariel', 'Agüero', NULL, 41, 2, '1', 1),
(952, 0, 'Juan', 'Cuevas', NULL, 41, 4, '1', 0),
(953, 0, 'Luciano', 'Aued', NULL, 41, 3, '2', 1),
(954, 0, 'Roberto', 'Sosa', NULL, 41, 4, '1', 0),
(955, 0, 'Mariano', 'Messera', NULL, 41, 3, '1', 0),
(956, 0, 'Diego', 'Villar', NULL, 41, 3, '2', 1),
(957, 0, 'Pablo', 'Bangardino', NULL, 41, 1, '1', 0),
(958, 0, 'Raúl', 'Albornoz', NULL, 41, 2, '1', 0),
(959, 0, 'Hugo', 'Iriarte', NULL, 41, 2, '1', 0),
(960, 0, 'Milton', 'Casco', NULL, 41, 2, '1', 0),
(961, 0, 'Lucas', 'Castro', NULL, 41, 3, '1', 0),
(962, 0, 'Sebastián', 'Romero', NULL, 41, 3, '2', 1),
(963, 0, 'José', 'Vizcarra', NULL, 41, 4, '1', 0),
(964, 0, 'Esteban', 'González', NULL, 41, 3, '1', 0),
(965, 0, 'Juan', 'Neira', NULL, 41, 4, '1', 0),
(966, 0, 'Fabián', 'Rinaudo', NULL, 41, 3, '2', 1),
(967, 0, 'Denis', 'Stracqualursi', NULL, 41, 4, '2', 0),
(968, 0, 'Néstor', 'Martinena', NULL, 41, 4, '1', 0),
(969, 0, 'Facundo', 'Imboden', NULL, 41, 2, '1', 0),
(970, 0, 'Hernan', 'Encina', NULL, 41, 3, '1', 0),
(971, 0, 'Dardo', 'Miloc', NULL, 41, 2, '1', 0),
(972, 0, 'Fernando', 'Monetti', NULL, 41, 1, '1', 0),
(973, 0, 'Gastón', 'Casas', NULL, 41, 4, '1', 0),
(974, 0, 'Rubén', 'Maldonado', NULL, 41, 2, '1', 0),
(975, 0, 'Marco', 'Pérez', NULL, 41, 4, '1', 1),
(976, 0, 'Israel', 'Roldán', NULL, 41, 2, '1', 0),
(977, 0, 'Joel', 'Carli', NULL, 41, 2, '1', 0),
(978, 0, 'Facundo', 'Quiroga', NULL, 41, 4, '1', 0),
(979, 0, 'Álvaro', 'Navarro', NULL, 41, 4, '1', 0),
(980, 0, 'Nelson', 'Ibáñez', NULL, 40, 1, '2', 1),
(981, 0, 'Leonardo', 'Sigali', NULL, 40, 2, '1', 0),
(982, 0, 'David', 'Ramírez', NULL, 40, 3, '1', 1),
(983, 0, 'Nicolás', 'Olmedo', NULL, 40, 3, '1', 1),
(984, 0, 'Lautaro', 'Formica', NULL, 40, 2, '1', 1),
(985, 0, 'Federico', 'Higuaín', NULL, 40, 4, '1', 1),
(986, 0, 'Daniel', 'Vega', NULL, 40, 4, '1', 1),
(987, 0, 'Cristian', 'Chávez', NULL, 40, 4, '1', 0),
(988, 0, 'César', 'Carranza', NULL, 40, 4, '2', 1),
(989, 0, 'Cristian', 'Aracena', NULL, 40, 1, '1', 0),
(990, 0, 'Sebastián', 'Martínez', NULL, 40, 2, '1', 0),
(991, 0, 'Francisco', 'Dutari', NULL, 40, 2, '1', 1),
(992, 0, 'Jesús', 'Vera', NULL, 40, 4, '1', 0),
(993, 0, 'Federico', 'Villegas', NULL, 40, 3, '1', 0),
(994, 0, 'Jairo', 'Castillo', NULL, 40, 4, '2', 0),
(995, 0, 'Martín', 'Aguirre', NULL, 40, 3, '1', 0),
(996, 0, 'Leandro', 'Torres', NULL, 40, 3, '1', 0),
(997, 0, 'Zelmar', 'García', NULL, 40, 2, '1', 0),
(998, 0, 'José', 'Ramírez', NULL, 40, 1, '1', 0),
(999, 0, 'Ariel', 'Rojas', NULL, 40, 3, '1', 0),
(1000, 0, 'Rodrigo', 'Salinas', NULL, 40, 4, '1', 0),
(1001, 0, 'Cristian', 'Cuevas', NULL, 40, 2, '1', 0),
(1002, 0, 'Jorge', 'Curbelo', NULL, 40, 2, '1', 0),
(1003, 0, 'Alejandro', 'Camargo', NULL, 40, 3, '1', 0),
(1004, 0, 'Nicolas', 'Triviño', NULL, 40, 2, '1', 0),
(1005, 0, 'Maximiliano', 'Alaniz', NULL, 40, 4, '1', 0),
(1006, 0, 'Sebastian', 'Torrico', NULL, 40, 1, '1', 1),
(1007, 0, 'Darío', 'Salomón', NULL, 40, 2, '1', 0),
(1008, 0, 'Paul', 'Martín', NULL, 40, 3, '1', 0),
(1009, 0, 'Gabriel', 'Moyano', NULL, 40, 3, '1', 0),
(1010, 0, 'Sebastián', 'Moyano', NULL, 40, 1, '1', 0),
(1011, 0, 'Paolo', 'Goltz', NULL, 32, 2, '2', 1),
(1012, 0, 'Pablo', 'Jerez', NULL, 32, 2, '1', 0),
(1013, 0, 'Gastón', 'Esmerado', NULL, 32, 3, '1', 0),
(1014, 0, 'Ezequiel', 'Filippetto', NULL, 32, 2, '1', 0),
(1015, 0, 'Andrés', 'Franzoia', NULL, 32, 4, '2', 0),
(1016, 0, 'Leandro', 'Díaz', NULL, 32, 3, '2', 0),
(1017, 0, 'Gustavo', 'Balvorín', NULL, 32, 4, '1', 1),
(1018, 0, 'Alan', 'Sánchez', NULL, 32, 3, '1', 0),
(1019, 0, 'Adrián', 'Peralta', NULL, 32, 3, '1', 0),
(1020, 0, 'Lucas', 'Calviño', NULL, 32, 1, '1', 0),
(1021, 0, 'Franco', 'Chiviló', NULL, 32, 2, '1', 0),
(1022, 0, 'Juan', 'Carrizo', NULL, 32, 3, '1', 0),
(1023, 0, 'Kevin', 'Cura', NULL, 32, 2, '1', 0),
(1024, 0, 'Federico', 'Laurito', NULL, 32, 4, '1', 0),
(1025, 0, 'Gastón', 'Machín', NULL, 32, 3, '1', 0),
(1026, 0, 'Patricio', 'Toranzo', NULL, 32, 3, '2', 1),
(1027, 0, 'Leandro', 'Benegas', NULL, 32, 4, '1', 0),
(1028, 0, 'Diego', 'Rodríguez', NULL, 32, 2, '1', 0),
(1029, 0, 'Gonzalo', 'García', NULL, 32, 2, '1', 0),
(1030, 0, 'Gaston', 'Monzón', NULL, 32, 1, '2', 0),
(1031, 0, 'Luciano', 'Nieto', NULL, 32, 4, '1', 0),
(1032, 0, 'Eduardo', 'Domínguez', NULL, 32, 2, '1', 1),
(1033, 0, 'Christian', 'Ortiz', NULL, 32, 3, '1', 0),
(1034, 0, 'Gino', 'Clara', NULL, 32, 4, '1', 0),
(1035, 0, 'Julián', 'Bottaro', NULL, 32, 4, '1', 0),
(1036, 0, 'Alejandro', 'Quintana', NULL, 32, 4, '1', 0),
(1037, 0, 'Guilllermo', 'Roffés', NULL, 32, 4, '1', 0),
(1038, 0, 'Lucas', 'Mareque', NULL, 39, 2, '2', 0),
(1039, 0, 'Luciano', 'Vella', NULL, 39, 2, '1', 0),
(1040, 0, 'Walter', 'Acevedo', NULL, 39, 3, '2', 1),
(1041, 0, 'Eduardo', 'Tuzzio', NULL, 39, 2, '2', 0),
(1042, 0, 'Walter', 'Busse', NULL, 39, 3, '2', 0),
(1043, 0, 'Lucas', 'Pusineri', NULL, 39, 3, '1', 0),
(1044, 0, 'Leonel', 'Nuñez', NULL, 39, 4, '1', 0),
(1045, 0, 'Patricio', 'Rodríguez', NULL, 39, 3, '2', 0),
(1046, 0, 'Andrés', 'Silvera', NULL, 39, 4, '2', 1),
(1047, 0, 'Adrián', 'Gabbarini', NULL, 39, 1, '2', 1),
(1048, 0, 'Julián', 'Velázquez', NULL, 39, 2, '1', 0),
(1049, 0, 'Lucas', 'Kruspzky', NULL, 39, 2, '1', 0),
(1050, 0, 'Fernando', 'Godoy', NULL, 39, 3, '1', 0),
(1051, 0, 'Federico', 'Gonzalez', NULL, 39, 4, '1', 0),
(1052, 0, 'Darío', 'Gandín', NULL, 39, 4, '3', 1),
(1053, 0, 'Martín', 'Gómez', NULL, 39, 4, '1', 0),
(1054, 0, 'Diego', 'Rodríguez', NULL, 39, 1, '1', 0),
(1055, 0, 'Ignacio', 'Piatti', NULL, 39, 3, '2', 1),
(1056, 0, 'Mariano', 'Berriex', NULL, 39, 3, '1', 0),
(1057, 0, 'Carlos', 'Matheu', NULL, 39, 2, '2', 0),
(1058, 0, 'Samuel', 'Cáceres', NULL, 39, 2, '1', 0),
(1059, 0, 'Leonel', 'Galeano', NULL, 39, 2, '2', 1),
(1060, 0, 'Federico', 'Mancuello', NULL, 39, 3, '1', 1),
(1061, 0, 'Sergio', 'Vittor', NULL, 39, 3, '1', 0),
(1062, 0, 'Hilario', 'Navarro', NULL, 39, 1, '1', 0),
(1063, 0, 'Ivan', 'Perez', NULL, 39, 3, '1', 0),
(1064, 0, 'Brian', 'Nieva', NULL, 39, 4, '1', 0),
(1065, 0, 'Roberto', 'Vissio', NULL, 39, 3, '1', 0),
(1066, 0, 'Héctor', 'Echagüe', NULL, 39, 3, '1', 0),
(1067, 0, 'Nicolás', 'Mazzola', NULL, 39, 4, '1', 0),
(1068, 0, 'Hernán', 'Fredes', NULL, 39, 3, '1', 0),
(1069, 0, 'Ángel', 'Puertas', NULL, 39, 2, '1', 0),
(1070, 0, 'Juan', 'Caracoche', NULL, 39, 2, '1', 0),
(1071, 0, 'Fernando', 'Perez', NULL, 39, 3, '1', 0),
(1072, 0, 'Pablo', 'Vitti', NULL, 39, 4, '1', 0),
(1073, 0, 'Jose', 'Moreno', NULL, 39, 4, '1', 0),
(1074, 0, 'Carlos', 'Báez', NULL, 39, 2, '1', 0),
(1075, 0, 'Leandro', 'Gracián', NULL, 39, 3, '2', 0),
(1076, 0, 'Agustín', 'Marchesín', NULL, 31, 1, '1', 1),
(1077, 0, 'Carlos', 'Quintana', NULL, 31, 2, '1', 0),
(1078, 0, 'Maximiliano', 'Velázquez', NULL, 31, 2, '2', 0),
(1079, 0, 'Hernán', 'Grana', NULL, 31, 2, '1', 0),
(1080, 0, 'Matías', 'Fritzler', NULL, 31, 3, '2', 0),
(1081, 0, 'Santiago', 'Biglieri', NULL, 31, 4, '1', 0),
(1082, 0, 'Agustín', 'Pelletieri', NULL, 31, 3, '2', 0),
(1083, 0, 'Cristian', 'Menéndez', NULL, 31, 4, '1', 0),
(1084, 0, 'Sebastián', 'Blanco', NULL, 31, 3, '3', 1),
(1085, 0, 'Gonzalo', 'Castillejos', NULL, 31, 4, '2', 1),
(1086, 0, 'Eduardo', 'Ledesma', NULL, 31, 3, '1', 0),
(1087, 0, 'Esteban', 'Andrada', NULL, 31, 1, '1', 0),
(1088, 0, 'Santiago', 'Salcedo', NULL, 31, 4, '2', 0),
(1089, 0, 'Mauricio', 'Caranta', NULL, 31, 1, '2', 0),
(1090, 0, 'Diego', 'Bielkiewicz', NULL, 31, 4, '1', 0),
(1091, 0, 'Santiago', 'Hoyos', NULL, 31, 2, '1', 0),
(1092, 0, 'Diego', 'Lagos', NULL, 31, 3, '2', 0),
(1093, 0, 'Emir', 'Faccioli', NULL, 31, 2, '1', 0),
(1094, 0, 'Marcos', 'Aguirre', NULL, 31, 3, '2', 0),
(1095, 0, 'Leonel', 'Pérez', NULL, 31, 2, '1', 0),
(1096, 0, 'Roberto', 'Dovetta', NULL, 31, 4, '1', 0),
(1097, 0, 'Carlos', 'Arce', NULL, 31, 2, '1', 0),
(1098, 0, 'Eric', 'Aparicio', NULL, 31, 4, '1', 0),
(1099, 0, 'Iván', 'Macalik', NULL, 31, 2, '1', 0),
(1100, 0, 'Ariel', 'Alarcón', NULL, 31, 2, '1', 0),
(1101, 0, 'Jorge', 'Pucheta', NULL, 31, 1, '1', 0),
(1102, 0, 'Javier', 'Arias', NULL, 31, 4, '1', 0),
(1103, 0, 'Gonzalo', 'Díaz', NULL, 31, 3, '1', 0),
(1104, 0, 'Diego', 'González', NULL, 31, 3, '1', 0),
(1105, 0, 'Luciano', 'Balbi', NULL, 31, 2, '1', 0),
(1106, 0, 'Maximiliano', 'Lugo', NULL, 31, 2, '1', 0),
(1107, 0, 'Mario', 'Zaninovic', NULL, 31, 3, '1', 0),
(1108, 0, 'Rodrigo', 'Erramuspe', NULL, 31, 2, '1', 0),
(1109, 0, 'Guido', 'Pizarro', NULL, 31, 3, '1', 0),
(1110, 0, 'Sebastián', 'Peratta', NULL, 30, 1, '2', 1),
(1111, 0, 'Alexis', 'Machuca', NULL, 30, 2, '1', 0),
(1112, 0, 'Juan', 'Quiroga', NULL, 30, 2, '1', 0),
(1113, 0, 'Agustin', 'Alayes', NULL, 30, 2, '2', 1),
(1114, 0, 'Diego', 'Mateo', NULL, 30, 3, '2', 0),
(1115, 0, 'Rolando', 'Schiavi', NULL, 30, 2, '3', 0),
(1116, 0, 'Lucas', 'Bernardi', NULL, 30, 3, '2', 1),
(1117, 0, 'Franco', 'Dolci', NULL, 30, 3, '1', 0),
(1118, 0, 'Cristian', 'Nuñez', NULL, 30, 4, '1', 0),
(1119, 0, 'Mauro', 'Formica', NULL, 30, 3, '3', 1),
(1120, 0, 'Diego', 'Torres', NULL, 30, 4, '1', 0),
(1121, 0, 'Lucas', 'Hoyos', NULL, 30, 1, '1', 0),
(1122, 0, 'Mauricio', 'Sperdutti', NULL, 30, 3, '1', 0),
(1123, 0, 'Nahuel', 'Roselli', NULL, 30, 2, '1', 0),
(1124, 0, 'Marcelo', 'Estigarribia', NULL, 30, 3, '1', 0),
(1125, 0, 'Jorge', 'Achucarro', NULL, 30, 4, '2', 0),
(1126, 0, 'Hugo', 'Barrientos', NULL, 30, 3, '1', 0),
(1127, 0, 'Joaquín', 'Boghossian', NULL, 30, 4, '3', 1),
(1128, 0, 'Leonel', 'Vangioni', NULL, 30, 3, '2', 1),
(1129, 0, 'Leandro', 'Benitez', NULL, 30, 2, '1', 0),
(1130, 0, 'Emanuel', 'Dening', NULL, 30, 4, '1', 0),
(1131, 0, 'Alejandro', 'Cascio', NULL, 30, 3, '1', 0),
(1132, 0, 'Ignacio', 'Fideleff', NULL, 30, 2, '1', 0),
(1133, 0, 'Nahuel', 'Guzman', NULL, 30, 1, '1', 1),
(1134, 0, 'Cristian', 'Lema', NULL, 30, 2, '1', 0),
(1135, 0, 'Jonathan', 'Hereñu', NULL, 30, 2, '1', 0),
(1136, 0, 'Hernan', 'Villalba', NULL, 30, 3, '1', 0),
(1137, 0, 'Santiago', 'Fernandez', NULL, 30, 4, '1', 0),
(1138, 0, 'Pablo', 'Santillo', NULL, 38, 1, '1', 0),
(1139, 0, 'Roberto', 'Ayala', NULL, 38, 2, '2', 0),
(1140, 0, 'Nicolás', 'Sainz', NULL, 38, 2, '1', 0),
(1141, 0, 'Claudio', 'Yacob', NULL, 38, 3, '2', 0),
(1142, 0, 'Lucas', 'Aveldaño', NULL, 38, 2, '1', 0),
(1143, 0, 'Pablo', 'Lugüercio', NULL, 38, 4, '2', 1),
(1144, 0, 'Martin', 'Wagner', NULL, 38, 3, '1', 0),
(1145, 0, 'Pablo', 'Caballero', NULL, 38, 4, '1', 0),
(1146, 0, 'Gabriel', 'Hauche', NULL, 38, 4, '2', 1),
(1147, 0, 'Sebastián', 'Grazzini', NULL, 38, 3, '2', 0),
(1148, 0, 'Mauro', 'Dobler', NULL, 38, 1, '1', 0),
(1149, 0, 'Claudio', 'Bieler', NULL, 38, 4, '3', 1),
(1150, 0, 'Cristian', 'Tavio', NULL, 38, 2, '1', 0),
(1151, 0, 'Adrián', 'Lucero', NULL, 38, 3, '1', 0),
(1152, 0, 'Damián', 'Steinert', NULL, 38, 4, '1', 0),
(1153, 0, 'Gabriel', 'Mercado', NULL, 38, 2, '2', 1),
(1154, 0, 'Brian', 'Lluy', NULL, 38, 3, '1', 0),
(1155, 0, 'Damián', 'Ledesma', NULL, 38, 3, '1', 0),
(1156, 0, 'Sebastián', 'Rosano', NULL, 38, 3, '1', 0),
(1157, 0, 'Lucas', 'Castromán', NULL, 38, 4, '2', 0),
(1158, 0, 'Matías', 'Cahais', NULL, 38, 2, '1', 0),
(1159, 0, 'Marcos', 'Cáceres', NULL, 38, 2, '1', 0),
(1160, 0, 'Gonzalo', 'Pérez', NULL, 38, 3, '1', 0),
(1161, 0, 'Valentín', 'Viola', NULL, 38, 4, '1', 0),
(1162, 0, 'Luis', 'Fariña', NULL, 38, 3, '1', 0),
(1163, 0, 'Santiago', 'Malano', NULL, 38, 4, '1', 0),
(1164, 0, 'Lucas', 'Licht', NULL, 38, 2, '2', 1),
(1165, 0, 'Matías', 'Martínez', NULL, 38, 2, '2', 1),
(1166, 0, 'Ignacio', 'Colombini', NULL, 38, 4, '1', 0),
(1167, 0, 'Bruno', 'Zuculini', NULL, 38, 3, '1', 1),
(1168, 0, 'Daniel', 'Vega', NULL, 29, 1, '2', 1),
(1169, 0, 'Alexis', 'Ferrero', NULL, 29, 2, '2', 1),
(1170, 0, 'Cristian', 'Villagra', NULL, 29, 2, '1', 0),
(1171, 0, 'Paulo', 'Ferrari', NULL, 29, 2, '2', 1),
(1172, 0, 'Oscar', 'Ahumada', NULL, 29, 3, '1', 0),
(1173, 0, 'Nicolás', 'Sánchez', NULL, 29, 2, '2', 0),
(1174, 0, 'Mauro', 'Rosales', NULL, 29, 4, '1', 0),
(1175, 0, 'Rodrigo', 'Rojas', NULL, 29, 3, '2', 1),
(1176, 0, 'Ariel', 'Ortega', NULL, 29, 4, '3', 0),
(1177, 0, 'Marcelo', 'Gallardo', NULL, 29, 3, '3', 1),
(1178, 0, 'Juan', 'Ojeda', NULL, 29, 1, '1', 0),
(1179, 0, 'Maximiliano', 'Coronel', NULL, 29, 2, '1', 0),
(1180, 0, 'Andrés', 'Ríos', NULL, 29, 4, '1', 0),
(1181, 0, 'Gustavo', 'Canales', NULL, 29, 4, '1', 1),
(1182, 0, 'Diego', 'Barrado', NULL, 29, 3, '1', 0),
(1183, 0, 'Martín', 'Galmarini', NULL, 29, 3, '1', 0),
(1184, 0, 'Gustavo', 'Bou', NULL, 29, 3, '1', 0),
(1185, 0, 'Gustavo', 'Cabral', NULL, 29, 2, '2', 0),
(1186, 0, 'Matías', 'Almeyda', NULL, 29, 3, '2', 1),
(1187, 0, 'Nicolás', 'Navarro', NULL, 29, 1, '1', 0),
(1188, 0, 'Mauro', 'Díaz', NULL, 29, 3, '1', 0),
(1189, 0, 'Diego', 'Buonanotte', NULL, 29, 4, '3', 0),
(1190, 0, 'Facundo', 'Quiroga', NULL, 29, 2, '2', 1),
(1191, 0, 'Gonzalo', 'Ludueña', NULL, 29, 4, '1', 0),
(1192, 0, 'Daniel', 'Villalba', NULL, 29, 4, '2', 1),
(1193, 0, 'Gonzalo', 'Gil', NULL, 29, 4, '1', 0),
(1194, 0, 'Lucas', 'Orbán', NULL, 29, 2, '1', 0),
(1195, 0, 'Roberto', 'Pereyra', NULL, 29, 3, '1', 0),
(1196, 0, 'Matías', 'Abelairas', NULL, 29, 3, '2', 0),
(1197, 0, 'Erik', 'Lamela', NULL, 29, 3, '1', 0),
(1198, 0, 'Jorge', 'Broun', NULL, 37, 1, '2', 0),
(1199, 0, 'Nahuel', 'Valentini', NULL, 37, 2, '1', 0),
(1200, 0, 'Guillermo', 'Burdisso', NULL, 37, 2, '2', 1),
(1201, 0, 'Alexis', 'Danelón', NULL, 37, 2, '1', 0),
(1202, 0, 'Diego', 'Braghieri', NULL, 37, 2, '1', 0),
(1203, 0, 'Diego', 'Chitzoff', NULL, 37, 2, '1', 1),
(1204, 0, 'Luciano', 'Figueroa', NULL, 37, 4, '2', 1),
(1205, 0, 'Johnatan', 'Gómez', NULL, 37, 3, '2', 1),
(1206, 0, 'Gervasio', 'Núñez', NULL, 37, 3, '1', 0),
(1207, 0, 'Hernán', 'Galíndez', NULL, 37, 1, '1', 0),
(1208, 0, 'Mario', 'Vallejo', NULL, 37, 2, '1', 0),
(1209, 0, 'Lucas', 'Moya', NULL, 37, 3, '1', 0),
(1210, 0, 'Milton', 'Caraglio', NULL, 37, 4, '1', 1),
(1211, 0, 'Martín', 'Astudillo', NULL, 37, 3, '1', 0),
(1212, 0, 'Emilio', 'Zelaya', NULL, 37, 4, '2', 0),
(1213, 0, 'Matías', 'Ballini', NULL, 37, 3, '1', 0),
(1214, 0, 'Jorge', 'Bava', NULL, 37, 1, '1', 0),
(1215, 0, 'Darío', 'Ocampo', NULL, 37, 3, '1', 0),
(1216, 0, 'Ignacio', 'Boggino', NULL, 37, 2, '1', 0),
(1217, 0, 'Facundo', 'Lupardo', NULL, 37, 1, '1', 0),
(1218, 0, 'Milton', 'Zárate', NULL, 37, 3, '1', 0),
(1219, 0, 'Leandro', 'Gurrieri', NULL, 37, 4, '1', 0),
(1220, 0, 'Santiago', 'García', NULL, 37, 2, '1', 0),
(1221, 0, 'Mario', 'Paglialunga', NULL, 37, 3, '1', 0),
(1222, 0, 'Paúl', 'Ambrosi', NULL, 37, 2, '1', 0),
(1223, 0, 'Martín', 'Rivero', NULL, 37, 3, '1', 0),
(1224, 0, 'Horacio', 'Calcaterra', NULL, 37, 3, '1', 0),
(1225, 0, 'Nicolás', 'Fernández', NULL, 37, 4, '1', 0),
(1226, 0, 'Manuel', 'García', NULL, 37, 1, '1', 0),
(1227, 0, 'Gustavo', 'Campagnuolo', NULL, 28, 1, '1', 0),
(1228, 0, 'Germán', 'Voboril', NULL, 28, 2, '1', 0),
(1229, 0, 'Sebastián', 'Luna', NULL, 28, 2, '1', 0),
(1230, 0, 'Cristian', 'González', NULL, 28, 3, '2', 1),
(1231, 0, 'Jonathan', 'Bottinelli', NULL, 28, 2, '2', 1),
(1232, 0, 'Diego', 'Rivero', NULL, 28, 3, '2', 0),
(1233, 0, 'Bernardo', 'Romeo', NULL, 28, 4, '1', 0),
(1234, 0, 'Leandro', 'Romagnoli', NULL, 28, 3, '3', 0),
(1235, 0, 'Aureliano', 'Torres', NULL, 28, 2, '2', 0),
(1236, 0, 'Nereo', 'Champagne', NULL, 28, 1, '1', 0),
(1237, 0, 'Fernando', 'Meza', NULL, 28, 2, '1', 0),
(1238, 0, 'Fabián', 'Bordagaray', NULL, 28, 4, '2', 1),
(1239, 0, 'Santiago', 'Prim', NULL, 28, 3, '1', 0),
(1240, 0, 'Cristian', 'Leiva', NULL, 28, 3, '1', 0),
(1241, 0, 'Alejandro', 'Gómez', NULL, 28, 4, '3', 0),
(1242, 0, 'Gastón', 'Aguirre', NULL, 28, 2, '2', 1),
(1243, 0, 'Pablo', 'Pintos', NULL, 28, 2, '2', 1),
(1244, 0, 'Sebastián', 'Rusculleda', NULL, 28, 3, '1', 0),
(1245, 0, 'Salvador', 'Reynoso', NULL, 28, 3, '1', 0),
(1246, 0, 'Gonzalo', 'Bazán', NULL, 28, 3, '1', 0),
(1247, 0, 'Axel', 'Juarez', NULL, 28, 3, '1', 0),
(1248, 0, 'Nelson', 'Benítez', NULL, 28, 2, '1', 0),
(1249, 0, 'Emiliano', 'Alfaro', NULL, 28, 4, '1', 1),
(1250, 0, 'Sebastián', 'González', NULL, 28, 3, '1', 0),
(1251, 0, 'Pablo', 'Migliore', NULL, 28, 1, '2', 0),
(1252, 0, 'Matías', 'Vega', NULL, 28, 1, '1', 0),
(1253, 0, 'Nicolás', 'Bertocchi', NULL, 28, 3, '1', 0),
(1254, 0, 'Daniel', 'Islas', NULL, 36, 1, '2', 1),
(1255, 0, 'Cristian', 'Leyes', NULL, 36, 2, '1', 1),
(1256, 0, 'Juan', 'Celaya', NULL, 36, 2, '1', 0),
(1257, 0, 'Diego', 'Castaño', NULL, 36, 3, '2', 0),
(1258, 0, 'Rodolfo', 'Arruabarrena', NULL, 36, 2, '1', 1),
(1259, 0, 'Carlos', 'Luna', NULL, 36, 4, '2', 1),
(1260, 0, 'Jónathan', 'Blanco', NULL, 36, 3, '1', 0),
(1261, 0, 'Leandro', 'Lázzaro', NULL, 36, 4, '2', 0),
(1262, 0, 'Martín', 'Morel', NULL, 36, 3, '2', 0),
(1263, 0, 'Ramiro', 'Leone', NULL, 36, 3, '1', 0),
(1264, 0, 'Luis', 'Ardente', NULL, 36, 1, '1', 1),
(1265, 0, 'Alberto', 'Alarcón', NULL, 36, 2, '1', 0),
(1266, 0, 'Gerardo', 'Castro', NULL, 36, 4, '1', 0),
(1267, 0, 'Néstor', 'Ayala', NULL, 36, 4, '2', 1),
(1268, 0, 'Lucas', 'Oviedo', NULL, 36, 3, '1', 0),
(1269, 0, 'Rubén', 'Botta', NULL, 36, 3, '1', 0),
(1270, 0, 'Ribair', 'Rodríguez', NULL, 36, 3, '1', 0),
(1271, 0, 'Cristian', 'Bardaro', NULL, 36, 4, '1', 0),
(1272, 0, 'Mariano', 'Pasini', NULL, 36, 3, '1', 0),
(1273, 0, 'Lucas', 'Abud', NULL, 36, 1, '1', 0),
(1274, 0, 'Facundo', 'Pumpido', NULL, 36, 4, '1', 0),
(1275, 0, 'Norberto', 'Paparatto', NULL, 36, 2, '1', 0),
(1276, 0, 'Walter', 'Sánchez', NULL, 36, 3, '1', 0),
(1277, 0, 'Gonzalo', 'Choy', NULL, 36, 3, '1', 0),
(1278, 0, 'Pablo', 'Fontanello', NULL, 36, 2, '1', 0),
(1279, 0, 'Carlos', 'Fondacaro', NULL, 36, 2, '1', 0),
(1280, 0, 'Brian', 'Rodríguez', NULL, 36, 4, '1', 0),
(1281, 0, 'Maximiliano', 'Oliva', NULL, 36, 2, '1', 0),
(1282, 0, 'Joaquín', 'Laso', NULL, 36, 2, '1', 0),
(1283, 0, 'Franco', 'Lanaro', NULL, 36, 4, '1', 0),
(1284, 0, 'Marcelo', 'Barovero', NULL, 27, 1, '1', 1),
(1285, 0, 'Marco', 'Torsiglieri', NULL, 27, 2, '1', 0),
(1286, 0, 'Emiliano', 'Papa', NULL, 27, 2, '2', 1),
(1287, 0, 'Gastón', 'Díaz', NULL, 27, 2, '1', 0),
(1288, 0, 'Fabián', 'Cubero', NULL, 27, 3, '2', 0),
(1289, 0, 'Sebastián', 'Domínguez', NULL, 27, 2, '2', 1),
(1290, 0, 'Nicolás', 'Cabrera', NULL, 27, 3, '2', 1),
(1291, 0, 'Maximiliano', 'Moralez', NULL, 27, 3, '3', 1),
(1292, 0, 'Rolando', 'Zárate', NULL, 27, 4, '1', 0),
(1293, 0, 'Ezequiel', 'Cacace', NULL, 27, 1, '1', 0),
(1294, 0, 'Pablo', 'Lima', NULL, 27, 2, '1', 1),
(1295, 0, 'Fernando', 'Tobio', NULL, 27, 2, '1', 0),
(1296, 0, 'Víctor', 'Zapata', NULL, 27, 3, '2', 0),
(1297, 0, 'Franco', 'Razzotti', NULL, 27, 3, '1', 0),
(1298, 0, 'Leandro', 'Somoza', NULL, 27, 3, '2', 1),
(1299, 0, 'Nicolás', 'Otamendi', NULL, 27, 2, '2', 1),
(1300, 0, 'Leandro', 'Caruso', NULL, 27, 4, '2', 0),
(1301, 0, 'Jonathan', 'Cristaldo', NULL, 27, 4, '2', 0),
(1302, 0, 'Leandro', 'Velázquez', NULL, 27, 3, '1', 0),
(1303, 0, 'Santiago', 'Silva', NULL, 27, 4, '3', 1),
(1304, 0, 'Iván', 'Bella', NULL, 27, 3, '1', 0),
(1305, 0, 'Germán', 'Montoya', NULL, 27, 1, '2', 1),
(1306, 0, 'Pablo', 'Despósito', NULL, 27, 3, '1', 0),
(1307, 0, 'Alejandro', 'Cabral', NULL, 27, 3, '1', 0),
(1308, 0, 'Mariano', 'Bíttolo', NULL, 27, 2, '1', 0),
(1309, 0, 'Ricardo', 'Álvarez', NULL, 27, 3, '1', 0),
(1310, 0, 'Leandro', 'Píris', NULL, 27, 4, '1', 0),
(1311, 0, 'Héctor', 'Canteros', NULL, 27, 3, '1', 0),
(1312, 0, 'Matías', 'Conti', NULL, 27, 4, '1', 0),
(1313, 0, 'Juan Ignacio', 'Mercier', NULL, 46, 3, '2', 1),
(1314, 0, 'José Luis', 'Calderón', NULL, 46, 4, '2', 0),
(1315, 0, 'Juan Manuel', 'Azconzábal', NULL, 44, 2, '1', 0),
(1316, 0, 'Jose M.', 'Saavedra', NULL, 44, 3, '1', 0),
(1317, 0, 'Juan Pablo', 'Pereyra', NULL, 44, 4, '1', 1),
(1318, 0, 'Juan Román', 'Riquelme', NULL, 35, 3, '3', 1),
(1319, 0, 'José María', 'Calvo', NULL, 35, 2, '1', 0),
(1320, 0, 'Juan Manuel', 'Lucero', NULL, 34, 3, '1', 1),
(1321, 0, 'Juan Sebastián', 'Verón', NULL, 33, 3, '3', 1),
(1322, 0, 'Carlos Andrés', 'Sánchez', NULL, 40, 3, '1', 0),
(1323, 0, 'Sergio Daniel', 'Sánchez', NULL, 40, 3, '1', 0),
(1324, 0, 'Juan Manuel', 'Insaurralde', NULL, 30, 2, '3', 1),
(1325, 0, 'José Luis', 'Martínez Gullota', NULL, 38, 1, '1', 0),
(1326, 0, 'Juan Ignacio', 'Sánchez Sotelo', NULL, 38, 4, '1', 0),
(1327, 0, 'Juan Carlos', 'Falcón', NULL, 38, 4, '2', 0),
(1328, 0, 'Juan Manuel', 'Díaz', NULL, 29, 2, '2', 0),
(1329, 0, 'Juan Carlos', 'Menseguez', NULL, 28, 4, '2', 0),
(1330, 0, 'Juan Manuel', 'Torres', NULL, 28, 3, '2', 0),
(1331, 0, 'José Luis', 'Palomino', NULL, 28, 2, '1', 0),
(1332, 0, 'Juan Pablo', 'Garat', NULL, 36, 2, '1', 0),
(1333, 0, 'Juan Miguel', 'Maldonado', NULL, 36, 3, '1', 0),
(1334, 0, 'Claudio Daniel', 'Pérez', NULL, 36, 2, '1', 0),
(1335, 0, 'Juan Manuel', 'Martínez', NULL, 27, 4, '2', 0),
(1336, 0, 'Hernán Rodrigo', 'López', NULL, 27, 4, '3', 0),
(1337, 0, 'Juan Pablo', 'Arancio', NULL, 27, 3, '1', 0),
(1338, 0, 'Facundo', 'Pérez Castro', NULL, 45, 3, '1', 0),
(1339, 0, 'Pablo', 'Villalba Fretes', NULL, 45, 4, '1', 0),
(1340, 0, 'Esteban', 'Dei Rossi', NULL, 44, 1, '1', 0),
(1341, 0, 'Mauro', 'Dos Santos', NULL, 43, 2, '1', 0),
(1342, 0, 'Claudio', 'Morel Rodríguez', NULL, 35, 2, '2', 0),
(1343, 0, 'Pablo', 'De Miranda', NULL, 34, 2, '1', 0),
(1344, 0, 'Iván', 'Moreno y Fabianesi', NULL, 34, 3, '2', 1),
(1345, 0, 'Jerónimo', 'Morales Neumann', NULL, 33, 4, '1', 1),
(1346, 0, 'Jadson', 'Viera Castro', NULL, 31, 2, '2', 0),
(1347, 0, 'Cristian', 'Sanchez Prette', NULL, 30, 3, '2', 0),
(1348, 0, 'David', 'Hernandez Valdez', NULL, 30, 4, '1', 0),
(1349, 0, 'Marcos', 'Brítez Ojeda', NULL, 38, 3, '1', 0),
(1350, 0, 'Jorge', 'De Olivera', NULL, 38, 1, '1', 1),
(1351, 0, 'Rogelio', 'Funes Mori', NULL, 29, 4, '1', 0),
(1352, 0, 'Adrián', 'De León', NULL, 37, 4, '1', 0),
(1353, 0, 'Cristian', 'Cuffaro Russo', NULL, 37, 2, '1', 0),
(1354, 0, 'José', 'San Román', NULL, 36, 2, '1', 0),
(1355, 0, 'Maureen', 'Franco', NULL, 42, 3, '1', 0);

-- --------------------------------------------------------

-- 
-- Estructura de tabla para la tabla `playermatch`
-- 

DROP TABLE IF EXISTS `playermatch`;
CREATE TABLE IF NOT EXISTS `playermatch` (
  `id` bigint(20) NOT NULL auto_increment,
  `version` bigint(20) NOT NULL default '0',
  `player` bigint(20) NOT NULL,
  `match_` bigint(20) NOT NULL,
  `totalPoints` double default NULL,
  `olePoints` double default NULL,
  `cleanGoal` tinyint(1) default NULL,
  `ownGoal` int(11) default NULL,
  `mom` tinyint(1) default NULL,
  `goals` int(11) default NULL,
  `penaltyGoals` int(11) default NULL,
  `freeKickGoals` int(11) default NULL,
  `missedPenalties` int(11) default NULL,
  `cachedPenalties` int(11) default NULL,
  `yellowCard` tinyint(1) default NULL,
  `redCard` tinyint(1) default NULL,
  PRIMARY KEY  (`id`),
  UNIQUE KEY `UK_PlayerMatch_player_match` (`player`,`match_`),
  KEY `FK_PlayerMatch_player` (`player`),
  KEY `FK_PlayerMatch_match` (`match_`)
) ENGINE=InnoDB DEFAULT CHARSET=latin1 AUTO_INCREMENT=1471 ;

-- 
-- Volcar la base de datos para la tabla `playermatch`
-- 


-- --------------------------------------------------------

-- 
-- Estructura de tabla para la tabla `playerposition`
-- 

DROP TABLE IF EXISTS `playerposition`;
CREATE TABLE IF NOT EXISTS `playerposition` (
  `id` bigint(20) NOT NULL auto_increment,
  `version` bigint(20) NOT NULL default '0',
  `name` varchar(255) NOT NULL,
  PRIMARY KEY  (`id`),
  UNIQUE KEY `UK_PlayerPosition_name` (`name`)
) ENGINE=InnoDB DEFAULT CHARSET=latin1 AUTO_INCREMENT=5 ;

-- 
-- Volcar la base de datos para la tabla `playerposition`
-- 

INSERT INTO `playerposition` (`id`, `version`, `name`) VALUES (1, 0, 'Arquero'),
(2, 0, 'Defensor'),
(3, 0, 'Volante'),
(4, 0, 'Delantero');

-- --------------------------------------------------------

-- 
-- Estructura de tabla para la tabla `playerteam`
-- 

DROP TABLE IF EXISTS `playerteam`;
CREATE TABLE IF NOT EXISTS `playerteam` (
  `id` bigint(20) NOT NULL auto_increment,
  `version` bigint(20) NOT NULL default '0',
  `player` bigint(20) NOT NULL,
  `team` bigint(20) NOT NULL,
  `isCaptain1` tinyint(1) default NULL,
  `isCaptain2` tinyint(1) default NULL,
  `isCaptain3` tinyint(1) default NULL,
  `isPrincipal` tinyint(1) default NULL,
  `isList` tinyint(1) default NULL,
  `isSubstitute` tinyint(1) default NULL,
  `number` int(11) default NULL,
  PRIMARY KEY  (`id`),
  UNIQUE KEY `UK_PlayerTeam_player_team` (`player`,`team`),
  KEY `FK_PlayerTeam_player` (`player`),
  KEY `FK_PlayerTeam_team` (`team`)
) ENGINE=InnoDB DEFAULT CHARSET=latin1 AUTO_INCREMENT=1719 ;

-- 
-- Volcar la base de datos para la tabla `playerteam`
-- 

INSERT INTO `playerteam` (`id`, `version`, `player`, `team`, `isCaptain1`, `isCaptain2`, `isCaptain3`, `isPrincipal`, `isList`, `isSubstitute`, `number`) VALUES (1226, 5, 1110, 60, 0, 0, 0, 1, 0, 0, 1),
(1227, 8, 1133, 60, 0, 0, 0, 0, 0, 1, 2),
(1229, 5, 951, 60, 0, 0, 0, 1, 0, 0, 4),
(1230, 7, 1200, 60, 0, 0, 0, 1, 0, 0, 5),
(1231, 5, 704, 60, 0, 0, 0, 1, 0, 0, 6),
(1233, 12, 850, 60, 0, 0, 0, 1, 0, 0, 7),
(1235, 2, 786, 60, 0, 0, 0, 0, 1, 0, 10),
(1241, 12, 1258, 60, 0, 0, 0, 0, 0, 1, 9),
(1243, 5, 1243, 60, 0, 0, 0, 0, 0, 1, 8),
(1245, 8, 953, 60, 0, 0, 0, 0, 1, 0, 32),
(1246, 2, 1290, 60, 0, 0, 0, 1, 0, 0, 21),
(1250, 11, 816, 60, 0, 0, 0, 1, 0, 0, 22),
(1253, 13, 863, 60, 0, 0, 0, 0, 0, 1, 24),
(1255, 9, 703, 60, 0, 0, 1, 1, 0, 0, 19),
(1257, 10, 1055, 60, 0, 1, 0, 1, 0, 0, 20),
(1264, 14, 804, 60, 0, 0, 0, 0, 0, 1, 23),
(1276, 17, 1238, 60, 0, 0, 0, 0, 0, 1, 51),
(1277, 2, 988, 60, 0, 0, 0, 0, 0, 1, 52),
(1278, 17, 1085, 60, 0, 0, 0, 0, 1, 0, 53),
(1288, 10, 1192, 60, 1, 0, 0, 1, 0, 0, 50),
(1292, 3, 1317, 60, 0, 0, 0, 1, 0, 0, 49),
(1295, 6, 980, 60, 0, 0, 0, 0, 1, 0, 54),
(1296, 3, 1251, 61, 0, 0, 0, 0, 1, 0, 22),
(1297, 2, 1350, 61, 0, 0, 0, 0, 0, 1, 2),
(1298, 2, 704, 61, 0, 0, 0, 1, 0, 0, 3),
(1299, 2, 786, 61, 0, 0, 0, 1, 0, 0, 4),
(1300, 2, 1164, 61, 0, 0, 0, 1, 0, 0, 5),
(1301, 2, 1032, 61, 0, 0, 0, 0, 0, 1, 6),
(1302, 2, 861, 61, 0, 0, 0, 0, 0, 1, 7),
(1303, 2, 816, 61, 0, 0, 0, 1, 0, 0, 8),
(1304, 2, 833, 61, 0, 0, 1, 1, 0, 0, 9),
(1305, 2, 1318, 61, 1, 0, 0, 1, 0, 0, 10),
(1306, 2, 1321, 61, 0, 1, 0, 1, 0, 0, 11),
(1307, 2, 791, 61, 0, 0, 0, 1, 0, 0, 12),
(1308, 2, 804, 61, 0, 0, 0, 0, 0, 1, 13),
(1310, 2, 751, 61, 0, 0, 0, 1, 0, 0, 15),
(1311, 2, 1046, 61, 0, 0, 0, 1, 0, 0, 16),
(1313, 2, 1204, 61, 0, 0, 0, 0, 0, 1, 18),
(1315, 3, 1055, 61, 0, 0, 0, 0, 0, 1, 20),
(1316, 2, 700, 61, 0, 0, 0, 0, 1, 0, 21),
(1317, 3, 1047, 61, 0, 0, 0, 1, 0, 0, 1),
(1319, 2, 1059, 59, 0, 0, 0, 1, 0, 0, 2),
(1321, 2, 889, 59, 0, 0, 0, 1, 0, 0, 4),
(1322, 2, 1040, 59, 0, 0, 0, 1, 0, 0, 5),
(1323, 2, 703, 59, 0, 1, 0, 1, 0, 0, 6),
(1324, 2, 1175, 59, 0, 0, 0, 1, 0, 0, 7),
(1325, 2, 791, 59, 0, 0, 0, 1, 0, 0, 8),
(1326, 2, 751, 59, 0, 0, 0, 1, 0, 0, 9),
(1327, 2, 1259, 59, 0, 0, 0, 1, 0, 0, 10),
(1328, 2, 1046, 59, 1, 0, 0, 1, 0, 0, 11),
(1330, 2, 878, 55, 0, 0, 1, 1, 0, 0, 1),
(1331, 2, 807, 64, 0, 0, 0, 1, 0, 0, 1),
(1332, 2, 1046, 64, 1, 0, 0, 1, 0, 0, 2),
(1333, 2, 929, 64, 0, 1, 0, 1, 0, 0, 3),
(1334, 2, 1055, 64, 0, 0, 0, 1, 0, 0, 4),
(1335, 2, 808, 64, 0, 0, 0, 1, 0, 0, 5),
(1336, 2, 910, 64, 0, 0, 1, 1, 0, 0, 6),
(1337, 2, 1299, 64, 0, 0, 0, 1, 0, 0, 7),
(1338, 2, 1298, 64, 0, 0, 0, 1, 0, 0, 8),
(1339, 2, 1242, 64, 0, 0, 0, 1, 0, 0, 9),
(1340, 2, 1230, 64, 0, 0, 0, 1, 0, 0, 10),
(1341, 2, 791, 64, 0, 0, 0, 0, 0, 1, 11),
(1342, 2, 1113, 64, 0, 0, 0, 0, 0, 1, 12),
(1343, 2, 1116, 64, 0, 0, 0, 0, 0, 1, 13),
(1344, 2, 914, 64, 0, 0, 0, 0, 0, 1, 14),
(1345, 2, 985, 64, 0, 0, 0, 0, 0, 1, 15),
(1346, 2, 986, 64, 0, 0, 0, 0, 0, 1, 16),
(1347, 2, 878, 64, 0, 0, 0, 1, 0, 0, 17),
(1348, 2, 819, 64, 0, 0, 0, 0, 0, 1, 18),
(1349, 2, 928, 64, 0, 0, 0, 0, 1, 0, 19),
(1350, 2, 936, 64, 0, 0, 0, 0, 1, 0, 20),
(1351, 2, 1143, 64, 0, 0, 0, 0, 1, 0, 21),
(1352, 2, 896, 64, 0, 0, 0, 0, 1, 0, 22),
(1353, 3, 1254, 58, 1, 0, 0, 1, 0, 0, 1),
(1354, 2, 1264, 58, 0, 0, 0, 0, 0, 1, 2),
(1355, 2, 1011, 58, 0, 0, 0, 1, 0, 0, 3),
(1356, 2, 1289, 58, 0, 0, 0, 1, 0, 0, 4),
(1357, 2, 889, 58, 0, 0, 0, 1, 0, 0, 5),
(1358, 6, 936, 58, 0, 0, 0, 1, 0, 0, 6),
(1360, 2, 984, 58, 0, 0, 0, 0, 0, 1, 8),
(1361, 2, 1040, 58, 0, 0, 0, 1, 0, 0, 9),
(1366, 3, 836, 58, 0, 0, 0, 1, 0, 0, 10),
(1367, 7, 1026, 58, 0, 0, 0, 0, 0, 1, 17),
(1368, 9, 1318, 58, 0, 0, 1, 1, 0, 0, 14),
(1369, 4, 915, 58, 0, 0, 0, 1, 0, 0, 13),
(1370, 3, 1127, 58, 0, 0, 0, 1, 0, 0, 18),
(1371, 3, 1204, 58, 0, 0, 0, 0, 0, 1, 20),
(1372, 6, 1046, 58, 0, 1, 0, 1, 0, 0, 19),
(1373, 2, 706, 58, 0, 0, 0, 0, 0, 1, 21),
(1374, 5, 880, 58, 0, 0, 0, 0, 0, 1, 22),
(1375, 1, 1200, 58, 0, 0, 0, 0, 1, 0, 22),
(1376, 4, 953, 58, 0, 0, 0, 0, 1, 0, 26),
(1377, 2, 751, 58, 0, 0, 0, 0, 1, 0, 24),
(1378, 0, 1251, 58, 0, 0, 0, 0, 1, 0, 25),
(1379, 2, 1047, 57, 0, 0, 0, 1, 0, 0, 1),
(1380, 2, 1242, 57, 0, 0, 0, 1, 0, 0, 2),
(1381, 2, 889, 57, 0, 0, 0, 1, 0, 0, 3),
(1382, 2, 1011, 57, 0, 0, 0, 1, 0, 0, 4),
(1383, 2, 791, 57, 0, 0, 0, 1, 0, 0, 5),
(1384, 2, 1291, 57, 0, 0, 1, 1, 0, 0, 6),
(1385, 2, 703, 57, 0, 0, 0, 1, 0, 0, 7),
(1386, 2, 1055, 57, 0, 0, 0, 1, 0, 0, 8),
(1387, 2, 803, 57, 0, 0, 0, 1, 0, 0, 9),
(1388, 2, 885, 57, 0, 1, 0, 1, 0, 0, 10),
(1389, 2, 1046, 57, 1, 0, 0, 1, 0, 0, 11),
(1390, 2, 1084, 57, 0, 0, 0, 0, 0, 1, 12),
(1391, 2, 718, 57, 0, 0, 0, 0, 0, 1, 13),
(1392, 2, 1305, 57, 0, 0, 0, 0, 1, 0, 14),
(1393, 2, 1171, 57, 0, 0, 0, 0, 0, 1, 15),
(1395, 1, 804, 58, 0, 0, 0, 0, 0, 1, 23),
(1396, 1, 1254, 56, 0, 0, 0, 1, 0, 0, 1),
(1397, 1, 1264, 56, 0, 0, 0, 0, 0, 1, 2),
(1398, 1, 1153, 56, 0, 0, 0, 1, 0, 0, 3),
(1399, 1, 850, 56, 0, 0, 0, 1, 0, 0, 4),
(1400, 1, 786, 56, 0, 0, 0, 1, 0, 0, 5),
(1401, 1, 889, 56, 0, 0, 0, 1, 0, 0, 6),
(1402, 1, 1175, 56, 0, 0, 0, 1, 0, 0, 7),
(1403, 1, 1128, 56, 0, 0, 0, 1, 0, 0, 8),
(1404, 2, 1026, 56, 0, 0, 1, 1, 0, 0, 9),
(1405, 1, 791, 56, 0, 0, 0, 1, 0, 0, 10),
(1406, 2, 1046, 56, 1, 0, 0, 1, 0, 0, 11),
(1407, 2, 1259, 56, 0, 1, 0, 1, 0, 0, 12),
(1408, 1, 751, 56, 0, 0, 0, 0, 0, 1, 13),
(1409, 1, 1017, 56, 0, 0, 0, 0, 0, 1, 14),
(1410, 1, 892, 56, 0, 0, 0, 0, 0, 1, 15),
(1411, 1, 1055, 56, 0, 0, 0, 0, 0, 1, 16),
(1412, 1, 799, 56, 0, 0, 0, 0, 0, 1, 17),
(1413, 1, 984, 56, 0, 0, 0, 0, 0, 1, 18),
(1414, 0, 980, 56, 0, 0, 0, 0, 1, 0, 19),
(1415, 0, 863, 56, 0, 0, 0, 0, 1, 0, 20),
(1416, 0, 1011, 56, 0, 0, 0, 0, 1, 0, 21),
(1417, 2, 878, 59, 0, 0, 1, 1, 0, 0, 12),
(1418, 1, 1299, 59, 0, 0, 0, 1, 0, 0, 13),
(1419, 1, 1200, 59, 0, 0, 0, 0, 0, 1, 14),
(1420, 0, 1204, 56, 0, 0, 0, 0, 1, 0, 22),
(1421, 1, 861, 59, 0, 0, 0, 0, 0, 1, 15),
(1422, 0, 704, 59, 0, 0, 0, 0, 1, 0, 16),
(1423, 1, 892, 59, 0, 0, 0, 0, 0, 1, 17),
(1424, 1, 982, 59, 0, 0, 0, 0, 0, 1, 18),
(1425, 0, 863, 59, 0, 0, 0, 0, 1, 0, 19),
(1426, 1, 1204, 59, 0, 0, 0, 0, 0, 1, 20),
(1427, 1, 764, 59, 0, 0, 0, 0, 0, 1, 21),
(1428, 0, 1238, 59, 0, 0, 0, 0, 1, 0, 22),
(1429, 1, 1350, 59, 0, 0, 0, 0, 0, 1, 23),
(1430, 0, 1110, 59, 0, 0, 0, 0, 1, 0, 24),
(1431, 1, 936, 55, 0, 0, 0, 1, 0, 0, 2),
(1432, 1, 1242, 55, 0, 0, 0, 1, 0, 0, 3),
(1433, 1, 889, 55, 0, 0, 0, 1, 0, 0, 4),
(1434, 2, 1321, 55, 1, 0, 0, 1, 0, 0, 5),
(1435, 2, 833, 55, 0, 1, 0, 1, 0, 0, 6),
(1436, 1, 892, 55, 0, 0, 0, 1, 0, 0, 7),
(1437, 1, 703, 55, 0, 0, 0, 1, 0, 0, 8),
(1438, 1, 791, 55, 0, 0, 0, 1, 0, 0, 9),
(1439, 1, 803, 55, 0, 0, 0, 1, 0, 0, 10),
(1440, 1, 1127, 55, 0, 0, 0, 1, 0, 0, 11),
(1441, 1, 759, 55, 0, 0, 0, 0, 0, 1, 12),
(1442, 1, 824, 55, 0, 0, 0, 0, 0, 1, 13),
(1443, 1, 775, 55, 0, 0, 0, 0, 0, 1, 14),
(1444, 1, 1055, 55, 0, 0, 0, 0, 0, 1, 15),
(1445, 1, 983, 55, 0, 0, 0, 0, 0, 1, 16),
(1446, 1, 751, 55, 0, 0, 0, 0, 0, 1, 17),
(1447, 1, 1046, 55, 0, 0, 0, 0, 0, 1, 18),
(1448, 0, 1259, 55, 0, 0, 0, 0, 1, 0, 19),
(1449, 0, 948, 55, 0, 0, 0, 0, 1, 0, 20),
(1450, 0, 1286, 55, 0, 0, 0, 0, 1, 0, 21),
(1451, 0, 836, 55, 0, 0, 0, 0, 1, 0, 22),
(1452, 1, 1305, 69, 0, 0, 0, 1, 0, 0, 1),
(1453, 3, 1284, 69, 0, 0, 0, 0, 0, 1, 3),
(1455, 5, 1165, 69, 0, 0, 0, 0, 0, 1, 8),
(1456, 1, 1299, 69, 0, 0, 0, 1, 0, 0, 5),
(1458, 4, 861, 69, 0, 0, 0, 0, 0, 1, 7),
(1460, 2, 786, 69, 0, 0, 0, 1, 0, 0, 6),
(1461, 2, 791, 69, 0, 1, 0, 1, 0, 0, 10),
(1462, 2, 1055, 69, 0, 0, 1, 1, 0, 0, 11),
(1466, 1, 984, 57, 0, 0, 0, 0, 0, 1, 16),
(1467, 0, 1243, 57, 0, 0, 0, 0, 1, 0, 17),
(1468, 1, 1167, 57, 0, 0, 0, 0, 0, 1, 18),
(1469, 0, 1347, 57, 0, 0, 0, 0, 1, 0, 19),
(1470, 1, 1303, 57, 0, 0, 0, 0, 0, 1, 20),
(1471, 1, 985, 57, 0, 0, 0, 0, 0, 1, 21),
(1472, 0, 967, 57, 0, 0, 0, 0, 1, 0, 22),
(1473, 1, 1243, 65, 0, 0, 0, 1, 0, 0, 4),
(1474, 1, 850, 65, 0, 0, 0, 1, 0, 0, 5),
(1475, 1, 1200, 65, 0, 0, 0, 1, 0, 0, 6),
(1476, 3, 1011, 65, 0, 0, 1, 1, 0, 0, 7),
(1477, 1, 889, 65, 0, 0, 0, 0, 0, 1, 8),
(1478, 1, 1169, 65, 0, 0, 0, 0, 0, 1, 9),
(1480, 3, 703, 65, 0, 1, 0, 1, 0, 0, 11),
(1481, 1, 1175, 65, 0, 0, 0, 1, 0, 0, 12),
(1482, 1, 892, 65, 0, 0, 0, 1, 0, 0, 13),
(1483, 1, 1055, 65, 0, 0, 0, 1, 0, 0, 14),
(1484, 2, 1026, 65, 0, 0, 0, 1, 0, 0, 15),
(1485, 1, 1060, 65, 0, 0, 0, 0, 0, 1, 16),
(1487, 1, 1046, 65, 1, 0, 0, 1, 0, 0, 18),
(1488, 1, 1344, 65, 0, 0, 0, 0, 0, 1, 19),
(1490, 0, 1206, 65, 0, 0, 0, 0, 1, 0, 20),
(1491, 1, 865, 65, 0, 0, 0, 0, 0, 1, 21),
(1492, 1, 1345, 65, 0, 0, 0, 0, 0, 1, 22),
(1493, 0, 706, 65, 0, 0, 0, 0, 1, 0, 23),
(1499, 0, 1294, 65, 0, 0, 0, 0, 1, 0, 27),
(1500, 1, 932, 65, 0, 0, 0, 1, 0, 0, 28),
(1501, 1, 819, 65, 0, 0, 0, 0, 0, 1, 29),
(1502, 0, 1284, 65, 0, 0, 0, 0, 1, 0, 30),
(1503, 2, 889, 69, 0, 0, 0, 0, 1, 0, 12),
(1504, 1, 1200, 69, 0, 0, 0, 1, 0, 0, 4),
(1505, 1, 804, 69, 0, 0, 0, 1, 0, 0, 14),
(1506, 2, 1146, 69, 1, 0, 0, 1, 0, 0, 15),
(1507, 5, 1143, 69, 0, 0, 0, 0, 0, 1, 24),
(1508, 5, 832, 69, 0, 0, 0, 0, 1, 0, 26),
(1510, 4, 1040, 69, 0, 0, 0, 0, 0, 1, 22),
(1511, 2, 703, 69, 0, 0, 0, 1, 0, 0, 19),
(1512, 2, 751, 69, 0, 0, 0, 1, 0, 0, 17),
(1513, 2, 818, 69, 0, 0, 0, 0, 0, 1, 20),
(1514, 0, 1184, 69, 0, 0, 0, 0, 1, 0, 23),
(1515, 3, 1318, 62, 0, 0, 0, 1, 0, 0, 1),
(1516, 2, 1321, 62, 1, 0, 0, 1, 0, 0, 2),
(1517, 2, 817, 62, 0, 1, 0, 1, 0, 0, 3),
(1518, 1, 878, 62, 0, 0, 0, 1, 0, 0, 4),
(1519, 1, 1200, 62, 0, 0, 0, 1, 0, 0, 5),
(1520, 1, 1289, 62, 0, 0, 0, 1, 0, 0, 6),
(1521, 1, 889, 62, 0, 0, 0, 1, 0, 0, 7),
(1522, 1, 1210, 69, 0, 0, 0, 0, 0, 1, 21),
(1523, 2, 703, 62, 0, 0, 1, 1, 0, 0, 8),
(1524, 1, 1055, 62, 0, 0, 0, 1, 0, 0, 9),
(1525, 1, 1046, 62, 0, 0, 0, 1, 0, 0, 10),
(1526, 1, 791, 62, 0, 0, 0, 1, 0, 0, 11),
(1527, 1, 787, 62, 0, 0, 0, 0, 0, 1, 12),
(1528, 1, 984, 62, 0, 0, 0, 0, 0, 1, 13),
(1529, 1, 953, 62, 0, 0, 0, 0, 0, 1, 14),
(1530, 1, 892, 62, 0, 0, 0, 0, 0, 1, 15),
(1531, 1, 751, 62, 0, 0, 0, 0, 0, 1, 16),
(1532, 1, 706, 62, 0, 0, 0, 0, 0, 1, 17),
(1533, 1, 1350, 62, 0, 0, 0, 0, 0, 1, 18),
(1534, 0, 1047, 62, 0, 0, 0, 0, 1, 0, 19),
(1535, 0, 1011, 62, 0, 0, 0, 0, 1, 0, 20),
(1536, 0, 1175, 62, 0, 0, 0, 0, 1, 0, 21),
(1537, 0, 803, 62, 0, 0, 0, 0, 1, 0, 22),
(1539, 2, 833, 53, 0, 0, 0, 0, 0, 1, 32),
(1540, 1, 1291, 53, 0, 0, 0, 1, 0, 0, 3),
(1541, 2, 1318, 53, 1, 0, 0, 1, 0, 0, 4),
(1548, 2, 1110, 53, 0, 0, 0, 1, 0, 0, 9),
(1549, 0, 878, 53, 0, 0, 0, 0, 1, 0, 12),
(1552, 3, 700, 53, 0, 0, 0, 0, 0, 1, 18),
(1554, 2, 1286, 53, 0, 0, 0, 1, 0, 0, 17),
(1555, 2, 889, 53, 0, 0, 0, 1, 0, 0, 15),
(1556, 1, 1203, 53, 0, 0, 0, 0, 0, 1, 19),
(1561, 1, 975, 61, 0, 0, 0, 0, 0, 1, 23),
(1562, 0, 1146, 61, 0, 0, 0, 0, 1, 0, 24),
(1563, 0, 892, 61, 0, 0, 0, 0, 1, 0, 25),
(1564, 0, 1047, 69, 0, 0, 0, 0, 1, 0, 25),
(1565, 1, 1046, 69, 0, 0, 0, 1, 0, 0, 18),
(1566, 3, 1301, 53, 0, 0, 0, 0, 1, 0, 36),
(1567, 2, 1146, 53, 0, 0, 0, 1, 0, 0, 25),
(1568, 2, 1259, 53, 0, 0, 0, 1, 0, 0, 26),
(1569, 3, 1046, 53, 0, 1, 0, 1, 0, 0, 24),
(1571, 1, 706, 53, 0, 0, 0, 0, 0, 1, 29),
(1573, 2, 703, 53, 0, 0, 1, 1, 0, 0, 31),
(1575, 2, 804, 53, 0, 0, 0, 0, 1, 0, 34),
(1576, 1, 758, 53, 0, 0, 0, 0, 0, 1, 33),
(1578, 1, 751, 53, 0, 0, 0, 0, 0, 1, 27),
(1580, 2, 791, 53, 0, 0, 0, 1, 0, 0, 2),
(1581, 1, 1350, 53, 0, 0, 0, 0, 0, 1, 11),
(1582, 0, 951, 53, 0, 0, 0, 0, 1, 0, 40),
(1583, 1, 984, 53, 0, 0, 0, 1, 0, 0, 13),
(1584, 1, 980, 71, 0, 0, 0, 1, 0, 0, 1),
(1585, 1, 704, 71, 0, 0, 0, 1, 0, 0, 2),
(1586, 2, 850, 71, 0, 0, 1, 1, 0, 0, 3),
(1587, 1, 1171, 71, 0, 0, 0, 1, 0, 0, 4),
(1588, 1, 786, 71, 0, 0, 0, 1, 0, 0, 5),
(1589, 1, 816, 71, 0, 0, 0, 1, 0, 0, 6),
(1590, 1, 966, 71, 0, 0, 0, 1, 0, 0, 7),
(1591, 2, 791, 71, 1, 0, 0, 1, 0, 0, 8),
(1592, 1, 1299, 71, 0, 0, 0, 1, 0, 0, 9),
(1593, 1, 1085, 71, 0, 0, 0, 1, 0, 0, 10),
(1594, 2, 1046, 71, 0, 1, 0, 1, 0, 0, 11),
(1595, 1, 1006, 71, 0, 0, 0, 0, 0, 1, 12),
(1596, 1, 923, 71, 0, 0, 0, 0, 0, 1, 13),
(1597, 1, 703, 71, 0, 0, 0, 0, 0, 1, 14),
(1598, 1, 804, 71, 0, 0, 0, 0, 0, 1, 15),
(1599, 1, 951, 71, 0, 0, 0, 0, 0, 1, 16),
(1600, 0, 819, 71, 0, 0, 0, 0, 1, 0, 17),
(1601, 0, 758, 71, 0, 0, 0, 0, 1, 0, 18),
(1602, 1, 975, 71, 0, 0, 0, 0, 0, 1, 19),
(1603, 1, 1267, 71, 0, 0, 0, 0, 0, 1, 20),
(1604, 0, 886, 71, 0, 0, 0, 0, 1, 0, 21),
(1605, 0, 824, 71, 0, 0, 0, 0, 1, 0, 22),
(1606, 1, 878, 63, 0, 0, 0, 1, 0, 0, 1),
(1607, 2, 1168, 63, 0, 0, 0, 0, 1, 0, 3),
(1608, 1, 1076, 63, 0, 0, 0, 0, 0, 1, 2),
(1609, 1, 704, 63, 0, 0, 0, 1, 0, 0, 4),
(1610, 1, 850, 63, 0, 0, 0, 1, 0, 0, 5),
(1611, 1, 1059, 63, 0, 0, 0, 1, 0, 0, 6),
(1612, 2, 984, 63, 0, 0, 0, 0, 0, 1, 7),
(1613, 1, 1294, 63, 0, 0, 0, 0, 0, 1, 8),
(1614, 0, 1079, 63, 0, 0, 0, 0, 1, 0, 9),
(1615, 2, 1119, 63, 0, 1, 0, 1, 0, 0, 10),
(1616, 2, 833, 63, 0, 0, 1, 1, 0, 0, 11),
(1617, 1, 1313, 63, 0, 0, 0, 1, 0, 0, 12),
(1618, 1, 791, 63, 0, 0, 0, 1, 0, 0, 13),
(1619, 1, 1026, 63, 0, 0, 0, 0, 0, 1, 14),
(1620, 1, 892, 63, 0, 0, 0, 0, 0, 1, 15),
(1621, 0, 703, 63, 0, 0, 0, 0, 1, 0, 16),
(1622, 2, 894, 63, 1, 0, 0, 1, 0, 0, 17),
(1623, 1, 1146, 63, 0, 0, 0, 1, 0, 0, 18),
(1624, 1, 751, 63, 0, 0, 0, 1, 0, 0, 19),
(1625, 1, 1238, 63, 0, 0, 0, 0, 0, 1, 20),
(1626, 1, 1317, 63, 0, 0, 0, 0, 0, 1, 21),
(1628, 1, 1047, 66, 0, 0, 0, 1, 0, 0, 1),
(1629, 1, 1350, 66, 0, 0, 0, 0, 0, 1, 2),
(1630, 0, 948, 66, 0, 0, 0, 0, 1, 0, 3),
(1631, 1, 1059, 66, 0, 0, 0, 1, 0, 0, 4),
(1632, 1, 1164, 66, 0, 0, 0, 1, 0, 0, 5),
(1633, 1, 1243, 66, 0, 0, 0, 1, 0, 0, 6),
(1634, 1, 1171, 66, 0, 0, 0, 0, 0, 1, 7),
(1635, 1, 1190, 66, 0, 0, 0, 0, 0, 1, 8),
(1636, 0, 950, 66, 0, 0, 0, 0, 1, 0, 9),
(1637, 1, 833, 66, 0, 0, 0, 1, 0, 0, 10),
(1638, 2, 1318, 66, 0, 1, 0, 1, 0, 0, 11),
(1639, 2, 1186, 66, 0, 0, 1, 1, 0, 0, 12),
(1640, 1, 1205, 66, 0, 0, 0, 1, 0, 0, 13),
(1641, 1, 1320, 66, 0, 0, 0, 0, 0, 1, 14),
(1643, 2, 817, 66, 1, 0, 0, 1, 0, 0, 16),
(1644, 1, 1238, 66, 0, 0, 0, 1, 0, 0, 17),
(1645, 1, 751, 66, 0, 0, 0, 1, 0, 0, 18),
(1646, 1, 975, 66, 0, 0, 0, 0, 0, 1, 19),
(1648, 2, 1125, 66, 0, 0, 0, 0, 1, 0, 24),
(1649, 2, 1344, 66, 0, 0, 0, 0, 1, 0, 23),
(1650, 1, 982, 66, 0, 0, 0, 0, 0, 1, 22),
(1651, 1, 1317, 66, 0, 0, 0, 0, 0, 1, 21),
(1652, 1, 1168, 52, 0, 0, 0, 1, 0, 0, 1),
(1653, 1, 1254, 52, 0, 0, 0, 0, 0, 1, 2),
(1654, 1, 850, 52, 0, 0, 0, 1, 0, 0, 3),
(1655, 1, 1153, 52, 0, 0, 0, 1, 0, 0, 4),
(1656, 1, 701, 52, 0, 0, 0, 1, 0, 0, 5),
(1657, 1, 1165, 52, 0, 0, 0, 0, 0, 1, 6),
(1658, 1, 1231, 52, 0, 0, 0, 0, 0, 1, 7),
(1659, 1, 836, 52, 0, 0, 0, 1, 0, 0, 8),
(1660, 1, 1313, 52, 0, 0, 0, 1, 0, 0, 9),
(1661, 2, 1026, 52, 0, 0, 1, 1, 0, 0, 10),
(1662, 1, 707, 52, 0, 0, 0, 1, 0, 0, 11),
(1663, 1, 956, 52, 0, 0, 0, 0, 0, 1, 12),
(1664, 1, 1177, 52, 0, 0, 0, 0, 0, 1, 13),
(1665, 2, 1149, 52, 0, 1, 0, 1, 0, 0, 14),
(1666, 2, 1052, 52, 1, 0, 0, 1, 0, 0, 15),
(1667, 1, 1249, 52, 0, 0, 0, 1, 0, 0, 16),
(1668, 1, 865, 52, 0, 0, 0, 0, 0, 1, 17),
(1669, 0, 819, 52, 0, 0, 0, 0, 1, 0, 18),
(1670, 0, 951, 52, 0, 0, 0, 0, 1, 0, 19),
(1671, 0, 1040, 52, 0, 0, 0, 0, 1, 0, 20),
(1672, 3, 1181, 52, 0, 0, 0, 0, 0, 1, 21),
(1673, 2, 1046, 52, 0, 0, 0, 0, 1, 0, 22),
(1674, 0, 832, 63, 0, 0, 0, 0, 1, 0, 22),
(1675, 3, 1047, 70, 0, 0, 0, 1, 0, 0, 1),
(1676, 1, 1055, 70, 0, 0, 0, 1, 0, 0, 2),
(1677, 1, 1046, 70, 1, 0, 0, 1, 0, 0, 3),
(1678, 4, 700, 70, 1, 0, 0, 1, 0, 0, 4),
(1679, 1, 707, 70, 0, 1, 0, 1, 0, 0, 5),
(1680, 1, 865, 70, 0, 0, 0, 1, 0, 0, 6),
(1681, 4, 1242, 70, 0, 1, 0, 1, 0, 0, 7),
(1682, 2, 889, 70, 0, 0, 1, 1, 0, 0, 8),
(1683, 1, 791, 70, 0, 0, 0, 1, 0, 0, 9),
(1684, 1, 1128, 70, 0, 0, 0, 1, 0, 0, 10),
(1685, 1, 1026, 70, 0, 0, 0, 1, 0, 0, 11),
(1686, 1, 819, 70, 0, 0, 0, 0, 0, 1, 12),
(1687, 1, 991, 70, 0, 0, 0, 0, 0, 1, 13),
(1688, 1, 863, 70, 0, 0, 0, 0, 0, 1, 14),
(1689, 1, 854, 70, 0, 0, 0, 0, 0, 1, 15),
(1690, 1, 962, 70, 0, 0, 0, 0, 0, 1, 16),
(1691, 1, 706, 70, 0, 0, 0, 0, 0, 1, 17),
(1692, 1, 1143, 70, 0, 0, 0, 0, 0, 1, 18),
(1693, 2, 1110, 70, 0, 0, 0, 0, 1, 0, 19),
(1694, 2, 951, 70, 0, 0, 0, 0, 1, 0, 20),
(1695, 2, 916, 70, 0, 0, 0, 0, 1, 0, 21),
(1696, 0, 803, 70, 0, 0, 0, 0, 1, 0, 22),
(1697, 2, 785, 54, 0, 1, 0, 1, 0, 0, 1),
(1698, 1, 791, 54, 0, 0, 0, 1, 0, 0, 2),
(1699, 1, 1200, 54, 0, 0, 0, 1, 0, 0, 3),
(1700, 1, 889, 54, 0, 0, 0, 1, 0, 0, 4),
(1701, 1, 892, 54, 0, 0, 0, 1, 0, 0, 5),
(1702, 1, 1324, 54, 0, 0, 0, 1, 0, 0, 6),
(1703, 2, 1127, 54, 0, 0, 1, 1, 0, 0, 7),
(1704, 1, 703, 54, 0, 0, 0, 1, 0, 0, 8),
(1705, 1, 1290, 54, 0, 0, 0, 1, 0, 0, 9),
(1706, 3, 1055, 54, 1, 0, 0, 1, 0, 0, 10),
(1707, 1, 1046, 54, 0, 0, 0, 1, 0, 0, 11),
(1708, 1, 1076, 54, 0, 0, 0, 0, 0, 1, 12),
(1709, 1, 850, 54, 0, 0, 0, 0, 0, 1, 13),
(1710, 1, 863, 54, 0, 0, 0, 0, 0, 1, 14),
(1711, 1, 1255, 54, 0, 0, 0, 0, 0, 1, 15),
(1712, 1, 1320, 54, 0, 0, 0, 0, 0, 1, 16),
(1713, 1, 706, 54, 0, 0, 0, 0, 0, 1, 17),
(1714, 1, 751, 54, 0, 0, 0, 0, 0, 1, 18),
(1715, 0, 1254, 54, 0, 0, 0, 0, 1, 0, 19),
(1716, 0, 1169, 54, 0, 0, 0, 0, 1, 0, 20),
(1717, 0, 916, 54, 0, 0, 0, 0, 1, 0, 21),
(1718, 0, 1204, 54, 0, 0, 0, 0, 1, 0, 22);

-- --------------------------------------------------------

-- 
-- Estructura de tabla para la tabla `playerteamweek`
-- 

DROP TABLE IF EXISTS `playerteamweek`;
CREATE TABLE IF NOT EXISTS `playerteamweek` (
  `id` bigint(20) NOT NULL auto_increment,
  `version` bigint(20) NOT NULL default '0',
  `playerteam` bigint(20) NOT NULL,
  `week` bigint(20) NOT NULL,
  `plays` tinyint(1) default NULL,
  `points` double default NULL,
  PRIMARY KEY  (`id`),
  UNIQUE KEY `UK_PlayerTeamWeek_playerteam_week` (`playerteam`,`week`),
  KEY `FK_PlayerTeamWeek_playerteam` (`playerteam`),
  KEY `FK_PlayerTeamWeek_week` (`week`)
) ENGINE=InnoDB DEFAULT CHARSET=latin1 AUTO_INCREMENT=1 ;

-- 
-- Volcar la base de datos para la tabla `playerteamweek`
-- 


-- --------------------------------------------------------

-- 
-- Estructura de tabla para la tabla `playerweek`
-- 

DROP TABLE IF EXISTS `playerweek`;
CREATE TABLE IF NOT EXISTS `playerweek` (
  `id` bigint(20) NOT NULL auto_increment,
  `version` bigint(20) NOT NULL default '0',
  `player` bigint(20) NOT NULL,
  `week` bigint(20) NOT NULL,
  `totalPoints` double default NULL,
  `olePoints` double default NULL,
  `cleanGoal` tinyint(1) default NULL,
  `ownGoal` int(11) default NULL,
  `mom` tinyint(1) default NULL,
  `goals` int(11) default NULL,
  `penaltyGoals` int(11) default NULL,
  `freeKickGoals` int(11) default NULL,
  `missedPenalties` int(11) default NULL,
  `cachedPenalties` int(11) default NULL,
  `yellowCard` tinyint(1) default NULL,
  `redCard` tinyint(1) default NULL,
  PRIMARY KEY  (`id`),
  UNIQUE KEY `UK_PlayerWeek_player_week` (`player`,`week`),
  KEY `FK_PlayerWeek_player` (`player`),
  KEY `FK_PlayerWeek_week` (`week`)
) ENGINE=InnoDB DEFAULT CHARSET=latin1 AUTO_INCREMENT=1 ;

-- 
-- Volcar la base de datos para la tabla `playerweek`
-- 


-- --------------------------------------------------------

-- 
-- Estructura de tabla para la tabla `positionteamweek`
-- 

DROP TABLE IF EXISTS `positionteamweek`;
CREATE TABLE IF NOT EXISTS `positionteamweek` (
  `id` bigint(20) NOT NULL auto_increment,
  `version` bigint(20) NOT NULL default '0',
  `team` bigint(20) NOT NULL,
  `week` bigint(20) NOT NULL,
  `category` bigint(20) default NULL,
  `position` int(11) default NULL,
  `points` double default NULL,
  `weekPoints` double default NULL,
  PRIMARY KEY  (`id`),
  UNIQUE KEY `UK_PositionTeamWeek_team_week` (`team`,`week`),
  KEY `FK_PositionTeamWeek_team` (`team`),
  KEY `FK_PositionTeamWeek_week` (`week`),
  KEY `FK_PositionTeamWeek_category` (`category`)
) ENGINE=InnoDB DEFAULT CHARSET=latin1 AUTO_INCREMENT=1576 ;

-- 
-- Volcar la base de datos para la tabla `positionteamweek`
-- 


-- --------------------------------------------------------

-- 
-- Estructura de tabla para la tabla `team`
-- 

DROP TABLE IF EXISTS `team`;
CREATE TABLE IF NOT EXISTS `team` (
  `id` bigint(20) NOT NULL auto_increment,
  `version` bigint(20) NOT NULL default '0',
  `name` varchar(255) NOT NULL,
  `user` bigint(20) NOT NULL,
  `category` bigint(20) NOT NULL,
  `isClosed` tinyint(1) NOT NULL,
  `tactic` varchar(255) default NULL,
  PRIMARY KEY  (`id`),
  UNIQUE KEY `UK_Team_name` (`name`),
  KEY `FK_Team_user` (`user`),
  KEY `FK_Team_category` (`category`)
) ENGINE=InnoDB DEFAULT CHARSET=latin1 AUTO_INCREMENT=72 ;

-- 
-- Volcar la base de datos para la tabla `team`
-- 

INSERT INTO `team` (`id`, `version`, `name`, `user`, `category`, `isClosed`, `tactic`) VALUES (52, 2, 'Botox', 52, 1, 1, '3-4-3'),
(53, 2, 'HRG F.C.', 53, 1, 1, '3-4-3'),
(54, 2, 'Viejita Stone', 54, 1, 1, '3-5-2'),
(55, 2, 'TRES', 55, 1, 1, '3-5-2'),
(56, 1, '15 de Octubre', 56, 2, 1, '4-4-2'),
(57, 2, 'Red Bull', 57, 1, 1, '3-4-3'),
(58, 7, 'Capussoto F.C.', 58, 1, 1, '4-4-2'),
(59, 2, 'QEE', 59, 2, 1, '3-4-3'),
(60, 50, 'GELP WareTech', 60, 2, 1, '4-4-2'),
(61, 2, 'Chapita de Cerveza Fóbal Clus', 61, 1, 1, '3-5-2'),
(62, 2, 'Los Super Ratones', 62, 1, 1, '3-5-2'),
(63, 2, 'La Bandita', 63, 1, 1, '3-4-3'),
(64, 3, 'Magia Negra', 64, 2, 1, '4-4-2'),
(65, 4, 'A.C. DECANO', 65, 2, 1, '4-5-1'),
(66, 2, 'La Filial', 66, 1, 1, '3-4-3'),
(67, 0, 'Hidrocarburo', 67, 2, 0, '4-4-2'),
(68, 1, 'FASA 13', 68, 2, 0, '4-4-2'),
(69, 4, 'ULTIMO RECURSO', 69, 2, 1, '3-4-3'),
(70, 3, 'Dep. A Lunares', 70, 2, 1, '3-5-2'),
(71, 4, 'Los Golosos', 71, 2, 1, '5-3-2');

-- --------------------------------------------------------

-- 
-- Estructura de tabla para la tabla `user`
-- 

DROP TABLE IF EXISTS `user`;
CREATE TABLE IF NOT EXISTS `user` (
  `id` bigint(20) NOT NULL auto_increment,
  `version` bigint(20) NOT NULL default '0',
  `firstname` varchar(255) NOT NULL,
  `lastname` varchar(255) NOT NULL,
  `username` varchar(255) NOT NULL,
  `password` varchar(255) NOT NULL,
  `email` varchar(255) NOT NULL,
  PRIMARY KEY  (`id`),
  UNIQUE KEY `UK_User_username` (`username`),
  UNIQUE KEY `UK_User_firstname_lastname` (`firstname`,`lastname`)
) ENGINE=InnoDB DEFAULT CHARSET=latin1 AUTO_INCREMENT=73 ;

-- 
-- Volcar la base de datos para la tabla `user`
-- 

INSERT INTO `user` (`id`, `version`, `firstname`, `lastname`, `username`, `password`, `email`) VALUES (1, 2, 'prueba', 'prueba', 'prueba', 'R3JhbkRU', 'grandt@waretech.com.ar'),
(52, 2, 'Ricardo', 'Berl', 'Pela', 'cGVsYQ==', 'rickyberl@hotmail.com'),
(53, 4, 'Leandro', 'Soncini', 'Chochi', 'Y2hvY2hp', 'leandrosoncini@hotmail.com'),
(54, 2, 'Francisco', 'Tabellione', 'Tabe', 'anVuaW9y', 'ftabe76@hotmail.com'),
(55, 2, 'Esteban', 'Sabbione', 'Tete', 'dGV0ZQ==', 'tetesabbione@hotmail.com'),
(56, 2, 'Tomas', 'Condorelli', 'Tommy', 'YmFzYW50YQ==', 'tonyvelamazan@hotmail.com'),
(57, 4, 'Martin', 'Aristia', 'Martin', 'bWFydGlu', 'm.aristia@gmail.com'),
(58, 2, 'Franco', 'Condorelli', 'Catalano', 'Y2F0YWxhbm8=', 'cachosaccardi@hotmail.com'),
(59, 3, 'Nicolas', 'Condorelli', 'Coco', 'Y29jbw==', 'ncondorelli@exiros.com'),
(60, 13, 'Augusto', 'Soncini', 'Augusto', 'YXVndXN0bw==', 'augustosoncini@hotmail.com'),
(61, 3, 'Matias', 'Condorelli', 'Pepi', 'UGVwaQ==', 'maticondorelli@gmail.com'),
(62, 2, 'Mauro', 'Pennacchioni', 'Rata', 'cmF0YQ==', 'mpennach@gmail.com'),
(63, 1, 'Emilio', 'Tabellione', 'Emi', 'RW1p', 'etabe114@hotmail.com'),
(64, 3, 'Andres', 'Garci­a Olivares', 'Negro', 'bmVncm8=', 'a_garciaolivares@hotmail.com'),
(65, 3, 'Guillermo', 'Vallina', 'Guillote', 'MTI2NjUw', 'gdvallina@fibertel.com.ar'),
(66, 3, 'Mauro', 'Di Benni', 'Papucho', 'Y29xdWlhcmdlbnRv', 'patodb@hotmail.com'),
(67, 2, 'Adriano', 'Mucelli', 'Tano', 'dGFubw==', 'amucelli@kpmg.com.ar'),
(68, 3, 'Fabian', 'Sabbione', 'Cunado', 'Y3VuYWRv', 'fabiansabbione@hotmail.com'),
(69, 2, 'Sebastian', 'Fiori', 'Chocho', 'Y2hvY2hv', 'fioriseba@hotmail.com'),
(70, 3, 'Ignacio', 'Soncini', 'Iki', 'Z2F5', 'ikisoncini@hotmail.com'),
(71, 2, 'Gaston', 'Messineo', 'Vivi', 'dml2aQ==', 'gastonmessineo@hotmail.com'),
(72, 2, 'Luciano', 'Mucelli', 'Luchi', 'bHVjaGk=', 'luciano.mucelli@gmail.com');

-- --------------------------------------------------------

-- 
-- Estructura de tabla para la tabla `useraccess`
-- 

DROP TABLE IF EXISTS `useraccess`;
CREATE TABLE IF NOT EXISTS `useraccess` (
  `id` bigint(20) NOT NULL auto_increment,
  `version` bigint(20) NOT NULL default '0',
  `user` bigint(20) NOT NULL,
  `access` bigint(20) NOT NULL,
  PRIMARY KEY  (`id`),
  KEY `FK_UserAccess_user` (`user`),
  KEY `FK_UserAccess_access` (`access`)
) ENGINE=InnoDB DEFAULT CHARSET=latin1 AUTO_INCREMENT=100 ;

-- 
-- Volcar la base de datos para la tabla `useraccess`
-- 

INSERT INTO `useraccess` (`id`, `version`, `user`, `access`) VALUES (1, 0, 60, 1),
(2, 0, 60, 2),
(3, 0, 60, 3),
(4, 0, 60, 13),
(5, 0, 60, 14),
(34, 0, 62, 1),
(35, 0, 62, 2),
(36, 0, 62, 13),
(37, 0, 53, 1),
(38, 0, 53, 2),
(39, 0, 53, 13),
(40, 0, 59, 1),
(41, 0, 59, 2),
(42, 0, 59, 13),
(88, 0, 65, 1),
(89, 0, 65, 2),
(90, 0, 65, 3),
(91, 0, 65, 13),
(92, 0, 65, 14),
(93, 0, 60, 15),
(94, 0, 60, 16),
(95, 0, 60, 17),
(96, 0, 59, 15),
(97, 0, 59, 16),
(98, 0, 62, 15),
(99, 0, 62, 16);

-- --------------------------------------------------------

-- 
-- Estructura de tabla para la tabla `week`
-- 

DROP TABLE IF EXISTS `week`;
CREATE TABLE IF NOT EXISTS `week` (
  `id` bigint(20) NOT NULL auto_increment,
  `version` bigint(20) NOT NULL default '0',
  `number` int(11) NOT NULL,
  PRIMARY KEY  (`id`),
  UNIQUE KEY `UK_Week_number` (`number`)
) ENGINE=InnoDB DEFAULT CHARSET=latin1 AUTO_INCREMENT=20 ;

-- 
-- Volcar la base de datos para la tabla `week`
-- 

INSERT INTO `week` (`id`, `version`, `number`) VALUES (5, 0, 5),
(6, 0, 6),
(7, 0, 7),
(8, 0, 8),
(9, 0, 9),
(10, 0, 10),
(11, 0, 11),
(12, 0, 12),
(13, 0, 13),
(14, 0, 14),
(15, 0, 15),
(16, 0, 16),
(17, 0, 17),
(18, 0, 18),
(19, 0, 19);

-- 
-- Filtros para las tablas descargadas (dump)
-- 

-- 
-- Filtros para la tabla `match_`
-- 
ALTER TABLE `match_`
  ADD CONSTRAINT `FK_Match_awayClub` FOREIGN KEY (`awayClub`) REFERENCES `club` (`id`),
  ADD CONSTRAINT `FK_Match_homeClub` FOREIGN KEY (`homeClub`) REFERENCES `club` (`id`),
  ADD CONSTRAINT `FK_Match_week` FOREIGN KEY (`week`) REFERENCES `week` (`id`);

-- 
-- Filtros para la tabla `player`
-- 
ALTER TABLE `player`
  ADD CONSTRAINT `FK_Player_club` FOREIGN KEY (`club`) REFERENCES `club` (`id`),
  ADD CONSTRAINT `FK_Player_position` FOREIGN KEY (`position`) REFERENCES `playerposition` (`id`);

-- 
-- Filtros para la tabla `playermatch`
-- 
ALTER TABLE `playermatch`
  ADD CONSTRAINT `FK_PlayerMatch_match` FOREIGN KEY (`match_`) REFERENCES `match_` (`id`),
  ADD CONSTRAINT `FK_PlayerMatch_player` FOREIGN KEY (`player`) REFERENCES `player` (`id`);

-- 
-- Filtros para la tabla `playerteam`
-- 
ALTER TABLE `playerteam`
  ADD CONSTRAINT `FK_PlayerTeam_player` FOREIGN KEY (`player`) REFERENCES `player` (`id`),
  ADD CONSTRAINT `FK_PlayerTeam_team` FOREIGN KEY (`team`) REFERENCES `team` (`id`);

-- 
-- Filtros para la tabla `playerteamweek`
-- 
ALTER TABLE `playerteamweek`
  ADD CONSTRAINT `FK_PlayerTeamWeek_playerteam` FOREIGN KEY (`playerteam`) REFERENCES `playerteam` (`id`),
  ADD CONSTRAINT `FK_PlayerTeamWeek_week` FOREIGN KEY (`week`) REFERENCES `week` (`id`);

-- 
-- Filtros para la tabla `playerweek`
-- 
ALTER TABLE `playerweek`
  ADD CONSTRAINT `FK_PlayerWeek_player` FOREIGN KEY (`player`) REFERENCES `player` (`id`),
  ADD CONSTRAINT `FK_PlayerWeek_week` FOREIGN KEY (`week`) REFERENCES `week` (`id`);

-- 
-- Filtros para la tabla `positionteamweek`
-- 
ALTER TABLE `positionteamweek`
  ADD CONSTRAINT `FK_PositionTeamWeek_category` FOREIGN KEY (`category`) REFERENCES `category` (`id`),
  ADD CONSTRAINT `FK_PositionTeamWeek_team` FOREIGN KEY (`team`) REFERENCES `team` (`id`),
  ADD CONSTRAINT `FK_PositionTeamWeek_week` FOREIGN KEY (`week`) REFERENCES `week` (`id`);

-- 
-- Filtros para la tabla `team`
-- 
ALTER TABLE `team`
  ADD CONSTRAINT `FK_Team_category` FOREIGN KEY (`category`) REFERENCES `category` (`id`),
  ADD CONSTRAINT `FK_Team_user` FOREIGN KEY (`user`) REFERENCES `user` (`id`);

-- 
-- Filtros para la tabla `useraccess`
-- 
ALTER TABLE `useraccess`
  ADD CONSTRAINT `FK_UserAccess_access` FOREIGN KEY (`access`) REFERENCES `access` (`id`),
  ADD CONSTRAINT `FK_UserAccess_user` FOREIGN KEY (`user`) REFERENCES `user` (`id`);

SET FOREIGN_KEY_CHECKS=1;

COMMIT;
