-- phpMyAdmin SQL Dump
-- version 2.11.9.6
-- http://www.phpmyadmin.net
--
-- Servidor: localhost:3306
-- Tiempo de generación: 31-10-2011 a las 19:51:57
-- Versión del servidor: 5.0.51
-- Versión de PHP: 5.2.6

SET FOREIGN_KEY_CHECKS=0;

SET SQL_MODE="NO_AUTO_VALUE_ON_ZERO";


/*!40101 SET @OLD_CHARACTER_SET_CLIENT=@@CHARACTER_SET_CLIENT */;
/*!40101 SET @OLD_CHARACTER_SET_RESULTS=@@CHARACTER_SET_RESULTS */;
/*!40101 SET @OLD_COLLATION_CONNECTION=@@COLLATION_CONNECTION */;
/*!40101 SET NAMES utf8 */;

--
-- Base de datos: `waretech_GranDT`
--

-- --------------------------------------------------------

--
-- Estructura de tabla para la tabla `access`
--

DROP TABLE IF EXISTS `access`;
CREATE TABLE IF NOT EXISTS `access` (
  `id` bigint(20) NOT NULL auto_increment,
  `version` bigint(20) NOT NULL default '0',
  `value` varchar(255) NOT NULL,
  `description` varchar(255) NOT NULL,
  PRIMARY KEY  (`id`)
) ENGINE=InnoDB  DEFAULT CHARSET=latin1 AUTO_INCREMENT=19 ;

--
-- Volcar la base de datos para la tabla `access`
--

INSERT INTO `access` (`id`, `version`, `value`, `description`) VALUES
(1, 1, 'MatchEdit.jsp!enabled', 'Edicion de Partido'),
(2, 0, 'WeekEdit.jsp!change', 'Calcular la fecha'),
(3, 0, 'AccessList.jsp', 'Lista de accesos'),
(13, 0, 'TeamEdit.jsp!change', 'Cambiar jugador de la lista'),
(14, 5, 'UserEdit.jsp!update', 'Edicion de usuario'),
(15, 0, 'TeamBuild.jsp!enabled', 'Construccion de Equipo'),
(16, 0, 'WeekList.jsp!tournamentStart', 'Comenzar torneo'),
(17, 0, 'EMailSend.jsp', 'Enviar eMail'),
(18, 0, 'ClaimList.jsp!delete', 'Eliminar reclamo');

-- --------------------------------------------------------

--
-- Estructura de tabla para la tabla `category`
--

DROP TABLE IF EXISTS `category`;
CREATE TABLE IF NOT EXISTS `category` (
  `id` bigint(20) NOT NULL auto_increment,
  `version` bigint(20) NOT NULL default '0',
  `name` varchar(255) NOT NULL,
  PRIMARY KEY  (`id`),
  UNIQUE KEY `UK_PlayerPosition_name` (`name`)
) ENGINE=InnoDB  DEFAULT CHARSET=latin1 AUTO_INCREMENT=3 ;

--
-- Volcar la base de datos para la tabla `category`
--

INSERT INTO `category` (`id`, `version`, `name`) VALUES
(1, 0, 'Primera A'),
(2, 0, 'Nacional B');

-- --------------------------------------------------------

--
-- Estructura de tabla para la tabla `claim`
--

DROP TABLE IF EXISTS `claim`;
CREATE TABLE IF NOT EXISTS `claim` (
  `id` bigint(20) NOT NULL auto_increment,
  `version` bigint(20) NOT NULL default '0',
  `title` varchar(255) NOT NULL,
  `description` varchar(255) NOT NULL,
  `target` int(1) NOT NULL,
  `priority` int(1) NOT NULL,
  `user` bigint(20) NOT NULL,
  `date` date NOT NULL,
  `state` int(1) NOT NULL,
  PRIMARY KEY  (`id`),
  KEY `FK_Claim_user` (`user`)
) ENGINE=MyISAM  DEFAULT CHARSET=utf8 AUTO_INCREMENT=4 ;

--
-- Volcar la base de datos para la tabla `claim`
--

INSERT INTO `claim` (`id`, `version`, `title`, `description`, `target`, `priority`, `user`, `date`, `state`) VALUES
(1, 0, 'Nombre', 'Cambiar mi nombre de equipo por Rompehuesos', 0, 1, 70, '2011-09-01', 0),
(2, 0, 'Modulo de Encuestas', 'Modulo de Encuestas', 1, 2, 60, '2011-09-08', 0),
(3, 0, 'Carga de Partidos', 'Partido: \r\n#1 TT , lo reemplaza Agu\r\n#2 Coco, lo reemplaza Chochi\r\n#3 Seba, lo reemplaza Chochi\r\n#4 Tomi, lo reemplaza Seba', 0, 1, 60, '2011-09-13', 0);

-- --------------------------------------------------------

--
-- Estructura de tabla para la tabla `club`
--

DROP TABLE IF EXISTS `club`;
CREATE TABLE IF NOT EXISTS `club` (
  `id` bigint(20) NOT NULL auto_increment,
  `version` bigint(20) NOT NULL default '0',
  `name` varchar(255) NOT NULL,
  PRIMARY KEY  (`id`),
  UNIQUE KEY `UK_Club_name` (`name`)
) ENGINE=InnoDB  DEFAULT CHARSET=latin1 AUTO_INCREMENT=21 ;

--
-- Volcar la base de datos para la tabla `club`
--

INSERT INTO `club` (`id`, `version`, `name`) VALUES
(1, 0, 'All Boys'),
(2, 0, 'Argentinos Jrs.'),
(3, 0, 'Arsenal'),
(4, 0, 'Atlético Rafaela'),
(5, 0, 'Banfield'),
(6, 0, 'Belgrano (Córdoba)'),
(7, 0, 'Boca Jrs.'),
(8, 0, 'Colón (Santa Fé)'),
(9, 0, 'Estudiantes (La PLata)'),
(10, 0, 'Godoy Cruz (Mendoza)'),
(11, 0, 'Independiente'),
(12, 0, 'Lanús'),
(13, 0, 'Newell''s Old Boys'),
(14, 0, 'Olimpo (Bahía Blanca)'),
(15, 0, 'Racing Club'),
(16, 0, 'San Lorenzo'),
(17, 0, 'San Martín (San Juan)'),
(18, 0, 'Tigre'),
(19, 0, 'Unión (Santa Fé)'),
(20, 0, 'Vélez Sarsfield');

-- --------------------------------------------------------

--
-- Estructura de tabla para la tabla `configuration`
--

DROP TABLE IF EXISTS `configuration`;
CREATE TABLE IF NOT EXISTS `configuration` (
  `id` bigint(20) NOT NULL auto_increment,
  `version` bigint(20) NOT NULL default '0',
  `key_` varchar(255) NOT NULL,
  `value` varchar(255) NOT NULL,
  PRIMARY KEY  (`id`)
) ENGINE=InnoDB  DEFAULT CHARSET=latin1 AUTO_INCREMENT=2 ;

--
-- Volcar la base de datos para la tabla `configuration`
--

INSERT INTO `configuration` (`id`, `version`, `key_`, `value`) VALUES
(1, 3, 'started', 'true');

-- --------------------------------------------------------

--
-- Estructura de tabla para la tabla `match_`
--

DROP TABLE IF EXISTS `match_`;
CREATE TABLE IF NOT EXISTS `match_` (
  `id` bigint(20) NOT NULL auto_increment,
  `version` bigint(20) NOT NULL default '0',
  `week` bigint(20) NOT NULL,
  `homeClub` bigint(20) NOT NULL,
  `awayClub` bigint(20) NOT NULL,
  `homeGoals` int(11) default NULL,
  `awayGoals` int(11) default NULL,
  `date` date default NULL,
  `time` time default NULL,
  PRIMARY KEY  (`id`),
  KEY `FK_Match_week` (`week`),
  KEY `FK_Match_homeClub` (`homeClub`),
  KEY `FK_Match_awayClub` (`awayClub`)
) ENGINE=InnoDB  DEFAULT CHARSET=latin1 AUTO_INCREMENT=1022 ;

--
-- Volcar la base de datos para la tabla `match_`
--

INSERT INTO `match_` (`id`, `version`, `week`, `homeClub`, `awayClub`, `homeGoals`, `awayGoals`, `date`, `time`) VALUES
(872, 2, 139, 17, 2, 0, 0, NULL, NULL),
(873, 3, 139, 12, 9, 2, 1, NULL, NULL),
(874, 2, 139, 3, 10, 1, 2, NULL, NULL),
(875, 2, 139, 1, 15, 0, 0, NULL, NULL),
(876, 2, 139, 18, 5, 1, 0, NULL, NULL),
(877, 2, 139, 14, 20, 0, 0, NULL, NULL),
(878, 2, 139, 19, 4, 0, 0, NULL, NULL),
(879, 3, 139, 13, 8, 0, 0, NULL, NULL),
(880, 3, 139, 16, 6, 0, 1, NULL, NULL),
(881, 2, 139, 11, 7, 0, 0, NULL, NULL),
(882, 2, 140, 10, 1, 6, 1, NULL, NULL),
(883, 3, 140, 5, 3, 0, 1, NULL, NULL),
(884, 2, 140, 9, 18, 1, 3, NULL, NULL),
(885, 3, 140, 2, 12, 0, 4, NULL, NULL),
(886, 3, 140, 7, 17, 1, 0, NULL, NULL),
(887, 3, 140, 6, 11, 2, 0, NULL, NULL),
(888, 2, 140, 8, 16, 3, 1, NULL, NULL),
(889, 3, 140, 4, 13, 0, 0, NULL, NULL),
(890, 3, 140, 20, 19, 0, 1, NULL, NULL),
(891, 3, 140, 15, 14, 1, 0, NULL, NULL),
(892, 2, 141, 17, 6, 0, 1, NULL, NULL),
(893, 2, 141, 12, 7, 1, 2, NULL, NULL),
(894, 2, 141, 9, 2, 4, 3, NULL, NULL),
(895, 2, 141, 1, 5, 0, 1, NULL, NULL),
(896, 2, 141, 18, 3, 2, 2, NULL, NULL),
(897, 2, 141, 14, 10, 2, 2, NULL, NULL),
(898, 2, 141, 19, 15, 1, 1, NULL, NULL),
(899, 2, 141, 13, 20, 1, 1, NULL, NULL),
(900, 2, 141, 16, 4, 1, 3, NULL, NULL),
(901, 2, 141, 11, 8, 0, 1, NULL, NULL),
(902, 2, 142, 10, 19, 1, 1, NULL, NULL),
(903, 2, 142, 5, 14, 1, 1, NULL, NULL),
(904, 2, 142, 3, 1, 1, 2, NULL, NULL),
(905, 2, 142, 2, 18, 0, 1, NULL, NULL),
(906, 2, 142, 7, 9, 1, 0, NULL, NULL),
(907, 2, 142, 6, 12, 0, 0, NULL, NULL),
(908, 2, 142, 8, 17, 0, 0, NULL, NULL),
(909, 2, 142, 4, 11, 1, 3, NULL, NULL),
(910, 2, 142, 20, 16, 1, 2, NULL, NULL),
(911, 2, 142, 15, 13, 1, 0, NULL, NULL),
(912, 3, 143, 17, 4, 2, 1, NULL, NULL),
(913, 2, 143, 12, 8, 1, 1, NULL, NULL),
(914, 2, 143, 9, 6, 2, 3, NULL, NULL),
(915, 2, 143, 2, 7, 0, 0, NULL, NULL),
(916, 2, 143, 18, 1, 1, 1, NULL, NULL),
(917, 2, 143, 14, 3, 2, 2, NULL, NULL),
(918, 2, 143, 19, 5, 1, 0, NULL, NULL),
(919, 2, 143, 13, 10, 1, 1, NULL, NULL),
(920, 2, 143, 16, 15, 0, 0, NULL, NULL),
(921, 2, 143, 11, 20, 0, 1, NULL, NULL),
(922, 2, 144, 10, 16, 2, 0, NULL, NULL),
(923, 2, 144, 5, 13, 2, 0, NULL, NULL),
(924, 2, 144, 3, 19, 2, 1, NULL, NULL),
(925, 2, 144, 1, 14, 1, 2, NULL, NULL),
(926, 3, 144, 7, 18, 1, 0, NULL, NULL),
(927, 4, 144, 6, 2, 1, 2, NULL, NULL),
(928, 2, 144, 8, 9, 1, 1, NULL, NULL),
(929, 3, 144, 4, 12, 2, 1, NULL, NULL),
(930, 3, 144, 20, 17, 1, 0, NULL, NULL),
(931, 3, 144, 15, 11, 1, 1, NULL, NULL),
(932, 3, 145, 17, 15, 0, 0, NULL, NULL),
(933, 2, 145, 12, 20, 1, 2, NULL, NULL),
(934, 2, 145, 9, 4, 3, 0, NULL, NULL),
(935, 2, 145, 2, 8, 0, 0, NULL, NULL),
(936, 2, 145, 7, 6, 0, 0, NULL, NULL),
(937, 2, 145, 14, 18, 1, 1, NULL, NULL),
(938, 2, 145, 19, 1, 1, 1, NULL, NULL),
(939, 2, 145, 13, 3, 0, 0, NULL, NULL),
(940, 2, 145, 16, 5, 1, 0, NULL, NULL),
(941, 2, 145, 11, 10, 2, 1, NULL, NULL),
(942, 2, 146, 10, 17, 2, 2, NULL, NULL),
(943, 2, 146, 5, 11, 3, 0, NULL, NULL),
(944, 2, 146, 3, 16, 1, 0, NULL, NULL),
(945, 3, 146, 1, 13, 1, 1, NULL, NULL),
(946, 2, 146, 18, 6, 0, 1, NULL, NULL),
(947, 2, 146, 14, 19, 0, 1, NULL, NULL),
(948, 2, 146, 8, 7, 0, 2, NULL, NULL),
(949, 2, 146, 4, 2, 3, 1, NULL, NULL),
(950, 2, 146, 20, 9, 1, 0, NULL, NULL),
(951, 2, 146, 15, 12, 1, 1, NULL, NULL),
(952, 0, 147, 17, 5, NULL, NULL, NULL, NULL),
(953, 2, 147, 12, 10, 2, 1, NULL, NULL),
(954, 0, 147, 9, 15, NULL, NULL, NULL, NULL),
(955, 2, 147, 2, 20, 3, 1, NULL, NULL),
(956, 2, 147, 7, 4, 3, 1, NULL, NULL),
(957, 2, 147, 6, 8, 0, 1, NULL, NULL),
(958, 0, 147, 19, 18, NULL, NULL, NULL, NULL),
(959, 2, 147, 13, 14, 2, 2, NULL, NULL),
(960, 0, 147, 16, 1, NULL, NULL, NULL, NULL),
(961, 2, 147, 11, 3, 0, 0, NULL, NULL),
(962, 0, 148, 10, 9, NULL, NULL, NULL, NULL),
(963, 0, 148, 5, 12, NULL, NULL, NULL, NULL),
(964, 0, 148, 3, 17, NULL, NULL, NULL, NULL),
(965, 0, 148, 1, 11, NULL, NULL, NULL, NULL),
(966, 0, 148, 18, 8, NULL, NULL, NULL, NULL),
(967, 0, 148, 14, 16, NULL, NULL, NULL, NULL),
(968, 0, 148, 19, 13, NULL, NULL, NULL, NULL),
(969, 0, 148, 4, 6, NULL, NULL, NULL, NULL),
(970, 0, 148, 20, 7, NULL, NULL, NULL, NULL),
(971, 0, 148, 15, 2, NULL, NULL, NULL, NULL),
(972, 0, 149, 17, 1, NULL, NULL, NULL, NULL),
(973, 0, 149, 12, 3, NULL, NULL, NULL, NULL),
(974, 0, 149, 9, 5, NULL, NULL, NULL, NULL),
(975, 0, 149, 2, 10, NULL, NULL, NULL, NULL),
(976, 0, 149, 7, 15, NULL, NULL, NULL, NULL),
(977, 0, 149, 6, 20, NULL, NULL, NULL, NULL),
(978, 0, 149, 8, 4, NULL, NULL, NULL, NULL),
(979, 0, 149, 13, 18, NULL, NULL, NULL, NULL),
(980, 0, 149, 16, 19, NULL, NULL, NULL, NULL),
(981, 0, 149, 11, 14, NULL, NULL, NULL, NULL),
(982, 0, 150, 10, 7, NULL, NULL, NULL, NULL),
(983, 0, 150, 5, 2, NULL, NULL, NULL, NULL),
(984, 0, 150, 3, 9, NULL, NULL, NULL, NULL),
(985, 0, 150, 1, 12, NULL, NULL, NULL, NULL),
(986, 0, 150, 18, 4, NULL, NULL, NULL, NULL),
(987, 0, 150, 14, 17, NULL, NULL, NULL, NULL),
(988, 0, 150, 19, 11, NULL, NULL, NULL, NULL),
(989, 0, 150, 13, 16, NULL, NULL, NULL, NULL),
(990, 0, 150, 20, 8, NULL, NULL, NULL, NULL),
(991, 0, 150, 15, 6, NULL, NULL, NULL, NULL),
(992, 0, 151, 17, 19, NULL, NULL, NULL, NULL),
(993, 0, 151, 12, 14, NULL, NULL, NULL, NULL),
(994, 0, 151, 9, 1, NULL, NULL, NULL, NULL),
(995, 0, 151, 2, 3, NULL, NULL, NULL, NULL),
(996, 0, 151, 7, 5, NULL, NULL, NULL, NULL),
(997, 0, 151, 6, 10, NULL, NULL, NULL, NULL),
(998, 0, 151, 8, 15, NULL, NULL, NULL, NULL),
(999, 0, 151, 4, 20, NULL, NULL, NULL, NULL),
(1000, 0, 151, 16, 18, NULL, NULL, NULL, NULL),
(1001, 0, 151, 11, 13, NULL, NULL, NULL, NULL),
(1002, 0, 152, 10, 8, NULL, NULL, NULL, NULL),
(1003, 0, 152, 5, 6, NULL, NULL, NULL, NULL),
(1004, 0, 152, 3, 7, NULL, NULL, NULL, NULL),
(1005, 0, 152, 1, 2, NULL, NULL, NULL, NULL),
(1006, 0, 152, 18, 20, NULL, NULL, NULL, NULL),
(1007, 0, 152, 14, 9, NULL, NULL, NULL, NULL),
(1008, 0, 152, 19, 12, NULL, NULL, NULL, NULL),
(1009, 0, 152, 13, 17, NULL, NULL, NULL, NULL),
(1010, 0, 152, 16, 11, NULL, NULL, NULL, NULL),
(1011, 0, 152, 15, 4, NULL, NULL, NULL, NULL),
(1012, 0, 153, 17, 16, NULL, NULL, NULL, NULL),
(1013, 0, 153, 12, 13, NULL, NULL, NULL, NULL),
(1014, 0, 153, 9, 19, NULL, NULL, NULL, NULL),
(1015, 0, 153, 2, 14, NULL, NULL, NULL, NULL),
(1016, 0, 153, 7, 1, NULL, NULL, NULL, NULL),
(1017, 0, 153, 6, 3, NULL, NULL, NULL, NULL),
(1018, 0, 153, 8, 5, NULL, NULL, NULL, NULL),
(1019, 0, 153, 4, 10, NULL, NULL, NULL, NULL),
(1020, 0, 153, 20, 15, NULL, NULL, NULL, NULL),
(1021, 0, 153, 11, 18, NULL, NULL, NULL, NULL);

-- --------------------------------------------------------

--
-- Estructura de tabla para la tabla `player`
--

DROP TABLE IF EXISTS `player`;
CREATE TABLE IF NOT EXISTS `player` (
  `id` bigint(20) NOT NULL auto_increment,
  `version` bigint(20) NOT NULL default '0',
  `firstname` varchar(255) NOT NULL,
  `lastname` varchar(255) NOT NULL,
  `number` int(2) default NULL,
  `club` bigint(20) NOT NULL,
  `position` bigint(20) NOT NULL,
  `value` varchar(255) NOT NULL,
  `selected` tinyint(1) NOT NULL default '0',
  PRIMARY KEY  (`id`),
  KEY `FK_Player_club` (`club`),
  KEY `FK_Player_position` (`position`)
) ENGINE=InnoDB  DEFAULT CHARSET=latin1 AUTO_INCREMENT=635 ;

--
-- Volcar la base de datos para la tabla `player`
--

INSERT INTO `player` (`id`, `version`, `firstname`, `lastname`, `number`, `club`, `position`, `value`, `selected`) VALUES
(1, 0, 'Walter', 'Acevedo', 0, 5, 3, '2', 1),
(2, 0, 'Jorge', 'Achucarro', 0, 5, 4, '2', 0),
(3, 0, 'David', 'Achucarro', 0, 7, 2, '1', 0),
(4, 0, 'Joel', 'Acosta', 0, 7, 4, '1', 0),
(5, 0, 'Ricardo', 'Acosta', 0, 19, 3, '1', 0),
(6, 0, 'Alan', 'Aguerre', 0, 20, 1, '1', 1),
(7, 0, 'Pablo César', 'Aguilar', 0, 3, 2, '1', 0),
(8, 0, 'Emanuel', 'Aguilera', 0, 10, 2, '1', 0),
(9, 0, 'Nicolás', 'Aguirre', 0, 3, 3, '1', 0),
(10, 0, 'Gastón', 'Aguirre', 0, 16, 2, '1', 0),
(11, 0, 'Marcos', 'Aguirre', 0, 17, 3, '1', 0),
(12, 0, 'Lucas', 'Alario', 0, 8, 4, '1', 0),
(13, 0, 'Damián', 'Albil', 0, 9, 1, '1', 0),
(14, 0, 'Federico', 'Almerares', 0, 6, 4, '1', 0),
(15, 0, 'Sergio', 'Almirón', 0, 13, 4, '1', 0),
(16, 0, 'Pablo', 'Alvarado', 0, 16, 3, '1', 0),
(17, 0, 'Cristian', 'Alvarez', 0, 17, 3, '1', 0),
(18, 0, 'Nicolás', 'Amerise', 0, 19, 4, '1', 0),
(19, 0, 'Esteban', 'Andrada', 0, 12, 1, '1', 0),
(20, 0, 'Martín', 'Antoniazzi', 0, 19, 2, '1', 0),
(21, 0, 'Víctor', 'Aquino', 0, 13, 4, '1', 0),
(22, 0, 'Arturo David', 'Aquino', 0, 14, 2, '1', 0),
(23, 0, 'Sergio', 'Araujo', 0, 7, 4, '1', 0),
(24, 0, 'Carlos', 'Araujo', 0, 12, 2, '1', 1),
(25, 0, 'Ignacio', 'Arce', 0, 19, 1, '1', 0),
(26, 0, 'Luis', 'Ardente', 0, 17, 1, '1', 0),
(27, 0, 'Adrián', 'Argachá', 0, 11, 2, '1', 0),
(28, 0, 'Gabriel', 'Arias', 0, 14, 1, '1', 0),
(29, 0, 'Joaquín', 'Arzura', 0, 18, 3, '1', 0),
(30, 0, 'Fabián', 'Assmann', 0, 11, 1, '2', 0),
(31, 0, 'Luciano', 'Aued', 0, 15, 3, '2', 0),
(32, 0, 'Diego', 'Auzqui', 0, 9, 3, '1', 0),
(33, 0, 'Carlos', 'Auzqui', 0, 9, 4, '1', 0),
(34, 0, 'Lucas', 'Aveldaño', 0, 15, 2, '1', 1),
(35, 0, 'Juan', 'Avendaño', 0, 19, 2, '1', 1),
(36, 0, 'Néstor', 'Ayala', 0, 17, 4, '1', 0),
(37, 0, 'Cristian', 'Báez', 0, 11, 2, '1', 0),
(38, 0, 'Andrés', 'Bailo', 0, 8, 1, '1', 0),
(39, 0, 'Luciano', 'Balbi', 0, 12, 2, '1', 0),
(40, 0, 'Alejandro', 'Bárbaro', 0, 5, 3, '1', 0),
(41, 0, 'Guido', 'Barceló', 0, 10, 4, '1', 0),
(42, 0, 'Ignacio', 'Barcia', 0, 11, 2, '1', 0),
(43, 0, 'Néstor', 'Bareiro', 0, 14, 4, '1', 1),
(44, 0, 'Hugo', 'Bargas', 0, 1, 4, '1', 0),
(45, 0, 'Diego', 'Barisone', 0, 19, 2, '1', 0),
(46, 0, 'Marcelo', 'Barovero', 0, 20, 1, '2', 1),
(47, 0, 'Jerónimo', 'Barrales', 0, 19, 4, '1', 1),
(48, 0, 'Julio', 'Barraza', 0, 8, 2, '1', 0),
(49, 0, 'Leandro', 'Barrera', 0, 2, 4, '1', 0),
(50, 0, 'Hugo', 'Barrientos', 0, 1, 3, '1', 1),
(51, 0, 'Fernando', 'Barrientos', 0, 12, 3, '1', 0),
(52, 0, 'Pier Miqueas', 'Barrios', 0, 6, 2, '1', 0),
(53, 0, 'Pablo', 'Barzola', 0, 2, 2, '1', 1),
(54, 0, 'Adrián', 'Bastía', 0, 8, 3, '1', 0),
(55, 0, 'Germán', 'Basualdo', 0, 2, 3, '1', 0),
(56, 0, 'Matías', 'Batista', 0, 1, 2, '1', 0),
(57, 0, 'Sebastián', 'Battaglia', 0, 7, 3, '2', 0),
(58, 0, 'Roberto', 'Battión', 0, 11, 3, '1', 0),
(59, 0, 'Nicolás', 'Bauchet', 0, 5, 4, '1', 0),
(60, 0, 'Gonzalo', 'Bazán', 0, 16, 3, '1', 0),
(61, 0, 'Iván', 'Bella', 0, 20, 3, '1', 1),
(62, 0, 'Darío', 'Benedetto', 0, 3, 4, '1', 0),
(63, 0, 'Leandro Damián', 'Benítez', 0, 9, 3, '2', 0),
(64, 0, 'Nelson', 'Benítez', 0, 9, 2, '1', 0),
(65, 0, 'Oscar', 'Benítez', 0, 12, 3, '1', 0),
(66, 0, 'Marcos', 'Benítez', 0, 13, 2, '1', 0),
(67, 0, 'Nahuel', 'Benítez', 0, 16, 4, '1', 0),
(68, 0, 'Nicolás', 'Berardo', 0, 2, 2, '1', 0),
(69, 0, 'Lucas', 'Bernardi', 0, 13, 3, '2', 1),
(70, 0, 'Nicolás', 'Bianchi Arce', 0, 16, 2, '1', 0),
(71, 0, 'Mariano Ezequiel', 'Bittolo', 0, 20, 2, '1', 0),
(72, 0, 'Gustavo', 'Blanco Leschuk', 0, 3, 4, '1', 0),
(73, 0, 'Nicolás', 'Blandi', 0, 7, 4, '1', 0),
(74, 0, 'Juan Carlos', 'Blengio', 0, 18, 2, '1', 0),
(75, 0, 'Mauro', 'Bogado', 0, 17, 3, '1', 1),
(76, 0, 'Enrique', 'Bologna', 0, 19, 1, '1', 1),
(77, 0, 'Luciano', 'Bonomo', 0, 9, 2, '1', 0),
(78, 0, 'Mauro', 'Boselli', 0, 9, 4, '3', 1),
(79, 0, 'Rubén', 'Botta', 0, 18, 3, '1', 0),
(80, 0, 'Jonathan', 'Bottinelli', 0, 16, 2, '2', 1),
(81, 0, 'Gonzalo', 'Bozzoni', 0, 16, 2, '1', 0),
(82, 0, 'Diego', 'Braghieri', 0, 12, 2, '1', 0),
(83, 0, 'Rodrigo', 'Braña', 0, 9, 3, '2', 1),
(84, 0, 'Ariel', 'Broggi', 0, 5, 2, '1', 0),
(85, 0, 'Roberto', 'Brum', 0, 2, 3, '1', 0),
(86, 0, 'Nicolás', 'Bruna', 0, 19, 3, '1', 0),
(87, 0, 'Guillermo', 'Burdisso', 0, 3, 2, '2', 1),
(88, 0, 'Javier', 'Burrai', 0, 3, 1, '1', 0),
(89, 0, 'Walter', 'Busse', 0, 11, 3, '1', 0),
(90, 0, 'Marcelo', 'Bustamante', 0, 5, 2, '1', 0),
(91, 0, 'Maximiliano', 'Bustos', 0, 17, 3, '1', 0),
(92, 0, 'Alejandro', 'Cabral', 0, 20, 3, '1', 0),
(93, 0, 'Gonzalo', 'Cabrera', 0, 10, 3, '1', 1),
(94, 0, 'Nicolás', 'Cabrera', 0, 11, 3, '1', 0),
(95, 0, 'Rafael', 'Cabrera', 0, 16, 3, '1', 0),
(96, 0, 'Samuel', 'Cáceres', 0, 11, 2, '1', 0),
(97, 0, 'Marcos', 'Cáceres', 0, 15, 2, '1', 0),
(98, 0, 'Germán', 'Cáceres', 0, 4, 3, '1', 0),
(99, 0, 'Juan Pablo', 'Caffa', 0, 3, 3, '2', 0),
(100, 0, 'Leonel', 'Cafferatti', 0, 15, 1, '1', 0),
(101, 0, 'Matías', 'Cahais', 0, 15, 2, '2', 1),
(102, 0, 'Maximiliano', 'Caire', 0, 8, 2, '1', 0),
(103, 0, 'Néstor', 'Camacho', 0, 13, 3, '1', 0),
(104, 0, 'Alejandro', 'Camargo', 0, 10, 3, '1', 0),
(105, 0, 'Nicolás', 'Cambiasso', 0, 1, 1, '1', 1),
(106, 0, 'Mauro', 'Camoranesi', 0, 12, 3, '2', 1),
(107, 0, 'Cristian', 'Campestrini', 0, 3, 1, '2', 0),
(108, 0, 'Salustiano', 'Candia', 0, 8, 2, '1', 0),
(109, 0, 'Pablo', 'Cantero', 0, 17, 3, '1', 0),
(110, 0, 'Héctor', 'Canteros', 0, 20, 3, '2', 1),
(111, 0, 'Damián', 'Canuto', 0, 17, 3, '1', 0),
(112, 0, 'Nicolás', 'Capellino', 0, 4, 4, '1', 0),
(113, 0, 'Gastón', 'Caprari', 0, 17, 4, '1', 0),
(114, 0, 'Nicolás', 'Caprio', 0, 19, 1, '1', 0),
(115, 0, 'Matías', 'Carabajal', 0, 17, 3, '1', 0),
(116, 0, 'Mauricio', 'Caranta', 0, 12, 1, '2', 0),
(117, 0, 'Carlos', 'Carbonero', 0, 9, 3, '2', 1),
(118, 0, 'Ezequiel', 'Carboni', 0, 5, 3, '1', 0),
(119, 0, 'Juan Pablo', 'Cárdenas', 0, 19, 2, '1', 0),
(120, 0, 'Giancarlo', 'Carmona', 0, 16, 2, '1', 0),
(121, 0, 'Oscar', 'Carniello', 0, 4, 2, '1', 0),
(122, 0, 'César', 'Carranza', 0, 12, 4, '1', 1),
(123, 0, 'Jorge', 'Carranza', 0, 4, 1, '1', 0),
(124, 0, 'Javier', 'Carrasco', 0, 18, 3, '1', 0),
(125, 0, 'Sebastián', 'Carrera', 0, 4, 3, '1', 0),
(126, 0, 'Guido', 'Carrillo', 0, 9, 4, '1', 0),
(127, 0, 'Marcelo', 'Carrusca', 0, 17, 3, '2', 0),
(128, 0, 'Leandro', 'Caruso', 0, 10, 4, '2', 0),
(129, 0, 'Matías', 'Caruzzo', 0, 7, 2, '2', 0),
(130, 0, 'Eduardo', 'Casais', 0, 14, 2, '1', 0),
(131, 0, 'Diego', 'Castaño', 0, 18, 3, '2', 0),
(132, 0, 'Carlos', 'Casteglione', 0, 18, 2, '1', 0),
(133, 0, 'Jairo', 'Castillo', 0, 11, 4, '1', 0),
(134, 0, 'Facundo', 'Castillón', 0, 10, 4, '1', 0),
(135, 0, 'Lucas', 'Castro', 0, 15, 3, '2', 1),
(136, 0, 'Nicolás', 'Castro', 0, 4, 3, '1', 1),
(137, 0, 'Lucas', 'Ceballos', 0, 10, 2, '1', 0),
(138, 0, 'Cristian', 'Cellay', 0, 9, 2, '2', 1),
(139, 0, 'Gastón', 'Cellerino', 0, 15, 3, '1', 0),
(140, 0, 'Christian', 'Cepeda', 0, 3, 2, '1', 0),
(141, 0, 'Francisco', 'Cerro', 0, 20, 3, '1', 0),
(142, 0, 'Nereo', 'Champagne', 0, 16, 1, '1', 1),
(143, 0, 'Cristian', 'Chávez', 0, 7, 3, '2', 1),
(144, 0, 'Christian', 'Chávez', 0, 16, 4, '1', 0),
(145, 0, 'Javier', 'Chevantón', 0, 8, 4, '2', 1),
(146, 0, 'Gino', 'Clara', 0, 11, 4, '1', 0),
(147, 0, 'Juan Manuel', 'Cobo', 0, 3, 3, '1', 0),
(148, 0, 'Nicolás', 'Colazo', 0, 7, 3, '1', 1),
(149, 0, 'Gabriel', 'Colombatti', 0, 15, 2, '1', 0),
(150, 0, 'Ignacio', 'Colombini', 0, 15, 4, '1', 0),
(151, 0, 'Armando', 'Cooper', 0, 10, 3, '1', 0),
(152, 0, 'Jherson', 'Córdoba', 0, 4, 3, '1', 0),
(153, 0, 'Facundo', 'Coria', 0, 9, 3, '2', 0),
(154, 0, 'Maximiliano', 'Coronel', 0, 1, 2, '1', 0),
(155, 0, 'Nicolás', 'Correa', 0, 19, 2, '1', 0),
(156, 0, 'Jorge Iván', 'Correa', 0, 20, 3, '1', 0),
(157, 0, 'Leonardo', 'Corti', 0, 17, 1, '1', 0),
(158, 0, 'Tomás', 'Costa', 0, 8, 3, '2', 1),
(159, 0, 'Agustín', 'Cousillas', 0, 18, 1, '1', 0),
(160, 0, 'Fabián', 'Cubero', 0, 20, 3, '2', 0),
(161, 0, 'Víctor', 'Cuesta', 0, 3, 2, '1', 0),
(162, 0, 'Jorge', 'Curbelo', 0, 10, 2, '1', 1),
(163, 0, 'Facundo', 'Curuchet', 0, 8, 4, '1', 0),
(164, 0, 'Darío', 'Cvitanich', 0, 7, 4, '2', 1),
(165, 0, 'Israel', 'Damonte', 0, 10, 3, '1', 1),
(166, 0, 'Sebastián', 'D''Angelo', 0, 7, 1, '1', 0),
(167, 0, 'Jorge', 'De Olivera', 0, 15, 1, '1', 0),
(168, 0, 'Diego', 'De Souza', 0, 5, 3, '1', 0),
(169, 0, 'Matías', 'Defederico', 0, 11, 4, '2', 0),
(170, 0, 'Alejandro', 'Delfino', 0, 5, 2, '1', 0),
(171, 0, 'Nicolás', 'Delmonte', 0, 11, 4, '1', 0),
(172, 0, 'Leandro', 'Desábato', 0, 9, 2, '2', 0),
(173, 0, 'Leandro Luis', 'Desábato', 0, 20, 3, '1', 0),
(174, 0, 'José', 'Devaca', 0, 5, 2, '1', 0),
(175, 0, 'Lucas', 'Di Grazia', 0, 1, 1, '1', 0),
(176, 0, 'Matías', 'Di Gregorio', 0, 4, 2, '1', 0),
(177, 0, 'Marcos', 'Díaz', 0, 8, 1, '1', 0),
(178, 0, 'Leandro', 'Díaz', 0, 12, 4, '1', 0),
(179, 0, 'Cristian', 'Díaz', 0, 13, 3, '1', 0),
(180, 0, 'Gabriel', 'Díaz', 0, 14, 2, '1', 0),
(181, 0, 'Gastón', 'Díaz', 0, 18, 3, '1', 1),
(182, 0, 'Gastón', 'Díaz', 0, 20, 2, '1', 0),
(183, 0, 'Mauro', 'Dobler', 0, 15, 1, '1', 0),
(184, 0, 'Eduardo', 'Domínguez', 0, 1, 2, '1', 1),
(185, 0, 'Sebastián', 'Domínguez', 0, 20, 2, '3', 0),
(186, 0, 'Mauro', 'Dos Santos', 0, 5, 2, '1', 1),
(187, 0, 'Francisco', 'Dutari', 0, 4, 2, '1', 0),
(188, 0, 'Mariano', 'Echeverría', 0, 18, 2, '2', 1),
(189, 0, 'Juan', 'Eluchans', 0, 5, 3, '1', 0),
(190, 0, 'Cristian', 'Erbes', 0, 7, 3, '1', 0),
(191, 0, 'Rodrigo', 'Erramuspe', 0, 19, 2, '1', 0),
(192, 0, 'Walter', 'Erviti', 0, 7, 3, '2', 1),
(193, 0, 'Matías', 'Escalante', 0, 1, 3, '1', 0),
(194, 0, 'Matías', 'Escobar', 0, 18, 3, '1', 0),
(195, 0, 'Sergio', 'Escudero', 0, 2, 2, '1', 0),
(196, 0, 'Gastón', 'Esmerado', 0, 3, 3, '1', 0),
(197, 0, 'Gonzalo', 'Espinoza', 0, 15, 3, '1', 0),
(198, 0, 'Iván', 'Etevenaux', 0, 6, 3, '1', 0),
(199, 0, 'Emir', 'Faccioli', 0, 14, 2, '1', 0),
(200, 0, 'Juan Carlos', 'Falcón', 0, 10, 3, '1', 0),
(201, 0, 'Federico', 'Falcone', 0, 13, 4, '1', 0),
(202, 0, 'Lorenzo', 'Faravelli', 0, 13, 3, '1', 0),
(203, 0, 'Luis Carlos', 'Fariña', 0, 15, 3, '1', 0),
(204, 0, 'Guillermo', 'Farré', 0, 6, 3, '1', 0),
(205, 0, 'Nereo', 'Fernández', 0, 2, 1, '1', 0),
(206, 0, 'Gastón', 'Fernández', 0, 9, 4, '3', 0),
(207, 0, 'José Luis', 'Fernández', 0, 9, 3, '2', 0),
(208, 0, 'Mauro', 'Fernández', 0, 9, 4, '1', 0),
(209, 0, 'Juan', 'Fernández', 0, 4, 2, '1', 0),
(210, 0, 'Julián', 'Fernández', 0, 4, 2, '1', 0),
(211, 0, 'Alexis', 'Fernández', 0, 19, 3, '1', 0),
(212, 0, 'Augusto', 'Fernández', 0, 20, 3, '3', 0),
(213, 0, 'Guillermo', 'Ferragutti', 0, 13, 2, '1', 0),
(214, 0, 'Jonathan', 'Ferrari', 0, 16, 2, '1', 0),
(215, 0, 'Brian', 'Ferreira', 0, 20, 3, '1', 0),
(216, 0, 'Juan Carlos', 'Ferreyra', 0, 1, 4, '1', 0),
(217, 0, 'Facundo', 'Ferreyra', 0, 5, 4, '2', 1),
(218, 0, 'Juan Pablo', 'Ferreyra', 0, 5, 1, '1', 0),
(219, 0, 'Osmar', 'Ferreyra', 0, 11, 3, '2', 0),
(220, 0, 'Ignacio', 'Fideleff', 0, 13, 2, '1', 1),
(221, 0, 'Tobías', 'Figueroa', 0, 6, 4, '1', 0),
(222, 0, 'Víctor', 'Figueroa', 0, 13, 3, '2', 1),
(223, 0, 'Matías', 'Fissore', 0, 4, 3, '1', 0),
(224, 0, 'Santiago', 'Fogst', 0, 8, 2, '1', 0),
(225, 0, 'Fabricio', 'Fontanini', 0, 4, 2, '1', 0),
(226, 0, 'Guillermo', 'Franco', 0, 10, 2, '1', 0),
(227, 0, 'Guillermo', 'Franco', 0, 20, 4, '2', 1),
(228, 0, 'Andrés', 'Franzoia', 0, 14, 4, '1', 0),
(229, 0, 'Hernán', 'Fredes', 0, 11, 3, '2', 0),
(230, 0, 'Federico', 'Freire', 0, 20, 3, '1', 0),
(231, 0, 'Matías', 'Fritzler', 0, 12, 3, '2', 1),
(232, 0, 'Diego', 'Ftacla', 0, 18, 4, '1', 0),
(233, 0, 'Diego', 'Fuentes', 0, 1, 2, '1', 0),
(234, 0, 'Esteban', 'Fuertes', 0, 8, 4, '3', 0),
(235, 0, 'Julio', 'Furch', 0, 14, 4, '1', 0),
(236, 0, 'Adrián', 'Gabbarini', 0, 11, 1, '1', 0),
(237, 0, 'Walter', 'Gaitán', 0, 4, 3, '2', 1),
(238, 0, 'Marcos', 'Galarza', 0, 17, 2, '1', 0),
(239, 0, 'Leonel', 'Galeano', 0, 11, 2, '1', 0),
(240, 0, 'Martín', 'Galmarini', 0, 18, 3, '1', 0),
(241, 0, 'Diego', 'Galván', 0, 9, 3, '1', 0),
(242, 0, 'Darío', 'Gandín', 0, 4, 4, '2', 1),
(243, 0, 'Orlando', 'Gaona Lugo', 0, 7, 4, '1', 0),
(244, 0, 'Ariel', 'Garcé', 0, 8, 2, '2', 0),
(245, 0, 'Zelmar', 'García', 0, 10, 2, '1', 0),
(246, 0, 'Gonzalo', 'García', 0, 15, 2, '1', 0),
(247, 0, 'Diego', 'García', 0, 17, 4, '1', 0),
(248, 0, 'Javier', 'García', 0, 18, 1, '2', 0),
(249, 0, 'Danilo', 'Gerlo', 0, 3, 2, '1', 0),
(250, 0, 'Emmanuel', 'Gigliotti', 0, 16, 4, '3', 1),
(251, 0, 'Matías', 'Giménez', 0, 7, 3, '1', 0),
(252, 0, 'Dylan', 'Gissi', 0, 9, 2, '1', 0),
(253, 0, 'Fernando', 'Godoy', 0, 11, 3, '1', 0),
(254, 0, 'Paolo Duval', 'Goltz', 0, 12, 2, '2', 1),
(255, 0, 'Jonatan', 'Gómez', 0, 5, 3, '1', 0),
(256, 0, 'Adrián', 'González', 0, 3, 2, '2', 1),
(257, 0, 'Esteban', 'González', 0, 6, 3, '1', 1),
(258, 0, 'Fernando', 'González', 0, 6, 2, '1', 0),
(259, 0, 'Leandro', 'González', 0, 8, 4, '1', 1),
(260, 0, 'Mariano', 'González', 0, 9, 3, '2', 1),
(261, 0, 'Diego', 'González', 0, 12, 3, '1', 0),
(262, 0, 'Cristian', 'González', 0, 13, 4, '1', 0),
(263, 0, 'Federico', 'González', 0, 4, 4, '1', 1),
(264, 0, 'Sebastián', 'González', 0, 16, 3, '1', 0),
(265, 0, 'Cristian', 'Grabinski', 0, 17, 2, '1', 1),
(266, 0, 'Leandro', 'Gracián', 0, 7, 3, '1', 0),
(267, 0, 'Gabriel', 'Graciani', 0, 8, 3, '1', 0),
(268, 0, 'Claudio', 'Graf', 0, 17, 4, '1', 0),
(269, 0, 'Hernán', 'Grana', 0, 6, 2, '1', 0),
(270, 0, 'Franco', 'Grassi', 0, 5, 1, '1', 0),
(271, 0, 'Julián', 'Guillermo Rojas', 0, 5, 3, '1', 0),
(272, 0, 'Gastón', 'Guruceaga', 0, 13, 2, '1', 0),
(273, 0, 'Teófilo', 'Gutiérrez', 0, 15, 4, '3', 1),
(274, 0, 'Fernando', 'Gutiérrez', 0, 16, 3, '1', 0),
(275, 0, 'Nahuel', 'Guzmán', 0, 13, 1, '1', 0),
(276, 0, 'Gabriel', 'Hauche', 0, 15, 4, '2', 1),
(277, 0, 'Carlos', 'Henneberg', 0, 12, 4, '1', 0),
(278, 0, 'Juan Pablo', 'Heredia', 0, 6, 1, '1', 0),
(279, 0, 'Emilio', 'Hernández', 0, 2, 3, '1', 1),
(280, 0, 'Pablo', 'Hernández', 0, 2, 3, '1', 0),
(281, 0, 'Federico', 'Higuaín', 0, 8, 4, '2', 0),
(282, 0, 'Michael', 'Hoyos', 0, 9, 3, '1', 0),
(283, 0, 'Lucas', 'Hoyos', 0, 13, 1, '1', 0),
(284, 0, 'Jefferson', 'Hurtado', 0, 2, 2, '1', 0),
(285, 0, 'Nelson', 'Ibáñez', 0, 10, 1, '1', 0),
(286, 0, 'Matías', 'Ibáñez', 0, 14, 1, '1', 0),
(287, 0, 'Raúl', 'Iberbia', 0, 9, 2, '1', 1),
(288, 0, 'Juan Martín', 'Imbert', 0, 7, 4, '1', 0),
(289, 0, 'Juan Manuel', 'Insaurralde', 0, 7, 2, '2', 0),
(290, 0, 'Hugo', 'Iriarte', 0, 4, 2, '1', 0),
(291, 0, 'Daniel', 'Islas', 0, 18, 1, '1', 0),
(292, 0, 'Kevin Fabián', 'Itabel', 0, 18, 3, '1', 0),
(293, 0, 'Carlos', 'Izquierdoz', 0, 12, 2, '1', 1),
(294, 0, 'Leonardo', 'Jara', 0, 9, 3, '1', 0),
(295, 0, 'Pablo', 'Jerez', 0, 14, 2, '1', 0),
(296, 0, 'Iván', 'Juárez', 0, 4, 3, '1', 1),
(297, 0, 'Enzo', 'Kalinski', 0, 16, 3, '1', 1),
(298, 0, 'Lucas', 'Kruspzky', 0, 11, 2, '1', 0),
(299, 0, 'Luciano', 'Kummer', 0, 8, 2, '1', 0),
(300, 0, 'Matías', 'Laba', 0, 2, 3, '1', 1),
(301, 0, 'Santiago', 'Ladino', 0, 5, 2, '1', 0),
(302, 0, 'Luis', 'Lagrutta', 0, 4, 3, '1', 0),
(303, 0, 'César', 'Lamanna', 0, 16, 4, '1', 0),
(304, 0, 'Franco', 'Lanaro', 0, 18, 4, '1', 0),
(305, 0, 'Lucas', 'Landa', 0, 17, 2, '1', 1),
(306, 0, 'Maximiliano', 'Laso', 0, 5, 3, '1', 0),
(307, 0, 'Joaquín', 'Laso', 0, 18, 2, '1', 0),
(308, 0, 'Cristian', 'Ledesma', 0, 8, 3, '1', 0),
(309, 0, 'Eduardo', 'Ledesma', 0, 12, 3, '1', 0),
(310, 0, 'Luciano', 'Leguizamón', 0, 3, 4, '2', 1),
(311, 0, 'Leandro', 'Leguizamón', 0, 18, 4, '1', 0),
(312, 0, 'Cristian', 'Lema', 0, 18, 2, '1', 0),
(313, 0, 'Alejandro', 'Lembo', 0, 6, 2, '1', 1),
(314, 0, 'Ramiro', 'Leone', 0, 18, 3, '1', 0),
(315, 0, 'Germán', 'Lesman', 0, 8, 4, '1', 0),
(316, 0, 'Bernardo', 'Leyenda', 0, 1, 1, '1', 0),
(317, 0, 'Lucas', 'Licht', 0, 15, 2, '2', 1),
(318, 0, 'Pablo', 'Lima', 0, 8, 2, '1', 0),
(319, 0, 'Alejandro', 'Limia', 0, 19, 1, '1', 0),
(320, 0, 'Marcos', 'Litre', 0, 14, 4, '1', 0),
(321, 0, 'Braian', 'Lluy', 0, 15, 2, '1', 0),
(322, 0, 'Luciano', 'Lollo', 0, 6, 2, '1', 0),
(323, 0, 'Víctor David', 'López', 0, 1, 3, '1', 0),
(324, 0, 'Lisandro', 'López', 0, 3, 2, '3', 0),
(325, 0, 'Víctor', 'López', 0, 5, 2, '2', 0),
(326, 0, 'Hernán Rodrigo', 'López', 0, 5, 4, '2', 0),
(327, 0, 'Sergio', 'López', 0, 10, 3, '1', 0),
(328, 0, 'Nicolás', 'López', 0, 4, 4, '1', 0),
(329, 0, 'Cristian', 'Lucchetti', 0, 5, 1, '2', 0),
(330, 0, 'Adrián', 'Lucero', 0, 14, 3, '1', 0),
(331, 0, 'Abel', 'Luciatti', 0, 16, 2, '1', 0),
(332, 0, 'Rodrigo', 'Lugo', 0, 2, 1, '1', 0),
(333, 0, 'Pablo', 'Lugüercio', 0, 15, 4, '2', 0),
(334, 0, 'Sebastián', 'Luna', 0, 16, 2, '1', 0),
(335, 0, 'Carlos', 'Luna', 0, 18, 4, '2', 0),
(336, 0, 'Carlos', 'Luque', 0, 8, 4, '1', 0),
(337, 0, 'Alexis', 'Machuca', 0, 13, 2, '1', 0),
(338, 0, 'Gerardo', 'Maciel', 0, 5, 3, '1', 0),
(339, 0, 'Ezequiel', 'Maggiolo', 0, 18, 4, '2', 0),
(340, 0, 'Pablo', 'Magnín', 0, 19, 4, '1', 0),
(341, 0, 'Mauro', 'Maidana', 0, 19, 2, '1', 0),
(342, 0, 'Juan Carlos', 'Maldonado', 0, 6, 3, '1', 0),
(343, 0, 'Lucas', 'Mancinelli', 0, 12, 2, '1', 0),
(344, 0, 'Federico', 'Mancuello', 0, 6, 3, '1', 0),
(345, 0, 'César', 'Mansanelli', 0, 6, 3, '1', 0),
(346, 0, 'Agustín', 'Marchesín', 0, 12, 1, '2', 1),
(347, 0, 'Iván', 'Marcone', 0, 3, 3, '1', 0),
(348, 0, 'Leandro Lucas', 'Marín', 0, 7, 2, '1', 0),
(349, 0, 'Francisco', 'Martínez', 0, 1, 2, '1', 0),
(350, 0, 'Matías', 'Martínez', 0, 15, 2, '2', 1),
(351, 0, 'Diego', 'Martínez', 0, 16, 4, '1', 0),
(352, 0, 'Adrián', 'Martínez', 0, 16, 2, '1', 0),
(353, 0, 'Román', 'Martínez', 0, 18, 3, '2', 1),
(354, 0, 'Nicolás', 'Martínez', 0, 18, 2, '1', 0),
(355, 0, 'Juan Manuel', 'Martínez', 0, 20, 4, '3', 1),
(356, 0, 'Emmanuel', 'Mas', 0, 17, 2, '1', 1),
(357, 0, 'Ezequiel', 'Mastrolía', 0, 16, 1, '1', 0),
(358, 0, 'Diego', 'Mateo', 0, 13, 3, '1', 1),
(359, 0, 'Carlos', 'Matheu', 0, 11, 2, '2', 0),
(360, 0, 'Mauro', 'Matos', 0, 1, 4, '2', 1),
(361, 0, 'Francisco', 'Mattia', 0, 17, 2, '1', 0),
(362, 0, 'Juan Alberto', 'Mauri', 0, 14, 3, '1', 0),
(363, 0, 'Lucas', 'Melano', 0, 6, 4, '1', 0),
(364, 0, 'Jesús', 'Méndez', 0, 7, 3, '2', 0),
(365, 0, 'Gabriel', 'Méndez', 0, 16, 4, '2', 1),
(366, 0, 'Gonzalo', 'Menéndez', 0, 3, 2, '1', 0),
(367, 0, 'Lucas', 'Menossi', 0, 18, 3, '1', 0),
(368, 0, 'Juan Carlos', 'Menseguez', 0, 16, 4, '2', 0),
(369, 0, 'Gabriel', 'Mercado', 0, 9, 2, '2', 0),
(370, 0, 'Fernando', 'Meza', 0, 16, 2, '1', 0),
(371, 0, 'Pablo', 'Migliore', 0, 16, 1, '2', 1),
(372, 0, 'Pablo', 'Miguez', 0, 19, 3, '1', 0),
(373, 0, 'Gabriel', 'Milito', 0, 11, 2, '2', 0),
(374, 0, 'Nicolás', 'Millán', 0, 18, 4, '1', 0),
(375, 0, 'Pablo', 'Miranda', 0, 10, 4, '1', 0),
(376, 0, 'Maximiliano', 'Montero', 0, 18, 2, '1', 0),
(377, 0, 'Fausto', 'Montero', 0, 19, 3, '1', 0),
(378, 0, 'Marcelo', 'Montoya', 0, 20, 1, '2', 1),
(379, 0, 'Juan José', 'Morales', 0, 2, 4, '1', 1),
(380, 0, 'Diego', 'Morales', 0, 18, 3, '2', 1),
(381, 0, 'Giovanni', 'Moreno', 0, 15, 3, '3', 1),
(382, 0, 'Emanuel', 'Moreno', 0, 19, 3, '1', 0),
(383, 0, 'Iván', 'Moreno y Fabianesi', 0, 8, 3, '2', 1),
(384, 0, 'Claudio', 'Mosca', 0, 3, 3, '1', 0),
(385, 0, 'Pablo', 'Mouche', 0, 7, 4, '2', 1),
(386, 0, 'Gabriel Oscar', 'Moyano', 0, 10, 3, '1', 0),
(387, 0, 'Sebastián', 'Moyano', 0, 10, 1, '1', 0),
(388, 0, 'Lucas', 'Mugni', 0, 8, 3, '1', 0),
(389, 0, 'Damián', 'Musto', 0, 14, 3, '1', 0),
(390, 0, 'Alvaro', 'Navarro', 0, 10, 4, '1', 0),
(391, 0, 'Hilario', 'Navarro', 0, 11, 1, '2', 1),
(392, 0, 'Leandro', 'Navarro', 0, 16, 3, '1', 0),
(393, 0, 'Juan', 'Neira', 0, 12, 3, '1', 1),
(394, 0, 'Hugo Martín', 'Nervo', 0, 3, 2, '1', 0),
(395, 0, 'Brian', 'Nieva', 0, 11, 4, '1', 0),
(396, 0, 'Alexis', 'Niz', 0, 4, 2, '1', 0),
(397, 0, 'Ricardo', 'Noir', 0, 13, 4, '1', 1),
(398, 0, 'Leonel', 'Núñez', 0, 11, 4, '2', 0),
(399, 0, 'Maximiliano', 'Núñez', 0, 17, 3, '1', 0),
(400, 0, 'Fabricio', 'Núñez', 0, 19, 4, '1', 0),
(401, 0, 'Gustavo', 'Oberman', 0, 2, 4, '1', 0),
(402, 0, 'Mauro Iván', 'Obolo', 0, 3, 4, '3', 1),
(403, 0, 'Luis', 'Ojeda', 0, 2, 1, '1', 1),
(404, 0, 'Juan Carlos', 'Olave', 0, 6, 1, '1', 1),
(405, 0, 'Emanuel', 'Olivera', 0, 20, 2, '1', 0),
(406, 0, 'Nicolás', 'Olmedo', 0, 10, 3, '2', 0),
(407, 0, 'Lucas', 'Orban', 0, 18, 2, '1', 0),
(408, 0, 'Catriel', 'Orcellet', 0, 3, 1, '1', 0),
(409, 0, 'Agustín', 'Orion', 0, 7, 1, '3', 0),
(410, 0, 'Néstor', 'Ortigoza', 0, 16, 3, '3', 1),
(411, 0, 'Jorge', 'Ortiz', 0, 3, 3, '1', 0),
(412, 0, 'Fernando', 'Ortiz', 0, 20, 2, '2', 1),
(413, 0, 'Lucas', 'Oviedo', 0, 17, 3, '1', 0),
(414, 0, 'Jonathan', 'Pacheco', 0, 16, 3, '1', 0),
(415, 0, 'Hugo', 'Padilla', 0, 6, 2, '1', 0),
(416, 0, 'Matías', 'Palavecino', 0, 14, 2, '1', 0),
(417, 0, 'José Luis', 'Palomino', 0, 16, 2, '1', 0),
(418, 0, 'Armando', 'Panceri', 0, 1, 2, '1', 0),
(419, 0, 'Emiliano', 'Papa', 0, 20, 2, '2', 1),
(420, 0, 'Norberto', 'Paparatto', 0, 18, 2, '1', 0),
(421, 0, 'Leandro', 'Paredes', 0, 7, 4, '1', 0),
(422, 0, 'Lucas', 'Parodi', 0, 6, 3, '1', 0),
(423, 0, 'Facundo', 'Parra', 0, 11, 4, '2', 1),
(424, 0, 'Elian', 'Parrino', 0, 9, 2, '1', 0),
(425, 0, 'Pablo', 'Pavetti', 0, 4, 3, '1', 0),
(426, 0, 'Nicolás', 'Pavlovich', 0, 14, 4, '1', 0),
(427, 0, 'Mariano', 'Pavone', 0, 12, 4, '2', 1),
(428, 0, 'Fabricio', 'Pedrozo', 0, 16, 4, '1', 0),
(429, 0, 'Maximiliano', 'Pellegrino', 0, 8, 2, '2', 0),
(430, 0, 'Cristian', 'Pellerano', 0, 11, 3, '2', 0),
(431, 0, 'Hernán', 'Pellerano', 0, 13, 2, '2', 1),
(432, 0, 'Agustín', 'Pelletieri', 0, 15, 3, '2', 0),
(433, 0, 'Sebastián', 'Penco', 0, 17, 4, '1', 1),
(434, 0, 'Rodrigo', 'Pepe', 0, 5, 3, '1', 0),
(435, 0, 'Sebastián', 'Peratta', 0, 13, 1, '2', 0),
(436, 0, 'Emanuel', 'Perea', 0, 1, 3, '1', 0),
(437, 0, 'Hernán', 'Pereyra', 0, 5, 3, '1', 0),
(438, 0, 'César', 'Pereyra', 0, 6, 4, '2', 1),
(439, 0, 'Mauricio', 'Pereyra', 0, 12, 3, '1', 0),
(440, 0, 'Juan Pablo', 'Pereyra', 0, 19, 4, '1', 0),
(441, 0, 'Patricio', 'Pérez', 0, 1, 3, '1', 0),
(442, 0, 'Damián Alfredo', 'Pérez', 0, 3, 2, '1', 0),
(443, 0, 'Claudio', 'Pérez', 0, 6, 2, '1', 0),
(444, 0, 'Marco', 'Pérez', 0, 11, 4, '2', 1),
(445, 0, 'Jorge Iván', 'Pérez', 0, 11, 3, '1', 0),
(446, 0, 'Pablo', 'Pérez', 0, 13, 3, '1', 1),
(447, 0, 'Leonel Marcos', 'Pérez', 0, 13, 3, '1', 0),
(448, 0, 'Alejandro', 'Pérez', 0, 19, 2, '1', 0),
(449, 0, 'Matías', 'Pérez García', 0, 1, 3, '1', 0),
(450, 0, 'Martín', 'Pérez Guedes', 0, 14, 3, '1', 0),
(451, 0, 'Gabriel', 'Pérez Tarifa', 0, 2, 4, '1', 0),
(452, 0, 'Gino', 'Peruzzi', 0, 20, 2, '1', 0),
(453, 0, 'Bruno', 'Pezzella', 0, 6, 3, '1', 0),
(454, 0, 'Leonel', 'Pietkiewitz', 0, 4, 3, '1', 0),
(455, 0, 'Iván', 'Pillud', 0, 15, 2, '2', 1),
(456, 0, 'Marcos', 'Pinto', 0, 12, 2, '1', 0),
(457, 0, 'Emanuel', 'Pío', 0, 18, 3, '1', 0),
(458, 0, 'Federico', 'Pistone', 0, 2, 2, '1', 0),
(459, 0, 'Guido', 'Pizarro', 0, 12, 3, '2', 1),
(460, 0, 'Luciano', 'Pocrnjic', 0, 17, 1, '1', 1),
(461, 0, 'Federico', 'Poggi', 0, 17, 3, '1', 0),
(462, 0, 'Diego', 'Pozo', 0, 8, 1, '2', 1),
(463, 0, 'Sebastián', 'Prediger', 0, 8, 3, '1', 0),
(464, 0, 'Mauricio', 'Prol', 0, 1, 3, '1', 0),
(465, 0, 'Gonzalo', 'Prósperi', 0, 2, 2, '2', 1),
(466, 0, 'Ismael', 'Quilez', 0, 8, 2, '1', 0),
(467, 0, 'Carlos', 'Quintana', 0, 12, 2, '1', 0),
(468, 0, 'Marcelo', 'Quinteros', 0, 5, 3, '1', 0),
(469, 0, 'Ronald', 'Quinteros', 0, 19, 3, '1', 0),
(470, 0, 'Facundo', 'Quiroga', 0, 1, 2, '1', 0),
(471, 0, 'Juan', 'Quiroga', 0, 6, 2, '1', 0),
(472, 0, 'Raúl', 'Quiroga', 0, 17, 3, '1', 0),
(473, 0, 'Matías', 'Quiroga', 0, 19, 4, '1', 0),
(474, 0, 'Ronald', 'Raldes', 0, 8, 2, '2', 0),
(475, 0, 'Juan Edgardo', 'Ramírez', 0, 2, 3, '1', 0),
(476, 0, 'Alfredo', 'Ramírez', 0, 8, 3, '1', 0),
(477, 0, 'Rubén', 'Ramírez', 0, 10, 4, '2', 1),
(478, 0, 'Julio Gonzalo', 'Ramírez', 0, 16, 3, '1', 0),
(479, 0, 'David', 'Ramírez', 0, 20, 3, '3', 1),
(480, 0, 'Jonathan', 'Ramírez', 0, 20, 4, '1', 1),
(481, 0, 'Franco', 'Razzotti', 0, 20, 3, '1', 0),
(482, 0, 'Germán', 'Ré', 0, 9, 2, '2', 0),
(483, 0, 'Mario', 'Regueiro', 0, 12, 3, '3', 1),
(484, 0, 'Ezequiel', 'Rescaldani', 0, 20, 4, '1', 0),
(485, 0, 'Juan Cruz', 'Respuela', 0, 15, 3, '1', 0),
(486, 0, 'Salvador', 'Reynoso', 0, 16, 3, '1', 0),
(487, 0, 'César', 'Rigamonti', 0, 6, 1, '1', 0),
(488, 0, 'Emiliano', 'Rigoni', 0, 6, 3, '1', 0),
(489, 0, 'Leonel', 'Ríos', 0, 14, 3, '1', 0),
(490, 0, 'Juan Román', 'Riquelme', 0, 7, 3, '3', 1),
(491, 0, 'Ciro', 'Rius', 0, 2, 4, '1', 0),
(492, 0, 'Diego', 'Rivero', 0, 7, 3, '2', 1),
(493, 0, 'Marcos', 'Riveros', 0, 13, 3, '1', 0),
(494, 0, 'Emison', 'Roberval', 0, 17, 4, '1', 1),
(495, 0, 'Leonardo', 'Roda', 0, 17, 4, '1', 0),
(496, 0, 'Andrés', 'Rodales', 0, 18, 2, '1', 0),
(497, 0, 'Juan Pablo', 'Rodríguez', 0, 1, 3, '1', 0),
(498, 0, 'Lucas', 'Rodríguez', 0, 2, 2, '1', 0),
(499, 0, 'Gonzalo', 'Rodríguez', 0, 2, 4, '1', 0),
(500, 0, 'Ribair', 'Rodríguez', 0, 6, 3, '1', 0),
(501, 0, 'Clemente', 'Rodríguez', 0, 7, 2, '2', 1),
(502, 0, 'Patricio', 'Rodríguez', 0, 11, 3, '2', 0),
(503, 0, 'Diego', 'Rodríguez', 0, 11, 1, '1', 0),
(504, 0, 'Germán', 'Rodríguez Rojas', 0, 4, 3, '1', 0),
(505, 0, 'Ariel', 'Rojas', 0, 10, 3, '2', 1),
(506, 0, 'Martín', 'Rolle', 0, 14, 3, '2', 1),
(507, 0, 'Leandro', 'Romagnoli', 0, 16, 3, '2', 1),
(508, 0, 'Bernardo', 'Romeo', 0, 16, 4, '2', 0),
(509, 0, 'Andrés', 'Romero', 0, 2, 4, '1', 0),
(510, 0, 'Silvio', 'Romero', 0, 12, 4, '2', 1),
(511, 0, 'Emiliano', 'Romero', 0, 14, 4, '1', 0),
(512, 0, 'Jonatan', 'Romero', 0, 18, 2, '1', 0),
(513, 0, 'Facundo', 'Roncaglia', 0, 7, 2, '2', 1),
(514, 0, 'Ariel', 'Rosada', 0, 14, 3, '1', 0),
(515, 0, 'Pablo', 'Rosales', 0, 9, 2, '1', 0),
(516, 0, 'Paulo', 'Rosales', 0, 19, 3, '2', 1),
(517, 0, 'Pablo', 'Rúdisi', 0, 6, 2, '1', 0),
(518, 0, 'Matias Ezequiel', 'Rudler', 0, 1, 3, '1', 0),
(519, 0, 'Henry', 'Rui', 0, 1, 4, '1', 0),
(520, 0, 'Enzo Adrián', 'Ruiz', 0, 7, 2, '1', 0),
(521, 0, 'Pablo', 'Ruiz', 0, 10, 4, '1', 0),
(522, 0, 'Roberto', 'Russo', 0, 10, 2, '1', 0),
(523, 0, 'Raúl', 'Saavedra', 0, 17, 2, '1', 0),
(524, 0, 'Juan', 'Sabia', 0, 2, 2, '1', 0),
(525, 0, 'Joel', 'Sacks', 0, 4, 2, '1', 0),
(526, 0, 'Nicolás', 'Sainz', 0, 15, 2, '1', 0),
(527, 0, 'Sebastián', 'Saja', 0, 15, 1, '3', 0),
(528, 0, 'Franklin', 'Salas', 0, 10, 4, '1', 0),
(529, 0, 'Santiago', 'Salcedo', 0, 2, 4, '2', 0),
(530, 0, 'Juan', 'Salgueiro', 0, 16, 4, '2', 0),
(531, 0, 'Carlos', 'Salom', 0, 1, 4, '1', 0),
(532, 0, 'José', 'San Román', 0, 16, 2, '1', 0),
(533, 0, 'Fernando', 'Sánchez', 0, 1, 3, '1', 0),
(534, 0, 'Matías', 'Sánchez', 0, 9, 3, '2', 0),
(535, 0, 'Nicolás', 'Sánchez', 0, 10, 2, '2', 1),
(536, 0, 'Sergio', 'Sánchez', 0, 10, 3, '1', 0),
(537, 0, 'Guillermo', 'Sánchez', 0, 14, 2, '1', 0),
(538, 0, 'Juan Manuel', 'Sánchez Miño', 0, 19, 3, '1', 0),
(539, 0, 'Damián', 'Santagatti', 0, 19, 2, '1', 0),
(540, 0, 'Pablo', 'Santillo', 0, 5, 1, '1', 0),
(541, 0, 'Guillermo', 'Sara', 0, 4, 1, '1', 1),
(542, 0, 'Brian', 'Sarmiento', 0, 15, 4, '1', 0),
(543, 0, 'Marcelo', 'Sarmiento', 0, 19, 3, '1', 0),
(544, 0, 'Matías', 'Sarulyte', 0, 9, 2, '1', 0),
(545, 0, 'Gastón', 'Sauro', 0, 7, 2, '1', 0),
(546, 0, 'Mauricio', 'Scaglia', 0, 13, 2, '1', 0),
(547, 0, 'Juan Pablo', 'Scheffer', 0, 14, 2, '1', 0),
(548, 0, 'Rolando', 'Schiavi', 0, 7, 2, '3', 0),
(549, 0, 'Favio', 'Segovia', 0, 5, 2, '1', 0),
(550, 0, 'Sergio', 'Sena', 0, 3, 3, '1', 0),
(551, 0, 'Walter', 'Serrano', 0, 4, 3, '1', 1),
(552, 0, 'Matías', 'Sierra', 0, 3, 3, '1', 0),
(553, 0, 'Leonardo', 'Sigali', 0, 10, 2, '2', 0),
(554, 0, 'Juan Ignacio', 'Sills', 0, 20, 2, '1', 0),
(555, 0, 'Agustín', 'Silva', 0, 9, 1, '1', 0),
(556, 0, 'Andrés', 'Silvera', 0, 6, 4, '2', 1),
(557, 0, 'Luis', 'Solignac', 0, 5, 4, '1', 0),
(558, 0, 'Leandro', 'Somoza', 0, 7, 3, '2', 0),
(559, 0, 'Franco', 'Sosa', 0, 7, 2, '1', 1),
(560, 0, 'Sebastián', 'Sosa', 0, 7, 1, '1', 0),
(561, 0, 'Diego', 'Sosa', 0, 17, 2, '1', 0),
(562, 0, 'Carlos', 'Soto', 0, 1, 2, '1', 0),
(563, 0, 'Santiago', 'Soto', 0, 8, 3, '1', 0),
(564, 0, 'Matías', 'Soto Torres', 0, 19, 3, '1', 0),
(565, 0, 'Mauricio', 'Sperduti', 0, 13, 3, '3', 1),
(566, 0, 'Darío', 'Stefanatto', 0, 1, 3, '1', 1),
(567, 0, 'Gastón', 'Suárez', 0, 6, 3, '1', 0),
(568, 0, 'Pedro', 'Suárez', 0, 19, 2, '1', 0),
(569, 0, 'Nicolás', 'Tagliafico', 0, 5, 2, '1', 1),
(570, 0, 'Juan', 'Tejera', 0, 14, 2, '1', 0),
(571, 0, 'Emiliano', 'Tellechea', 0, 16, 3, '1', 0),
(572, 0, 'Fernando', 'Tobio', 0, 20, 2, '1', 0),
(573, 0, 'Gustavo', 'Toledo', 0, 5, 2, '1', 0),
(574, 0, 'Laureano', 'Tombolini', 0, 14, 1, '1', 1),
(575, 0, 'Martín', 'Tonso', 0, 13, 3, '1', 0),
(576, 0, 'Patricio', 'Toranzo', 0, 15, 3, '2', 1),
(577, 0, 'Agustín', 'Torassa', 0, 1, 4, '1', 0),
(578, 0, 'Miguel', 'Torrén', 0, 2, 2, '1', 0),
(579, 0, 'Diego', 'Torres', 0, 3, 4, '1', 0),
(580, 0, 'Bernardo', 'Torres', 0, 6, 3, '1', 0),
(581, 0, 'Adrián', 'Torres', 0, 10, 3, '1', 0),
(582, 0, 'Aureliano', 'Torres', 0, 16, 2, '2', 0),
(583, 0, 'Sebastián', 'Torrico', 0, 10, 1, '2', 0),
(584, 0, 'Cristian', 'Trombetta', 0, 3, 2, '1', 0),
(585, 0, 'Cristian', 'Tula', 0, 16, 2, '2', 0),
(586, 0, 'Federico', 'Tursi', 0, 18, 1, '1', 0),
(587, 0, 'Gastón', 'Turus', 0, 6, 2, '1', 1),
(588, 0, 'Eduardo', 'Tuzzio', 0, 11, 2, '2', 0),
(589, 0, 'Bruno', 'Urribarri', 0, 8, 2, '1', 1),
(590, 0, 'Maximiliano', 'Urruti', 0, 13, 4, '1', 0),
(591, 0, 'Matías', 'Valdez', 0, 12, 2, '1', 0),
(592, 0, 'Carmelo', 'Valencia', 0, 13, 4, '1', 0),
(593, 0, 'Diego', 'Valeri', 0, 12, 3, '3', 1),
(594, 0, 'Jonathan', 'Valle', 0, 13, 2, '1', 0),
(595, 0, 'Gabriel', 'Vallés', 0, 11, 2, '1', 0),
(596, 0, 'Leonel', 'Vangioni', 0, 13, 3, '2', 0),
(597, 0, 'Cristian', 'Varela', 0, 1, 2, '1', 0),
(598, 0, 'Franco', 'Vázquez', 0, 6, 3, '2', 1),
(599, 0, 'David', 'Vega', 0, 14, 3, '1', 0),
(600, 0, 'Maximiliano', 'Velasco', 0, 13, 4, '1', 0),
(601, 0, 'Julián', 'Velázquez', 0, 11, 2, '1', 1),
(602, 0, 'Maximiliano', 'Velázquez', 0, 11, 2, '2', 1),
(603, 0, 'Jorge', 'Velázquez', 0, 19, 3, '1', 0),
(604, 0, 'Leandro', 'Velázquez', 0, 20, 3, '1', 0),
(605, 0, 'José', 'Vélez', 0, 11, 2, '1', 0),
(606, 0, 'Cristian', 'Vella', 0, 1, 2, '1', 0),
(607, 0, 'Renzo', 'Vera', 0, 19, 2, '1', 0),
(608, 0, 'Santiago', 'Vergini', 0, 13, 2, '1', 0),
(609, 0, 'Juan Sebastián', 'Verón', 0, 9, 3, '3', 0),
(610, 0, 'Lucas', 'Viatri', 0, 7, 4, '3', 1),
(611, 0, 'Sebastián', 'Vidal', 0, 19, 3, '1', 0),
(612, 0, 'Juan', 'Vieyra', 0, 13, 3, '1', 0),
(613, 0, 'Lucas', 'Villafáñez', 0, 11, 3, '1', 0),
(614, 0, 'Hernán', 'Villalba', 0, 13, 3, '1', 0),
(615, 0, 'Cristian', 'Villanueva', 0, 14, 2, '1', 0),
(616, 0, 'Justo', 'Villar', 0, 9, 1, '2', 0),
(617, 0, 'Diego', 'Villar', 0, 10, 3, '2', 1),
(618, 0, 'Valentín', 'Viola', 0, 15, 4, '1', 0),
(619, 0, 'Darío', 'Vitelli', 0, 6, 2, '1', 0),
(620, 0, 'Oswaldo', 'Vizcarrondo', 0, 14, 2, '1', 0),
(621, 0, 'Germán', 'Voboril', 0, 10, 2, '1', 0),
(622, 0, 'Agustín', 'Vuletich', 0, 20, 4, '1', 0),
(623, 0, 'Martín', 'Wagner', 0, 17, 3, '1', 0),
(624, 0, 'Claudio', 'Yacob', 0, 15, 3, '2', 1),
(625, 0, 'Walter', 'Yacob', 0, 19, 2, '1', 0),
(626, 0, 'Rubén', 'Zamponi', 0, 17, 2, '1', 0),
(627, 0, 'Martín', 'Zapata', 0, 1, 3, '1', 0),
(628, 0, 'Duván', 'Zapata', 0, 9, 4, '1', 0),
(629, 0, 'Víctor', 'Zapata', 0, 20, 3, '2', 1),
(630, 0, 'Martín', 'Zbrun', 0, 4, 2, '1', 1),
(631, 0, 'Matías', 'Zbrun', 0, 4, 4, '1', 0),
(632, 0, 'Emilio', 'Zelaya', 0, 3, 4, '1', 0),
(633, 0, 'Bruno', 'Zuculini', 0, 15, 3, '1', 0),
(634, 0, 'Santiago', 'Zurbriggen', 0, 19, 2, '1', 0);

-- --------------------------------------------------------

--
-- Estructura de tabla para la tabla `playermatch`
--

DROP TABLE IF EXISTS `playermatch`;
CREATE TABLE IF NOT EXISTS `playermatch` (
  `id` bigint(20) NOT NULL auto_increment,
  `version` bigint(20) NOT NULL default '0',
  `player` bigint(20) NOT NULL,
  `match_` bigint(20) NOT NULL,
  `totalPoints` double default NULL,
  `olePoints` double default NULL,
  `cleanGoal` tinyint(1) default NULL,
  `recivedGoals` int(11) default NULL,
  `ownGoals` int(11) default NULL,
  `mom` tinyint(1) default NULL,
  `goals` int(11) default NULL,
  `penaltyGoals` int(11) default NULL,
  `freeKickGoals` int(11) default NULL,
  `missedPenalties` int(11) default NULL,
  `cachedPenalties` int(11) default NULL,
  `yellowCard` tinyint(1) default NULL,
  `redCard` tinyint(1) default NULL,
  PRIMARY KEY  (`id`),
  UNIQUE KEY `UK_PlayerMatch_player_match` (`player`,`match_`),
  KEY `FK_PlayerMatch_player` (`player`),
  KEY `FK_PlayerMatch_match` (`match_`)
) ENGINE=InnoDB  DEFAULT CHARSET=latin1 AUTO_INCREMENT=875 ;

--
-- Volcar la base de datos para la tabla `playermatch`
--

INSERT INTO `playermatch` (`id`, `version`, `player`, `match_`, `totalPoints`, `olePoints`, `cleanGoal`, `recivedGoals`, `ownGoals`, `mom`, `goals`, `penaltyGoals`, `freeKickGoals`, `missedPenalties`, `cachedPenalties`, `yellowCard`, `redCard`) VALUES
(1, 0, 69, 879, 3.5, 4.5, 0, 0, 0, 0, 0, 0, 0, 0, 0, 1, 0),
(2, 0, 358, 879, 5.5, 5.5, 0, 0, 0, 0, 0, 0, 0, 0, 0, 0, 0),
(3, 0, 397, 879, 4.5, 4.5, 0, 0, 0, 0, 0, 0, 0, 0, 0, 0, 0),
(4, 1, 431, 879, 13, 6.5, 0, 0, 0, 1, 0, 0, 0, 0, 0, 0, 0),
(5, 0, 565, 879, 4.5, 4.5, 0, 0, 0, 0, 0, 0, 0, 0, 0, 0, 0),
(6, 0, 158, 879, 4.5, 4.5, 0, 0, 0, 0, 0, 0, 0, 0, 0, 0, 0),
(7, 0, 259, 879, 3, 3, 0, 0, 0, 0, 0, 0, 0, 0, 0, 0, 0),
(8, 0, 383, 879, 3, 4, 0, 0, 0, 0, 0, 0, 0, 0, 0, 1, 0),
(9, 0, 589, 879, 5, 5, 0, 0, 0, 0, 0, 0, 0, 0, 0, 0, 0),
(10, 0, 222, 879, 4.5, 4.5, 0, 0, 0, 0, 0, 0, 0, 0, 0, 0, 0),
(11, 0, 181, 876, 5, 5, 0, 0, 0, 0, 0, 0, 0, 0, 0, 0, 0),
(12, 0, 188, 876, 13, 7, 0, 0, 0, 0, 1, 0, 0, 0, 0, 0, 0),
(13, 0, 353, 876, 6, 6, 0, 0, 0, 0, 0, 0, 0, 0, 0, 0, 0),
(14, 0, 380, 876, 7.5, 7.5, 0, 0, 0, 0, 0, 0, 0, 0, 0, 0, 0),
(15, 0, 217, 876, 3, 4, 0, 0, 0, 0, 0, 0, 0, 0, 0, 1, 0),
(16, 0, 80, 880, 6, 6, 0, 0, 0, 0, 0, 0, 0, 0, 0, 0, 0),
(17, 0, 250, 880, 6, 6, 0, 0, 0, 0, 0, 0, 0, 0, 0, 0, 0),
(18, 0, 297, 880, 3, 3, 0, 0, 0, 0, 0, 0, 0, 0, 0, 0, 0),
(19, 0, 365, 880, 5.5, 5.5, 0, 0, 0, 0, 0, 0, 0, 0, 0, 0, 0),
(20, 0, 371, 880, 4, 4, 0, 0, 0, 0, 0, 0, 0, 0, 0, 0, 0),
(21, 0, 410, 880, 3, 4, 0, 0, 0, 0, 0, 0, 0, 0, 0, 1, 0),
(22, 0, 507, 880, 4.5, 4.5, 0, 0, 0, 0, 0, 0, 0, 0, 0, 0, 0),
(23, 0, 313, 880, 5.5, 5.5, 0, 0, 0, 0, 0, 0, 0, 0, 0, 0, 0),
(24, 0, 404, 880, 7, 6, 1, NULL, 0, 0, 0, 0, 0, 0, 0, 1, 0),
(25, 0, 438, 880, 5, 5, 0, 0, 0, 0, 0, 0, 0, 0, 0, 0, 0),
(26, 0, 556, 880, 5, 5, 0, 0, 0, 0, 0, 0, 0, 0, 0, 0, 0),
(27, 0, 587, 880, 5, 5, 0, 0, 0, 0, 0, 0, 0, 0, 0, 0, 0),
(28, 0, 598, 880, 5, 5, 0, 0, 0, 0, 0, 0, 0, 0, 0, 0, 0),
(29, 0, 24, 873, 5, 5, 0, 0, 0, 0, 0, 0, 0, 0, 0, 0, 0),
(30, 0, 122, 873, 6, 6, 0, 0, 0, 0, 0, 0, 0, 0, 0, 0, 0),
(31, 0, 231, 873, 6, 6, 0, 0, 0, 0, 0, 0, 0, 0, 0, 0, 0),
(32, 0, 293, 873, 6, 6, 0, 0, 0, 0, 0, 0, 0, 0, 0, 0, 0),
(33, 0, 346, 873, 6, 7, 0, 1, 0, 0, 0, 0, 0, 0, 0, 0, 0),
(34, 0, 510, 873, 9, 6, 0, 0, 0, 0, 1, 0, 0, 0, 0, 0, 0),
(35, 0, 78, 873, 5, 5, 0, 0, 0, 0, 0, 0, 0, 0, 0, 0, 0),
(36, 0, 117, 873, 5, 5, 0, 0, 0, 0, 0, 0, 0, 0, 0, 0, 0),
(37, 0, 260, 873, 9.5, 5.5, 0, 0, 0, 0, 1, 0, 0, 0, 0, 0, 0),
(38, 0, 287, 873, 3, 4, 0, 0, 0, 0, 0, 0, 0, 0, 0, 1, 0),
(39, 0, 427, 873, 5, 5, 0, 0, 0, 0, 0, 0, 0, 0, 0, 0, 0),
(40, 0, 459, 873, 5, 5, 0, 0, 0, 0, 0, 0, 0, 0, 0, 0, 0),
(41, 0, 483, 873, 10.5, 6.5, 0, 0, 0, 0, 1, 0, 0, 0, 0, 0, 0),
(42, 0, 101, 875, 5.5, 5.5, 0, 0, 0, 0, 0, 0, 0, 0, 0, 0, 0),
(43, 0, 135, 875, 4.5, 4.5, 0, 0, 0, 0, 0, 0, 0, 0, 0, 0, 0),
(44, 0, 276, 875, 4.5, 4.5, 0, 0, 0, 0, 0, 0, 0, 0, 0, 0, 0),
(45, 0, 317, 875, 4.5, 4.5, 0, 0, 0, 0, 0, 0, 0, 0, 0, 0, 0),
(46, 1, 350, 875, 3, 5, 0, 0, 0, 0, 0, 0, 0, 0, 0, 0, 1),
(47, 0, 381, 875, 6, 6, 0, 0, 0, 0, 0, 0, 0, 0, 0, 0, 0),
(48, 0, 455, 875, 4, 5, 0, 0, 0, 0, 0, 0, 0, 0, 0, 1, 0),
(49, 0, 576, 875, 5, 5, 0, 0, 0, 0, 0, 0, 0, 0, 0, 0, 0),
(50, 0, 624, 875, 2.5, 3.5, 0, 0, 0, 0, 0, 0, 0, 0, 0, 1, 0),
(51, 0, 87, 874, 5.5, 5.5, 0, 0, 0, 0, 0, 0, 0, 0, 0, 0, 0),
(52, 0, 310, 874, 4.5, 5.5, 0, 0, 0, 0, 0, 0, 0, 0, 0, 1, 0),
(53, 0, 402, 874, 9, 6, 0, 0, 0, 0, 1, 0, 0, 0, 0, 0, 0),
(54, 0, 93, 874, 5.5, 5.5, 0, 0, 0, 0, 0, 0, 0, 0, 0, 0, 0),
(55, 0, 477, 874, 9, 6, 0, 0, 0, 0, 1, 0, 0, 0, 0, 0, 0),
(56, 0, 505, 874, 15, 7.5, 0, 0, 0, 1, 0, 0, 0, 0, 0, 0, 0),
(57, 0, 535, 874, 5.5, 6.5, 0, 0, 0, 0, 0, 0, 0, 0, 0, 1, 0),
(58, 0, 617, 874, 6.5, 6.5, 0, 0, 0, 0, 0, 0, 0, 0, 0, 0, 0),
(59, 0, 105, 875, 8, 6, 1, NULL, 0, 0, 0, 0, 0, 0, 0, 0, 0),
(60, 0, 184, 875, 5.5, 5.5, 0, 0, 0, 0, 0, 0, 0, 0, 0, 0, 0),
(61, 0, 360, 875, 4.5, 4.5, 0, 0, 0, 0, 0, 0, 0, 0, 0, 0, 0),
(62, 0, 566, 875, 5, 5, 0, 0, 0, 0, 0, 0, 0, 0, 0, 0, 0),
(63, 0, 423, 881, 5, 5, 0, 0, 0, 0, 0, 0, 0, 0, 0, 0, 0),
(64, 0, 444, 881, 3, 3, 0, 0, 0, 0, 0, 0, 0, 0, 0, 0, 0),
(65, 0, 601, 881, 7, 7, 0, 0, 0, 0, 0, 0, 0, 0, 0, 0, 0),
(66, 0, 602, 881, 4, 4, 0, 0, 0, 0, 0, 0, 0, 0, 0, 0, 0),
(67, 0, 143, 881, 4, 4, 0, 0, 0, 0, 0, 0, 0, 0, 0, 0, 0),
(68, 0, 164, 881, 6, 6, 0, 0, 0, 0, 0, 0, 0, 0, 0, 0, 0),
(69, 0, 192, 881, 5, 5, 0, 0, 0, 0, 0, 0, 0, 0, 0, 0, 0),
(70, 0, 385, 881, 6, 6, 0, 0, 0, 0, 0, 0, 0, 0, 0, 0, 0),
(71, 0, 492, 881, 4.5, 5.5, 0, 0, 0, 0, 0, 0, 0, 0, 0, 1, 0),
(72, 0, 501, 881, 6, 6, 0, 0, 0, 0, 0, 0, 0, 0, 0, 0, 0),
(73, 0, 513, 881, 5, 5, 0, 0, 0, 0, 0, 0, 0, 0, 0, 0, 0),
(74, 0, 610, 881, 6, 7, 0, 0, 0, 0, 0, 0, 0, 0, 0, 1, 0),
(75, 0, 43, 877, 18, 8, 0, 0, 0, 1, 1, 0, 0, 0, 0, 1, 0),
(76, 0, 506, 877, 11.5, 7.5, 0, 0, 0, 0, 1, 0, 0, 0, 0, 0, 0),
(77, 0, 574, 877, 11, 8, 0, 1, 0, 0, 0, 0, 0, 0, 1, 0, 0),
(78, 0, 46, 877, 4, 6, 0, 2, 0, 0, 0, 0, 0, 0, 0, 0, 0),
(79, 0, 110, 877, 6.5, 6.5, 0, 0, 0, 0, 0, 0, 0, 0, 0, 0, 0),
(80, 1, 227, 877, 4.5, 5.5, 0, 0, 0, 0, 1, 0, 0, 1, 0, 0, 0),
(81, 0, 355, 877, 5, 5, 0, 0, 0, 0, 0, 0, 0, 0, 0, 0, 0),
(82, 0, 412, 877, 5, 5, 0, 0, 0, 0, 0, 0, 0, 0, 0, 0, 0),
(83, 0, 419, 877, 4.5, 4.5, 0, 0, 0, 0, 0, 0, 0, 0, 0, 0, 0),
(84, 1, 629, 877, 4.5, 5.5, 0, 0, 0, 0, 0, 0, 0, 0, 0, 1, 0),
(85, 0, 75, 872, 6, 6, 0, 0, 0, 0, 0, 0, 0, 0, 0, 0, 0),
(86, 0, 265, 872, 6, 6, 0, 0, 0, 0, 0, 0, 0, 0, 0, 0, 0),
(87, 0, 305, 872, 5, 5, 0, 0, 0, 0, 0, 0, 0, 0, 0, 0, 0),
(88, 0, 356, 872, 5, 5, 0, 0, 0, 0, 0, 0, 0, 0, 0, 0, 0),
(89, 0, 460, 872, 16, 7, 1, NULL, 0, 1, 0, 0, 0, 0, 0, 0, 0),
(90, 0, 494, 872, 5, 5, 0, 0, 0, 0, 0, 0, 0, 0, 0, 0, 0),
(91, 0, 53, 872, 4, 4, 0, 0, 0, 0, 0, 0, 0, 0, 0, 0, 0),
(92, 0, 279, 872, 4, 4, 0, 0, 0, 0, 0, 0, 0, 0, 0, 0, 0),
(93, 0, 300, 872, 5, 6, 0, 0, 0, 0, 0, 0, 0, 0, 0, 1, 0),
(94, 0, 379, 872, 5, 5, 0, 0, 0, 0, 0, 0, 0, 0, 0, 0, 0),
(95, 0, 403, 872, 8.5, 6.5, 1, NULL, 0, 0, 0, 0, 0, 0, 0, 0, 0),
(96, 0, 465, 872, 6, 6, 0, 0, 0, 0, 0, 0, 0, 0, 0, 0, 0),
(97, 0, 35, 878, 5, 5, 0, 0, 0, 0, 0, 0, 0, 0, 0, 0, 0),
(98, 0, 47, 878, 0, 5, 0, 0, 0, 0, 0, 0, 0, 1, 0, 1, 0),
(99, 0, 76, 878, 4, 5, 0, 1, 0, 0, 0, 0, 0, 0, 0, 0, 0),
(100, 0, 516, 878, 4, 5, 0, 0, 0, 0, 0, 0, 0, 0, 0, 1, 0),
(101, 0, 136, 878, 6.5, 6.5, 0, 0, 0, 0, 0, 0, 0, 0, 0, 0, 0),
(102, 0, 242, 878, 5, 5, 0, 0, 0, 0, 0, 0, 0, 0, 0, 0, 0),
(103, 0, 263, 878, 5.5, 5.5, 0, 0, 0, 0, 0, 0, 0, 0, 0, 0, 0),
(104, 0, 296, 878, 6, 6, 0, 0, 0, 0, 0, 0, 0, 0, 0, 0, 0),
(105, 0, 541, 878, 24, 9, 1, NULL, 0, 1, 0, 0, 0, 0, 1, 0, 0),
(106, 0, 551, 878, 5, 6, 0, 0, 0, 0, 0, 0, 0, 0, 0, 1, 0),
(107, 0, 136, 889, 6, 6, 0, 0, 0, 0, 0, 0, 0, 0, 0, 0, 0),
(108, 0, 237, 889, 5, 5, 0, 0, 0, 0, 0, 0, 0, 0, 0, 0, 0),
(109, 0, 242, 889, 5, 5, 0, 0, 0, 0, 0, 0, 0, 0, 0, 0, 0),
(110, 0, 263, 889, 14, 7, 0, 0, 0, 1, 0, 0, 0, 0, 0, 0, 0),
(111, 0, 296, 889, 5, 5, 0, 0, 0, 0, 0, 0, 0, 0, 0, 0, 0),
(112, 0, 541, 889, 8.5, 6.5, 1, NULL, 0, 0, 0, 0, 0, 0, 0, 0, 0),
(113, 0, 551, 889, 4.5, 4.5, 0, 0, 0, 0, 0, 0, 0, 0, 0, 0, 0),
(114, 0, 630, 889, 4.5, 4.5, 0, 0, 0, 0, 0, 0, 0, 0, 0, 0, 0),
(115, 0, 69, 889, 6, 6, 0, 0, 0, 0, 0, 0, 0, 0, 0, 0, 0),
(116, 0, 222, 889, 3.5, 4.5, 0, 0, 0, 0, 0, 0, 0, 0, 0, 1, 0),
(117, 0, 358, 889, 4, 5, 0, 0, 0, 0, 0, 0, 0, 0, 0, 1, 0),
(118, 0, 397, 889, 4, 4, 0, 0, 0, 0, 0, 0, 0, 0, 0, 0, 0),
(119, 0, 431, 889, 5, 5, 0, 0, 0, 0, 0, 0, 0, 0, 0, 0, 0),
(120, 0, 565, 889, 6, 6, 0, 0, 0, 0, 0, 0, 0, 0, 0, 0, 0),
(121, 0, 158, 888, 6, 6, 0, 0, 0, 0, 0, 0, 0, 0, 0, 0, 0),
(122, 0, 259, 888, 5, 5, 0, 0, 0, 0, 0, 0, 0, 0, 0, 0, 0),
(123, 0, 589, 888, 4.5, 5.5, 0, 0, 0, 0, 0, 0, 0, 0, 0, 1, 0),
(124, 0, 80, 888, 5, 5, 0, 0, 0, 0, 0, 0, 0, 0, 0, 0, 0),
(125, 0, 250, 888, 9, 6, 0, 0, 0, 0, 1, 0, 0, 0, 0, 0, 0),
(126, 0, 297, 888, 5, 5, 0, 0, 0, 0, 0, 0, 0, 0, 0, 0, 0),
(127, 0, 365, 888, 5, 5, 0, 0, 0, 0, 0, 0, 0, 0, 0, 0, 0),
(128, 0, 371, 888, 0, 3, 0, 3, 0, 0, 0, 0, 0, 0, 0, 0, 0),
(129, 0, 507, 888, 5, 5, 0, 0, 0, 0, 0, 0, 0, 0, 0, 0, 0),
(130, 0, 101, 891, 6, 6, 0, 0, 0, 0, 0, 0, 0, 0, 0, 0, 0),
(131, 0, 135, 891, 5, 6, 0, 0, 0, 0, 0, 0, 0, 0, 0, 1, 0),
(132, 0, 273, 891, 9, 7, 0, 0, 0, 0, 1, 0, 0, 0, 0, 1, 0),
(133, 0, 276, 891, 5, 5, 0, 0, 0, 0, 0, 0, 0, 0, 0, 0, 0),
(134, 0, 317, 891, 6.5, 7.5, 0, 0, 0, 0, 0, 0, 0, 0, 0, 1, 0),
(135, 0, 381, 891, 6.5, 6.5, 0, 0, 0, 0, 0, 0, 0, 0, 0, 0, 0),
(136, 0, 455, 891, 6, 6, 0, 0, 0, 0, 0, 0, 0, 0, 0, 0, 0),
(137, 0, 576, 891, 4, 4, 0, 0, 0, 0, 0, 0, 0, 0, 0, 0, 0),
(138, 0, 624, 891, 6.5, 6.5, 0, 0, 0, 0, 0, 0, 0, 0, 0, 0, 0),
(139, 0, 43, 891, 4.5, 5.5, 0, 0, 0, 0, 0, 0, 0, 0, 0, 1, 0),
(140, 0, 506, 891, 5, 5, 0, 0, 0, 0, 0, 0, 0, 0, 0, 0, 0),
(141, 0, 574, 891, 6.5, 7.5, 0, 1, 0, 0, 0, 0, 0, 0, 0, 0, 0),
(142, 0, 78, 884, 3, 3, 0, 0, 0, 0, 0, 0, 0, 0, 0, 0, 0),
(143, 0, 138, 884, 4, 4, 0, 0, 0, 0, 0, 0, 0, 0, 0, 0, 0),
(144, 0, 260, 884, 4, 4, 0, 0, 0, 0, 0, 0, 0, 0, 0, 0, 0),
(145, 0, 181, 884, 5, 5, 0, 0, 0, 0, 0, 0, 0, 0, 0, 0, 0),
(146, 0, 188, 884, 5.5, 5.5, 0, 0, 0, 0, 0, 0, 0, 0, 0, 0, 0),
(147, 0, 353, 884, 20, 8, 0, 0, 0, 1, 1, 0, 0, 0, 0, 0, 0),
(148, 0, 380, 884, 8, 7, 0, 0, 0, 0, 0, 1, 0, 0, 0, 1, 0),
(149, 0, 93, 882, 7, 7, 0, 0, 0, 0, 0, 0, 0, 0, 0, 0, 0),
(150, 0, 162, 882, 13, 7, 0, 0, 0, 0, 1, 0, 0, 0, 0, 0, 0),
(151, 1, 477, 882, 14, 8, 0, 0, 0, 0, 2, 0, 0, 0, 0, 0, 0),
(152, 0, 505, 882, 17, 9, 0, 0, 0, 1, 0, 0, 0, 0, 0, 1, 0),
(153, 0, 535, 882, 6, 6, 0, 0, 0, 0, 0, 0, 0, 0, 0, 0, 0),
(154, 0, 617, 882, 12, 8, 0, 0, 0, 0, 1, 0, 0, 0, 0, 0, 0),
(155, 1, 105, 882, -3, 3, 0, 6, 0, 0, 0, 0, 0, 0, 0, 0, 0),
(156, 0, 184, 882, 7, 3, 0, 0, 0, 0, 1, 0, 0, 0, 0, 0, 1),
(157, 0, 360, 882, 4, 4, 0, 0, 0, 0, 0, 0, 0, 0, 0, 0, 0),
(158, 0, 566, 882, 3, 3, 0, 0, 0, 0, 0, 0, 0, 0, 0, 0, 0),
(159, 0, 143, 886, 5.5, 6.5, 0, 0, 0, 0, 0, 0, 0, 0, 0, 1, 0),
(160, 0, 164, 886, 6, 7, 0, 0, 0, 0, 0, 0, 0, 0, 0, 1, 0),
(161, 0, 192, 886, 11, 7, 0, 0, 0, 0, 1, 0, 0, 0, 0, 0, 0),
(162, 0, 490, 886, 15, 8, 0, 0, 0, 1, 0, 0, 0, 0, 0, 1, 0),
(163, 0, 492, 886, 5, 5, 0, 0, 0, 0, 0, 0, 0, 0, 0, 0, 0),
(164, 0, 501, 886, 6.5, 7.5, 0, 0, 0, 0, 0, 0, 0, 0, 0, 1, 0),
(165, 0, 513, 886, 5, 5, 0, 0, 0, 0, 0, 0, 0, 0, 0, 0, 0),
(166, 0, 610, 886, 6, 6, 0, 0, 0, 0, 0, 0, 0, 0, 0, 0, 0),
(167, 0, 265, 886, 5, 6, 0, 0, 0, 0, 0, 0, 0, 0, 0, 1, 0),
(168, 0, 305, 886, 6, 6, 0, 0, 0, 0, 0, 0, 0, 0, 0, 0, 0),
(169, 0, 356, 886, 6, 6, 0, 0, 0, 0, 0, 0, 0, 0, 0, 0, 0),
(170, 0, 460, 886, 5, 6, 0, 1, 0, 0, 0, 0, 0, 0, 0, 0, 0),
(171, 0, 494, 886, 3, 3, 0, 0, 0, 0, 0, 0, 0, 0, 0, 0, 0),
(172, 0, 313, 887, 6, 6, 0, 0, 0, 0, 0, 0, 0, 0, 0, 0, 0),
(173, 0, 404, 887, 8.5, 6.5, 1, NULL, 0, 0, 0, 0, 0, 0, 0, 0, 0),
(174, 0, 438, 887, 22, 8.5, 0, 0, 0, 1, 2, 0, 0, 0, 0, 1, 0),
(175, 0, 556, 887, 6.5, 6.5, 0, 0, 0, 0, 0, 0, 0, 0, 0, 0, 0),
(176, 0, 587, 887, 4.5, 5.5, 0, 0, 0, 0, 0, 0, 0, 0, 0, 1, 0),
(177, 0, 598, 887, 8, 8, 0, 0, 0, 0, 0, 0, 0, 0, 0, 0, 0),
(178, 0, 423, 887, 4, 4, 0, 0, 0, 0, 0, 0, 0, 0, 0, 0, 0),
(179, 0, 444, 887, 4, 4, 0, 0, 0, 0, 0, 0, 0, 0, 0, 0, 0),
(180, 0, 602, 887, 4, 4, 0, 0, 0, 0, 0, 0, 0, 0, 0, 0, 0),
(181, 0, 46, 890, 5.5, 6.5, 0, 1, 0, 0, 0, 0, 0, 0, 0, 0, 0),
(182, 0, 61, 890, 4, 4, 0, 0, 0, 0, 0, 0, 0, 0, 0, 0, 0),
(183, 0, 110, 890, 3, 3, 0, 0, 0, 0, 0, 0, 0, 0, 0, 0, 0),
(184, 0, 227, 890, 4.5, 4.5, 0, 0, 0, 0, 0, 0, 0, 0, 0, 0, 0),
(185, 0, 355, 890, 5.5, 5.5, 0, 0, 0, 0, 0, 0, 0, 0, 0, 0, 0),
(186, 0, 412, 890, 6, 6, 0, 0, 0, 0, 0, 0, 0, 0, 0, 0, 0),
(187, 0, 419, 890, 3.5, 3.5, 0, 0, 0, 0, 0, 0, 0, 0, 0, 0, 0),
(188, 0, 479, 890, 4.5, 4.5, 0, 0, 0, 0, 0, 0, 0, 0, 0, 0, 0),
(189, 0, 480, 890, 5, 5, 0, 0, 0, 0, 0, 0, 0, 0, 0, 0, 0),
(190, 0, 629, 890, 6.5, 6.5, 0, 0, 0, 0, 0, 0, 0, 0, 0, 0, 0),
(191, 0, 35, 890, 5.5, 5.5, 0, 0, 0, 0, 0, 0, 0, 0, 0, 0, 0),
(192, 0, 47, 890, 7, 7, 0, 0, 0, 0, 0, 0, 0, 0, 0, 0, 0),
(193, 0, 76, 890, 20, 9, 1, NULL, 0, 1, 0, 0, 0, 0, 0, 0, 0),
(194, 0, 516, 890, 11, 8, 0, 0, 0, 0, 1, 0, 0, 0, 0, 1, 0),
(195, 0, 1, 883, 6.5, 6.5, 0, 0, 0, 0, 0, 0, 0, 0, 0, 0, 0),
(196, 0, 186, 883, 6, 6, 0, 0, 0, 0, 0, 0, 0, 0, 0, 0, 0),
(197, 0, 217, 883, 5, 5, 0, 0, 0, 0, 0, 0, 0, 0, 0, 0, 0),
(198, 0, 87, 883, 6, 6, 0, 0, 0, 0, 0, 0, 0, 0, 0, 0, 0),
(199, 0, 256, 883, 6, 6, 0, 0, 0, 0, 0, 0, 0, 0, 0, 0, 0),
(200, 0, 402, 883, 6, 6, 0, 0, 0, 0, 0, 0, 0, 0, 0, 0, 0),
(201, 0, 53, 885, 4, 4, 0, 0, 0, 0, 0, 0, 0, 0, 0, 0, 0),
(202, 0, 279, 885, 5, 5, 0, 0, 0, 0, 0, 0, 0, 0, 0, 0, 0),
(203, 0, 300, 885, 5, 5, 0, 0, 0, 0, 0, 0, 0, 0, 0, 0, 0),
(204, 0, 403, 885, 0.5, 4.5, 0, 4, 0, 0, 0, 0, 0, 0, 0, 0, 0),
(205, 0, 465, 885, 4.5, 4.5, 0, 0, 0, 0, 0, 0, 0, 0, 0, 0, 0),
(206, 0, 24, 885, 6, 6, 0, 0, 0, 0, 0, 0, 0, 0, 0, 0, 0),
(207, 0, 231, 885, 6, 7, 0, 0, 0, 0, 0, 0, 0, 0, 0, 1, 0),
(208, 0, 293, 885, 6, 6, 0, 0, 0, 0, 0, 0, 0, 0, 0, 0, 0),
(209, 0, 346, 885, 10, 8, 1, NULL, 0, 0, 0, 0, 0, 0, 0, 0, 0),
(210, 0, 427, 885, 10, 7, 0, 0, 0, 0, 1, 0, 0, 0, 0, 0, 0),
(211, 0, 459, 885, 6.5, 6.5, 0, 0, 0, 0, 0, 0, 0, 0, 0, 0, 0),
(212, 0, 483, 885, 21, 8.5, 0, 0, 0, 1, 1, 0, 0, 0, 0, 0, 0),
(213, 0, 510, 885, 5, 5, 0, 0, 0, 0, 0, 0, 0, 0, 0, 0, 0),
(214, 0, 593, 885, 9.5, 7.5, 0, 0, 0, 0, 0, 1, 0, 0, 0, 0, 0),
(215, 0, 34, 891, 6, 7, 0, 0, 0, 0, 0, 0, 0, 0, 0, 1, 0),
(216, 0, 569, 883, 5, 6, 0, 0, 0, 0, 0, 0, 0, 0, 0, 1, 0),
(217, 0, 106, 885, 8, 8, 0, 0, 0, 0, 0, 0, 0, 0, 0, 0, 0),
(218, 0, 446, 889, 5.5, 5.5, 0, 0, 0, 0, 0, 0, 0, 0, 0, 0, 0),
(219, 0, 75, 892, 4, 4, 0, 0, 0, 0, 0, 0, 0, 0, 0, 0, 0),
(220, 0, 265, 892, 6, 6, 0, 0, 0, 0, 0, 0, 0, 0, 0, 0, 0),
(221, 0, 305, 892, 5, 5, 0, 0, 0, 0, 0, 0, 0, 0, 0, 0, 0),
(222, 0, 356, 892, 5, 5, 0, 0, 0, 0, 0, 0, 0, 0, 0, 0, 0),
(223, 0, 460, 892, 4, 5, 0, 1, 0, 0, 0, 0, 0, 0, 0, 0, 0),
(224, 0, 313, 892, 6, 6, 0, 0, 0, 0, 0, 0, 0, 0, 0, 0, 0),
(225, 0, 404, 892, 8.5, 6.5, 1, NULL, 0, 0, 0, 0, 0, 0, 0, 0, 0),
(226, 0, 438, 892, 4, 5, 0, 0, 0, 0, 0, 0, 0, 0, 0, 1, 0),
(227, 0, 556, 892, 5, 5, 0, 0, 0, 0, 0, 0, 0, 0, 0, 0, 0),
(228, 0, 587, 892, 6, 6, 0, 0, 0, 0, 0, 0, 0, 0, 0, 0, 0),
(229, 0, 598, 892, 14, 7, 0, 0, 0, 1, 0, 0, 0, 0, 0, 0, 0),
(230, 0, 43, 897, 6, 6, 0, 0, 0, 0, 0, 0, 0, 0, 0, 0, 0),
(231, 0, 506, 897, 7.5, 7.5, 0, 0, 0, 0, 0, 0, 0, 0, 0, 0, 0),
(232, 0, 574, 897, 3, 5, 0, 2, 0, 0, 0, 0, 0, 0, 0, 0, 0),
(233, 0, 93, 897, 4.5, 4.5, 0, 0, 0, 0, 0, 0, 0, 0, 0, 0, 0),
(234, 0, 162, 897, 5, 5, 0, 0, 0, 0, 0, 0, 0, 0, 0, 0, 0),
(235, 0, 505, 897, 5, 5, 0, 0, 0, 0, 0, 0, 0, 0, 0, 0, 0),
(236, 0, 535, 897, 22, 8, 0, 0, 0, 1, 1, 0, 0, 0, 0, 0, 0),
(237, 0, 617, 897, 5.5, 5.5, 0, 0, 0, 0, 0, 0, 0, 0, 0, 0, 0),
(238, 0, 423, 901, 4.5, 4.5, 0, 0, 0, 0, 0, 0, 0, 0, 0, 0, 0),
(239, 0, 444, 901, 3, 3, 0, 0, 0, 0, 0, 0, 0, 0, 0, 0, 0),
(240, 0, 601, 901, 6.5, 6.5, 0, 0, 0, 0, 0, 0, 0, 0, 0, 0, 0),
(241, 0, 602, 901, 5, 5, 0, 0, 0, 0, 0, 0, 0, 0, 0, 0, 0),
(242, 0, 158, 901, 3.5, 4.5, 0, 0, 0, 0, 0, 0, 0, 0, 0, 1, 0),
(243, 0, 383, 901, 5, 5, 0, 0, 0, 0, 0, 0, 0, 0, 0, 0, 0),
(244, 0, 462, 901, 9.5, 7.5, 1, NULL, 0, 0, 0, 0, 0, 0, 0, 0, 0),
(245, 0, 589, 901, 5, 5, 0, 0, 0, 0, 0, 0, 0, 0, 0, 0, 0),
(246, 0, 80, 900, 2, 3, 0, 0, 0, 0, 0, 0, 0, 0, 0, 1, 0),
(247, 0, 250, 900, 4, 4, 0, 0, 0, 0, 0, 0, 0, 0, 0, 0, 0),
(248, 0, 297, 900, 5, 5, 0, 0, 0, 0, 0, 0, 0, 0, 0, 0, 0),
(249, 0, 365, 900, 5, 5, 0, 0, 0, 0, 0, 0, 0, 0, 0, 0, 0),
(250, 0, 371, 900, 1, 5, 0, 3, 0, 0, 0, 0, 0, 0, 0, 1, 0),
(251, 0, 507, 900, 6, 6, 0, 0, 0, 0, 0, 0, 0, 0, 0, 0, 0),
(252, 0, 136, 900, 8, 6, 0, 0, 0, 0, 0, 1, 0, 0, 0, 0, 0),
(253, 0, 242, 900, 11, 8, 0, 0, 0, 0, 1, 0, 0, 0, 0, 0, 0),
(254, 0, 263, 900, 20, 8.5, 0, 0, 0, 1, 1, 0, 0, 0, 0, 0, 0),
(255, 0, 296, 900, 6, 6, 0, 0, 0, 0, 0, 0, 0, 0, 0, 0, 0),
(256, 0, 541, 900, 6, 7, 0, 1, 0, 0, 0, 0, 0, 0, 0, 0, 0),
(257, 0, 551, 900, 6, 6, 0, 0, 0, 0, 0, 0, 0, 0, 0, 0, 0),
(258, 1, 181, 896, 5, 6, 0, 0, 0, 0, 0, 0, 0, 0, 0, 1, 0),
(259, 0, 188, 896, 12.5, 6.5, 0, 0, 0, 0, 1, 0, 0, 0, 0, 0, 0),
(260, 1, 353, 896, 6, 7, 0, 0, 0, 0, 0, 0, 0, 0, 0, 1, 0),
(261, 2, 380, 896, 16, 7.5, 0, 0, 0, 1, 0, 1, 0, 0, 0, 1, 0),
(262, 0, 87, 896, 11.5, 6.5, 0, 0, 0, 0, 1, 0, 0, 0, 0, 1, 0),
(263, 0, 256, 896, 5, 5, 0, 0, 0, 0, 0, 0, 0, 0, 0, 0, 0),
(264, 0, 402, 896, 4, 4, 0, 0, 0, 0, 0, 0, 0, 0, 0, 0, 0),
(265, 0, 105, 895, 5, 6, 0, 1, 0, 0, 0, 0, 0, 0, 0, 0, 0),
(266, 0, 360, 895, 4, 4, 0, 0, 0, 0, 0, 0, 0, 0, 0, 0, 0),
(267, 0, 1, 895, 6.5, 6.5, 0, 0, 0, 0, 0, 0, 0, 0, 0, 0, 0),
(268, 0, 217, 895, 6.5, 6.5, 0, 0, 0, 0, 0, 0, 0, 0, 0, 0, 0),
(269, 0, 569, 895, 7, 7, 0, 0, 0, 0, 0, 0, 0, 0, 0, 0, 0),
(270, 0, 24, 893, 4, 4, 0, 0, 0, 0, 0, 0, 0, 0, 0, 0, 0),
(271, 0, 106, 893, 5, 5, 0, 0, 0, 0, 0, 0, 0, 0, 0, 0, 0),
(272, 0, 231, 893, 5, 6, 0, 0, 0, 0, 0, 0, 0, 0, 0, 1, 0),
(273, 0, 293, 893, 5, 5, 0, 0, 0, 0, 0, 0, 0, 0, 0, 0, 0),
(274, 0, 346, 893, 3, 5, 0, 2, 0, 0, 0, 0, 0, 0, 0, 0, 0),
(275, 0, 459, 893, 4, 4, 0, 0, 0, 0, 0, 0, 0, 0, 0, 0, 0),
(276, 0, 483, 893, 4, 4, 0, 0, 0, 0, 0, 0, 0, 0, 0, 0, 0),
(277, 0, 510, 893, 4, 4, 0, 0, 0, 0, 0, 0, 0, 0, 0, 0, 0),
(278, 0, 593, 893, 5, 5, 0, 0, 0, 0, 0, 0, 0, 0, 0, 0, 0),
(279, 0, 143, 893, 5, 5, 0, 0, 0, 0, 0, 0, 0, 0, 0, 0, 0),
(280, 0, 192, 893, 12, 8, 0, 0, 0, 0, 1, 0, 0, 0, 0, 0, 0),
(281, 0, 385, 893, 6, 6, 0, 0, 0, 0, 0, 0, 0, 0, 0, 0, 0),
(282, 0, 490, 893, 18, 9, 0, 0, 0, 1, 0, 0, 0, 0, 0, 0, 0),
(283, 0, 492, 893, 6, 6, 0, 0, 0, 0, 0, 0, 0, 0, 0, 0, 0),
(284, 0, 501, 893, 6, 6, 0, 0, 0, 0, 0, 0, 0, 0, 0, 0, 0),
(285, 0, 513, 893, 5, 5, 0, 0, 0, 0, 0, 0, 0, 0, 0, 0, 0),
(286, 0, 610, 893, 10, 7, 0, 0, 0, 0, 1, 0, 0, 0, 0, 0, 0),
(287, 0, 35, 898, 5.5, 6.5, 0, 0, 0, 0, 0, 0, 0, 0, 0, 1, 0),
(288, 0, 47, 898, 3.5, 5.5, 0, 0, 0, 0, 0, 0, 0, 0, 0, 0, 1),
(289, 0, 76, 898, 11.5, 6.5, 0, 1, 0, 0, 1, 0, 0, 1, 0, 0, 0),
(290, 0, 516, 898, 6, 6, 0, 0, 0, 0, 0, 0, 0, 0, 0, 0, 0),
(291, 0, 101, 898, 6.5, 6.5, 0, 0, 0, 0, 0, 0, 0, 0, 0, 0, 0),
(292, 0, 273, 898, 4, 4, 0, 0, 0, 0, 0, 0, 0, 0, 0, 0, 0),
(293, 0, 276, 898, 4.5, 4.5, 0, 0, 0, 0, 0, 0, 0, 0, 0, 0, 0),
(294, 0, 317, 898, 3, 4, 0, 0, 0, 0, 0, 0, 0, 0, 0, 1, 0),
(295, 0, 350, 898, 6, 6, 0, 0, 0, 0, 0, 0, 0, 0, 0, 0, 0),
(296, 0, 381, 898, 13, 7, 0, 0, 0, 0, 0, 0, 1, 0, 0, 0, 0),
(297, 0, 455, 898, 5, 5, 0, 0, 0, 0, 0, 0, 0, 0, 0, 0, 0),
(298, 0, 576, 898, 5, 5, 0, 0, 0, 0, 0, 0, 0, 0, 0, 0, 0),
(299, 0, 624, 898, 5.5, 6.5, 0, 0, 0, 0, 0, 0, 0, 0, 0, 1, 0),
(300, 0, 83, 894, 6.5, 6.5, 0, 0, 0, 0, 0, 0, 0, 0, 0, 0, 0),
(301, 0, 138, 894, 4, 4, 0, 0, 0, 0, 0, 0, 0, 0, 0, 0, 0),
(302, 0, 53, 894, 12, 6, 0, 0, 0, 0, 0, 0, 1, 0, 0, 0, 0),
(303, 0, 300, 894, 3, 4, 0, 0, 0, 0, 0, 0, 0, 0, 0, 1, 0),
(304, 0, 379, 894, 3, 3, 0, 0, 0, 0, 0, 0, 0, 0, 0, 0, 0),
(305, 0, 403, 894, -1, 3, 0, 4, 0, 0, 0, 0, 0, 0, 0, 0, 0),
(306, 0, 465, 894, 4, 5, 0, 0, 0, 0, 0, 0, 0, 0, 0, 1, 0),
(307, 0, 69, 899, 4, 4, 0, 0, 0, 0, 0, 0, 0, 0, 0, 0, 0),
(308, 0, 222, 899, 4, 4, 0, 0, 0, 0, 0, 0, 0, 0, 0, 0, 0),
(309, 0, 397, 899, 2, 3, 0, 0, 0, 0, 0, 0, 0, 0, 0, 1, 0),
(310, 0, 431, 899, 6, 6, 0, 0, 0, 0, 0, 0, 0, 0, 0, 0, 0),
(311, 0, 446, 899, 4, 5, 0, 0, 0, 0, 0, 0, 0, 0, 0, 1, 0),
(312, 0, 565, 899, 4.5, 4.5, 0, 0, 0, 0, 0, 0, 0, 0, 0, 0, 0),
(313, 0, 46, 899, 5, 6, 0, 1, 0, 0, 0, 0, 0, 0, 0, 0, 0),
(314, 0, 61, 899, 5.5, 5.5, 0, 0, 0, 0, 0, 0, 0, 0, 0, 0, 0),
(315, 0, 110, 899, 14, 7, 0, 0, 0, 1, 0, 0, 0, 0, 0, 0, 0),
(316, 0, 412, 899, 5, 5, 0, 0, 0, 0, 0, 0, 0, 0, 0, 0, 0),
(317, 0, 479, 899, 4, 4, 0, 0, 0, 0, 0, 0, 0, 0, 0, 0, 0),
(318, 0, 480, 899, 3.5, 3.5, 0, 0, 0, 0, 0, 0, 0, 0, 0, 0, 0),
(319, 0, 87, 904, 4, 4, 0, 0, 0, 0, 0, 0, 0, 0, 0, 0, 0),
(320, 0, 256, 904, 4, 4, 0, 0, 0, 0, 0, 0, 0, 0, 0, 0, 0),
(321, 0, 402, 904, 4, 4, 0, 0, 0, 0, 0, 0, 0, 0, 0, 0, 0),
(322, 0, 105, 904, 5.5, 6.5, 0, 1, 0, 0, 0, 0, 0, 0, 0, 0, 0),
(323, 0, 184, 904, 6, 6, 0, 0, 0, 0, 0, 0, 0, 0, 0, 0, 0),
(324, 0, 566, 904, 6, 6, 0, 0, 0, 0, 0, 0, 0, 0, 0, 0, 0),
(325, 0, 1, 903, 4.5, 5.5, 0, 0, 0, 0, 0, 0, 0, 0, 0, 1, 0),
(326, 0, 217, 903, 4, 4, 0, 0, 0, 0, 0, 0, 0, 0, 0, 0, 0),
(327, 0, 569, 903, 4, 4, 0, 0, 0, 0, 0, 0, 0, 0, 0, 0, 0),
(328, 0, 43, 903, 5, 5, 0, 0, 0, 0, 0, 0, 0, 0, 0, 0, 0),
(329, 0, 506, 903, 19, 6.5, 0, 0, 0, 1, 0, 0, 1, 0, 0, 0, 0),
(330, 0, 574, 903, 5, 6, 0, 1, 0, 0, 0, 0, 0, 0, 0, 0, 0),
(331, 0, 158, 908, 4, 4, 0, 0, 0, 0, 0, 0, 0, 0, 0, 0, 0),
(332, 0, 259, 908, 4.5, 4.5, 0, 0, 0, 0, 0, 0, 0, 0, 0, 0, 0),
(333, 0, 383, 908, 3.5, 4.5, 0, 0, 0, 0, 0, 0, 0, 0, 0, 1, 0),
(334, 0, 462, 908, 16, 7, 1, NULL, 0, 1, 0, 0, 0, 0, 0, 0, 0),
(335, 0, 589, 908, 4, 4, 0, 0, 0, 0, 0, 0, 0, 0, 0, 0, 0),
(336, 0, 265, 908, 5, 5, 0, 0, 0, 0, 0, 0, 0, 0, 0, 0, 0),
(337, 0, 305, 908, 4.5, 4.5, 0, 0, 0, 0, 0, 0, 0, 0, 0, 0, 0),
(338, 0, 460, 908, 7, 5, 1, NULL, 0, 0, 0, 0, 0, 0, 0, 0, 0),
(339, 0, 46, 910, 4, 6, 0, 2, 0, 0, 0, 0, 0, 0, 0, 0, 0),
(340, 0, 61, 910, 4.5, 4.5, 0, 0, 0, 0, 0, 0, 0, 0, 0, 0, 0),
(341, 0, 110, 910, 6, 6, 0, 0, 0, 0, 0, 0, 0, 0, 0, 0, 0),
(342, 0, 419, 910, 4.5, 4.5, 0, 0, 0, 0, 0, 0, 0, 0, 0, 0, 0),
(343, 0, 479, 910, 4.5, 4.5, 0, 0, 0, 0, 0, 0, 0, 0, 0, 0, 0),
(344, 0, 629, 910, 5.5, 5.5, 0, 0, 0, 0, 0, 0, 0, 0, 0, 0, 0),
(345, 0, 80, 910, 5, 5, 0, 0, 0, 0, 0, 0, 0, 0, 0, 0, 0),
(346, 0, 250, 910, 5, 5, 0, 0, 0, 0, 0, 0, 0, 0, 0, 0, 0),
(347, 0, 297, 910, 9, 6, 0, 0, 0, 0, 1, 0, 0, 0, 0, 1, 0),
(348, 0, 365, 910, 4, 4, 0, 0, 0, 0, 0, 0, 0, 0, 0, 0, 0),
(349, 0, 371, 910, 15, 8, 0, 1, 0, 1, 0, 0, 0, 0, 0, 0, 0),
(350, 0, 507, 910, 6, 6, 0, 0, 0, 0, 0, 0, 0, 0, 0, 0, 0),
(351, 0, 101, 911, 6.5, 6.5, 0, 0, 0, 0, 0, 0, 0, 0, 0, 0, 0),
(352, 1, 273, 911, 10.5, 7.5, 0, 0, 0, 0, 1, 0, 0, 0, 0, 0, 0),
(353, 0, 276, 911, 4, 4, 0, 0, 0, 0, 0, 0, 0, 0, 0, 0, 0),
(354, 0, 317, 911, 6, 6, 0, 0, 0, 0, 0, 0, 0, 0, 0, 0, 0),
(355, 0, 350, 911, 5, 5, 0, 0, 0, 0, 0, 0, 0, 0, 0, 0, 0),
(356, 0, 381, 911, 8.5, 8.5, 0, 0, 0, 0, 0, 0, 0, 0, 0, 0, 0),
(357, 0, 576, 911, 4, 5, 0, 0, 0, 0, 0, 0, 0, 0, 0, 1, 0),
(358, 0, 624, 911, 4, 5, 0, 0, 0, 0, 0, 0, 0, 0, 0, 1, 0),
(359, 0, 69, 911, 7, 7, 0, 0, 0, 0, 0, 0, 0, 0, 0, 0, 0),
(360, 0, 222, 911, 4, 4, 0, 0, 0, 0, 0, 0, 0, 0, 0, 0, 0),
(361, 0, 397, 911, 3, 3, 0, 0, 0, 0, 0, 0, 0, 0, 0, 0, 0),
(362, 0, 431, 911, 6, 6, 0, 0, 0, 0, 0, 0, 0, 0, 0, 0, 0),
(363, 0, 446, 911, 2, 3, 0, 0, 0, 0, 0, 0, 0, 0, 0, 1, 0),
(364, 0, 565, 911, 4, 5, 0, 0, 0, 0, 0, 0, 0, 0, 0, 1, 0),
(365, 0, 257, 907, 5.5, 5.5, 0, 0, 0, 0, 0, 0, 0, 0, 0, 0, 0),
(366, 0, 313, 907, 6, 6, 0, 0, 0, 0, 0, 0, 0, 0, 0, 0, 0),
(367, 0, 404, 907, 7, 5, 1, NULL, 0, 0, 0, 0, 0, 0, 0, 0, 0),
(368, 0, 438, 907, 6, 6, 0, 0, 0, 0, 0, 0, 0, 0, 0, 0, 0),
(369, 0, 587, 907, 5, 5, 0, 0, 0, 0, 0, 0, 0, 0, 0, 0, 0),
(370, 0, 598, 907, 14, 7.5, 0, 0, 0, 1, 0, 0, 0, 0, 0, 1, 0),
(371, 0, 24, 907, 4.5, 5.5, 0, 0, 0, 0, 0, 0, 0, 0, 0, 1, 0),
(372, 0, 106, 907, 4, 5, 0, 0, 0, 0, 0, 0, 0, 0, 0, 1, 0),
(373, 0, 122, 907, 4, 4, 0, 0, 0, 0, 0, 0, 0, 0, 0, 0, 0),
(374, 0, 231, 907, 4.5, 5.5, 0, 0, 0, 0, 0, 0, 0, 0, 0, 1, 0),
(375, 0, 293, 907, 3, 4, 0, 0, 0, 0, 0, 0, 0, 0, 0, 1, 0),
(376, 0, 346, 907, 8, 6, 1, NULL, 0, 0, 0, 0, 0, 0, 0, 0, 0),
(377, 0, 483, 907, 7, 7, 0, 0, 0, 0, 0, 0, 0, 0, 0, 0, 0),
(378, 0, 510, 907, 4.5, 4.5, 0, 0, 0, 0, 0, 0, 0, 0, 0, 0, 0),
(379, 0, 593, 907, 4, 4, 0, 0, 0, 0, 0, 0, 0, 0, 0, 0, 0),
(380, 0, 136, 909, 10.5, 6.5, 0, 0, 0, 0, 1, 0, 0, 0, 0, 0, 0),
(381, 0, 237, 909, 4, 4, 0, 0, 0, 0, 0, 0, 0, 0, 0, 0, 0),
(382, 0, 242, 909, 4, 4, 0, 0, 0, 0, 0, 0, 0, 0, 0, 0, 0),
(383, 0, 263, 909, 5, 5, 0, 0, 0, 0, 0, 0, 0, 0, 0, 0, 0),
(384, 0, 296, 909, 4, 4, 0, 0, 0, 0, 0, 0, 0, 0, 0, 0, 0),
(385, 0, 541, 909, 1, 4, 0, 3, 0, 0, 0, 0, 0, 0, 0, 0, 0),
(386, 0, 551, 909, 5.5, 5.5, 0, 0, 0, 0, 0, 0, 0, 0, 0, 0, 0),
(387, 0, 630, 909, 5.5, 5.5, 0, 0, 0, 0, 0, 0, 0, 0, 0, 0, 0),
(388, 0, 423, 909, 4, 5, 0, 0, 0, 0, 0, 0, 0, 0, 0, 1, 0),
(389, 0, 444, 909, 4, 4, 0, 0, 0, 0, 0, 0, 0, 0, 0, 0, 0),
(390, 0, 601, 909, 5, 6, 0, 0, 0, 0, 0, 0, 0, 0, 0, 1, 0),
(391, 0, 148, 906, 5, 5, 0, 0, 0, 0, 0, 0, 0, 0, 0, 0, 0),
(392, 0, 192, 906, 6, 6, 0, 0, 0, 0, 0, 0, 0, 0, 0, 0, 0),
(393, 0, 385, 906, 5.5, 5.5, 0, 0, 0, 0, 0, 0, 0, 0, 0, 0, 0),
(394, 0, 490, 906, 18, 9, 0, 0, 0, 1, 0, 0, 0, 0, 0, 0, 0),
(395, 0, 492, 906, 6.5, 6.5, 0, 0, 0, 0, 0, 0, 0, 0, 0, 0, 0),
(396, 0, 501, 906, 14, 8, 0, 0, 0, 0, 1, 0, 0, 0, 0, 0, 0),
(397, 0, 513, 906, 5, 6, 0, 0, 0, 0, 0, 0, 0, 0, 0, 1, 0),
(398, 0, 610, 906, 4, 5, 0, 0, 0, 0, 0, 0, 0, 0, 0, 1, 0),
(399, 0, 83, 906, 5.5, 6.5, 0, 0, 0, 0, 0, 0, 0, 0, 0, 1, 0),
(400, 0, 260, 906, 4, 4, 0, 0, 0, 0, 0, 0, 0, 0, 0, 0, 0),
(401, 0, 53, 905, 2, 4, 0, 0, 0, 0, 0, 0, 0, 0, 0, 0, 1),
(402, 0, 279, 905, 5, 5, 0, 0, 0, 0, 0, 0, 0, 0, 0, 0, 0),
(403, 0, 300, 905, 5, 5, 0, 0, 0, 0, 0, 0, 0, 0, 0, 0, 0),
(404, 0, 379, 905, 3, 3, 0, 0, 0, 0, 0, 0, 0, 0, 0, 0, 0),
(405, 0, 403, 905, 3, 4, 0, 1, 0, 0, 0, 0, 0, 0, 0, 0, 0),
(406, 0, 465, 905, 4.5, 4.5, 0, 0, 0, 0, 0, 0, 0, 0, 0, 0, 0),
(407, 0, 181, 905, 7, 7, 0, 0, 0, 0, 0, 0, 0, 0, 0, 0, 0),
(408, 0, 188, 905, 5, 6, 0, 0, 0, 0, 0, 0, 0, 0, 0, 1, 0),
(409, 0, 353, 905, 6.5, 6.5, 0, 0, 0, 0, 0, 0, 0, 0, 0, 0, 0),
(410, 0, 380, 905, 6, 7, 0, 0, 0, 0, 0, 0, 0, 0, 0, 1, 0),
(411, 0, 93, 902, 5, 5, 0, 0, 0, 0, 0, 0, 0, 0, 0, 0, 0),
(412, 0, 477, 902, 3, 3, 0, 0, 0, 0, 0, 0, 0, 0, 0, 0, 0),
(413, 0, 505, 902, 6, 6, 0, 0, 0, 0, 0, 0, 0, 0, 0, 0, 0),
(414, 0, 535, 902, 5, 5, 0, 0, 0, 0, 0, 0, 0, 0, 0, 0, 0),
(415, 0, 617, 902, 5, 5, 0, 0, 0, 0, 0, 0, 0, 0, 0, 0, 0),
(416, 0, 35, 902, 5, 6, 0, 0, 0, 0, 0, 0, 0, 0, 0, 1, 0),
(417, 0, 76, 902, 15, 8, 0, 1, 0, 1, 0, 0, 0, 0, 0, 0, 0),
(418, 0, 516, 902, 7, 7, 0, 0, 0, 0, 0, 0, 0, 0, 0, 0, 0),
(419, 0, 265, 912, 5, 5, 0, 0, 0, 0, 0, 0, 0, 0, 0, 0, 0),
(420, 0, 305, 912, 13, 7, 0, 0, 0, 0, 1, 0, 0, 0, 0, 0, 0),
(421, 0, 356, 912, 5, 5, 0, 0, 0, 0, 0, 0, 0, 0, 0, 0, 0),
(422, 0, 460, 912, 5, 6, 0, 1, 0, 0, 0, 0, 0, 0, 0, 0, 0),
(423, 0, 136, 912, 6, 6, 0, 0, 0, 0, 0, 0, 0, 0, 0, 0, 0),
(424, 0, 242, 912, 9, 6, 0, 0, 0, 0, 1, 0, 0, 0, 0, 0, 0),
(425, 0, 263, 912, 5, 5, 0, 0, 0, 0, 0, 0, 0, 0, 0, 0, 0),
(426, 0, 541, 912, 2.5, 4.5, 0, 2, 0, 0, 0, 0, 0, 0, 0, 0, 0),
(427, 0, 551, 912, 6, 6, 0, 0, 0, 0, 0, 0, 0, 0, 0, 0, 0),
(428, 0, 630, 912, 6, 6, 0, 0, 0, 0, 0, 0, 0, 0, 0, 0, 0),
(429, 0, 43, 917, 4.5, 4.5, 0, 0, 0, 0, 0, 0, 0, 0, 0, 0, 0),
(430, 0, 506, 917, 24, 8, 0, 0, 0, 1, 2, 0, 0, 0, 0, 0, 0),
(431, 0, 574, 917, 5, 7, 0, 2, 0, 0, 0, 0, 0, 0, 0, 0, 0),
(432, 0, 87, 917, 6, 6, 0, 0, 0, 0, 0, 0, 0, 0, 0, 0, 0),
(433, 0, 310, 917, 5.5, 5.5, 0, 0, 0, 0, 0, 0, 0, 0, 0, 0, 0),
(434, 0, 402, 917, 5, 5, 0, 0, 0, 0, 0, 0, 0, 0, 0, 0, 0),
(435, 0, 300, 915, 6, 6, 0, 0, 0, 0, 0, 0, 0, 0, 0, 0, 0),
(436, 0, 379, 915, 5, 5, 0, 0, 0, 0, 0, 0, 0, 0, 0, 0, 0),
(437, 0, 465, 915, 6, 6, 0, 0, 0, 0, 0, 0, 0, 0, 0, 0, 0),
(438, 0, 143, 915, 6, 6, 0, 0, 0, 0, 0, 0, 0, 0, 0, 0, 0),
(439, 0, 148, 915, 5, 5, 0, 0, 0, 0, 0, 0, 0, 0, 0, 0, 0),
(440, 0, 192, 915, 4.5, 4.5, 0, 0, 0, 0, 0, 0, 0, 0, 0, 0, 0),
(441, 0, 385, 915, 6, 6, 0, 0, 0, 0, 0, 0, 0, 0, 0, 0, 0),
(442, 0, 490, 915, 6.5, 6.5, 0, 0, 0, 0, 0, 0, 0, 0, 0, 0, 0),
(443, 0, 492, 915, 5.5, 5.5, 0, 0, 0, 0, 0, 0, 0, 0, 0, 0, 0),
(444, 1, 501, 915, 5, 5, 0, 0, 0, 0, 0, 0, 0, 0, 0, 0, 0),
(445, 0, 513, 915, 5, 5, 0, 0, 0, 0, 0, 0, 0, 0, 0, 0, 0),
(446, 0, 610, 915, 4.5, 4.5, 0, 0, 0, 0, 0, 0, 0, 0, 0, 0, 0),
(447, 0, 80, 920, 6, 6, 0, 0, 0, 0, 0, 0, 0, 0, 0, 0, 0),
(448, 1, 250, 920, 4, 5, 0, 0, 0, 0, 0, 0, 0, 0, 0, 1, 0),
(449, 1, 297, 920, 5, 6, 0, 0, 0, 0, 0, 0, 0, 0, 0, 1, 0),
(450, 1, 371, 920, 16, 7, 1, NULL, 0, 1, 0, 0, 0, 0, 0, 0, 0),
(451, 1, 507, 920, 3, 4, 0, 0, 0, 0, 0, 0, 0, 0, 0, 1, 0),
(452, 0, 101, 920, 6, 6, 0, 0, 0, 0, 0, 0, 0, 0, 0, 0, 0),
(453, 0, 273, 920, 5, 5, 0, 0, 0, 0, 0, 0, 0, 0, 0, 0, 0),
(454, 0, 276, 920, 6, 6, 0, 0, 0, 0, 0, 0, 0, 0, 0, 0, 0),
(455, 0, 317, 920, 6, 6, 0, 0, 0, 0, 0, 0, 0, 0, 0, 0, 0),
(456, 0, 350, 920, 5, 5, 0, 0, 0, 0, 0, 0, 0, 0, 0, 0, 0),
(457, 0, 381, 920, 4, 4, 0, 0, 0, 0, 0, 0, 0, 0, 0, 0, 0),
(458, 0, 455, 920, 5, 5, 0, 0, 0, 0, 0, 0, 0, 0, 0, 0, 0),
(459, 0, 576, 920, 5, 5, 0, 0, 0, 0, 0, 0, 0, 0, 0, 0, 0),
(460, 0, 624, 920, 4, 5, 0, 0, 0, 0, 0, 0, 0, 0, 0, 1, 0),
(461, 0, 391, 921, 3, 4, 0, 1, 0, 0, 0, 0, 0, 0, 0, 0, 0),
(462, 0, 423, 921, 3, 3, 0, 0, 0, 0, 0, 0, 0, 0, 0, 0, 0),
(463, 0, 444, 921, 2, 2, 0, 0, 0, 0, 0, 0, 0, 0, 0, 0, 0),
(464, 0, 601, 921, 6, 6, 0, 0, 0, 0, 0, 0, 0, 0, 0, 0, 0),
(465, 0, 602, 921, 4, 4, 0, 0, 0, 0, 0, 0, 0, 0, 0, 0, 0),
(466, 0, 46, 921, 9, 7, 1, NULL, 0, 0, 0, 0, 0, 0, 0, 0, 0),
(467, 0, 61, 921, 6, 6, 0, 0, 0, 0, 0, 0, 0, 0, 0, 0, 0),
(468, 0, 110, 921, 6.5, 6.5, 0, 0, 0, 0, 0, 0, 0, 0, 0, 0, 0),
(469, 0, 412, 921, 6, 6, 0, 0, 0, 0, 0, 0, 0, 0, 0, 0, 0),
(470, 0, 419, 921, 6, 6, 0, 0, 0, 0, 0, 0, 0, 0, 0, 0, 0),
(471, 0, 480, 921, 18, 7.5, 0, 0, 0, 1, 1, 0, 0, 0, 0, 0, 0),
(472, 0, 181, 916, 5, 5, 0, 0, 0, 0, 0, 0, 0, 0, 0, 0, 0),
(473, 0, 188, 916, 5, 5, 0, 0, 0, 0, 0, 0, 0, 0, 0, 0, 0),
(474, 0, 353, 916, 20, 8, 0, 0, 0, 1, 1, 0, 0, 0, 0, 0, 0),
(475, 0, 380, 916, 6, 6, 0, 0, 0, 0, 0, 0, 0, 0, 0, 0, 0),
(476, 0, 105, 916, 6, 7, 0, 1, 0, 0, 0, 0, 0, 0, 0, 0, 0),
(477, 0, 184, 916, 6.5, 6.5, 0, 0, 0, 0, 0, 0, 0, 0, 0, 0, 0),
(478, 0, 360, 916, 9, 6, 0, 0, 0, 0, 1, 0, 0, 0, 0, 0, 0),
(479, 0, 566, 916, 6, 6, 0, 0, 0, 0, 0, 0, 0, 0, 0, 0, 0),
(480, 0, 83, 914, 6, 6, 0, 0, 0, 0, 0, 0, 0, 0, 0, 0, 0),
(481, 0, 138, 914, 2.5, 2.5, 0, 0, 0, 0, 0, 0, 0, 0, 0, 0, 0),
(482, 0, 257, 914, 6, 6, 0, 0, 0, 0, 0, 0, 0, 0, 0, 0, 0),
(483, 0, 313, 914, 4.5, 5.5, 0, 0, 0, 0, 0, 0, 0, 0, 0, 1, 0),
(484, 0, 404, 914, 18, 8, 1, NULL, 0, 1, 0, 0, 0, 0, 0, 0, 0),
(485, 0, 438, 914, 5, 5, 0, 0, 0, 0, 0, 0, 0, 0, 0, 0, 0),
(486, 0, 587, 914, 5, 5, 0, 0, 0, 0, 0, 0, 0, 0, 0, 0, 0),
(487, 0, 598, 914, 6.5, 6.5, 0, 0, 0, 0, 0, 0, 0, 0, 0, 0, 0),
(488, 0, 24, 913, 5.5, 5.5, 0, 0, 0, 0, 0, 0, 0, 0, 0, 0, 0),
(489, 0, 106, 913, 14, 7.5, 0, 0, 0, 1, 0, 0, 0, 0, 0, 1, 0),
(490, 0, 231, 913, 6, 6, 0, 0, 0, 0, 0, 0, 0, 0, 0, 0, 0),
(491, 0, 293, 913, 5, 5, 0, 0, 0, 0, 0, 0, 0, 0, 0, 0, 0),
(492, 0, 346, 913, 5, 6, 0, 1, 0, 0, 0, 0, 0, 0, 0, 0, 0),
(493, 0, 393, 913, 5, 5, 0, 0, 0, 0, 0, 0, 0, 0, 0, 0, 0),
(494, 0, 459, 913, 5, 5, 0, 0, 0, 0, 0, 0, 0, 0, 0, 0, 0),
(495, 0, 483, 913, 6.5, 6.5, 0, 0, 0, 0, 0, 0, 0, 0, 0, 0, 0),
(496, 0, 593, 913, 4.5, 4.5, 0, 0, 0, 0, 0, 0, 0, 0, 0, 0, 0),
(497, 0, 158, 913, 4.5, 4.5, 0, 0, 0, 0, 0, 0, 0, 0, 0, 0, 0),
(498, 0, 259, 913, 5.5, 5.5, 0, 0, 0, 0, 0, 0, 0, 0, 0, 0, 0),
(499, 0, 383, 913, 4, 5, 0, 0, 0, 0, 0, 0, 0, 0, 0, 1, 0),
(500, 0, 589, 913, 4, 4, 0, 0, 0, 0, 0, 0, 0, 0, 0, 0, 0),
(501, 0, 69, 919, 7, 7, 0, 0, 0, 0, 0, 0, 0, 0, 0, 0, 0),
(502, 0, 222, 919, 4, 4, 0, 0, 0, 0, 0, 0, 0, 0, 0, 0, 0),
(503, 0, 358, 919, 4, 5, 0, 0, 0, 0, 0, 0, 0, 0, 0, 1, 0),
(504, 0, 397, 919, 4, 4, 0, 0, 0, 0, 0, 0, 0, 0, 0, 0, 0),
(505, 0, 431, 919, 3.5, 3.5, 0, 0, 0, 0, 0, 0, 0, 0, 0, 0, 0),
(506, 0, 565, 919, 5.5, 5.5, 0, 0, 0, 0, 0, 0, 0, 0, 0, 0, 0),
(507, 0, 93, 919, 5, 5, 0, 0, 0, 0, 0, 0, 0, 0, 0, 0, 0),
(508, 0, 162, 919, 5, 5, 0, 0, 0, 0, 0, 0, 0, 0, 0, 0, 0),
(509, 0, 165, 919, 4, 5, 0, 0, 0, 0, 0, 0, 0, 0, 0, 1, 0),
(510, 0, 505, 919, 5, 5, 0, 0, 0, 0, 0, 0, 0, 0, 0, 0, 0),
(511, 0, 535, 919, 5, 5, 0, 0, 0, 0, 0, 0, 0, 0, 0, 0, 0),
(512, 0, 35, 918, 6, 6, 0, 0, 0, 0, 0, 0, 0, 0, 0, 0, 0),
(513, 0, 47, 918, 9, 7, 0, 0, 0, 0, 1, 0, 0, 0, 0, 1, 0),
(514, 0, 76, 918, 18, 8, 1, NULL, 0, 1, 0, 0, 0, 0, 0, 0, 0),
(515, 0, 516, 918, 6.5, 6.5, 0, 0, 0, 0, 0, 0, 0, 0, 0, 0, 0),
(516, 0, 1, 918, 6, 6, 0, 0, 0, 0, 0, 0, 0, 0, 0, 0, 0),
(517, 0, 217, 918, 4, 4, 0, 0, 0, 0, 0, 0, 0, 0, 0, 0, 0),
(518, 0, 569, 918, 5.5, 5.5, 0, 0, 0, 0, 0, 0, 0, 0, 0, 0, 0),
(519, 0, 404, 927, 1, 3, 0, 2, 0, 0, 0, 0, 0, 0, 0, 0, 0),
(520, 0, 257, 927, 4.5, 4.5, 0, 0, 0, 0, 0, 0, 0, 0, 0, 0, 0),
(521, 0, 313, 927, 3.5, 3.5, 0, 0, 0, 0, 0, 0, 0, 0, 0, 0, 0),
(522, 0, 438, 927, 5, 5, 0, 0, 0, 0, 0, 0, 0, 0, 0, 0, 0),
(523, 0, 587, 927, 5, 5, 0, 0, 0, 0, 0, 0, 0, 0, 0, 0, 0),
(524, 0, 598, 927, 5.5, 5.5, 0, 0, 0, 0, 0, 0, 0, 0, 0, 0, 0),
(525, 0, 279, 927, 5, 5, 0, 0, 0, 0, 0, 0, 0, 0, 0, 0, 0),
(526, 0, 300, 927, 6, 6, 0, 0, 0, 0, 0, 0, 0, 0, 0, 0, 0),
(527, 0, 379, 927, 9, 7, 0, 0, 0, 0, 1, 0, 0, 0, 0, 1, 0),
(528, 0, 465, 927, 3.5, 4.5, 0, 0, 0, 0, 0, 0, 0, 0, 0, 1, 0),
(529, 0, 136, 929, 6.5, 6.5, 0, 0, 0, 0, 0, 0, 0, 0, 0, 0, 0),
(530, 0, 237, 929, 7.5, 7.5, 0, 0, 0, 0, 0, 0, 0, 0, 0, 0, 0),
(531, 0, 242, 929, 5, 5, 0, 0, 0, 0, 0, 0, 0, 0, 0, 0, 0),
(532, 0, 263, 929, 19, 8, 0, 0, 0, 1, 1, 0, 0, 0, 0, 0, 0),
(533, 0, 541, 929, 5, 6, 0, 1, 0, 0, 0, 0, 0, 0, 0, 0, 0),
(534, 0, 551, 929, 7.5, 7.5, 0, 0, 0, 0, 0, 0, 0, 0, 0, 0, 0),
(535, 0, 630, 929, 5, 6, 0, 0, 0, 0, 0, 0, 0, 0, 0, 1, 0),
(536, 0, 24, 929, 5, 5, 0, 0, 0, 0, 0, 0, 0, 0, 0, 0, 0),
(537, 0, 106, 929, 6, 6, 0, 0, 0, 0, 0, 0, 0, 0, 0, 0, 0),
(538, 0, 231, 929, 4.5, 5.5, 0, 0, 0, 0, 0, 0, 0, 0, 0, 1, 0),
(539, 0, 254, 929, 4.5, 4.5, 0, 0, 0, 0, 0, 0, 0, 0, 0, 0, 0),
(540, 0, 293, 929, 1.5, 3.5, 0, 0, 0, 0, 0, 0, 0, 0, 0, 0, 1),
(541, 0, 346, 929, 3, 5, 0, 2, 0, 0, 0, 0, 0, 0, 0, 0, 0),
(542, 0, 427, 929, 5, 5, 0, 0, 0, 0, 0, 0, 0, 0, 0, 0, 0),
(543, 0, 483, 929, 6, 4, 0, 0, 0, 0, 1, 0, 0, 0, 0, 0, 1),
(544, 0, 593, 929, 5, 6, 0, 0, 0, 0, 0, 0, 0, 0, 0, 1, 0),
(545, 0, 46, 930, 7.5, 5.5, 1, NULL, 0, 0, 0, 0, 0, 0, 0, 0, 0),
(546, 0, 61, 930, 6, 6, 0, 0, 0, 0, 0, 0, 0, 0, 0, 0, 0),
(547, 0, 110, 930, 15, 7.5, 0, 0, 0, 1, 0, 0, 0, 0, 0, 0, 0),
(548, 0, 355, 930, 6.5, 6.5, 0, 0, 0, 0, 0, 0, 0, 0, 0, 0, 0),
(549, 0, 412, 930, 6, 6, 0, 0, 0, 0, 0, 0, 0, 0, 0, 0, 0),
(550, 0, 480, 930, 4.5, 4.5, 0, 0, 0, 0, 0, 0, 0, 0, 0, 0, 0),
(551, 0, 265, 930, 4, 5, 0, 0, 0, 0, 0, 0, 0, 0, 0, 1, 0),
(552, 0, 305, 930, 4, 5, 0, 0, 0, 0, 0, 0, 0, 0, 0, 1, 0),
(553, 0, 356, 930, 4, 5, 0, 0, 0, 0, 0, 0, 0, 0, 0, 1, 0),
(554, 0, 433, 930, 4, 4, 0, 0, 0, 0, 0, 0, 0, 0, 0, 0, 0),
(555, 0, 460, 930, 4, 5, 0, 1, 0, 0, 0, 0, 0, 0, 0, 0, 0),
(556, 0, 148, 926, 5, 5, 0, 0, 0, 0, 0, 0, 0, 0, 0, 0, 0),
(557, 0, 192, 926, 5, 5, 0, 0, 0, 0, 0, 0, 0, 0, 0, 0, 0),
(558, 0, 385, 926, 3.5, 3.5, 0, 0, 0, 0, 0, 0, 0, 0, 0, 0, 0),
(559, 0, 490, 926, 14, 7.5, 0, 0, 0, 1, 0, 0, 0, 0, 0, 1, 0),
(560, 0, 492, 926, 6, 7, 0, 0, 0, 0, 0, 0, 0, 0, 0, 1, 0),
(561, 0, 501, 926, 6, 6, 0, 0, 0, 0, 0, 0, 0, 0, 0, 0, 0),
(562, 0, 513, 926, 6, 6, 0, 0, 0, 0, 0, 0, 0, 0, 0, 0, 0),
(563, 0, 610, 926, 4.5, 4.5, 0, 0, 0, 0, 0, 0, 0, 0, 0, 0, 0),
(564, 0, 188, 926, 5, 5, 0, 0, 0, 0, 0, 0, 0, 0, 0, 0, 0),
(565, 0, 181, 926, 5, 5, 0, 0, 0, 0, 0, 0, 0, 0, 0, 0, 0),
(566, 0, 353, 926, 5.5, 6.5, 0, 0, 0, 0, 0, 0, 0, 0, 0, 1, 0),
(567, 0, 380, 926, 2, 3, 0, 0, 0, 0, 0, 0, 0, 0, 0, 1, 0),
(568, 0, 101, 931, 5, 5, 0, 0, 0, 0, 0, 0, 0, 0, 0, 0, 0),
(569, 0, 273, 931, 4, 4, 0, 0, 0, 0, 0, 0, 0, 0, 0, 0, 0),
(570, 1, 276, 931, 9, 6, 0, 0, 0, 0, 1, 0, 0, 0, 0, 0, 0),
(571, 0, 317, 931, 5, 5, 0, 0, 0, 0, 0, 0, 0, 0, 0, 0, 0),
(572, 0, 350, 931, 3.5, 4.5, 0, 0, 0, 0, 0, 0, 0, 0, 0, 1, 0),
(573, 0, 381, 931, 3, 3, 0, 0, 0, 0, 0, 0, 0, 0, 0, 0, 0),
(574, 0, 624, 931, 3.5, 3.5, 0, 0, 0, 0, 0, 0, 0, 0, 0, 0, 0),
(575, 1, 423, 931, 10, 7, 0, 0, 0, 0, 1, 0, 0, 0, 0, 0, 0),
(576, 0, 601, 931, 5, 5, 0, 0, 0, 0, 0, 0, 0, 0, 0, 0, 0),
(577, 1, 602, 931, 3.5, 4.5, 0, 0, 0, 0, 0, 0, 0, 0, 0, 1, 0),
(578, 0, 158, 928, 2.5, 3.5, 0, 0, 0, 0, 0, 0, 0, 0, 0, 1, 0),
(579, 0, 259, 928, 3, 3, 0, 0, 0, 0, 0, 0, 0, 0, 0, 0, 0),
(580, 0, 383, 928, 3.5, 4.5, 0, 0, 0, 0, 0, 0, 0, 0, 0, 1, 0),
(581, 0, 589, 928, 5, 5, 0, 0, 0, 0, 0, 0, 0, 0, 0, 0, 0),
(582, 0, 83, 928, 10.5, 6.5, 0, 0, 0, 0, 1, 0, 0, 0, 0, 0, 0),
(583, 0, 260, 928, 5.5, 5.5, 0, 0, 0, 0, 0, 0, 0, 0, 0, 0, 0),
(584, 0, 105, 925, 3, 5, 0, 2, 0, 0, 0, 0, 0, 0, 0, 0, 0),
(585, 0, 184, 925, 5, 5, 0, 0, 0, 0, 0, 0, 0, 0, 0, 0, 0),
(586, 1, 360, 925, 4.5, 5.5, 0, 0, 0, 0, 1, 0, 0, 1, 0, 0, 0),
(587, 0, 566, 925, 4.5, 4.5, 0, 0, 0, 0, 0, 0, 0, 0, 0, 0, 0),
(588, 0, 506, 925, 5, 5, 0, 0, 0, 0, 0, 0, 0, 0, 0, 0, 0),
(589, 0, 574, 925, 9, 6, 0, 1, 0, 0, 0, 0, 0, 0, 1, 0, 0),
(590, 0, 162, 922, 5.5, 5.5, 0, 0, 0, 0, 0, 0, 0, 0, 0, 0, 0),
(591, 0, 165, 922, 5.5, 5.5, 0, 0, 0, 0, 0, 0, 0, 0, 0, 0, 0),
(592, 0, 477, 922, 9, 6, 0, 0, 0, 0, 1, 0, 0, 0, 0, 0, 0),
(593, 0, 505, 922, 5, 5, 0, 0, 0, 0, 0, 0, 0, 0, 0, 0, 0),
(594, 0, 535, 922, 4, 5, 0, 0, 0, 0, 0, 0, 0, 0, 0, 1, 0),
(595, 0, 617, 922, 6.5, 6.5, 0, 0, 0, 0, 0, 0, 0, 0, 0, 0, 0),
(596, 0, 80, 922, 4, 4, 0, 0, 0, 0, 0, 0, 0, 0, 0, 0, 0),
(597, 0, 142, 922, 3.5, 5.5, 0, 2, 0, 0, 0, 0, 0, 0, 0, 0, 0),
(598, 0, 250, 922, 4, 4, 0, 0, 0, 0, 0, 0, 0, 0, 0, 0, 0),
(599, 0, 297, 922, 5, 5, 0, 0, 0, 0, 0, 0, 0, 0, 0, 0, 0),
(600, 0, 410, 922, 3, 3, 0, 0, 0, 0, 0, 0, 0, 0, 0, 0, 0),
(601, 0, 507, 922, 3, 3, 0, 0, 0, 0, 0, 0, 0, 0, 0, 0, 0),
(602, 0, 1, 923, 5.5, 6.5, 0, 0, 0, 0, 0, 0, 0, 0, 0, 1, 0),
(603, 0, 217, 923, 14, 8, 0, 0, 0, 0, 2, 0, 0, 0, 0, 0, 0),
(604, 0, 569, 923, 6, 6, 0, 0, 0, 0, 0, 0, 0, 0, 0, 0, 0),
(605, 0, 69, 923, 5, 5, 0, 0, 0, 0, 0, 0, 0, 0, 0, 0, 0),
(606, 0, 222, 923, 4, 4, 0, 0, 0, 0, 0, 0, 0, 0, 0, 0, 0),
(607, 0, 358, 923, 5, 5, 0, 0, 0, 0, 0, 0, 0, 0, 0, 0, 0),
(608, 0, 397, 923, 4, 4, 0, 0, 0, 0, 0, 0, 0, 0, 0, 0, 0),
(609, 0, 431, 923, 4, 4, 0, 0, 0, 0, 0, 0, 0, 0, 0, 0, 0),
(610, 0, 446, 923, 3.5, 3.5, 0, 0, 0, 0, 0, 0, 0, 0, 0, 0, 0),
(611, 0, 565, 923, 3.5, 3.5, 0, 0, 0, 0, 0, 0, 0, 0, 0, 0, 0),
(612, 0, 87, 924, 6, 6, 0, 0, 0, 0, 0, 0, 0, 0, 0, 0, 0),
(613, 0, 256, 924, 6, 6, 0, 0, 0, 0, 0, 0, 0, 0, 0, 0, 0),
(614, 0, 310, 924, 5.5, 5.5, 0, 0, 0, 0, 0, 0, 0, 0, 0, 0, 0),
(615, 0, 402, 924, 19, 8, 0, 0, 0, 1, 1, 0, 0, 0, 0, 0, 0),
(616, 0, 35, 924, 5.5, 5.5, 0, 0, 0, 0, 0, 0, 0, 0, 0, 0, 0),
(617, 0, 47, 924, 6, 6, 0, 0, 0, 0, 0, 0, 0, 0, 0, 0, 0),
(618, 0, 76, 924, 15, 5, 0, 0, 0, 0, 1, 0, 0, 0, 0, 0, 0),
(619, 0, 516, 924, 7, 7, 0, 0, 0, 0, 0, 0, 0, 0, 0, 0, 0),
(620, 0, 80, 940, 5, 6, 0, 0, 0, 0, 0, 0, 0, 0, 0, 1, 0),
(621, 0, 142, 940, 8, 6, 1, NULL, 0, 0, 0, 0, 0, 0, 0, 0, 0),
(622, 0, 250, 940, 4, 4, 0, 0, 0, 0, 0, 0, 0, 0, 0, 0, 0),
(623, 0, 297, 940, 4, 4, 0, 0, 0, 0, 0, 0, 0, 0, 0, 0, 0),
(624, 0, 410, 940, 5, 5, 0, 0, 0, 0, 0, 0, 0, 0, 0, 0, 0),
(625, 0, 507, 940, 4.5, 4.5, 0, 0, 0, 0, 0, 0, 0, 0, 0, 0, 0),
(626, 0, 1, 940, 4.5, 4.5, 0, 0, 0, 0, 0, 0, 0, 0, 0, 0, 0),
(627, 0, 217, 940, 5.5, 5.5, 0, 0, 0, 0, 0, 0, 0, 0, 0, 0, 0),
(628, 0, 569, 940, 5, 5, 0, 0, 0, 0, 0, 0, 0, 0, 0, 0, 0),
(629, 0, 506, 937, 5.5, 5.5, 0, 0, 0, 0, 0, 0, 0, 0, 0, 0, 0),
(630, 0, 574, 937, 5.5, 6.5, 0, 1, 0, 0, 0, 0, 0, 0, 0, 0, 0),
(631, 0, 181, 937, 6, 6, 0, 0, 0, 0, 0, 0, 0, 0, 0, 0, 0),
(632, 0, 188, 937, 4, 5, 0, 0, 0, 0, 0, 0, 0, 0, 0, 1, 0),
(633, 0, 353, 937, 6, 6, 0, 0, 0, 0, 0, 0, 0, 0, 0, 0, 0),
(634, 0, 380, 937, 4, 4, 0, 0, 0, 0, 0, 0, 0, 0, 0, 0, 0),
(635, 0, 69, 939, 1, 3, 0, 0, 0, 0, 0, 0, 0, 0, 0, 0, 1),
(636, 0, 358, 939, 5, 5, 0, 0, 0, 0, 0, 0, 0, 0, 0, 0, 0),
(637, 0, 397, 939, 4, 5, 0, 0, 0, 0, 0, 0, 0, 0, 0, 1, 0),
(638, 0, 431, 939, 5, 5, 0, 0, 0, 0, 0, 0, 0, 0, 0, 0, 0),
(639, 0, 446, 939, 4.5, 5.5, 0, 0, 0, 0, 0, 0, 0, 0, 0, 1, 0),
(640, 0, 565, 939, 4, 4, 0, 0, 0, 0, 0, 0, 0, 0, 0, 0, 0),
(641, 0, 87, 939, 3, 5, 0, 0, 0, 0, 0, 0, 0, 0, 0, 0, 1),
(642, 0, 310, 939, 5, 5, 0, 0, 0, 0, 0, 0, 0, 0, 0, 0, 0),
(643, 0, 402, 939, 4, 4, 0, 0, 0, 0, 0, 0, 0, 0, 0, 0, 0),
(644, 0, 164, 936, 6, 6, 0, 0, 0, 0, 0, 0, 0, 0, 0, 0, 0),
(645, 0, 192, 936, 5, 6, 0, 0, 0, 0, 0, 0, 0, 0, 0, 1, 0),
(646, 0, 490, 936, 5, 5, 0, 0, 0, 0, 0, 0, 0, 0, 0, 0, 0),
(647, 0, 492, 936, 5, 5, 0, 0, 0, 0, 0, 0, 0, 0, 0, 0, 0),
(648, 0, 501, 936, 6, 6, 0, 0, 0, 0, 0, 0, 0, 0, 0, 0, 0),
(649, 0, 513, 936, 4, 5, 0, 0, 0, 0, 0, 0, 0, 0, 0, 1, 0),
(650, 0, 610, 936, 4, 5, 0, 0, 0, 0, 0, 0, 0, 0, 0, 1, 0),
(651, 0, 404, 936, 17, 8, 1, NULL, 0, 1, 0, 0, 0, 0, 0, 1, 0),
(652, 0, 438, 936, 4, 4, 0, 0, 0, 0, 0, 0, 0, 0, 0, 0, 0),
(653, 0, 587, 936, 5, 5, 0, 0, 0, 0, 0, 0, 0, 0, 0, 0, 0),
(654, 0, 598, 936, 3, 3, 0, 0, 0, 0, 0, 0, 0, 0, 0, 0, 0),
(655, 0, 78, 934, 9, 6, 0, 0, 0, 0, 1, 0, 0, 0, 0, 0, 0),
(656, 0, 83, 934, 7.5, 7.5, 0, 0, 0, 0, 0, 0, 0, 0, 0, 0, 0),
(657, 0, 117, 934, 6, 6, 0, 0, 0, 0, 0, 0, 0, 0, 0, 0, 0),
(658, 0, 260, 934, 5, 5, 0, 0, 0, 0, 0, 0, 0, 0, 0, 0, 0),
(659, 0, 136, 934, 4, 4, 0, 0, 0, 0, 0, 0, 0, 0, 0, 0, 0),
(660, 0, 242, 934, 4.5, 4.5, 0, 0, 0, 0, 0, 0, 0, 0, 0, 0, 0),
(661, 0, 263, 934, 4, 4, 0, 0, 0, 0, 0, 0, 0, 0, 0, 0, 0),
(662, 0, 296, 934, 4, 4, 0, 0, 0, 0, 0, 0, 0, 0, 0, 0, 0),
(663, 0, 541, 934, 1, 4, 0, 3, 0, 0, 0, 0, 0, 0, 0, 0, 0),
(664, 0, 630, 934, 4, 4, 0, 0, 0, 0, 0, 0, 0, 0, 0, 0, 0),
(665, 0, 24, 933, 4, 4, 0, 0, 0, 0, 0, 0, 0, 0, 0, 0, 0),
(666, 0, 106, 933, 5, 5, 0, 0, 0, 0, 0, 0, 0, 0, 0, 0, 0),
(667, 0, 231, 933, 4.5, 5.5, 0, 0, 0, 0, 0, 0, 0, 0, 0, 1, 0),
(668, 0, 254, 933, 4, 4, 0, 0, 0, 0, 0, 0, 0, 0, 0, 0, 0),
(669, 0, 346, 933, 3.5, 5.5, 0, 2, 0, 0, 0, 0, 0, 0, 0, 0, 0),
(670, 0, 393, 933, 5.5, 5.5, 0, 0, 0, 0, 0, 0, 0, 0, 0, 0, 0),
(671, 0, 427, 933, 2, 3, 0, 0, 0, 0, 0, 0, 0, 0, 0, 1, 0),
(672, 0, 459, 933, 0, 4, 0, 0, 1, 0, 0, 0, 0, 0, 0, 0, 0),
(673, 0, 593, 933, 7, 5, 0, 0, 0, 0, 0, 1, 0, 0, 0, 0, 0),
(674, 0, 46, 933, 4, 6, 0, 1, 0, 0, 0, 0, 0, 0, 0, 1, 0),
(675, 0, 110, 933, 20, 8, 0, 0, 0, 1, 1, 0, 0, 0, 0, 0, 0),
(676, 0, 227, 933, 4, 4, 0, 0, 0, 0, 0, 0, 0, 0, 0, 0, 0),
(677, 0, 412, 933, 5, 6, 0, 0, 0, 0, 0, 0, 0, 0, 0, 1, 0),
(678, 0, 419, 933, 4, 5, 0, 0, 0, 0, 0, 0, 0, 0, 0, 1, 0),
(679, 0, 479, 933, 6, 6, 0, 0, 0, 0, 0, 0, 0, 0, 0, 0, 0),
(680, 0, 53, 935, 4, 4, 0, 0, 0, 0, 0, 0, 0, 0, 0, 0, 0),
(681, 0, 379, 935, 3, 3, 0, 0, 0, 0, 0, 0, 0, 0, 0, 0, 0),
(682, 0, 465, 935, 4, 4, 0, 0, 0, 0, 0, 0, 0, 0, 0, 0, 0),
(683, 0, 158, 935, 4, 5, 0, 0, 0, 0, 0, 0, 0, 0, 0, 1, 0),
(684, 0, 259, 935, 5, 5, 0, 0, 0, 0, 0, 0, 0, 0, 0, 0, 0),
(685, 0, 462, 935, 7, 5, 1, NULL, 0, 0, 0, 0, 0, 0, 0, 0, 0),
(686, 0, 35, 938, 5, 5, 0, 0, 0, 0, 0, 0, 0, 0, 0, 0, 0),
(687, 0, 47, 938, 3.5, 3.5, 0, 0, 0, 0, 0, 0, 0, 0, 0, 0, 0),
(688, 0, 76, 938, 4, 5, 0, 1, 0, 0, 0, 0, 0, 0, 0, 0, 0),
(689, 1, 516, 938, 8, 5, 0, 0, 0, 0, 1, 0, 0, 0, 0, 1, 0),
(690, 0, 50, 938, 5, 5, 0, 0, 0, 0, 0, 0, 0, 0, 0, 0, 0),
(691, 0, 105, 938, 4, 5, 0, 1, 0, 0, 0, 0, 0, 0, 0, 0, 0),
(692, 0, 184, 938, 6, 6, 0, 0, 0, 0, 0, 0, 0, 0, 0, 0, 0),
(693, 0, 360, 938, 5, 5, 0, 0, 0, 0, 0, 0, 0, 0, 0, 0, 0),
(694, 0, 265, 932, 6, 6, 0, 0, 0, 0, 0, 0, 0, 0, 0, 0, 0),
(695, 0, 305, 932, 6, 6, 0, 0, 0, 0, 0, 0, 0, 0, 0, 0, 0),
(696, 0, 356, 932, 4, 4, 0, 0, 0, 0, 0, 0, 0, 0, 0, 0, 0),
(697, 0, 433, 932, 4, 4, 0, 0, 0, 0, 0, 0, 0, 0, 0, 0, 0),
(698, 0, 460, 932, 9, 7, 1, NULL, 0, 0, 0, 0, 0, 0, 0, 0, 0),
(699, 0, 101, 932, 6, 6, 0, 0, 0, 0, 0, 0, 0, 0, 0, 0, 0),
(700, 0, 276, 932, 5, 5, 0, 0, 0, 0, 0, 0, 0, 0, 0, 0, 0),
(701, 0, 317, 932, 6, 6, 0, 0, 0, 0, 0, 0, 0, 0, 0, 0, 0),
(702, 0, 350, 932, 5, 5, 0, 0, 0, 0, 0, 0, 0, 0, 0, 0, 0),
(703, 0, 381, 932, 4.5, 4.5, 0, 0, 0, 0, 0, 0, 0, 0, 0, 0, 0),
(704, 0, 455, 932, 6, 6, 0, 0, 0, 0, 0, 0, 0, 0, 0, 0, 0),
(705, 0, 624, 932, 5, 6, 0, 0, 0, 0, 0, 0, 0, 0, 0, 1, 0),
(706, 0, 75, 932, 4, 4, 0, 0, 0, 0, 0, 0, 0, 0, 0, 0, 0),
(707, 0, 423, 941, 3.5, 3.5, 0, 0, 0, 0, 0, 0, 0, 0, 0, 0, 0),
(708, 0, 444, 941, 10, 7, 0, 0, 0, 0, 1, 0, 0, 0, 0, 0, 0),
(709, 0, 601, 941, 5, 5, 0, 0, 0, 0, 0, 0, 0, 0, 0, 0, 0),
(710, 0, 602, 941, 5, 5, 0, 0, 0, 0, 0, 0, 0, 0, 0, 0, 0),
(711, 0, 93, 941, 4, 5, 0, 0, 0, 0, 0, 0, 0, 0, 0, 1, 0),
(712, 0, 165, 941, 4, 5, 0, 0, 0, 0, 0, 0, 0, 0, 0, 1, 0),
(713, 0, 477, 941, 9.5, 6.5, 0, 0, 0, 0, 1, 0, 0, 0, 0, 0, 0),
(714, 0, 505, 941, 6, 6, 0, 0, 0, 0, 0, 0, 0, 0, 0, 0, 0),
(715, 0, 535, 941, 5, 5, 0, 0, 0, 0, 0, 0, 0, 0, 0, 0, 0),
(716, 0, 617, 941, 5.5, 5.5, 0, 0, 0, 0, 0, 0, 0, 0, 0, 0, 0),
(717, 0, 1, 943, 10.5, 6.5, 0, 0, 0, 0, 1, 0, 0, 0, 0, 0, 0),
(718, 0, 217, 943, 24, 9, 0, 0, 0, 1, 2, 0, 0, 0, 0, 0, 0),
(719, 0, 569, 943, 5, 6, 0, 0, 0, 0, 0, 0, 0, 0, 0, 1, 0),
(720, 0, 423, 943, 4, 4, 0, 0, 0, 0, 0, 0, 0, 0, 0, 0, 0),
(721, 0, 444, 943, 6, 6, 0, 0, 0, 0, 0, 0, 0, 0, 0, 0, 0),
(722, 0, 601, 943, 1, 3, 0, 0, 0, 0, 0, 0, 0, 0, 0, 0, 1),
(723, 0, 43, 947, 4, 4, 0, 0, 0, 0, 0, 0, 0, 0, 0, 0, 0),
(724, 1, 506, 947, 1, 5, 0, 0, 0, 0, 0, 0, 0, 1, 0, 0, 0),
(725, 0, 574, 947, 3.5, 5.5, 0, 1, 0, 0, 0, 0, 0, 0, 0, 1, 0),
(726, 0, 35, 947, 14, 8, 0, 0, 0, 0, 1, 0, 0, 0, 0, 0, 0),
(727, 1, 76, 947, 22, 8, 1, NULL, 0, 1, 0, 0, 0, 0, 1, 0, 0),
(728, 0, 516, 947, 6, 6, 0, 0, 0, 0, 0, 0, 0, 0, 0, 0, 0),
(729, 0, 50, 945, 0, 2, 0, 0, 0, 0, 0, 0, 0, 0, 0, 0, 1),
(730, 0, 105, 945, 5.5, 6.5, 0, 1, 0, 0, 0, 0, 0, 0, 0, 0, 0),
(731, 0, 360, 945, 6, 6, 0, 0, 0, 0, 0, 0, 0, 0, 0, 0, 0),
(732, 0, 222, 945, 5, 5, 0, 0, 0, 0, 0, 0, 0, 0, 0, 0, 0),
(733, 0, 358, 945, 5, 5, 0, 0, 0, 0, 0, 0, 0, 0, 0, 0, 0),
(734, 0, 397, 945, 5, 5, 0, 0, 0, 0, 0, 0, 0, 0, 0, 0, 0),
(735, 0, 431, 945, 4.5, 4.5, 0, 0, 0, 0, 0, 0, 0, 0, 0, 0, 0),
(736, 0, 565, 945, 4, 4, 0, 0, 0, 0, 0, 0, 0, 0, 0, 0, 0),
(737, 0, 256, 944, 20, 7, 0, 0, 0, 1, 1, 0, 0, 0, 0, 0, 0),
(738, 0, 402, 944, 6, 6, 0, 0, 0, 0, 0, 0, 0, 0, 0, 0, 0),
(739, 0, 80, 944, 5.5, 5.5, 0, 0, 0, 0, 0, 0, 0, 0, 0, 0, 0),
(740, 0, 250, 944, 4, 4, 0, 0, 0, 0, 0, 0, 0, 0, 0, 0, 0),
(741, 0, 297, 944, 4, 4, 0, 0, 0, 0, 0, 0, 0, 0, 0, 0, 0),
(742, 0, 365, 944, 4.5, 4.5, 0, 0, 0, 0, 0, 0, 0, 0, 0, 0, 0),
(743, 0, 371, 944, 4, 5, 0, 1, 0, 0, 0, 0, 0, 0, 0, 0, 0),
(744, 0, 410, 944, 4.5, 5.5, 0, 0, 0, 0, 0, 0, 0, 0, 0, 1, 0),
(745, 0, 507, 944, 5, 5, 0, 0, 0, 0, 0, 0, 0, 0, 0, 0, 0),
(746, 0, 136, 949, 6.5, 7.5, 0, 0, 0, 0, 0, 0, 0, 0, 0, 1, 0),
(747, 0, 242, 949, 9.5, 6.5, 0, 0, 0, 0, 1, 0, 0, 0, 0, 0, 0),
(748, 0, 263, 949, 19, 8, 0, 0, 0, 1, 1, 0, 0, 0, 0, 0, 0),
(749, 0, 296, 949, 5.5, 6.5, 0, 0, 0, 0, 0, 0, 0, 0, 0, 1, 0),
(750, 0, 541, 949, 6, 7, 0, 1, 0, 0, 0, 0, 0, 0, 0, 0, 0),
(751, 0, 551, 949, 5.5, 5.5, 0, 0, 0, 0, 0, 0, 0, 0, 0, 0, 0),
(752, 0, 630, 949, 6, 6, 0, 0, 0, 0, 0, 0, 0, 0, 0, 0, 0),
(753, 0, 53, 949, 3.5, 3.5, 0, 0, 0, 0, 0, 0, 0, 0, 0, 0, 0),
(754, 0, 279, 949, 1, 3, 0, 0, 0, 0, 0, 0, 0, 0, 0, 0, 1),
(755, 0, 465, 949, 2, 3, 0, 0, 0, 0, 0, 0, 0, 0, 0, 1, 0),
(756, 0, 46, 950, 9, 7, 1, NULL, 0, 0, 0, 0, 0, 0, 0, 0, 0),
(757, 0, 110, 950, 5, 5, 0, 0, 0, 0, 0, 0, 0, 0, 0, 0, 0),
(758, 0, 227, 950, 4, 4, 0, 0, 0, 0, 0, 0, 0, 0, 0, 0, 0),
(759, 0, 412, 950, 6, 6, 0, 0, 0, 0, 0, 0, 0, 0, 0, 0, 0),
(760, 0, 419, 950, 4.5, 5.5, 0, 0, 0, 0, 0, 0, 0, 0, 0, 1, 0),
(761, 0, 479, 950, 10, 6, 0, 0, 0, 0, 1, 0, 0, 0, 0, 0, 0),
(762, 0, 480, 950, 5, 5, 0, 0, 0, 0, 0, 0, 0, 0, 0, 0, 0),
(763, 0, 629, 950, 14, 7, 0, 0, 0, 1, 0, 0, 0, 0, 0, 0, 0),
(764, 0, 78, 950, 3.5, 3.5, 0, 0, 0, 0, 0, 0, 0, 0, 0, 0, 0),
(765, 0, 83, 950, 5, 6, 0, 0, 0, 0, 0, 0, 0, 0, 0, 1, 0),
(766, 0, 260, 950, 5, 5, 0, 0, 0, 0, 0, 0, 0, 0, 0, 0, 0),
(767, 0, 259, 948, 4, 4, 0, 0, 0, 0, 0, 0, 0, 0, 0, 0, 0),
(768, 0, 383, 948, 4, 4, 0, 0, 0, 0, 0, 0, 0, 0, 0, 0, 0),
(769, 0, 462, 948, 2, 4, 0, 2, 0, 0, 0, 0, 0, 0, 0, 0, 0),
(770, 0, 589, 948, 4, 4, 0, 0, 0, 0, 0, 0, 0, 0, 0, 0, 0),
(771, 0, 143, 948, 8, 9, 0, 0, 0, 0, 0, 0, 0, 0, 0, 1, 0),
(772, 0, 148, 948, 6, 6, 0, 0, 0, 0, 0, 0, 0, 0, 0, 0, 0),
(773, 0, 192, 948, 8.5, 8.5, 0, 0, 0, 0, 0, 0, 0, 0, 0, 0, 0),
(774, 0, 385, 948, 9, 9, 0, 0, 0, 0, 0, 0, 0, 0, 0, 0, 0),
(775, 0, 492, 948, 6.5, 6.5, 0, 0, 0, 0, 0, 0, 0, 0, 0, 0, 0),
(776, 0, 501, 948, 6.5, 6.5, 0, 0, 0, 0, 0, 0, 0, 0, 0, 0, 0),
(777, 0, 513, 948, 6, 6, 0, 0, 0, 0, 0, 0, 0, 0, 0, 0, 0),
(778, 0, 101, 951, 6.5, 6.5, 0, 0, 0, 0, 0, 0, 0, 0, 0, 0, 0),
(779, 0, 273, 951, 5, 6, 0, 0, 0, 0, 0, 0, 0, 0, 0, 1, 0),
(780, 0, 276, 951, 8, 6, 0, 0, 0, 0, 1, 0, 0, 0, 0, 1, 0),
(781, 0, 317, 951, 5, 5, 0, 0, 0, 0, 0, 0, 0, 0, 0, 0, 0),
(782, 0, 350, 951, 6, 6, 0, 0, 0, 0, 0, 0, 0, 0, 0, 0, 0),
(783, 0, 381, 951, 7, 7, 0, 0, 0, 0, 0, 0, 0, 0, 0, 0, 0),
(784, 0, 455, 951, 5, 5, 0, 0, 0, 0, 0, 0, 0, 0, 0, 0, 0),
(785, 0, 576, 951, 2, 4, 0, 0, 0, 0, 0, 0, 0, 0, 0, 0, 1),
(786, 0, 24, 951, 4, 4, 0, 0, 0, 0, 0, 0, 0, 0, 0, 0, 0),
(787, 0, 106, 951, -1, 1, 0, 0, 0, 0, 0, 0, 0, 0, 0, 0, 1),
(788, 0, 231, 951, 6, 6, 0, 0, 0, 0, 0, 0, 0, 0, 0, 0, 0),
(789, 0, 254, 951, 5, 6, 0, 0, 0, 0, 0, 0, 0, 0, 0, 1, 0),
(790, 0, 293, 951, 2, 4, 0, 0, 0, 0, 0, 0, 0, 0, 0, 0, 1),
(791, 0, 346, 951, 17, 9, 0, 0, 0, 1, 0, 0, 0, 0, 0, 1, 0),
(792, 0, 427, 951, 3, 4, 0, 0, 0, 0, 0, 0, 0, 0, 0, 1, 0),
(793, 0, 459, 951, 6, 6, 0, 0, 0, 0, 0, 0, 0, 0, 0, 0, 0),
(794, 0, 483, 951, 6, 6, 0, 0, 0, 0, 0, 0, 0, 0, 0, 0, 0),
(795, 0, 593, 951, 6.5, 5.5, 0, 0, 0, 0, 0, 1, 0, 0, 0, 1, 0),
(796, 0, 188, 946, 3, 4, 0, 0, 0, 0, 0, 0, 0, 0, 0, 1, 0),
(797, 0, 353, 946, 4, 5, 0, 0, 0, 0, 0, 0, 0, 0, 0, 1, 0),
(798, 0, 380, 946, 5.5, 5.5, 0, 0, 0, 0, 0, 0, 0, 0, 0, 0, 0),
(799, 0, 313, 946, 6, 6, 0, 0, 0, 0, 0, 0, 0, 0, 0, 0, 0),
(800, 0, 404, 946, 8, 6, 1, NULL, 0, 0, 0, 0, 0, 0, 0, 0, 0),
(801, 0, 438, 946, 5.5, 5.5, 0, 0, 0, 0, 0, 0, 0, 0, 0, 0, 0),
(802, 0, 587, 946, 5.5, 6.5, 0, 0, 0, 0, 0, 0, 0, 0, 0, 1, 0),
(803, 0, 598, 946, 14, 7.5, 0, 0, 0, 1, 0, 0, 0, 0, 0, 1, 0),
(804, 0, 165, 942, 5, 6, 0, 0, 0, 0, 0, 0, 0, 0, 0, 1, 0),
(805, 0, 477, 942, 24, 9, 0, 0, 0, 1, 2, 0, 0, 0, 0, 0, 0),
(806, 0, 505, 942, 4, 4, 0, 0, 0, 0, 0, 0, 0, 0, 0, 0, 0),
(807, 0, 535, 942, 3, 3, 0, 0, 0, 0, 0, 0, 0, 0, 0, 0, 0),
(808, 0, 617, 942, 4, 4, 0, 0, 0, 0, 0, 0, 0, 0, 0, 0, 0),
(809, 0, 75, 942, 5, 5, 0, 0, 0, 0, 0, 0, 0, 0, 0, 0, 0),
(810, 0, 265, 942, 5, 5, 0, 0, 0, 0, 0, 0, 0, 0, 0, 0, 0),
(811, 0, 305, 942, 5, 5, 0, 0, 0, 0, 0, 0, 0, 0, 0, 0, 0),
(812, 0, 356, 942, 4, 4, 0, 0, 0, 0, 0, 0, 0, 0, 0, 0, 0),
(813, 0, 433, 942, 10, 7, 0, 0, 0, 0, 1, 0, 0, 0, 0, 0, 0),
(814, 0, 460, 942, 4, 5, 0, 1, 0, 0, 0, 0, 0, 0, 0, 0, 0),
(815, 0, 53, 955, 5, 5, 0, 0, 0, 0, 0, 0, 0, 0, 0, 0, 0),
(816, 0, 465, 955, 5, 5, 0, 0, 0, 0, 0, 0, 0, 0, 0, 0, 0),
(817, 0, 46, 955, 2, 6, 0, 2, 0, 0, 0, 0, 0, 0, 0, 0, 1),
(818, 0, 61, 955, 5, 5, 0, 0, 0, 0, 0, 0, 0, 0, 0, 0, 0),
(819, 0, 227, 955, 9, 6, 0, 0, 0, 0, 1, 0, 0, 0, 0, 0, 0),
(820, 0, 355, 955, 4, 4, 0, 0, 0, 0, 0, 0, 0, 0, 0, 0, 0),
(821, 0, 378, 955, 5, 6, 0, 1, 0, 0, 0, 0, 0, 0, 0, 0, 0),
(822, 0, 419, 955, 6, 6, 0, 0, 0, 0, 0, 0, 0, 0, 0, 0, 0),
(823, 0, 480, 955, 5.5, 5.5, 0, 0, 0, 0, 0, 0, 0, 0, 0, 0, 0),
(824, 0, 629, 955, 4.5, 5.5, 0, 0, 0, 0, 0, 0, 0, 0, 0, 1, 0),
(825, 0, 423, 961, 4.5, 4.5, 0, 0, 0, 0, 0, 0, 0, 0, 0, 0, 0),
(826, 0, 444, 961, 5, 5, 0, 0, 0, 0, 0, 0, 0, 0, 0, 0, 0),
(827, 0, 601, 961, 5, 5, 0, 0, 0, 0, 0, 0, 0, 0, 0, 0, 0),
(828, 0, 402, 961, 5, 5, 0, 0, 0, 0, 0, 0, 0, 0, 0, 0, 0),
(829, 0, 69, 959, 5, 5, 0, 0, 0, 0, 0, 0, 0, 0, 0, 0, 0),
(830, 0, 358, 959, 13, 7, 0, 0, 0, 1, 0, 0, 0, 0, 0, 1, 0),
(831, 0, 431, 959, 4, 4, 0, 0, 0, 0, 0, 0, 0, 0, 0, 0, 0),
(832, 0, 446, 959, 5, 5, 0, 0, 0, 0, 0, 0, 0, 0, 0, 0, 0),
(833, 0, 43, 959, 6, 6, 0, 0, 0, 0, 0, 0, 0, 0, 0, 0, 0),
(834, 0, 506, 959, 10, 6, 0, 0, 0, 0, 1, 0, 0, 0, 0, 0, 0),
(835, 1, 574, 959, 2.5, 4.5, 0, 2, 0, 0, 0, 0, 0, 0, 0, 0, 0),
(836, 0, 24, 953, 6, 6, 0, 0, 0, 0, 0, 0, 0, 0, 0, 0, 0),
(837, 0, 231, 953, 5.5, 5.5, 0, 0, 0, 0, 0, 0, 0, 0, 0, 0, 0),
(838, 0, 254, 953, 13, 7, 0, 0, 0, 0, 1, 0, 0, 0, 0, 0, 0),
(839, 0, 346, 953, 5, 6, 0, 1, 0, 0, 0, 0, 0, 0, 0, 0, 0),
(840, 0, 427, 953, 4, 4, 0, 0, 0, 0, 0, 0, 0, 0, 0, 0, 0),
(841, 0, 459, 953, 1, 5, 0, 0, 1, 0, 0, 0, 0, 0, 0, 0, 0),
(842, 0, 483, 953, 19, 7.5, 0, 0, 0, 1, 1, 0, 0, 0, 0, 0, 0),
(843, 0, 510, 953, 7.5, 7.5, 0, 0, 0, 0, 0, 0, 0, 0, 0, 0, 0),
(844, 0, 593, 953, 5, 5, 0, 0, 0, 0, 0, 0, 0, 0, 0, 0, 0),
(845, 0, 165, 953, 4, 5, 0, 0, 0, 0, 0, 0, 0, 0, 0, 1, 0),
(846, 0, 477, 953, 5, 5, 0, 0, 0, 0, 0, 0, 0, 0, 0, 0, 0),
(847, 0, 505, 953, 5.5, 5.5, 0, 0, 0, 0, 0, 0, 0, 0, 0, 0, 0),
(848, 0, 535, 953, 5, 5, 0, 0, 0, 0, 0, 0, 0, 0, 0, 0, 0),
(849, 0, 617, 953, 5, 5, 0, 0, 0, 0, 0, 0, 0, 0, 0, 0, 0),
(850, 0, 143, 956, 20, 8, 0, 0, 0, 1, 1, 0, 0, 0, 0, 0, 0),
(851, 0, 148, 956, 5, 5, 0, 0, 0, 0, 0, 0, 0, 0, 0, 0, 0),
(852, 0, 192, 956, 7, 7, 0, 0, 0, 0, 0, 0, 0, 0, 0, 0, 0),
(853, 0, 385, 956, 6, 6, 0, 0, 0, 0, 0, 0, 0, 0, 0, 0, 0),
(854, 0, 492, 956, 7, 7, 0, 0, 0, 0, 0, 0, 0, 0, 0, 0, 0),
(855, 0, 501, 956, 5, 5, 0, 0, 0, 0, 0, 0, 0, 0, 0, 0, 0),
(856, 0, 513, 956, 6, 6, 0, 0, 0, 0, 0, 0, 0, 0, 0, 0, 0),
(857, 0, 136, 956, 12, 6, 0, 0, 0, 0, 0, 0, 1, 0, 0, 0, 0),
(858, 0, 242, 956, 5, 5, 0, 0, 0, 0, 0, 0, 0, 0, 0, 0, 0);
INSERT INTO `playermatch` (`id`, `version`, `player`, `match_`, `totalPoints`, `olePoints`, `cleanGoal`, `recivedGoals`, `ownGoals`, `mom`, `goals`, `penaltyGoals`, `freeKickGoals`, `missedPenalties`, `cachedPenalties`, `yellowCard`, `redCard`) VALUES
(859, 0, 263, 956, 4, 4, 0, 0, 0, 0, 0, 0, 0, 0, 0, 0, 0),
(860, 0, 296, 956, 5, 5, 0, 0, 0, 0, 0, 0, 0, 0, 0, 0, 0),
(861, 0, 541, 956, 1, 4, 0, 3, 0, 0, 0, 0, 0, 0, 0, 0, 0),
(862, 0, 551, 956, 4, 4, 0, 0, 0, 0, 0, 0, 0, 0, 0, 0, 0),
(863, 0, 630, 956, 3, 3, 0, 0, 0, 0, 0, 0, 0, 0, 0, 0, 0),
(864, 0, 313, 957, 5.5, 5.5, 0, 0, 0, 0, 0, 0, 0, 0, 0, 0, 0),
(865, 0, 404, 957, 4, 6, 0, 1, 0, 0, 0, 0, 0, 0, 0, 1, 0),
(866, 0, 438, 957, 4.5, 4.5, 0, 0, 0, 0, 0, 0, 0, 0, 0, 0, 0),
(867, 0, 556, 957, 5, 5, 0, 0, 0, 0, 0, 0, 0, 0, 0, 0, 0),
(868, 0, 587, 957, 4.5, 5.5, 0, 0, 0, 0, 0, 0, 0, 0, 0, 1, 0),
(869, 0, 145, 957, 5, 5, 0, 0, 0, 0, 0, 0, 0, 0, 0, 0, 0),
(870, 0, 158, 957, 6, 6, 0, 0, 0, 0, 0, 0, 0, 0, 0, 0, 0),
(871, 0, 259, 957, 4, 5, 0, 0, 0, 0, 0, 0, 0, 0, 0, 1, 0),
(872, 0, 383, 957, 4.5, 4.5, 0, 0, 0, 0, 0, 0, 0, 0, 0, 0, 0),
(873, 0, 462, 957, 8, 6, 1, NULL, 0, 0, 0, 0, 0, 0, 0, 0, 0),
(874, 0, 589, 957, 5, 5, 0, 0, 0, 0, 0, 0, 0, 0, 0, 0, 0);

-- --------------------------------------------------------

--
-- Estructura de tabla para la tabla `playerposition`
--

DROP TABLE IF EXISTS `playerposition`;
CREATE TABLE IF NOT EXISTS `playerposition` (
  `id` bigint(20) NOT NULL auto_increment,
  `version` bigint(20) NOT NULL default '0',
  `name` varchar(255) NOT NULL,
  PRIMARY KEY  (`id`),
  UNIQUE KEY `UK_PlayerPosition_name` (`name`)
) ENGINE=InnoDB  DEFAULT CHARSET=latin1 AUTO_INCREMENT=5 ;

--
-- Volcar la base de datos para la tabla `playerposition`
--

INSERT INTO `playerposition` (`id`, `version`, `name`) VALUES
(1, 0, 'Arquero'),
(2, 0, 'Defensor'),
(3, 0, 'Volante'),
(4, 0, 'Delantero');

-- --------------------------------------------------------

--
-- Estructura de tabla para la tabla `playerteam`
--

DROP TABLE IF EXISTS `playerteam`;
CREATE TABLE IF NOT EXISTS `playerteam` (
  `id` bigint(20) NOT NULL auto_increment,
  `version` bigint(20) NOT NULL default '0',
  `player` bigint(20) NOT NULL,
  `team` bigint(20) NOT NULL,
  `isCaptain1` tinyint(1) default NULL,
  `isCaptain2` tinyint(1) default NULL,
  `isCaptain3` tinyint(1) default NULL,
  `isPrincipal` tinyint(1) default NULL,
  `isList` tinyint(1) default NULL,
  `isSubstitute` tinyint(1) default NULL,
  `number` int(11) default NULL,
  PRIMARY KEY  (`id`),
  UNIQUE KEY `UK_PlayerTeam_player_team` (`player`,`team`),
  KEY `FK_PlayerTeam_player` (`player`),
  KEY `FK_PlayerTeam_team` (`team`)
) ENGINE=InnoDB  DEFAULT CHARSET=latin1 AUTO_INCREMENT=598 ;

--
-- Volcar la base de datos para la tabla `playerteam`
--

INSERT INTO `playerteam` (`id`, `version`, `player`, `team`, `isCaptain1`, `isCaptain2`, `isCaptain3`, `isPrincipal`, `isList`, `isSubstitute`, `number`) VALUES
(2, 2, 403, 52, 0, 0, 0, 0, 0, 1, 2),
(3, 2, 346, 52, 0, 0, 0, 1, 0, 0, 1),
(8, 1, 162, 52, 0, 0, 0, 1, 0, 0, 3),
(9, 3, 135, 52, 0, 0, 0, 1, 0, 0, 4),
(11, 2, 617, 52, 1, 0, 0, 1, 0, 0, 6),
(12, 2, 353, 52, 0, 1, 0, 1, 0, 0, 7),
(13, 1, 598, 52, 0, 0, 0, 1, 0, 0, 8),
(14, 2, 310, 52, 0, 0, 1, 1, 0, 0, 9),
(15, 2, 490, 58, 1, 0, 0, 1, 0, 0, 1),
(16, 2, 593, 58, 0, 1, 0, 1, 0, 0, 2),
(17, 1, 273, 58, 0, 0, 0, 1, 0, 0, 3),
(18, 1, 46, 58, 0, 0, 0, 1, 0, 0, 4),
(19, 1, 80, 58, 0, 0, 0, 1, 0, 0, 5),
(20, 1, 350, 58, 0, 0, 0, 1, 0, 0, 6),
(21, 1, 501, 58, 0, 0, 0, 1, 0, 0, 7),
(22, 1, 135, 58, 0, 0, 0, 1, 0, 0, 8),
(24, 1, 617, 58, 0, 0, 0, 1, 0, 0, 9),
(25, 2, 273, 68, 1, 0, 0, 1, 0, 0, 1),
(26, 1, 135, 68, 0, 0, 0, 1, 0, 0, 2),
(27, 1, 46, 68, 0, 0, 0, 1, 0, 0, 3),
(28, 1, 6, 68, 0, 0, 0, 0, 0, 1, 4),
(29, 1, 87, 68, 0, 0, 0, 1, 0, 0, 5),
(30, 1, 101, 68, 0, 0, 0, 1, 0, 0, 6),
(31, 1, 305, 68, 0, 0, 0, 1, 0, 0, 7),
(32, 1, 35, 68, 0, 0, 0, 0, 0, 1, 8),
(33, 1, 143, 68, 0, 0, 0, 1, 0, 0, 9),
(34, 3, 148, 68, 0, 0, 0, 0, 0, 1, 16),
(35, 1, 506, 68, 0, 0, 0, 1, 0, 0, 11),
(36, 1, 598, 68, 0, 0, 0, 1, 0, 0, 12),
(37, 2, 397, 68, 0, 0, 0, 0, 0, 1, 14),
(38, 3, 610, 68, 0, 0, 1, 1, 0, 0, 13),
(40, 2, 479, 68, 0, 1, 0, 1, 0, 0, 10),
(41, 0, 107, 68, 0, 0, 0, 0, 1, 0, 17),
(42, 1, 138, 68, 0, 0, 0, 0, 0, 1, 18),
(43, 0, 172, 68, 0, 0, 0, 0, 1, 0, 19),
(44, 2, 63, 68, 0, 0, 0, 0, 1, 0, 23),
(46, 0, 529, 68, 0, 0, 0, 0, 1, 0, 22),
(47, 1, 551, 68, 0, 0, 0, 0, 0, 1, 20),
(48, 1, 427, 68, 0, 0, 0, 0, 0, 1, 21),
(49, 1, 46, 71, 0, 0, 0, 1, 0, 0, 1),
(50, 1, 105, 71, 0, 0, 0, 0, 0, 1, 2),
(52, 1, 80, 71, 0, 0, 0, 1, 0, 0, 4),
(53, 2, 455, 71, 0, 0, 1, 1, 0, 0, 5),
(54, 1, 602, 71, 0, 0, 0, 1, 0, 0, 6),
(55, 1, 135, 71, 0, 0, 0, 1, 0, 0, 7),
(56, 2, 143, 71, 1, 0, 0, 1, 0, 0, 8),
(57, 3, 506, 71, 0, 0, 0, 1, 0, 0, 9),
(58, 2, 242, 71, 0, 1, 0, 1, 0, 0, 10),
(59, 1, 276, 71, 0, 0, 0, 1, 0, 0, 11),
(60, 1, 310, 71, 0, 0, 0, 1, 0, 0, 12),
(61, 1, 444, 71, 0, 0, 0, 0, 0, 1, 13),
(62, 1, 184, 71, 0, 0, 0, 0, 0, 1, 14),
(63, 1, 356, 71, 0, 0, 0, 0, 0, 1, 15),
(65, 1, 158, 71, 0, 0, 0, 1, 0, 0, 17),
(66, 1, 231, 71, 0, 0, 0, 0, 0, 1, 18),
(70, 1, 47, 71, 0, 0, 0, 0, 0, 1, 21),
(72, 0, 23, 71, 0, 0, 0, 0, 1, 0, 22),
(73, 0, 175, 71, 0, 0, 0, 0, 1, 0, 23),
(74, 0, 249, 71, 0, 0, 0, 0, 1, 0, 24),
(75, 1, 181, 71, 0, 0, 0, 0, 0, 1, 25),
(76, 0, 51, 71, 0, 0, 0, 0, 1, 0, 26),
(77, 1, 371, 66, 0, 0, 0, 1, 0, 0, 1),
(78, 1, 431, 66, 0, 0, 0, 1, 0, 0, 2),
(79, 1, 305, 66, 0, 0, 0, 1, 0, 0, 3),
(81, 1, 297, 66, 0, 0, 0, 1, 0, 0, 5),
(82, 1, 158, 66, 0, 0, 0, 1, 0, 0, 6),
(83, 2, 598, 66, 1, 0, 0, 1, 0, 0, 7),
(84, 1, 222, 66, 0, 0, 0, 1, 0, 0, 8),
(85, 3, 516, 66, 0, 1, 0, 1, 0, 0, 9),
(86, 2, 164, 66, 0, 0, 1, 1, 0, 0, 10),
(87, 1, 433, 66, 0, 0, 0, 1, 0, 0, 11),
(88, 1, 460, 66, 0, 0, 0, 0, 0, 1, 12),
(89, 2, 587, 66, 0, 0, 0, 1, 0, 0, 13),
(90, 1, 630, 66, 0, 0, 0, 0, 0, 1, 14),
(91, 1, 135, 66, 0, 0, 0, 0, 0, 1, 15),
(93, 1, 365, 66, 0, 0, 0, 0, 0, 1, 17),
(94, 1, 438, 66, 0, 0, 0, 0, 0, 1, 18),
(96, 1, 559, 66, 0, 0, 0, 0, 0, 1, 20),
(97, 1, 296, 66, 0, 0, 0, 0, 0, 1, 21),
(98, 0, 145, 66, 0, 0, 0, 0, 1, 0, 22),
(99, 0, 541, 66, 0, 0, 0, 0, 1, 0, 23),
(100, 0, 188, 66, 0, 0, 0, 0, 1, 0, 24),
(101, 0, 148, 66, 0, 0, 0, 0, 1, 0, 25),
(102, 2, 46, 56, 0, 0, 0, 0, 0, 1, 15),
(103, 2, 273, 56, 1, 0, 0, 1, 0, 0, 2),
(104, 1, 254, 56, 0, 0, 0, 1, 0, 0, 3),
(105, 1, 87, 56, 0, 0, 0, 1, 0, 0, 4),
(106, 1, 535, 56, 0, 0, 0, 1, 0, 0, 5),
(107, 2, 490, 56, 0, 1, 0, 1, 0, 0, 6),
(108, 3, 565, 56, 0, 0, 0, 1, 0, 0, 7),
(109, 1, 135, 56, 0, 0, 0, 1, 0, 0, 8),
(110, 2, 617, 56, 0, 0, 1, 1, 0, 0, 9),
(111, 1, 242, 56, 0, 0, 0, 1, 0, 0, 10),
(112, 1, 624, 56, 0, 0, 0, 1, 0, 0, 11),
(113, 2, 184, 56, 0, 0, 0, 0, 0, 1, 16),
(117, 2, 76, 56, 0, 0, 0, 1, 0, 0, 1),
(118, 2, 220, 56, 0, 0, 0, 0, 0, 1, 12),
(119, 1, 598, 56, 0, 0, 0, 0, 0, 1, 17),
(121, 2, 556, 52, 0, 0, 0, 0, 0, 1, 13),
(123, 1, 297, 56, 0, 0, 0, 0, 0, 1, 19),
(126, 4, 397, 52, 0, 0, 0, 0, 0, 1, 17),
(127, 0, 459, 56, 0, 0, 0, 0, 1, 0, 22),
(128, 0, 80, 56, 0, 0, 0, 0, 1, 0, 23),
(129, 0, 346, 56, 0, 0, 0, 0, 1, 0, 24),
(130, 1, 360, 56, 0, 0, 0, 0, 0, 1, 25),
(131, 1, 43, 56, 0, 0, 0, 0, 0, 1, 26),
(132, 0, 276, 56, 0, 0, 0, 0, 1, 0, 27),
(133, 3, 46, 57, 0, 0, 0, 0, 1, 0, 14),
(134, 2, 273, 57, 1, 0, 0, 1, 0, 0, 2),
(135, 2, 135, 57, 0, 0, 1, 1, 0, 0, 3),
(136, 5, 346, 57, 0, 0, 0, 1, 0, 0, 1),
(137, 1, 483, 57, 0, 0, 0, 1, 0, 0, 5),
(138, 3, 136, 57, 0, 0, 0, 0, 0, 1, 19),
(139, 1, 617, 57, 0, 0, 0, 1, 0, 0, 7),
(140, 2, 355, 57, 0, 1, 0, 1, 0, 0, 8),
(141, 2, 629, 57, 0, 0, 0, 1, 0, 0, 6),
(142, 1, 455, 57, 0, 0, 0, 1, 0, 0, 10),
(143, 1, 293, 57, 0, 0, 0, 1, 0, 0, 11),
(144, 2, 617, 63, 0, 0, 1, 1, 0, 0, 1),
(145, 2, 505, 63, 0, 0, 0, 0, 0, 1, 9),
(146, 1, 459, 63, 0, 0, 0, 1, 0, 0, 3),
(147, 1, 393, 63, 0, 0, 0, 1, 0, 0, 4),
(148, 1, 381, 63, 0, 0, 0, 1, 0, 0, 5),
(149, 2, 273, 63, 1, 0, 0, 1, 0, 0, 6),
(150, 1, 254, 63, 0, 0, 0, 1, 0, 0, 7),
(151, 2, 250, 63, 0, 1, 0, 1, 0, 0, 8),
(152, 2, 279, 63, 0, 0, 0, 0, 0, 1, 18),
(153, 1, 360, 63, 0, 0, 0, 0, 0, 1, 10),
(154, 1, 145, 63, 0, 0, 0, 0, 0, 1, 11),
(155, 1, 313, 63, 0, 0, 0, 1, 0, 0, 12),
(156, 1, 188, 63, 0, 0, 0, 1, 0, 0, 13),
(157, 1, 46, 63, 0, 0, 0, 1, 0, 0, 14),
(158, 1, 404, 63, 0, 0, 0, 0, 0, 1, 15),
(159, 1, 87, 63, 0, 0, 0, 0, 0, 1, 16),
(160, 1, 53, 63, 0, 0, 0, 0, 0, 1, 17),
(161, 3, 135, 63, 0, 0, 0, 1, 0, 0, 2),
(162, 0, 219, 63, 0, 0, 0, 0, 1, 0, 19),
(163, 0, 101, 63, 0, 0, 0, 0, 1, 0, 20),
(164, 0, 378, 63, 0, 0, 0, 0, 1, 0, 21),
(165, 0, 339, 63, 0, 0, 0, 0, 1, 0, 22),
(166, 2, 397, 57, 0, 0, 0, 0, 0, 1, 21),
(168, 1, 541, 57, 0, 0, 0, 0, 0, 1, 4),
(169, 1, 501, 57, 0, 0, 0, 1, 0, 0, 15),
(171, 1, 465, 57, 0, 0, 0, 0, 0, 1, 16),
(172, 1, 356, 57, 0, 0, 0, 0, 0, 1, 17),
(173, 0, 553, 57, 0, 0, 0, 0, 1, 0, 18),
(174, 4, 164, 52, 0, 0, 0, 1, 0, 0, 12),
(175, 1, 431, 52, 0, 0, 0, 1, 0, 0, 14),
(176, 5, 192, 52, 0, 0, 0, 0, 0, 1, 15),
(177, 3, 287, 52, 0, 0, 0, 0, 0, 1, 20),
(179, 2, 510, 52, 0, 0, 0, 1, 0, 0, 11),
(180, 2, 143, 57, 0, 0, 0, 0, 0, 1, 9),
(181, 0, 158, 57, 0, 0, 0, 0, 1, 0, 20),
(182, 2, 242, 57, 0, 0, 0, 1, 0, 0, 12),
(183, 1, 365, 57, 0, 0, 0, 0, 0, 1, 22),
(184, 0, 164, 57, 0, 0, 0, 0, 1, 0, 23),
(185, 1, 371, 59, 0, 0, 0, 1, 0, 0, 1),
(186, 7, 80, 59, 0, 0, 0, 0, 1, 0, 28),
(187, 1, 87, 59, 0, 0, 0, 1, 0, 0, 3),
(188, 4, 501, 59, 0, 0, 0, 1, 0, 0, 15),
(190, 3, 617, 59, 0, 1, 0, 1, 0, 0, 6),
(191, 2, 629, 59, 0, 0, 1, 1, 0, 0, 7),
(193, 1, 164, 59, 0, 0, 0, 1, 0, 0, 9),
(195, 3, 444, 59, 1, 0, 0, 1, 0, 0, 11),
(196, 2, 360, 59, 0, 0, 0, 0, 0, 1, 20),
(197, 1, 142, 59, 0, 0, 0, 0, 0, 1, 13),
(198, 5, 305, 59, 0, 0, 0, 0, 0, 1, 22),
(199, 5, 24, 59, 0, 0, 0, 0, 0, 1, 25),
(201, 2, 385, 59, 0, 0, 0, 0, 0, 1, 16),
(203, 5, 393, 59, 0, 0, 0, 1, 0, 0, 8),
(205, 2, 227, 59, 0, 0, 0, 1, 0, 0, 12),
(206, 0, 46, 59, 0, 0, 0, 0, 1, 0, 21),
(208, 4, 222, 59, 0, 0, 0, 0, 1, 0, 27),
(209, 0, 423, 59, 0, 0, 0, 0, 1, 0, 24),
(211, 2, 346, 69, 0, 0, 0, 1, 0, 0, 2),
(212, 2, 46, 69, 0, 0, 0, 0, 1, 0, 23),
(213, 1, 419, 69, 0, 0, 0, 1, 0, 0, 4),
(214, 1, 293, 69, 0, 0, 0, 1, 0, 0, 5),
(215, 2, 87, 69, 0, 0, 0, 0, 1, 0, 9),
(216, 1, 188, 69, 0, 0, 0, 0, 0, 1, 7),
(217, 1, 287, 69, 0, 0, 0, 0, 0, 1, 8),
(219, 1, 256, 69, 0, 0, 0, 1, 0, 0, 6),
(220, 2, 381, 69, 0, 0, 1, 1, 0, 0, 10),
(221, 2, 273, 69, 1, 0, 0, 1, 0, 0, 11),
(222, 2, 78, 69, 0, 1, 0, 1, 0, 0, 12),
(223, 1, 598, 69, 0, 0, 0, 1, 0, 0, 13),
(224, 1, 507, 69, 0, 0, 0, 1, 0, 0, 14),
(225, 6, 148, 69, 0, 0, 0, 0, 1, 0, 22),
(226, 1, 164, 69, 0, 0, 0, 1, 0, 0, 16),
(229, 1, 46, 67, 0, 0, 0, 1, 0, 0, 1),
(230, 1, 479, 67, 0, 0, 0, 1, 0, 0, 2),
(231, 1, 101, 67, 0, 0, 0, 1, 0, 0, 3),
(232, 1, 87, 67, 0, 0, 0, 1, 0, 0, 4),
(235, 2, 227, 69, 0, 0, 0, 0, 0, 1, 17),
(236, 1, 455, 67, 0, 0, 0, 1, 0, 0, 6),
(237, 1, 617, 69, 0, 0, 0, 1, 0, 0, 15),
(238, 3, 165, 69, 0, 0, 0, 0, 0, 1, 21),
(239, 1, 135, 69, 0, 0, 0, 0, 0, 1, 20),
(241, 2, 69, 67, 0, 1, 0, 1, 0, 0, 7),
(244, 2, 629, 67, 1, 0, 0, 1, 0, 0, 9),
(246, 2, 610, 67, 0, 0, 1, 1, 0, 0, 10),
(247, 1, 402, 67, 0, 0, 0, 1, 0, 0, 11),
(248, 2, 1, 67, 0, 0, 0, 0, 0, 1, 20),
(249, 1, 541, 69, 0, 0, 0, 0, 0, 1, 3),
(250, 1, 371, 67, 0, 0, 0, 0, 0, 1, 13),
(251, 1, 513, 67, 0, 0, 0, 0, 0, 1, 14),
(252, 1, 494, 69, 0, 0, 0, 0, 0, 1, 19),
(254, 0, 510, 69, 0, 0, 0, 0, 1, 0, 24),
(255, 1, 265, 67, 0, 0, 0, 0, 0, 1, 16),
(263, 1, 310, 67, 0, 0, 0, 0, 0, 1, 22),
(264, 2, 75, 67, 0, 0, 0, 1, 0, 0, 12),
(265, 1, 50, 67, 0, 0, 0, 0, 0, 1, 26),
(266, 0, 154, 67, 0, 0, 0, 0, 1, 0, 27),
(268, 1, 589, 67, 0, 0, 0, 1, 0, 0, 8),
(269, 1, 259, 67, 0, 0, 0, 0, 0, 1, 28),
(270, 0, 344, 67, 0, 0, 0, 0, 1, 0, 29),
(271, 0, 14, 67, 0, 0, 0, 0, 1, 0, 30),
(272, 0, 462, 67, 0, 0, 0, 0, 1, 0, 31),
(274, 2, 391, 70, 1, 0, 0, 1, 0, 0, 1),
(275, 1, 346, 70, 0, 0, 0, 0, 0, 1, 2),
(276, 0, 403, 70, 0, 0, 0, 0, 1, 0, 3),
(277, 1, 419, 70, 0, 0, 0, 1, 0, 0, 4),
(278, 1, 80, 70, 0, 0, 0, 1, 0, 0, 5),
(279, 1, 317, 70, 0, 0, 0, 1, 0, 0, 6),
(280, 1, 184, 70, 0, 0, 0, 0, 0, 1, 7),
(281, 1, 35, 70, 0, 0, 0, 0, 0, 1, 8),
(282, 0, 138, 70, 0, 0, 0, 0, 1, 0, 9),
(283, 1, 93, 70, 0, 0, 0, 1, 0, 0, 10),
(284, 2, 135, 70, 0, 1, 0, 1, 0, 0, 11),
(285, 2, 576, 70, 0, 0, 1, 1, 0, 0, 12),
(286, 1, 380, 70, 0, 0, 0, 1, 0, 0, 13),
(287, 1, 257, 70, 0, 0, 0, 0, 0, 1, 14),
(288, 1, 566, 70, 0, 0, 0, 0, 0, 1, 15),
(289, 0, 153, 70, 0, 0, 0, 0, 1, 0, 16),
(290, 1, 242, 70, 0, 0, 0, 1, 0, 0, 17),
(291, 1, 164, 70, 0, 0, 0, 1, 0, 0, 18),
(292, 1, 433, 70, 0, 0, 0, 1, 0, 0, 19),
(293, 1, 263, 70, 0, 0, 0, 0, 0, 1, 20),
(294, 1, 47, 70, 0, 0, 0, 0, 0, 1, 21),
(295, 0, 530, 70, 0, 0, 0, 0, 1, 0, 22),
(296, 1, 462, 65, 0, 0, 0, 1, 0, 0, 1),
(297, 1, 87, 65, 0, 0, 0, 1, 0, 0, 2),
(298, 3, 501, 65, 0, 0, 1, 1, 0, 0, 3),
(299, 1, 602, 65, 0, 0, 0, 1, 0, 0, 4),
(300, 1, 383, 65, 0, 0, 0, 1, 0, 0, 5),
(301, 1, 117, 65, 0, 0, 0, 1, 0, 0, 6),
(302, 1, 192, 65, 0, 0, 0, 1, 0, 0, 7),
(303, 2, 135, 65, 0, 1, 0, 1, 0, 0, 8),
(304, 2, 459, 65, 0, 0, 0, 0, 0, 1, 20),
(305, 1, 242, 65, 0, 0, 0, 1, 0, 0, 10),
(307, 1, 105, 65, 0, 0, 0, 0, 0, 1, 12),
(308, 0, 316, 65, 0, 0, 0, 0, 1, 0, 13),
(310, 1, 287, 65, 0, 0, 0, 0, 0, 1, 15),
(312, 1, 260, 65, 0, 0, 0, 0, 0, 1, 17),
(313, 1, 587, 65, 0, 0, 0, 0, 0, 1, 18),
(316, 2, 576, 65, 0, 0, 0, 1, 0, 0, 9),
(317, 0, 280, 65, 0, 0, 0, 0, 1, 0, 21),
(318, 0, 356, 65, 0, 0, 0, 0, 1, 0, 22),
(320, 3, 164, 65, 1, 0, 0, 1, 0, 0, 24),
(322, 1, 379, 65, 0, 0, 0, 0, 0, 1, 26),
(324, 1, 480, 65, 0, 0, 0, 0, 0, 1, 27),
(325, 0, 43, 65, 0, 0, 0, 0, 1, 0, 28),
(326, 2, 490, 61, 1, 0, 0, 1, 0, 0, 1),
(327, 2, 164, 61, 0, 0, 1, 1, 0, 0, 2),
(362, 2, 397, 64, 0, 0, 0, 0, 0, 1, 5),
(363, 3, 391, 64, 0, 0, 0, 0, 0, 1, 6),
(364, 3, 360, 64, 0, 0, 1, 1, 0, 0, 3),
(366, 3, 242, 64, 0, 1, 0, 1, 0, 0, 1),
(367, 2, 116, 64, 0, 0, 0, 0, 1, 0, 9),
(368, 1, 346, 60, 0, 0, 0, 1, 0, 0, 1),
(374, 1, 574, 60, 0, 0, 0, 0, 0, 1, 7),
(375, 1, 87, 60, 0, 0, 0, 1, 0, 0, 8),
(377, 1, 188, 60, 0, 0, 0, 1, 0, 0, 10),
(381, 1, 350, 60, 0, 0, 0, 1, 0, 0, 9),
(382, 1, 412, 60, 0, 0, 0, 0, 0, 1, 11),
(384, 1, 455, 60, 0, 0, 0, 0, 1, 0, 13),
(389, 2, 110, 60, 0, 0, 0, 1, 0, 0, 18),
(391, 2, 135, 60, 0, 0, 0, 1, 0, 0, 16),
(393, 4, 237, 60, 0, 0, 0, 1, 0, 0, 17),
(400, 3, 506, 60, 0, 0, 1, 1, 0, 0, 20),
(404, 5, 617, 60, 0, 0, 0, 0, 0, 1, 27),
(408, 5, 276, 60, 0, 0, 0, 0, 1, 0, 36),
(409, 4, 310, 60, 0, 1, 0, 1, 0, 0, 32),
(414, 2, 438, 60, 0, 0, 0, 1, 0, 0, 33),
(415, 3, 444, 60, 1, 0, 0, 0, 0, 1, 35),
(418, 2, 164, 58, 0, 0, 1, 1, 0, 0, 10),
(419, 1, 423, 58, 0, 0, 0, 1, 0, 0, 11),
(421, 1, 397, 58, 0, 0, 0, 0, 0, 1, 13),
(422, 1, 136, 58, 0, 0, 0, 0, 0, 1, 14),
(424, 1, 297, 58, 0, 0, 0, 0, 0, 1, 16),
(426, 1, 378, 58, 0, 0, 0, 0, 0, 1, 17),
(429, 0, 46, 60, 0, 0, 0, 0, 1, 0, 38),
(430, 1, 601, 58, 0, 0, 0, 0, 0, 1, 20),
(432, 1, 35, 60, 0, 0, 0, 0, 0, 1, 12),
(434, 0, 158, 58, 0, 0, 0, 0, 1, 0, 22),
(435, 1, 300, 60, 0, 0, 0, 0, 0, 1, 22),
(436, 1, 217, 58, 0, 0, 0, 0, 0, 1, 23),
(438, 0, 276, 58, 0, 0, 0, 0, 1, 0, 24),
(439, 0, 346, 58, 0, 0, 0, 0, 1, 0, 25),
(441, 2, 297, 60, 0, 0, 0, 1, 0, 0, 21),
(444, 1, 184, 58, 0, 0, 0, 0, 0, 1, 26),
(445, 0, 455, 58, 0, 0, 0, 0, 1, 0, 27),
(446, 1, 397, 60, 0, 0, 0, 0, 0, 1, 34),
(448, 0, 459, 60, 0, 0, 0, 0, 1, 0, 39),
(449, 3, 61, 64, 0, 0, 0, 0, 0, 1, 20),
(450, 2, 617, 64, 1, 0, 0, 1, 0, 0, 8),
(451, 1, 371, 64, 0, 0, 0, 1, 0, 0, 2),
(452, 1, 501, 64, 0, 0, 0, 1, 0, 0, 10),
(453, 3, 287, 64, 0, 0, 0, 0, 0, 1, 16),
(454, 1, 358, 64, 0, 0, 0, 1, 0, 0, 12),
(455, 1, 551, 64, 0, 0, 0, 1, 0, 0, 13),
(456, 2, 419, 64, 0, 0, 0, 1, 0, 0, 14),
(457, 3, 110, 64, 0, 0, 0, 1, 0, 0, 7),
(458, 4, 256, 59, 0, 0, 0, 1, 0, 0, 2),
(459, 2, 184, 64, 0, 0, 0, 0, 1, 0, 19),
(460, 1, 136, 59, 0, 0, 0, 0, 0, 1, 23),
(461, 2, 317, 64, 0, 0, 0, 1, 0, 0, 11),
(462, 1, 87, 64, 0, 0, 0, 1, 0, 0, 4),
(463, 2, 293, 64, 0, 0, 0, 0, 0, 1, 17),
(464, 3, 231, 64, 0, 0, 0, 0, 1, 0, 21),
(465, 1, 83, 64, 0, 0, 0, 0, 0, 1, 15),
(466, 1, 164, 64, 0, 0, 0, 0, 0, 1, 22),
(467, 3, 598, 59, 0, 0, 0, 0, 0, 1, 26),
(468, 0, 444, 64, 0, 0, 0, 0, 1, 0, 23),
(469, 2, 254, 59, 0, 0, 0, 1, 0, 0, 14),
(471, 0, 616, 52, 0, 0, 0, 0, 1, 0, 18),
(472, 5, 455, 52, 0, 0, 0, 0, 0, 1, 19),
(473, 2, 317, 52, 0, 0, 0, 0, 1, 0, 26),
(475, 1, 492, 52, 0, 0, 0, 0, 0, 1, 22),
(478, 0, 432, 52, 0, 0, 0, 0, 1, 0, 24),
(480, 2, 293, 52, 0, 0, 0, 1, 0, 0, 16),
(481, 0, 427, 52, 0, 0, 0, 0, 1, 0, 27),
(482, 1, 346, 53, 0, 0, 0, 1, 0, 0, 1),
(483, 1, 460, 53, 0, 0, 0, 0, 0, 1, 2),
(484, 0, 404, 53, 0, 0, 0, 0, 1, 0, 3),
(485, 1, 465, 53, 0, 0, 0, 1, 0, 0, 4),
(486, 1, 602, 53, 0, 0, 0, 1, 0, 0, 5),
(487, 1, 305, 53, 0, 0, 0, 1, 0, 0, 6),
(488, 1, 293, 53, 0, 0, 0, 0, 0, 1, 7),
(489, 1, 630, 53, 0, 0, 0, 0, 0, 1, 8),
(490, 0, 442, 53, 0, 0, 0, 0, 1, 0, 9),
(491, 1, 410, 53, 0, 0, 0, 1, 0, 0, 10),
(492, 2, 490, 53, 0, 1, 0, 1, 0, 0, 11),
(493, 2, 617, 53, 0, 0, 1, 1, 0, 0, 12),
(494, 1, 135, 53, 0, 0, 0, 1, 0, 0, 13),
(495, 1, 136, 53, 0, 0, 0, 0, 0, 1, 14),
(496, 1, 598, 53, 0, 0, 0, 0, 0, 1, 15),
(497, 0, 280, 53, 0, 0, 0, 0, 1, 0, 16),
(498, 2, 273, 53, 1, 0, 0, 1, 0, 0, 17),
(499, 2, 444, 53, 0, 0, 0, 0, 0, 1, 20),
(500, 1, 510, 53, 0, 0, 0, 1, 0, 0, 19),
(501, 2, 242, 53, 0, 0, 0, 1, 0, 0, 18),
(502, 1, 397, 53, 0, 0, 0, 0, 0, 1, 21),
(503, 0, 360, 53, 0, 0, 0, 0, 1, 0, 22),
(504, 1, 371, 62, 0, 0, 0, 1, 0, 0, 1),
(505, 1, 105, 62, 0, 0, 0, 0, 0, 1, 2),
(506, 0, 616, 62, 0, 0, 0, 0, 1, 0, 3),
(507, 1, 87, 62, 0, 0, 0, 1, 0, 0, 4),
(508, 1, 602, 62, 0, 0, 0, 1, 0, 0, 5),
(509, 1, 501, 62, 0, 0, 0, 1, 0, 0, 6),
(510, 1, 287, 62, 0, 0, 0, 0, 0, 1, 7),
(511, 1, 305, 62, 0, 0, 0, 0, 0, 1, 8),
(512, 0, 455, 62, 0, 0, 0, 0, 1, 0, 9),
(513, 1, 617, 62, 0, 0, 0, 1, 0, 0, 10),
(514, 2, 135, 62, 1, 0, 0, 1, 0, 0, 11),
(515, 1, 506, 62, 0, 0, 0, 1, 0, 0, 12),
(516, 1, 117, 62, 0, 0, 0, 1, 0, 0, 13),
(517, 1, 598, 62, 0, 0, 0, 0, 0, 1, 14),
(518, 1, 393, 62, 0, 0, 0, 0, 0, 1, 15),
(519, 0, 353, 62, 0, 0, 0, 0, 1, 0, 16),
(520, 2, 164, 62, 0, 0, 1, 1, 0, 0, 17),
(521, 2, 444, 62, 0, 1, 0, 1, 0, 0, 18),
(522, 1, 310, 62, 0, 0, 0, 1, 0, 0, 19),
(523, 1, 360, 62, 0, 0, 0, 0, 0, 1, 20),
(524, 1, 43, 62, 0, 0, 0, 0, 0, 1, 21),
(525, 0, 276, 62, 0, 0, 0, 0, 1, 0, 22),
(526, 1, 46, 55, 0, 0, 0, 1, 0, 0, 1),
(527, 1, 350, 55, 0, 0, 0, 1, 0, 0, 2),
(528, 1, 80, 55, 0, 0, 0, 1, 0, 0, 3),
(529, 1, 465, 55, 0, 0, 0, 1, 0, 0, 4),
(530, 1, 135, 55, 0, 0, 0, 1, 0, 0, 5),
(532, 2, 353, 55, 0, 1, 0, 1, 0, 0, 7),
(533, 1, 617, 55, 0, 0, 0, 1, 0, 0, 8),
(534, 1, 483, 55, 0, 0, 0, 1, 0, 0, 9),
(535, 1, 459, 55, 0, 0, 0, 0, 0, 1, 10),
(536, 2, 273, 55, 1, 0, 0, 1, 0, 0, 11),
(538, 2, 397, 55, 0, 0, 0, 0, 0, 1, 17),
(539, 1, 122, 55, 0, 0, 0, 0, 0, 1, 14),
(540, 1, 105, 55, 0, 0, 0, 0, 0, 1, 15),
(541, 1, 184, 55, 0, 0, 0, 0, 0, 1, 16),
(542, 3, 402, 55, 0, 0, 1, 1, 0, 0, 13),
(543, 1, 143, 55, 0, 0, 0, 0, 0, 1, 18),
(544, 1, 186, 55, 0, 0, 0, 0, 0, 1, 19),
(547, 0, 507, 55, 0, 0, 0, 0, 1, 0, 21),
(548, 0, 438, 55, 0, 0, 0, 0, 1, 0, 22),
(549, 0, 462, 55, 0, 0, 0, 0, 1, 0, 23),
(550, 0, 87, 55, 0, 0, 0, 0, 1, 0, 24),
(551, 1, 629, 55, 0, 0, 0, 1, 0, 0, 6),
(552, 3, 350, 61, 0, 0, 0, 0, 1, 0, 20),
(553, 3, 276, 61, 0, 0, 0, 1, 0, 0, 5),
(554, 2, 477, 61, 0, 0, 0, 0, 0, 1, 14),
(555, 3, 105, 61, 0, 0, 0, 0, 0, 1, 7),
(556, 1, 346, 61, 0, 0, 0, 1, 0, 0, 6),
(557, 2, 365, 61, 0, 0, 0, 0, 1, 0, 15),
(558, 1, 136, 61, 0, 0, 0, 1, 0, 0, 9),
(559, 1, 346, 54, 0, 0, 0, 1, 0, 0, 1),
(560, 1, 455, 54, 0, 0, 0, 1, 0, 0, 2),
(561, 1, 87, 54, 0, 0, 0, 1, 0, 0, 3),
(562, 1, 465, 54, 0, 0, 0, 1, 0, 0, 4),
(564, 2, 406, 54, 0, 0, 0, 0, 1, 0, 22),
(565, 1, 135, 54, 0, 0, 0, 1, 0, 0, 7),
(566, 1, 380, 54, 0, 0, 0, 1, 0, 0, 8),
(567, 1, 158, 54, 0, 0, 0, 1, 0, 0, 9),
(568, 1, 505, 54, 0, 0, 0, 1, 0, 0, 10),
(569, 2, 510, 54, 0, 1, 0, 1, 0, 0, 11),
(570, 2, 242, 54, 0, 0, 1, 1, 0, 0, 12),
(571, 1, 105, 54, 0, 0, 0, 0, 0, 1, 13),
(574, 1, 181, 54, 0, 0, 0, 0, 0, 1, 14),
(575, 1, 446, 54, 0, 0, 0, 0, 0, 1, 15),
(576, 1, 164, 54, 0, 0, 0, 0, 0, 1, 16),
(577, 1, 477, 54, 0, 0, 0, 0, 0, 1, 17),
(578, 0, 46, 54, 0, 0, 0, 0, 1, 0, 18),
(580, 1, 34, 54, 0, 0, 0, 0, 0, 1, 19),
(581, 1, 569, 54, 0, 0, 0, 0, 0, 1, 20),
(582, 0, 188, 54, 0, 0, 0, 0, 1, 0, 21),
(583, 2, 617, 54, 1, 0, 0, 1, 0, 0, 6),
(584, 0, 276, 54, 0, 0, 0, 0, 1, 0, 23),
(585, 2, 381, 61, 0, 1, 0, 1, 0, 0, 10),
(586, 3, 412, 61, 0, 0, 0, 0, 0, 1, 13),
(587, 1, 293, 61, 0, 0, 0, 1, 0, 0, 12),
(588, 2, 188, 61, 0, 0, 0, 1, 0, 0, 3),
(589, 2, 78, 61, 0, 0, 0, 1, 0, 0, 4),
(590, 1, 385, 61, 0, 0, 0, 0, 0, 1, 8),
(591, 2, 87, 61, 0, 0, 0, 1, 0, 0, 11),
(592, 1, 135, 61, 0, 0, 0, 1, 0, 0, 17),
(593, 2, 551, 61, 0, 0, 0, 0, 0, 1, 19),
(594, 2, 106, 61, 0, 0, 0, 0, 0, 1, 18),
(595, 2, 184, 61, 0, 0, 0, 0, 0, 1, 16),
(596, 0, 432, 61, 0, 0, 0, 0, 1, 0, 21),
(597, 0, 460, 61, 0, 0, 0, 0, 1, 0, 22);

-- --------------------------------------------------------

--
-- Estructura de tabla para la tabla `playerteamweek`
--

DROP TABLE IF EXISTS `playerteamweek`;
CREATE TABLE IF NOT EXISTS `playerteamweek` (
  `id` bigint(20) NOT NULL auto_increment,
  `version` bigint(20) NOT NULL default '0',
  `playerteam` bigint(20) NOT NULL,
  `week` bigint(20) NOT NULL,
  `plays` tinyint(1) default NULL,
  `points` double default NULL,
  PRIMARY KEY  (`id`),
  UNIQUE KEY `UK_PlayerTeamWeek_playerteam_week` (`playerteam`,`week`),
  KEY `FK_PlayerTeamWeek_playerteam` (`playerteam`),
  KEY `FK_PlayerTeamWeek_week` (`week`)
) ENGINE=InnoDB  DEFAULT CHARSET=latin1 AUTO_INCREMENT=22266 ;

--
-- Volcar la base de datos para la tabla `playerteamweek`
--

INSERT INTO `playerteamweek` (`id`, `version`, `playerteam`, `week`, `plays`, `points`) VALUES
(1621, 0, 2, 139, 1, 8.5),
(1622, 0, 3, 139, 0, 6),
(1623, 0, 8, 139, 0, NULL),
(1624, 0, 9, 139, 1, 4.5),
(1625, 0, 11, 139, 1, 13),
(1626, 0, 12, 139, 1, 6),
(1627, 0, 13, 139, 1, 5),
(1628, 0, 14, 139, 1, 4.5),
(1629, 0, 121, 139, 0, 5),
(1630, 0, 126, 139, 0, 4.5),
(1631, 0, 174, 139, 1, 6),
(1632, 0, 175, 139, 1, 13),
(1633, 0, 176, 139, 0, 5),
(1634, 0, 177, 139, 0, 3),
(1635, 0, 179, 139, 1, 9),
(1636, 0, 471, 139, 0, NULL),
(1637, 0, 472, 139, 1, 4),
(1638, 0, 473, 139, 0, 4.5),
(1639, 0, 475, 139, 0, 4.5),
(1640, 0, 478, 139, 0, NULL),
(1641, 0, 480, 139, 1, 6),
(1642, 0, 481, 139, 0, 5),
(1643, 0, 482, 139, 1, 6),
(1644, 0, 483, 139, 0, 16),
(1645, 0, 484, 139, 0, 7),
(1646, 0, 485, 139, 1, 6),
(1647, 0, 486, 139, 1, 4),
(1648, 0, 487, 139, 1, 5),
(1649, 0, 488, 139, 0, 6),
(1650, 0, 489, 139, 0, NULL),
(1651, 0, 490, 139, 0, NULL),
(1652, 0, 491, 139, 1, 3),
(1653, 0, 492, 139, 0, NULL),
(1654, 0, 493, 139, 1, 13),
(1655, 0, 494, 139, 1, 4.5),
(1656, 0, 495, 139, 1, 6.5),
(1657, 0, 496, 139, 0, 5),
(1658, 0, 497, 139, 0, NULL),
(1659, 0, 498, 139, 0, NULL),
(1660, 0, 499, 139, 1, 3),
(1661, 0, 500, 139, 1, 9),
(1662, 0, 501, 139, 1, 5),
(1663, 0, 502, 139, 0, 4.5),
(1664, 0, 503, 139, 0, 4.5),
(1665, 0, 526, 139, 1, 4),
(1666, 0, 527, 139, 1, 3),
(1667, 0, 528, 139, 1, 6),
(1668, 0, 529, 139, 1, 6),
(1669, 0, 530, 139, 1, 4.5),
(1670, 0, 532, 139, 1, 12),
(1671, 0, 533, 139, 1, 6.5),
(1672, 0, 534, 139, 1, 10.5),
(1673, 0, 535, 139, 0, 5),
(1674, 0, 536, 139, 0, NULL),
(1675, 0, 538, 139, 0, 4.5),
(1676, 0, 539, 139, 1, 6),
(1677, 0, 540, 139, 0, 8),
(1678, 0, 541, 139, 0, 5.5),
(1679, 0, 542, 139, 1, 9),
(1680, 0, 543, 139, 0, 4),
(1681, 0, 544, 139, 0, NULL),
(1682, 0, 547, 139, 0, 4.5),
(1683, 0, 548, 139, 0, 5),
(1684, 0, 549, 139, 0, NULL),
(1685, 0, 550, 139, 0, 5.5),
(1686, 0, 551, 139, 1, 4.5),
(1687, 0, 102, 139, 1, 4),
(1688, 0, 103, 139, 0, NULL),
(1689, 0, 104, 139, 0, NULL),
(1690, 0, 105, 139, 1, 5.5),
(1691, 0, 106, 139, 1, 5.5),
(1692, 0, 107, 139, 0, NULL),
(1693, 0, 108, 139, 1, 4.5),
(1694, 0, 109, 139, 1, 4.5),
(1695, 0, 110, 139, 1, 13),
(1696, 0, 111, 139, 1, 5),
(1697, 0, 112, 139, 1, 2.5),
(1698, 0, 113, 139, 1, 5.5),
(1699, 0, 117, 139, 0, 4),
(1700, 0, 118, 139, 0, NULL),
(1701, 0, 119, 139, 1, 5),
(1702, 0, 123, 139, 0, 3),
(1703, 0, 127, 139, 0, 5),
(1704, 0, 128, 139, 0, 6),
(1705, 0, 129, 139, 0, 6),
(1706, 0, 130, 139, 1, 4.5),
(1707, 0, 131, 139, 0, 18),
(1708, 0, 132, 139, 0, 4.5),
(1709, 0, 133, 139, 0, 4),
(1710, 0, 134, 139, 0, NULL),
(1711, 0, 135, 139, 1, 4.5),
(1712, 0, 136, 139, 1, 6),
(1713, 0, 137, 139, 1, 10.5),
(1714, 0, 138, 139, 0, 6.5),
(1715, 0, 139, 139, 1, 6.5),
(1716, 0, 140, 139, 1, 10),
(1717, 0, 141, 139, 1, 4.5),
(1718, 0, 142, 139, 1, 4),
(1719, 0, 143, 139, 1, 6),
(1720, 0, 166, 139, 1, 4.5),
(1721, 0, 168, 139, 0, 24),
(1722, 0, 169, 139, 1, 6),
(1723, 0, 171, 139, 0, 6),
(1724, 0, 172, 139, 0, 5),
(1725, 0, 173, 139, 0, NULL),
(1726, 0, 180, 139, 0, 4),
(1727, 0, 181, 139, 0, 4.5),
(1728, 0, 182, 139, 1, 5),
(1729, 0, 183, 139, 0, 5.5),
(1730, 0, 184, 139, 0, 6),
(1731, 0, 15, 139, 0, NULL),
(1732, 0, 16, 139, 0, NULL),
(1733, 0, 17, 139, 0, NULL),
(1734, 0, 18, 139, 1, 4),
(1735, 0, 19, 139, 1, 6),
(1736, 0, 20, 139, 1, 3),
(1737, 0, 21, 139, 1, 6),
(1738, 0, 22, 139, 1, 4.5),
(1739, 0, 24, 139, 1, 6.5),
(1740, 0, 418, 139, 1, 12),
(1741, 0, 419, 139, 1, 5),
(1742, 0, 421, 139, 1, 4.5),
(1743, 0, 422, 139, 1, 6.5),
(1744, 0, 424, 139, 1, 3),
(1745, 0, 426, 139, 0, NULL),
(1746, 0, 430, 139, 0, 7),
(1747, 0, 434, 139, 0, 4.5),
(1748, 0, 436, 139, 0, 3),
(1749, 0, 438, 139, 0, 4.5),
(1750, 0, 439, 139, 0, 6),
(1751, 0, 444, 139, 0, 5.5),
(1752, 0, 445, 139, 0, 4),
(1753, 0, 185, 139, 1, 4),
(1754, 0, 186, 139, 0, 6),
(1755, 0, 187, 139, 1, 5.5),
(1756, 0, 188, 139, 1, 6),
(1757, 0, 190, 139, 1, 6.5),
(1758, 0, 191, 139, 1, 4.5),
(1759, 0, 193, 139, 1, 6),
(1760, 0, 195, 139, 1, 6),
(1761, 0, 196, 139, 0, 4.5),
(1762, 0, 197, 139, 0, NULL),
(1763, 0, 198, 139, 1, 5),
(1764, 0, 199, 139, 1, 5),
(1765, 0, 201, 139, 0, 6),
(1766, 0, 203, 139, 0, NULL),
(1767, 0, 205, 139, 1, 4.5),
(1768, 0, 206, 139, 0, 4),
(1769, 0, 208, 139, 0, 4.5),
(1770, 0, 209, 139, 0, 5),
(1771, 0, 458, 139, 0, NULL),
(1772, 0, 460, 139, 1, 6.5),
(1773, 0, 467, 139, 0, 5),
(1774, 0, 469, 139, 0, NULL),
(1775, 0, 368, 139, 1, 6),
(1776, 0, 374, 139, 0, 11),
(1777, 0, 375, 139, 1, 5.5),
(1778, 0, 377, 139, 1, 13),
(1779, 0, 381, 139, 1, 3),
(1780, 0, 382, 139, 0, 5),
(1781, 0, 384, 139, 0, 4),
(1782, 0, 389, 139, 1, 6.5),
(1783, 0, 391, 139, 1, 4.5),
(1784, 0, 393, 139, 0, NULL),
(1785, 0, 400, 139, 1, 11.5),
(1786, 0, 404, 139, 0, 6.5),
(1787, 0, 408, 139, 0, 4.5),
(1788, 0, 409, 139, 1, 4.5),
(1789, 0, 414, 139, 0, 5),
(1790, 0, 415, 139, 1, 6),
(1791, 0, 429, 139, 0, 4),
(1792, 0, 432, 139, 0, 5),
(1793, 0, 435, 139, 1, 5),
(1794, 0, 441, 139, 1, 3),
(1795, 0, 446, 139, 0, 4.5),
(1796, 0, 448, 139, 0, 5),
(1797, 0, 326, 139, 0, NULL),
(1798, 0, 327, 139, 1, 6),
(1799, 0, 552, 139, 1, 3),
(1800, 0, 553, 139, 1, 4.5),
(1801, 0, 554, 139, 1, 9),
(1802, 0, 555, 139, 0, 8),
(1803, 0, 556, 139, 1, 6),
(1804, 0, 557, 139, 1, 5.5),
(1805, 0, 558, 139, 0, 6.5),
(1806, 0, 504, 139, 1, 4),
(1807, 0, 505, 139, 0, 8),
(1808, 0, 506, 139, 0, NULL),
(1809, 0, 507, 139, 1, 5.5),
(1810, 0, 508, 139, 1, 4),
(1811, 0, 509, 139, 1, 6),
(1812, 0, 510, 139, 0, 3),
(1813, 0, 511, 139, 0, 5),
(1814, 0, 512, 139, 0, 4),
(1815, 0, 513, 139, 1, 6.5),
(1816, 0, 514, 139, 1, 9),
(1817, 0, 515, 139, 1, 11.5),
(1818, 0, 516, 139, 1, 5),
(1819, 0, 517, 139, 0, 5),
(1820, 0, 518, 139, 0, NULL),
(1821, 0, 519, 139, 0, 6),
(1822, 0, 520, 139, 1, 6),
(1823, 0, 521, 139, 1, 3),
(1824, 0, 522, 139, 1, 4.5),
(1825, 0, 523, 139, 0, 4.5),
(1826, 0, 524, 139, 0, 18),
(1827, 0, 525, 139, 0, 4.5),
(1828, 0, 144, 139, 1, 6.5),
(1829, 0, 145, 139, 1, 15),
(1830, 0, 146, 139, 1, 5),
(1831, 0, 147, 139, 0, NULL),
(1832, 0, 148, 139, 1, 6),
(1833, 0, 149, 139, 0, NULL),
(1834, 0, 150, 139, 0, NULL),
(1835, 0, 151, 139, 1, 12),
(1836, 0, 152, 139, 0, 4),
(1837, 0, 153, 139, 1, 4.5),
(1838, 0, 154, 139, 0, NULL),
(1839, 0, 155, 139, 1, 5.5),
(1840, 0, 156, 139, 1, 13),
(1841, 0, 157, 139, 1, 4),
(1842, 0, 158, 139, 0, 7),
(1843, 0, 159, 139, 1, 5.5),
(1844, 0, 160, 139, 0, 4),
(1845, 0, 161, 139, 1, 4.5),
(1846, 0, 162, 139, 0, NULL),
(1847, 0, 163, 139, 0, 5.5),
(1848, 0, 164, 139, 0, NULL),
(1849, 0, 165, 139, 0, NULL),
(1850, 0, 362, 139, 0, 4.5),
(1851, 0, 363, 139, 0, NULL),
(1852, 0, 364, 139, 1, 4.5),
(1853, 0, 366, 139, 1, 5),
(1854, 0, 367, 139, 0, NULL),
(1855, 0, 449, 139, 0, NULL),
(1856, 0, 450, 139, 1, 13),
(1857, 0, 451, 139, 1, 4),
(1858, 0, 452, 139, 1, 6),
(1859, 0, 453, 139, 0, 3),
(1860, 0, 454, 139, 1, 5.5),
(1861, 0, 455, 139, 1, 5),
(1862, 0, 456, 139, 1, 4.5),
(1863, 0, 457, 139, 1, 6.5),
(1864, 0, 459, 139, 0, 5.5),
(1865, 0, 461, 139, 1, 4.5),
(1866, 0, 462, 139, 1, 5.5),
(1867, 0, 463, 139, 0, 6),
(1868, 0, 464, 139, 0, 6),
(1869, 0, 465, 139, 0, NULL),
(1870, 0, 466, 139, 0, 6),
(1871, 0, 468, 139, 0, 3),
(1872, 0, 296, 139, 0, NULL),
(1873, 0, 297, 139, 1, 5.5),
(1874, 0, 298, 139, 1, 6),
(1875, 0, 299, 139, 1, 4),
(1876, 0, 300, 139, 1, 3),
(1877, 0, 301, 139, 1, 5),
(1878, 0, 302, 139, 1, 5),
(1879, 0, 303, 139, 1, 4.5),
(1880, 0, 304, 139, 1, 5),
(1881, 0, 305, 139, 1, 5),
(1882, 0, 307, 139, 1, 8),
(1883, 0, 308, 139, 0, NULL),
(1884, 0, 310, 139, 0, 3),
(1885, 0, 312, 139, 0, 9.5),
(1886, 0, 313, 139, 0, 5),
(1887, 0, 316, 139, 0, 5),
(1888, 0, 317, 139, 0, NULL),
(1889, 0, 318, 139, 0, 5),
(1890, 0, 320, 139, 1, 12),
(1891, 0, 322, 139, 0, 5),
(1892, 0, 324, 139, 0, NULL),
(1893, 0, 325, 139, 0, 18),
(1894, 0, 77, 139, 1, 4),
(1895, 0, 78, 139, 1, 13),
(1896, 0, 79, 139, 1, 5),
(1897, 0, 81, 139, 1, 3),
(1898, 0, 82, 139, 1, 4.5),
(1899, 0, 83, 139, 1, 10),
(1900, 0, 84, 139, 1, 4.5),
(1901, 0, 85, 139, 1, 4),
(1902, 0, 86, 139, 1, 6),
(1903, 0, 87, 139, 0, NULL),
(1904, 0, 88, 139, 0, 16),
(1905, 0, 89, 139, 1, 5),
(1906, 0, 90, 139, 0, NULL),
(1907, 0, 91, 139, 0, 4.5),
(1908, 0, 93, 139, 1, 5.5),
(1909, 0, 94, 139, 0, 5),
(1910, 0, 96, 139, 0, NULL),
(1911, 0, 97, 139, 0, 6),
(1912, 0, 98, 139, 0, NULL),
(1913, 0, 99, 139, 0, 24),
(1914, 0, 100, 139, 0, 13),
(1915, 0, 101, 139, 0, NULL),
(1916, 0, 229, 139, 1, 4),
(1917, 0, 230, 139, 0, NULL),
(1918, 0, 231, 139, 1, 5.5),
(1919, 0, 232, 139, 1, 5.5),
(1920, 0, 236, 139, 1, 4),
(1921, 0, 241, 139, 1, 3.5),
(1922, 0, 244, 139, 1, 9),
(1923, 0, 246, 139, 1, 6),
(1924, 0, 247, 139, 1, 9),
(1925, 0, 248, 139, 0, NULL),
(1926, 0, 250, 139, 0, 4),
(1927, 0, 251, 139, 1, 5),
(1928, 0, 255, 139, 0, 6),
(1929, 0, 263, 139, 0, 4.5),
(1930, 0, 264, 139, 1, 6),
(1931, 0, 265, 139, 0, NULL),
(1932, 0, 266, 139, 0, NULL),
(1933, 0, 268, 139, 1, 5),
(1934, 0, 269, 139, 0, 3),
(1935, 0, 270, 139, 0, NULL),
(1936, 0, 271, 139, 0, NULL),
(1937, 0, 272, 139, 0, NULL),
(1938, 0, 25, 139, 0, NULL),
(1939, 0, 26, 139, 1, 4.5),
(1940, 0, 27, 139, 1, 4),
(1941, 0, 28, 139, 0, NULL),
(1942, 0, 29, 139, 1, 5.5),
(1943, 0, 30, 139, 1, 5.5),
(1944, 0, 31, 139, 1, 5),
(1945, 0, 32, 139, 0, 5),
(1946, 0, 33, 139, 1, 4),
(1947, 0, 34, 139, 0, NULL),
(1948, 0, 35, 139, 1, 11.5),
(1949, 0, 36, 139, 1, 5),
(1950, 0, 37, 139, 1, 4.5),
(1951, 0, 38, 139, 1, 12),
(1952, 0, 40, 139, 0, NULL),
(1953, 0, 41, 139, 0, NULL),
(1954, 0, 42, 139, 0, NULL),
(1955, 0, 43, 139, 0, NULL),
(1956, 0, 44, 139, 0, NULL),
(1957, 0, 46, 139, 0, NULL),
(1958, 0, 47, 139, 1, 5),
(1959, 0, 48, 139, 0, 5),
(1960, 0, 211, 139, 1, 6),
(1961, 0, 212, 139, 0, 4),
(1962, 0, 213, 139, 1, 4.5),
(1963, 0, 214, 139, 1, 6),
(1964, 0, 215, 139, 0, 5.5),
(1965, 0, 216, 139, 1, 13),
(1966, 0, 217, 139, 0, 3),
(1967, 0, 219, 139, 0, NULL),
(1968, 0, 220, 139, 1, 6),
(1969, 0, 221, 139, 0, NULL),
(1970, 0, 222, 139, 1, 10),
(1971, 0, 223, 139, 1, 5),
(1972, 0, 224, 139, 1, 4.5),
(1973, 0, 225, 139, 0, NULL),
(1974, 0, 226, 139, 1, 6),
(1975, 0, 235, 139, 1, 4.5),
(1976, 0, 237, 139, 1, 6.5),
(1977, 0, 238, 139, 0, NULL),
(1978, 0, 239, 139, 0, 4.5),
(1979, 0, 249, 139, 0, 24),
(1980, 0, 252, 139, 0, 5),
(1981, 0, 254, 139, 0, 9),
(1982, 0, 274, 139, 0, NULL),
(1983, 0, 275, 139, 1, 6),
(1984, 0, 276, 139, 0, 8.5),
(1985, 0, 277, 139, 1, 4.5),
(1986, 0, 278, 139, 1, 6),
(1987, 0, 279, 139, 1, 4.5),
(1988, 0, 280, 139, 0, 5.5),
(1989, 0, 281, 139, 0, 5),
(1990, 0, 282, 139, 0, NULL),
(1991, 0, 283, 139, 1, 5.5),
(1992, 0, 284, 139, 1, 9),
(1993, 0, 285, 139, 1, 5),
(1994, 0, 286, 139, 1, 7.5),
(1995, 0, 287, 139, 0, NULL),
(1996, 0, 288, 139, 0, 5),
(1997, 0, 289, 139, 0, NULL),
(1998, 0, 290, 139, 1, 5),
(1999, 0, 291, 139, 1, 6),
(2000, 0, 292, 139, 0, NULL),
(2001, 0, 293, 139, 1, 5.5),
(2002, 0, 294, 139, 0, 0),
(2003, 0, 295, 139, 0, NULL),
(2004, 0, 49, 139, 1, 4),
(2005, 0, 50, 139, 0, 8),
(2006, 0, 52, 139, 1, 6),
(2007, 0, 53, 139, 1, 4),
(2008, 0, 54, 139, 1, 4),
(2009, 0, 55, 139, 1, 4.5),
(2010, 0, 56, 139, 1, 8),
(2011, 0, 57, 139, 1, 11.5),
(2012, 0, 58, 139, 1, 5),
(2013, 0, 59, 139, 1, 4.5),
(2014, 0, 60, 139, 1, 4.5),
(2015, 0, 61, 139, 0, 3),
(2016, 0, 62, 139, 0, 5.5),
(2017, 0, 63, 139, 0, 5),
(2018, 0, 65, 139, 1, 4.5),
(2019, 0, 66, 139, 0, 6),
(2020, 0, 70, 139, 0, 0),
(2021, 0, 72, 139, 0, NULL),
(2022, 0, 73, 139, 0, NULL),
(2023, 0, 74, 139, 0, NULL),
(2024, 0, 75, 139, 0, 5),
(2025, 0, 76, 139, 0, NULL),
(6866, 0, 2, 140, 1, 0.5),
(6867, 0, 3, 140, 0, 10),
(6868, 0, 8, 140, 1, 13),
(6869, 0, 9, 140, 1, 5),
(6870, 0, 11, 140, 1, 24),
(6871, 0, 12, 140, 1, 20),
(6872, 0, 13, 140, 1, 8),
(6873, 0, 14, 140, 0, NULL),
(6874, 0, 121, 140, 1, 6.5),
(6875, 0, 126, 140, 0, 4),
(6876, 0, 174, 140, 1, 6),
(6877, 0, 175, 140, 1, 5),
(6878, 0, 176, 140, 0, 11),
(6879, 0, 177, 140, 0, NULL),
(6880, 0, 179, 140, 1, 5),
(6881, 0, 471, 140, 0, NULL),
(6882, 0, 472, 140, 0, 6),
(6883, 0, 473, 140, 0, 6.5),
(6884, 0, 475, 140, 0, 5),
(6885, 0, 478, 140, 0, NULL),
(6886, 0, 480, 140, 1, 6),
(6887, 0, 481, 140, 0, 10),
(6888, 0, 482, 140, 1, 10),
(6889, 0, 483, 140, 0, 5),
(6890, 0, 484, 140, 0, 8.5),
(6891, 0, 485, 140, 1, 4.5),
(6892, 0, 486, 140, 1, 4),
(6893, 0, 487, 140, 1, 6),
(6894, 0, 488, 140, 0, 6),
(6895, 0, 489, 140, 0, 4.5),
(6896, 0, 490, 140, 0, NULL),
(6897, 0, 491, 140, 0, NULL),
(6898, 0, 492, 140, 1, 15),
(6899, 0, 493, 140, 1, 12),
(6900, 0, 494, 140, 1, 5),
(6901, 0, 495, 140, 1, 6),
(6902, 0, 496, 140, 0, 8),
(6903, 0, 497, 140, 0, NULL),
(6904, 0, 498, 140, 1, 18),
(6905, 0, 499, 140, 1, 4),
(6906, 0, 500, 140, 1, 5),
(6907, 0, 501, 140, 0, 5),
(6908, 0, 502, 140, 0, 4),
(6909, 0, 503, 140, 0, 4),
(6910, 0, 559, 140, 1, 10),
(6911, 0, 560, 140, 1, 6),
(6912, 0, 561, 140, 1, 6),
(6913, 0, 562, 140, 1, 4.5),
(6914, 0, 564, 140, 0, NULL),
(6915, 0, 565, 140, 1, 5),
(6916, 0, 566, 140, 1, 8),
(6917, 0, 567, 140, 1, 6),
(6918, 0, 568, 140, 1, 17),
(6919, 0, 569, 140, 1, 5),
(6920, 0, 570, 140, 1, 5),
(6921, 0, 571, 140, 0, -3),
(6922, 0, 574, 140, 0, 5),
(6923, 0, 575, 140, 0, 5.5),
(6924, 0, 576, 140, 0, 6),
(6925, 0, 577, 140, 0, 14),
(6926, 0, 578, 140, 0, 5.5),
(6927, 0, 580, 140, 0, 6),
(6928, 0, 581, 140, 0, 5),
(6929, 0, 582, 140, 0, 5.5),
(6930, 0, 583, 140, 1, 24),
(6931, 0, 584, 140, 0, 5),
(6932, 0, 526, 140, 1, 5.5),
(6933, 0, 527, 140, 0, NULL),
(6934, 0, 528, 140, 1, 5),
(6935, 0, 529, 140, 1, 4.5),
(6936, 0, 530, 140, 1, 5),
(6937, 0, 532, 140, 1, 20),
(6938, 0, 533, 140, 1, 12),
(6939, 0, 534, 140, 1, 21),
(6940, 0, 535, 140, 0, 6.5),
(6941, 0, 536, 140, 1, 18),
(6942, 0, 538, 140, 0, 4),
(6943, 0, 539, 140, 0, NULL),
(6944, 0, 540, 140, 0, -3),
(6945, 0, 541, 140, 1, 7),
(6946, 0, 542, 140, 1, 6),
(6947, 0, 543, 140, 0, 5.5),
(6948, 0, 544, 140, 0, 6),
(6949, 0, 547, 140, 0, 5),
(6950, 0, 548, 140, 0, 22),
(6951, 0, 549, 140, 0, NULL),
(6952, 0, 550, 140, 0, 6),
(6953, 0, 551, 140, 1, 6.5),
(6954, 0, 102, 140, 1, 5.5),
(6955, 0, 103, 140, 1, 18),
(6956, 0, 104, 140, 0, NULL),
(6957, 0, 105, 140, 1, 6),
(6958, 0, 106, 140, 1, 6),
(6959, 0, 107, 140, 1, 15),
(6960, 0, 108, 140, 1, 6),
(6961, 0, 109, 140, 1, 5),
(6962, 0, 110, 140, 1, 12),
(6963, 0, 111, 140, 1, 5),
(6964, 0, 112, 140, 1, 6.5),
(6965, 0, 113, 140, 1, 7),
(6966, 0, 117, 140, 0, 20),
(6967, 0, 118, 140, 0, NULL),
(6968, 0, 119, 140, 0, 8),
(6969, 0, 123, 140, 0, 5),
(6970, 0, 127, 140, 0, 6.5),
(6971, 0, 128, 140, 0, 5),
(6972, 0, 129, 140, 0, 10),
(6973, 0, 130, 140, 0, 4),
(6974, 0, 131, 140, 0, 4.5),
(6975, 0, 132, 140, 0, 5),
(6976, 0, 133, 140, 0, 5.5),
(6977, 0, 134, 140, 1, 18),
(6978, 0, 135, 140, 1, 5),
(6979, 0, 136, 140, 1, 10),
(6980, 0, 137, 140, 1, 21),
(6981, 0, 138, 140, 0, 6),
(6982, 0, 139, 140, 1, 12),
(6983, 0, 140, 140, 1, 5.5),
(6984, 0, 141, 140, 1, 6.5),
(6985, 0, 142, 140, 1, 6),
(6986, 0, 143, 140, 1, 6),
(6987, 0, 166, 140, 1, 4),
(6988, 0, 168, 140, 0, 8.5),
(6989, 0, 169, 140, 1, 6.5),
(6990, 0, 171, 140, 0, 4.5),
(6991, 0, 172, 140, 0, 6),
(6992, 0, 173, 140, 0, NULL),
(6993, 0, 180, 140, 0, 5.5),
(6994, 0, 181, 140, 0, 6),
(6995, 0, 182, 140, 0, 5),
(6996, 0, 183, 140, 0, 5),
(6997, 0, 184, 140, 0, 6),
(6998, 0, 15, 140, 1, 30),
(6999, 0, 16, 140, 1, 9.5),
(7000, 0, 17, 140, 1, 9),
(7001, 0, 18, 140, 1, 5.5),
(7002, 0, 19, 140, 1, 5),
(7003, 0, 20, 140, 0, NULL),
(7004, 0, 21, 140, 1, 6.5),
(7005, 0, 22, 140, 1, 5),
(7006, 0, 24, 140, 1, 12),
(7007, 0, 418, 140, 1, 6),
(7008, 0, 419, 140, 1, 4),
(7009, 0, 421, 140, 0, 4),
(7010, 0, 422, 140, 0, 6),
(7011, 0, 424, 140, 0, 5),
(7012, 0, 426, 140, 0, NULL),
(7013, 0, 430, 140, 0, NULL),
(7014, 0, 434, 140, 0, 6),
(7015, 0, 436, 140, 0, 5),
(7016, 0, 438, 140, 0, 5),
(7017, 0, 439, 140, 0, 10),
(7018, 0, 444, 140, 1, 7),
(7019, 0, 445, 140, 0, 6),
(7020, 0, 185, 140, 1, 0),
(7021, 0, 186, 140, 0, 5),
(7022, 0, 187, 140, 1, 6),
(7023, 0, 188, 140, 1, 6.5),
(7024, 0, 190, 140, 1, 12),
(7025, 0, 191, 140, 1, 6.5),
(7026, 0, 193, 140, 1, 6),
(7027, 0, 195, 140, 1, 8),
(7028, 0, 196, 140, 0, 4),
(7029, 0, 197, 140, 0, NULL),
(7030, 0, 198, 140, 1, 6),
(7031, 0, 199, 140, 0, 6),
(7032, 0, 201, 140, 0, NULL),
(7033, 0, 203, 140, 0, NULL),
(7034, 0, 205, 140, 1, 4.5),
(7035, 0, 206, 140, 0, 5.5),
(7036, 0, 208, 140, 0, 3.5),
(7037, 0, 209, 140, 0, 4),
(7038, 0, 458, 140, 1, 6),
(7039, 0, 460, 140, 1, 6),
(7040, 0, 467, 140, 0, 8),
(7041, 0, 469, 140, 0, NULL),
(7042, 0, 368, 140, 1, 10),
(7043, 0, 374, 140, 0, 6.5),
(7044, 0, 375, 140, 1, 6),
(7045, 0, 377, 140, 1, 5.5),
(7046, 0, 381, 140, 0, NULL),
(7047, 0, 382, 140, 1, 6),
(7048, 0, 384, 140, 0, 6),
(7049, 0, 389, 140, 1, 3),
(7050, 0, 391, 140, 1, 5),
(7051, 0, 393, 140, 1, 5),
(7052, 0, 400, 140, 1, 5),
(7053, 0, 404, 140, 0, 12),
(7054, 0, 408, 140, 0, 5),
(7055, 0, 409, 140, 0, NULL),
(7056, 0, 414, 140, 0, 22),
(7057, 0, 415, 140, 1, 8),
(7058, 0, 429, 140, 0, 5.5),
(7059, 0, 432, 140, 0, 5.5),
(7060, 0, 435, 140, 0, 5),
(7061, 0, 441, 140, 1, 5),
(7062, 0, 446, 140, 1, 4),
(7063, 0, 448, 140, 0, 6.5),
(7064, 0, 326, 140, 1, 30),
(7065, 0, 327, 140, 1, 6),
(7066, 0, 552, 140, 0, NULL),
(7067, 0, 553, 140, 1, 5),
(7068, 0, 554, 140, 0, 14),
(7069, 0, 555, 140, 0, -3),
(7070, 0, 556, 140, 1, 10),
(7071, 0, 557, 140, 0, 5),
(7072, 0, 558, 140, 1, 6),
(7073, 0, 585, 140, 1, 6.5),
(7074, 0, 586, 140, 0, 6),
(7075, 0, 587, 140, 1, 6),
(7076, 0, 588, 140, 1, 5.5),
(7077, 0, 589, 140, 1, 3),
(7078, 0, 590, 140, 0, NULL),
(7079, 0, 591, 140, 1, 6),
(7080, 0, 592, 140, 1, 5),
(7081, 0, 593, 140, 0, 4.5),
(7082, 0, 594, 140, 0, 8),
(7083, 0, 595, 140, 0, 7),
(7084, 0, 596, 140, 0, NULL),
(7085, 0, 597, 140, 0, 5),
(7086, 0, 504, 140, 1, 0),
(7087, 0, 505, 140, 0, -3),
(7088, 0, 506, 140, 0, NULL),
(7089, 0, 507, 140, 1, 6),
(7090, 0, 508, 140, 1, 4),
(7091, 0, 509, 140, 1, 6.5),
(7092, 0, 510, 140, 0, NULL),
(7093, 0, 511, 140, 0, 6),
(7094, 0, 512, 140, 0, 6),
(7095, 0, 513, 140, 1, 12),
(7096, 0, 514, 140, 1, 10),
(7097, 0, 515, 140, 1, 5),
(7098, 0, 516, 140, 0, NULL),
(7099, 0, 517, 140, 1, 8),
(7100, 0, 518, 140, 0, NULL),
(7101, 0, 519, 140, 0, 20),
(7102, 0, 520, 140, 1, 6),
(7103, 0, 521, 140, 1, 4),
(7104, 0, 522, 140, 0, NULL),
(7105, 0, 523, 140, 1, 4),
(7106, 0, 524, 140, 0, 4.5),
(7107, 0, 525, 140, 0, 5),
(7108, 0, 144, 140, 1, 12),
(7109, 0, 145, 140, 1, 17),
(7110, 0, 146, 140, 1, 6.5),
(7111, 0, 147, 140, 0, NULL),
(7112, 0, 148, 140, 1, 6.5),
(7113, 0, 149, 140, 1, 18),
(7114, 0, 150, 140, 0, NULL),
(7115, 0, 151, 140, 1, 9),
(7116, 0, 152, 140, 0, 5),
(7117, 0, 153, 140, 0, 4),
(7118, 0, 154, 140, 0, NULL),
(7119, 0, 155, 140, 1, 6),
(7120, 0, 156, 140, 1, 5.5),
(7121, 0, 157, 140, 1, 5.5),
(7122, 0, 158, 140, 0, 8.5),
(7123, 0, 159, 140, 1, 6),
(7124, 0, 160, 140, 0, 4),
(7125, 0, 161, 140, 1, 5),
(7126, 0, 162, 140, 0, NULL),
(7127, 0, 163, 140, 0, 6),
(7128, 0, 164, 140, 0, NULL),
(7129, 0, 165, 140, 0, NULL),
(7130, 0, 362, 140, 0, 4),
(7131, 0, 363, 140, 0, NULL),
(7132, 0, 364, 140, 1, 4),
(7133, 0, 366, 140, 1, 5),
(7134, 0, 367, 140, 0, NULL),
(7135, 0, 449, 140, 0, 4),
(7136, 0, 450, 140, 1, 24),
(7137, 0, 451, 140, 1, 0),
(7138, 0, 452, 140, 1, 6.5),
(7139, 0, 453, 140, 0, NULL),
(7140, 0, 454, 140, 1, 4),
(7141, 0, 455, 140, 1, 4.5),
(7142, 0, 456, 140, 1, 3.5),
(7143, 0, 457, 140, 1, 3),
(7144, 0, 459, 140, 0, 7),
(7145, 0, 461, 140, 1, 6.5),
(7146, 0, 462, 140, 1, 6),
(7147, 0, 463, 140, 0, 6),
(7148, 0, 464, 140, 0, 6),
(7149, 0, 465, 140, 0, NULL),
(7150, 0, 466, 140, 0, 6),
(7151, 0, 468, 140, 0, 4),
(7152, 0, 296, 140, 0, NULL),
(7153, 0, 297, 140, 1, 6),
(7154, 0, 298, 140, 1, 6.5),
(7155, 0, 299, 140, 1, 4),
(7156, 0, 300, 140, 0, NULL),
(7157, 0, 301, 140, 0, NULL),
(7158, 0, 302, 140, 1, 11),
(7159, 0, 303, 140, 1, 5),
(7160, 0, 304, 140, 1, 6.5),
(7161, 0, 305, 140, 1, 5),
(7162, 0, 307, 140, 1, -3),
(7163, 0, 308, 140, 0, NULL),
(7164, 0, 310, 140, 0, NULL),
(7165, 0, 312, 140, 1, 4),
(7166, 0, 313, 140, 0, 4.5),
(7167, 0, 316, 140, 1, 4),
(7168, 0, 317, 140, 0, NULL),
(7169, 0, 318, 140, 0, 6),
(7170, 0, 320, 140, 1, 12),
(7171, 0, 322, 140, 0, NULL),
(7172, 0, 324, 140, 0, 5),
(7173, 0, 325, 140, 0, 4.5),
(7174, 0, 77, 140, 1, 0),
(7175, 0, 78, 140, 1, 5),
(7176, 0, 79, 140, 1, 6),
(7177, 0, 81, 140, 1, 5),
(7178, 0, 82, 140, 1, 6),
(7179, 0, 83, 140, 1, 16),
(7180, 0, 84, 140, 1, 3.5),
(7181, 0, 85, 140, 1, 11),
(7182, 0, 86, 140, 1, 6),
(7183, 0, 87, 140, 0, NULL),
(7184, 0, 88, 140, 0, 5),
(7185, 0, 89, 140, 1, 4.5),
(7186, 0, 90, 140, 0, 4.5),
(7187, 0, 91, 140, 0, 5),
(7188, 0, 93, 140, 1, 5),
(7189, 0, 94, 140, 0, 22),
(7190, 0, 96, 140, 0, NULL),
(7191, 0, 97, 140, 0, 5),
(7192, 0, 98, 140, 0, NULL),
(7193, 0, 99, 140, 0, 8.5),
(7194, 0, 100, 140, 0, 5.5),
(7195, 0, 101, 140, 0, NULL),
(7196, 0, 229, 140, 1, 5.5),
(7197, 0, 230, 140, 1, 4.5),
(7198, 0, 231, 140, 1, 6),
(7199, 0, 232, 140, 1, 6),
(7200, 0, 236, 140, 1, 6),
(7201, 0, 241, 140, 1, 6),
(7202, 0, 244, 140, 1, 13),
(7203, 0, 246, 140, 1, 6),
(7204, 0, 247, 140, 1, 6),
(7205, 0, 248, 140, 1, 6.5),
(7206, 0, 250, 140, 0, 0),
(7207, 0, 251, 140, 0, 5),
(7208, 0, 255, 140, 0, 5),
(7209, 0, 263, 140, 0, NULL),
(7210, 0, 264, 140, 0, NULL),
(7211, 0, 265, 140, 0, NULL),
(7212, 0, 266, 140, 0, NULL),
(7213, 0, 268, 140, 1, 4.5),
(7214, 0, 269, 140, 0, 5),
(7215, 0, 270, 140, 0, NULL),
(7216, 0, 271, 140, 0, NULL),
(7217, 0, 272, 140, 0, NULL),
(7218, 0, 25, 140, 1, 18),
(7219, 0, 26, 140, 1, 5),
(7220, 0, 27, 140, 1, 5.5),
(7221, 0, 28, 140, 0, NULL),
(7222, 0, 29, 140, 1, 6),
(7223, 0, 30, 140, 1, 6),
(7224, 0, 31, 140, 1, 6),
(7225, 0, 32, 140, 0, 5.5),
(7226, 0, 33, 140, 1, 5.5),
(7227, 0, 34, 140, 0, NULL),
(7228, 0, 35, 140, 1, 5),
(7229, 0, 36, 140, 1, 8),
(7230, 0, 37, 140, 0, 4),
(7231, 0, 38, 140, 1, 6),
(7232, 0, 40, 140, 1, 4.5),
(7233, 0, 41, 140, 0, NULL),
(7234, 0, 42, 140, 0, 4),
(7235, 0, 43, 140, 0, NULL),
(7236, 0, 44, 140, 0, NULL),
(7237, 0, 46, 140, 0, NULL),
(7238, 0, 47, 140, 0, 4.5),
(7239, 0, 48, 140, 0, 10),
(7240, 0, 211, 140, 1, 10),
(7241, 0, 212, 140, 0, 5.5),
(7242, 0, 213, 140, 1, 3.5),
(7243, 0, 214, 140, 1, 6),
(7244, 0, 215, 140, 0, 6),
(7245, 0, 216, 140, 0, 5.5),
(7246, 0, 217, 140, 0, NULL),
(7247, 0, 219, 140, 1, 6),
(7248, 0, 220, 140, 1, 6.5),
(7249, 0, 221, 140, 1, 18),
(7250, 0, 222, 140, 1, 3),
(7251, 0, 223, 140, 1, 8),
(7252, 0, 224, 140, 1, 5),
(7253, 0, 225, 140, 0, NULL),
(7254, 0, 226, 140, 1, 6),
(7255, 0, 235, 140, 0, 4.5),
(7256, 0, 237, 140, 1, 12),
(7257, 0, 238, 140, 0, NULL),
(7258, 0, 239, 140, 0, 5),
(7259, 0, 249, 140, 0, 8.5),
(7260, 0, 252, 140, 0, 3),
(7261, 0, 254, 140, 0, 5),
(7262, 0, 274, 140, 0, NULL),
(7263, 0, 275, 140, 1, 10),
(7264, 0, 276, 140, 0, 0.5),
(7265, 0, 277, 140, 1, 3.5),
(7266, 0, 278, 140, 1, 5),
(7267, 0, 279, 140, 1, 6.5),
(7268, 0, 280, 140, 0, 7),
(7269, 0, 281, 140, 0, 5.5),
(7270, 0, 282, 140, 0, 4),
(7271, 0, 283, 140, 1, 7),
(7272, 0, 284, 140, 1, 10),
(7273, 0, 285, 140, 1, 4),
(7274, 0, 286, 140, 1, 8),
(7275, 0, 287, 140, 0, NULL),
(7276, 0, 288, 140, 0, 3),
(7277, 0, 289, 140, 0, NULL),
(7278, 0, 290, 140, 1, 5),
(7279, 0, 291, 140, 1, 6),
(7280, 0, 292, 140, 0, NULL),
(7281, 0, 293, 140, 1, 14),
(7282, 0, 294, 140, 0, 7),
(7283, 0, 295, 140, 0, NULL),
(7284, 0, 49, 140, 1, 5.5),
(7285, 0, 50, 140, 0, -3),
(7286, 0, 52, 140, 1, 5),
(7287, 0, 53, 140, 1, 6),
(7288, 0, 54, 140, 1, 4),
(7289, 0, 55, 140, 1, 5),
(7290, 0, 56, 140, 1, 11),
(7291, 0, 57, 140, 1, 5),
(7292, 0, 58, 140, 1, 5),
(7293, 0, 59, 140, 1, 5),
(7294, 0, 60, 140, 0, NULL),
(7295, 0, 61, 140, 1, 4),
(7296, 0, 62, 140, 0, 7),
(7297, 0, 63, 140, 0, 6),
(7298, 0, 65, 140, 1, 6),
(7299, 0, 66, 140, 0, 6),
(7300, 0, 70, 140, 0, 7),
(7301, 0, 72, 140, 0, NULL),
(7302, 0, 73, 140, 0, NULL),
(7303, 0, 74, 140, 0, NULL),
(7304, 0, 75, 140, 0, 5),
(7305, 0, 76, 140, 0, NULL),
(9946, 0, 2, 141, 1, -1),
(9947, 0, 3, 141, 0, 3),
(9948, 0, 8, 141, 1, 5),
(9949, 0, 9, 141, 0, NULL),
(9950, 0, 11, 141, 1, 11),
(9951, 0, 12, 141, 1, 6),
(9952, 0, 13, 141, 1, 14),
(9953, 0, 14, 141, 0, NULL),
(9954, 0, 121, 141, 1, 5),
(9955, 0, 126, 141, 1, 2),
(9956, 0, 174, 141, 0, NULL),
(9957, 0, 175, 141, 1, 6),
(9958, 0, 176, 141, 1, 12),
(9959, 0, 177, 141, 0, NULL),
(9960, 0, 179, 141, 1, 4),
(9961, 0, 471, 141, 0, NULL),
(9962, 0, 472, 141, 0, 5),
(9963, 0, 473, 141, 0, 3),
(9964, 0, 475, 141, 0, 6),
(9965, 0, 478, 141, 0, NULL),
(9966, 0, 480, 141, 1, 5),
(9967, 0, 481, 141, 0, NULL),
(9968, 0, 482, 141, 1, 3),
(9969, 0, 483, 141, 0, 4),
(9970, 0, 484, 141, 0, 8.5),
(9971, 0, 485, 141, 1, 4),
(9972, 0, 486, 141, 1, 5),
(9973, 0, 487, 141, 1, 5),
(9974, 0, 488, 141, 0, 5),
(9975, 0, 489, 141, 0, NULL),
(9976, 0, 490, 141, 0, NULL),
(9977, 0, 491, 141, 0, NULL),
(9978, 0, 492, 141, 1, 18),
(9979, 0, 493, 141, 1, 5.5),
(9980, 0, 494, 141, 0, NULL),
(9981, 0, 495, 141, 1, 8),
(9982, 0, 496, 141, 1, 14),
(9983, 0, 497, 141, 0, NULL),
(9984, 0, 498, 141, 1, 8),
(9985, 0, 499, 141, 1, 3),
(9986, 0, 500, 141, 1, 4),
(9987, 0, 501, 141, 0, 11),
(9988, 0, 502, 141, 0, 2),
(9989, 0, 503, 141, 0, 4),
(9990, 0, 559, 141, 1, 3),
(9991, 0, 560, 141, 1, 5),
(9992, 0, 561, 141, 1, 11.5),
(9993, 0, 562, 141, 1, 4),
(9994, 0, 564, 141, 0, NULL),
(9995, 0, 565, 141, 0, NULL),
(9996, 0, 566, 141, 1, 16),
(9997, 0, 567, 141, 1, 3.5),
(9998, 0, 568, 141, 1, 5),
(9999, 0, 569, 141, 1, 4),
(10000, 0, 570, 141, 1, 11),
(10001, 0, 571, 141, 0, 5),
(10002, 0, 574, 141, 1, 5),
(10003, 0, 575, 141, 0, 4),
(10004, 0, 576, 141, 0, NULL),
(10005, 0, 577, 141, 0, NULL),
(10006, 0, 578, 141, 0, 5),
(10007, 0, 580, 141, 0, NULL),
(10008, 0, 581, 141, 0, 7),
(10009, 0, 582, 141, 0, 12.5),
(10010, 0, 583, 141, 1, 11),
(10011, 0, 584, 141, 0, 4.5),
(10012, 0, 526, 141, 1, 5),
(10013, 0, 527, 141, 1, 6),
(10014, 0, 528, 141, 1, 2),
(10015, 0, 529, 141, 1, 4),
(10016, 0, 530, 141, 0, NULL),
(10017, 0, 532, 141, 1, 6),
(10018, 0, 533, 141, 1, 5.5),
(10019, 0, 534, 141, 1, 4),
(10020, 0, 535, 141, 1, 4),
(10021, 0, 536, 141, 1, 8),
(10022, 0, 538, 141, 0, 2),
(10023, 0, 539, 141, 0, NULL),
(10024, 0, 540, 141, 0, 5),
(10025, 0, 541, 141, 0, NULL),
(10026, 0, 542, 141, 1, 4),
(10027, 0, 543, 141, 1, 5),
(10028, 0, 544, 141, 0, NULL),
(10029, 0, 547, 141, 0, 6),
(10030, 0, 548, 141, 0, 4),
(10031, 0, 549, 141, 0, 9.5),
(10032, 0, 550, 141, 0, 11.5),
(10033, 0, 551, 141, 0, NULL),
(10034, 0, 102, 141, 1, 5),
(10035, 0, 103, 141, 1, 8),
(10036, 0, 104, 141, 0, NULL),
(10037, 0, 105, 141, 1, 11.5),
(10038, 0, 106, 141, 1, 22),
(10039, 0, 107, 141, 1, 18),
(10040, 0, 108, 141, 1, 4.5),
(10041, 0, 109, 141, 0, NULL),
(10042, 0, 110, 141, 1, 5.5),
(10043, 0, 111, 141, 1, 11),
(10044, 0, 112, 141, 1, 5.5),
(10045, 0, 113, 141, 0, NULL),
(10046, 0, 117, 141, 0, 11.5),
(10047, 0, 118, 141, 0, NULL),
(10048, 0, 119, 141, 1, 14),
(10049, 0, 123, 141, 1, 5),
(10050, 0, 127, 141, 0, 4),
(10051, 0, 128, 141, 0, 2),
(10052, 0, 129, 141, 0, 3),
(10053, 0, 130, 141, 0, 4),
(10054, 0, 131, 141, 0, 6),
(10055, 0, 132, 141, 0, 4.5),
(10056, 0, 133, 141, 0, 5),
(10057, 0, 134, 141, 1, 8),
(10058, 0, 135, 141, 0, NULL),
(10059, 0, 136, 141, 1, 3),
(10060, 0, 137, 141, 1, 4),
(10061, 0, 138, 141, 1, 8),
(10062, 0, 139, 141, 1, 5.5),
(10063, 0, 140, 141, 0, NULL),
(10064, 0, 141, 141, 0, NULL),
(10065, 0, 142, 141, 1, 5),
(10066, 0, 143, 141, 1, 5),
(10067, 0, 166, 141, 1, 2),
(10068, 0, 168, 141, 0, 6),
(10069, 0, 169, 141, 1, 6),
(10070, 0, 171, 141, 0, 4),
(10071, 0, 172, 141, 0, 5),
(10072, 0, 173, 141, 0, NULL),
(10073, 0, 180, 141, 1, 5),
(10074, 0, 181, 141, 0, 3.5),
(10075, 0, 182, 141, 1, 11),
(10076, 0, 183, 141, 0, 5),
(10077, 0, 184, 141, 0, NULL),
(10078, 0, 15, 141, 1, 36),
(10079, 0, 16, 141, 1, 5),
(10080, 0, 17, 141, 1, 4),
(10081, 0, 18, 141, 1, 5),
(10082, 0, 19, 141, 1, 2),
(10083, 0, 20, 141, 1, 6),
(10084, 0, 21, 141, 1, 6),
(10085, 0, 22, 141, 0, NULL),
(10086, 0, 24, 141, 1, 5.5),
(10087, 0, 418, 141, 0, NULL),
(10088, 0, 419, 141, 1, 4.5),
(10089, 0, 421, 141, 1, 2),
(10090, 0, 422, 141, 1, 8),
(10091, 0, 424, 141, 0, 5),
(10092, 0, 426, 141, 0, NULL),
(10093, 0, 430, 141, 0, 6.5),
(10094, 0, 434, 141, 0, 3.5),
(10095, 0, 436, 141, 0, 6.5),
(10096, 0, 438, 141, 0, 4.5),
(10097, 0, 439, 141, 0, 3),
(10098, 0, 444, 141, 0, NULL),
(10099, 0, 445, 141, 0, 5),
(10100, 0, 185, 141, 1, 1),
(10101, 0, 186, 141, 0, 2),
(10102, 0, 187, 141, 1, 11.5),
(10103, 0, 188, 141, 1, 6),
(10104, 0, 190, 141, 1, 5.5),
(10105, 0, 191, 141, 0, NULL),
(10106, 0, 193, 141, 0, NULL),
(10107, 0, 195, 141, 1, 6),
(10108, 0, 196, 141, 1, 4),
(10109, 0, 197, 141, 0, NULL),
(10110, 0, 198, 141, 1, 5),
(10111, 0, 199, 141, 0, 4),
(10112, 0, 201, 141, 1, 6),
(10113, 0, 203, 141, 0, NULL),
(10114, 0, 205, 141, 0, NULL),
(10115, 0, 206, 141, 0, 5),
(10116, 0, 208, 141, 0, 4),
(10117, 0, 209, 141, 0, 4.5),
(10118, 0, 458, 141, 1, 5),
(10119, 0, 460, 141, 1, 8),
(10120, 0, 467, 141, 1, 14),
(10121, 0, 469, 141, 0, NULL),
(10122, 0, 368, 141, 1, 3),
(10123, 0, 374, 141, 0, 3),
(10124, 0, 375, 141, 1, 11.5),
(10125, 0, 377, 141, 1, 12.5),
(10126, 0, 381, 141, 1, 6),
(10127, 0, 382, 141, 0, 5),
(10128, 0, 384, 141, 0, 5),
(10129, 0, 389, 141, 1, 14),
(10130, 0, 391, 141, 0, NULL),
(10131, 0, 393, 141, 0, NULL),
(10132, 0, 400, 141, 1, 7.5),
(10133, 0, 404, 141, 1, 5.5),
(10134, 0, 408, 141, 0, 4.5),
(10135, 0, 409, 141, 0, NULL),
(10136, 0, 414, 141, 0, 4),
(10137, 0, 415, 141, 1, 6),
(10138, 0, 429, 141, 0, 5),
(10139, 0, 432, 141, 0, 5.5),
(10140, 0, 435, 141, 1, 3),
(10141, 0, 441, 141, 1, 5),
(10142, 0, 446, 141, 1, 2),
(10143, 0, 448, 141, 0, 4),
(10144, 0, 326, 141, 1, 36),
(10145, 0, 327, 141, 0, NULL),
(10146, 0, 552, 141, 0, 6),
(10147, 0, 553, 141, 1, 4.5),
(10148, 0, 554, 141, 0, NULL),
(10149, 0, 555, 141, 0, 5),
(10150, 0, 556, 141, 1, 3),
(10151, 0, 557, 141, 0, 5),
(10152, 0, 558, 141, 1, 8),
(10153, 0, 585, 141, 1, 13),
(10154, 0, 586, 141, 0, 5),
(10155, 0, 587, 141, 1, 5),
(10156, 0, 588, 141, 1, 12.5),
(10157, 0, 589, 141, 0, NULL),
(10158, 0, 590, 141, 1, 6),
(10159, 0, 591, 141, 1, 11.5),
(10160, 0, 592, 141, 0, NULL),
(10161, 0, 593, 141, 1, 6),
(10162, 0, 594, 141, 1, 5),
(10163, 0, 595, 141, 0, NULL),
(10164, 0, 596, 141, 0, NULL),
(10165, 0, 597, 141, 0, 4),
(10166, 0, 504, 141, 1, 1),
(10167, 0, 505, 141, 0, 5),
(10168, 0, 506, 141, 0, NULL),
(10169, 0, 507, 141, 1, 11.5),
(10170, 0, 508, 141, 1, 5),
(10171, 0, 509, 141, 1, 6),
(10172, 0, 510, 141, 0, NULL),
(10173, 0, 511, 141, 1, 5),
(10174, 0, 512, 141, 0, 5),
(10175, 0, 513, 141, 1, 5.5),
(10176, 0, 514, 141, 0, NULL),
(10177, 0, 515, 141, 1, 7.5),
(10178, 0, 516, 141, 0, NULL),
(10179, 0, 517, 141, 1, 14),
(10180, 0, 518, 141, 0, NULL),
(10181, 0, 519, 141, 0, 6),
(10182, 0, 520, 141, 0, NULL),
(10183, 0, 521, 141, 1, 6),
(10184, 0, 522, 141, 0, NULL),
(10185, 0, 523, 141, 1, 4),
(10186, 0, 524, 141, 1, 6),
(10187, 0, 525, 141, 0, 4.5),
(10188, 0, 144, 141, 1, 5.5),
(10189, 0, 145, 141, 1, 5),
(10190, 0, 146, 141, 1, 4),
(10191, 0, 147, 141, 0, NULL),
(10192, 0, 148, 141, 1, 13),
(10193, 0, 149, 141, 1, 8),
(10194, 0, 150, 141, 0, NULL),
(10195, 0, 151, 141, 1, 4),
(10196, 0, 152, 141, 0, NULL),
(10197, 0, 153, 141, 0, 4),
(10198, 0, 154, 141, 0, NULL),
(10199, 0, 155, 141, 1, 6),
(10200, 0, 156, 141, 1, 12.5),
(10201, 0, 157, 141, 1, 5),
(10202, 0, 158, 141, 0, 8.5),
(10203, 0, 159, 141, 1, 11.5),
(10204, 0, 160, 141, 1, 12),
(10205, 0, 161, 141, 0, NULL),
(10206, 0, 162, 141, 0, NULL),
(10207, 0, 163, 141, 0, 6.5),
(10208, 0, 164, 141, 0, NULL),
(10209, 0, 165, 141, 0, NULL),
(10210, 0, 362, 141, 0, 2),
(10211, 0, 363, 141, 0, NULL),
(10212, 0, 364, 141, 1, 4),
(10213, 0, 366, 141, 1, 11),
(10214, 0, 367, 141, 0, NULL),
(10215, 0, 449, 141, 0, 5.5),
(10216, 0, 450, 141, 1, 11),
(10217, 0, 451, 141, 1, 1),
(10218, 0, 452, 141, 1, 6),
(10219, 0, 453, 141, 0, NULL),
(10220, 0, 454, 141, 0, NULL),
(10221, 0, 455, 141, 1, 6),
(10222, 0, 456, 141, 0, NULL),
(10223, 0, 457, 141, 1, 14),
(10224, 0, 459, 141, 0, NULL),
(10225, 0, 461, 141, 1, 3),
(10226, 0, 462, 141, 1, 11.5),
(10227, 0, 463, 141, 1, 5),
(10228, 0, 464, 141, 0, 5),
(10229, 0, 465, 141, 1, 6.5),
(10230, 0, 466, 141, 0, NULL),
(10231, 0, 468, 141, 0, 3),
(10232, 0, 296, 141, 1, 9.5),
(10233, 0, 297, 141, 1, 11.5),
(10234, 0, 298, 141, 1, 12),
(10235, 0, 299, 141, 1, 5),
(10236, 0, 300, 141, 1, 5),
(10237, 0, 301, 141, 0, NULL),
(10238, 0, 302, 141, 1, 12),
(10239, 0, 303, 141, 0, NULL),
(10240, 0, 304, 141, 1, 4),
(10241, 0, 305, 141, 1, 11),
(10242, 0, 307, 141, 0, 5),
(10243, 0, 308, 141, 0, NULL),
(10244, 0, 310, 141, 0, NULL),
(10245, 0, 312, 141, 0, NULL),
(10246, 0, 313, 141, 1, 6),
(10247, 0, 316, 141, 1, 5),
(10248, 0, 317, 141, 0, NULL),
(10249, 0, 318, 141, 0, 5),
(10250, 0, 320, 141, 0, NULL),
(10251, 0, 322, 141, 1, 3),
(10252, 0, 324, 141, 0, 3.5),
(10253, 0, 325, 141, 0, 6),
(10254, 0, 77, 141, 1, 1),
(10255, 0, 78, 141, 1, 6),
(10256, 0, 79, 141, 1, 5),
(10257, 0, 81, 141, 1, 5),
(10258, 0, 82, 141, 1, 3.5),
(10259, 0, 83, 141, 1, 28),
(10260, 0, 84, 141, 1, 4),
(10261, 0, 85, 141, 1, 6),
(10262, 0, 86, 141, 0, NULL),
(10263, 0, 87, 141, 0, NULL),
(10264, 0, 88, 141, 0, 4),
(10265, 0, 89, 141, 1, 6),
(10266, 0, 90, 141, 0, NULL),
(10267, 0, 91, 141, 0, NULL),
(10268, 0, 93, 141, 1, 5),
(10269, 0, 94, 141, 1, 4),
(10270, 0, 96, 141, 0, NULL),
(10271, 0, 97, 141, 0, 6),
(10272, 0, 98, 141, 0, NULL),
(10273, 0, 99, 141, 0, 6),
(10274, 0, 100, 141, 0, 12.5),
(10275, 0, 101, 141, 0, NULL),
(10276, 0, 229, 141, 1, 5),
(10277, 0, 230, 141, 1, 4),
(10278, 0, 231, 141, 1, 6.5),
(10279, 0, 232, 141, 1, 11.5),
(10280, 0, 236, 141, 1, 5),
(10281, 0, 241, 141, 1, 8),
(10282, 0, 244, 141, 0, NULL),
(10283, 0, 246, 141, 1, 10),
(10284, 0, 247, 141, 1, 4),
(10285, 0, 248, 141, 1, 6.5),
(10286, 0, 250, 141, 0, 1),
(10287, 0, 251, 141, 0, 5),
(10288, 0, 255, 141, 0, 6),
(10289, 0, 263, 141, 0, NULL),
(10290, 0, 264, 141, 1, 4),
(10291, 0, 265, 141, 0, NULL),
(10292, 0, 266, 141, 0, NULL),
(10293, 0, 268, 141, 1, 5),
(10294, 0, 269, 141, 0, NULL),
(10295, 0, 270, 141, 0, NULL),
(10296, 0, 271, 141, 0, NULL),
(10297, 0, 272, 141, 0, 9.5),
(10298, 0, 25, 141, 1, 8),
(10299, 0, 26, 141, 0, NULL),
(10300, 0, 27, 141, 1, 5),
(10301, 0, 28, 141, 0, NULL),
(10302, 0, 29, 141, 1, 11.5),
(10303, 0, 30, 141, 1, 6.5),
(10304, 0, 31, 141, 1, 5),
(10305, 0, 32, 141, 0, 5.5),
(10306, 0, 33, 141, 1, 5),
(10307, 0, 34, 141, 0, NULL),
(10308, 0, 35, 141, 1, 7.5),
(10309, 0, 36, 141, 1, 14),
(10310, 0, 37, 141, 0, 2),
(10311, 0, 38, 141, 1, 10),
(10312, 0, 40, 141, 1, 4),
(10313, 0, 41, 141, 0, NULL),
(10314, 0, 42, 141, 0, 4),
(10315, 0, 43, 141, 0, NULL),
(10316, 0, 44, 141, 0, NULL),
(10317, 0, 46, 141, 0, NULL),
(10318, 0, 47, 141, 1, 6),
(10319, 0, 48, 141, 0, NULL),
(10320, 0, 211, 141, 1, 3),
(10321, 0, 212, 141, 0, 5),
(10322, 0, 213, 141, 0, NULL),
(10323, 0, 214, 141, 1, 5),
(10324, 0, 215, 141, 0, 11.5),
(10325, 0, 216, 141, 1, 12.5),
(10326, 0, 217, 141, 0, NULL),
(10327, 0, 219, 141, 1, 5),
(10328, 0, 220, 141, 1, 13),
(10329, 0, 221, 141, 1, 8),
(10330, 0, 222, 141, 0, NULL),
(10331, 0, 223, 141, 1, 14),
(10332, 0, 224, 141, 1, 6),
(10333, 0, 225, 141, 0, NULL),
(10334, 0, 226, 141, 0, NULL),
(10335, 0, 235, 141, 0, NULL),
(10336, 0, 237, 141, 1, 5.5),
(10337, 0, 238, 141, 0, NULL),
(10338, 0, 239, 141, 0, NULL),
(10339, 0, 249, 141, 0, 6),
(10340, 0, 252, 141, 0, NULL),
(10341, 0, 254, 141, 0, 4),
(10342, 0, 274, 141, 0, NULL),
(10343, 0, 275, 141, 1, 3),
(10344, 0, 276, 141, 0, -1),
(10345, 0, 277, 141, 0, NULL),
(10346, 0, 278, 141, 1, 2),
(10347, 0, 279, 141, 1, 3),
(10348, 0, 280, 141, 0, NULL),
(10349, 0, 281, 141, 1, 5.5),
(10350, 0, 282, 141, 0, 4),
(10351, 0, 283, 141, 1, 4.5),
(10352, 0, 284, 141, 0, NULL),
(10353, 0, 285, 141, 1, 10),
(10354, 0, 286, 141, 1, 16),
(10355, 0, 287, 141, 0, NULL),
(10356, 0, 288, 141, 0, NULL),
(10357, 0, 289, 141, 0, NULL),
(10358, 0, 290, 141, 1, 11),
(10359, 0, 291, 141, 0, NULL),
(10360, 0, 292, 141, 0, NULL),
(10361, 0, 293, 141, 1, 20),
(10362, 0, 294, 141, 1, 3.5),
(10363, 0, 295, 141, 0, NULL),
(10364, 0, 49, 141, 1, 5),
(10365, 0, 50, 141, 0, 5),
(10366, 0, 52, 141, 1, 2),
(10367, 0, 53, 141, 1, 5),
(10368, 0, 54, 141, 1, 5),
(10369, 0, 55, 141, 0, NULL),
(10370, 0, 56, 141, 1, 10),
(10371, 0, 57, 141, 1, 7.5),
(10372, 0, 58, 141, 1, 11),
(10373, 0, 59, 141, 1, 4.5),
(10374, 0, 60, 141, 0, NULL),
(10375, 0, 61, 141, 1, 3),
(10376, 0, 62, 141, 0, NULL),
(10377, 0, 63, 141, 0, 5),
(10378, 0, 65, 141, 1, 3.5),
(10379, 0, 66, 141, 1, 5),
(10380, 0, 70, 141, 0, 3.5),
(10381, 0, 72, 141, 0, NULL),
(10382, 0, 73, 141, 0, NULL),
(10383, 0, 74, 141, 0, NULL),
(10384, 0, 75, 141, 0, 5),
(10385, 0, 76, 141, 0, NULL),
(12146, 0, 2, 142, 1, 3),
(12147, 0, 3, 142, 0, 8),
(12148, 0, 8, 142, 0, NULL),
(12149, 0, 9, 142, 0, NULL),
(12150, 0, 11, 142, 1, 10),
(12151, 0, 12, 142, 1, 6.5),
(12152, 0, 13, 142, 1, 14),
(12153, 0, 14, 142, 0, NULL),
(12154, 0, 121, 142, 0, NULL),
(12155, 0, 126, 142, 1, 3),
(12156, 0, 174, 142, 0, NULL),
(12157, 0, 175, 142, 1, 6),
(12158, 0, 176, 142, 1, 6),
(12159, 0, 177, 142, 0, NULL),
(12160, 0, 179, 142, 1, 4.5),
(12161, 0, 471, 142, 0, NULL),
(12162, 0, 472, 142, 0, NULL),
(12163, 0, 473, 142, 0, 6),
(12164, 0, 475, 142, 1, 6.5),
(12165, 0, 478, 142, 0, NULL),
(12166, 0, 480, 142, 1, 3),
(12167, 0, 481, 142, 0, NULL),
(12168, 0, 482, 142, 1, 8),
(12169, 0, 483, 142, 0, 7),
(12170, 0, 484, 142, 0, 7),
(12171, 0, 485, 142, 1, 4.5),
(12172, 0, 486, 142, 0, NULL),
(12173, 0, 487, 142, 1, 4.5),
(12174, 0, 488, 142, 1, 3),
(12175, 0, 489, 142, 0, 5.5),
(12176, 0, 490, 142, 0, NULL),
(12177, 0, 491, 142, 0, NULL),
(12178, 0, 492, 142, 1, 18),
(12179, 0, 493, 142, 1, 5),
(12180, 0, 494, 142, 0, NULL),
(12181, 0, 495, 142, 1, 10.5),
(12182, 0, 496, 142, 1, 14),
(12183, 0, 497, 142, 0, NULL),
(12184, 0, 498, 142, 1, 21),
(12185, 0, 499, 142, 1, 4),
(12186, 0, 500, 142, 1, 4.5),
(12187, 0, 501, 142, 0, 4),
(12188, 0, 502, 142, 0, 3),
(12189, 0, 503, 142, 0, NULL),
(12190, 0, 559, 142, 1, 8),
(12191, 0, 560, 142, 0, NULL),
(12192, 0, 561, 142, 1, 4),
(12193, 0, 562, 142, 1, 4.5),
(12194, 0, 564, 142, 0, NULL),
(12195, 0, 565, 142, 0, NULL),
(12196, 0, 566, 142, 1, 6),
(12197, 0, 567, 142, 1, 4),
(12198, 0, 568, 142, 1, 6),
(12199, 0, 569, 142, 1, 4.5),
(12200, 0, 570, 142, 1, 4),
(12201, 0, 571, 142, 0, 5.5),
(12202, 0, 574, 142, 1, 7),
(12203, 0, 575, 142, 0, 2),
(12204, 0, 576, 142, 0, NULL),
(12205, 0, 577, 142, 0, 3),
(12206, 0, 578, 142, 0, 4),
(12207, 0, 580, 142, 0, NULL),
(12208, 0, 581, 142, 1, 4),
(12209, 0, 582, 142, 0, 5),
(12210, 0, 583, 142, 1, 10),
(12211, 0, 584, 142, 0, 4),
(12212, 0, 526, 142, 1, 4),
(12213, 0, 527, 142, 1, 5),
(12214, 0, 528, 142, 1, 5),
(12215, 0, 529, 142, 1, 4.5),
(12216, 0, 530, 142, 0, NULL),
(12217, 0, 532, 142, 1, 6.5),
(12218, 0, 533, 142, 1, 5),
(12219, 0, 534, 142, 1, 7),
(12220, 0, 535, 142, 0, NULL),
(12221, 0, 536, 142, 1, 21),
(12222, 0, 538, 142, 0, 3),
(12223, 0, 539, 142, 0, 4),
(12224, 0, 540, 142, 0, 5.5),
(12225, 0, 541, 142, 1, 6),
(12226, 0, 542, 142, 1, 4),
(12227, 0, 543, 142, 0, NULL),
(12228, 0, 544, 142, 0, NULL),
(12229, 0, 547, 142, 0, 6),
(12230, 0, 548, 142, 0, 6),
(12231, 0, 549, 142, 0, 16),
(12232, 0, 550, 142, 0, 4),
(12233, 0, 551, 142, 1, 5.5),
(12234, 0, 102, 142, 1, 4),
(12235, 0, 103, 142, 1, 21),
(12236, 0, 104, 142, 0, NULL),
(12237, 0, 105, 142, 1, 4),
(12238, 0, 106, 142, 1, 5),
(12239, 0, 107, 142, 1, 18),
(12240, 0, 108, 142, 1, 4),
(12241, 0, 109, 142, 0, NULL),
(12242, 0, 110, 142, 1, 5),
(12243, 0, 111, 142, 1, 4),
(12244, 0, 112, 142, 1, 4),
(12245, 0, 113, 142, 1, 6),
(12246, 0, 117, 142, 0, 15),
(12247, 0, 118, 142, 0, NULL),
(12248, 0, 119, 142, 1, 14),
(12249, 0, 123, 142, 0, 9),
(12250, 0, 127, 142, 0, NULL),
(12251, 0, 128, 142, 0, 5),
(12252, 0, 129, 142, 0, 8),
(12253, 0, 130, 142, 0, NULL),
(12254, 0, 131, 142, 0, 5),
(12255, 0, 132, 142, 0, 4),
(12256, 0, 133, 142, 0, 4),
(12257, 0, 134, 142, 1, 21),
(12258, 0, 135, 142, 0, NULL),
(12259, 0, 136, 142, 1, 8),
(12260, 0, 137, 142, 1, 7),
(12261, 0, 138, 142, 1, 10.5),
(12262, 0, 139, 142, 1, 5),
(12263, 0, 140, 142, 0, NULL),
(12264, 0, 141, 142, 1, 5.5),
(12265, 0, 142, 142, 0, NULL),
(12266, 0, 143, 142, 1, 3),
(12267, 0, 166, 142, 1, 3),
(12268, 0, 168, 142, 0, 1),
(12269, 0, 169, 142, 1, 14),
(12270, 0, 171, 142, 1, 4.5),
(12271, 0, 172, 142, 0, NULL),
(12272, 0, 173, 142, 0, NULL),
(12273, 0, 180, 142, 0, NULL),
(12274, 0, 181, 142, 0, 4),
(12275, 0, 182, 142, 1, 4),
(12276, 0, 183, 142, 0, 4),
(12277, 0, 184, 142, 0, NULL),
(12278, 0, 15, 142, 1, 36),
(12279, 0, 16, 142, 1, 4),
(12280, 0, 17, 142, 1, 10.5),
(12281, 0, 18, 142, 1, 4),
(12282, 0, 19, 142, 1, 5),
(12283, 0, 20, 142, 1, 5),
(12284, 0, 21, 142, 1, 14),
(12285, 0, 22, 142, 0, NULL),
(12286, 0, 24, 142, 1, 5),
(12287, 0, 418, 142, 0, NULL),
(12288, 0, 419, 142, 1, 4),
(12289, 0, 421, 142, 1, 3),
(12290, 0, 422, 142, 1, 10.5),
(12291, 0, 424, 142, 0, 9),
(12292, 0, 426, 142, 0, NULL),
(12293, 0, 430, 142, 0, 5),
(12294, 0, 434, 142, 0, 4),
(12295, 0, 436, 142, 0, 4),
(12296, 0, 438, 142, 0, 4),
(12297, 0, 439, 142, 0, 8),
(12298, 0, 444, 142, 0, 6),
(12299, 0, 445, 142, 0, NULL),
(12300, 0, 185, 142, 1, 15),
(12301, 0, 186, 142, 0, 5),
(12302, 0, 187, 142, 1, 4),
(12303, 0, 188, 142, 1, 14),
(12304, 0, 190, 142, 1, 5),
(12305, 0, 191, 142, 1, 5.5),
(12306, 0, 193, 142, 0, NULL),
(12307, 0, 195, 142, 1, 8),
(12308, 0, 196, 142, 0, NULL),
(12309, 0, 197, 142, 0, NULL),
(12310, 0, 198, 142, 1, 4.5),
(12311, 0, 199, 142, 0, 4.5),
(12312, 0, 201, 142, 1, 5.5),
(12313, 0, 203, 142, 0, NULL),
(12314, 0, 205, 142, 0, NULL),
(12315, 0, 206, 142, 0, 4),
(12316, 0, 208, 142, 0, 4),
(12317, 0, 209, 142, 0, 4),
(12318, 0, 458, 142, 1, 4),
(12319, 0, 460, 142, 1, 10.5),
(12320, 0, 467, 142, 1, 14),
(12321, 0, 469, 142, 0, NULL),
(12322, 0, 368, 142, 1, 8),
(12323, 0, 374, 142, 0, 5),
(12324, 0, 375, 142, 1, 4),
(12325, 0, 377, 142, 1, 5),
(12326, 0, 381, 142, 1, 5),
(12327, 0, 382, 142, 0, NULL),
(12328, 0, 384, 142, 0, NULL),
(12329, 0, 389, 142, 1, 6),
(12330, 0, 391, 142, 0, NULL),
(12331, 0, 393, 142, 1, 4),
(12332, 0, 400, 142, 1, 19),
(12333, 0, 404, 142, 0, 5),
(12334, 0, 408, 142, 0, 4),
(12335, 0, 409, 142, 0, NULL),
(12336, 0, 414, 142, 0, 6),
(12337, 0, 415, 142, 1, 8),
(12338, 0, 429, 142, 0, 4),
(12339, 0, 432, 142, 0, 5),
(12340, 0, 435, 142, 1, 5),
(12341, 0, 441, 142, 1, 9),
(12342, 0, 446, 142, 1, 3),
(12343, 0, 448, 142, 0, NULL),
(12344, 0, 326, 142, 1, 36),
(12345, 0, 327, 142, 0, NULL),
(12346, 0, 552, 142, 0, 5),
(12347, 0, 553, 142, 1, 4),
(12348, 0, 554, 142, 1, 3),
(12349, 0, 555, 142, 0, 5.5),
(12350, 0, 556, 142, 1, 8),
(12351, 0, 557, 142, 0, 4),
(12352, 0, 558, 142, 1, 10.5),
(12353, 0, 585, 142, 1, 8.5),
(12354, 0, 586, 142, 0, NULL),
(12355, 0, 587, 142, 1, 3),
(12356, 0, 588, 142, 1, 5),
(12357, 0, 589, 142, 0, NULL),
(12358, 0, 590, 142, 1, 5.5),
(12359, 0, 591, 142, 1, 4),
(12360, 0, 592, 142, 0, NULL),
(12361, 0, 593, 142, 0, 5.5),
(12362, 0, 594, 142, 1, 4),
(12363, 0, 595, 142, 0, 6),
(12364, 0, 596, 142, 0, NULL),
(12365, 0, 597, 142, 0, 7),
(12366, 0, 504, 142, 1, 15),
(12367, 0, 505, 142, 0, 5.5),
(12368, 0, 506, 142, 0, NULL),
(12369, 0, 507, 142, 1, 4),
(12370, 0, 508, 142, 0, NULL),
(12371, 0, 509, 142, 1, 14),
(12372, 0, 510, 142, 0, NULL),
(12373, 0, 511, 142, 1, 4.5),
(12374, 0, 512, 142, 0, NULL),
(12375, 0, 513, 142, 1, 5),
(12376, 0, 514, 142, 0, NULL),
(12377, 0, 515, 142, 1, 19),
(12378, 0, 516, 142, 0, NULL),
(12379, 0, 517, 142, 1, 14),
(12380, 0, 518, 142, 0, NULL),
(12381, 0, 519, 142, 0, 6.5),
(12382, 0, 520, 142, 0, NULL),
(12383, 0, 521, 142, 1, 8),
(12384, 0, 522, 142, 0, NULL),
(12385, 0, 523, 142, 0, NULL),
(12386, 0, 524, 142, 1, 5),
(12387, 0, 525, 142, 0, 4),
(12388, 0, 144, 142, 1, 5),
(12389, 0, 145, 142, 1, 6),
(12390, 0, 146, 142, 0, NULL),
(12391, 0, 147, 142, 0, NULL),
(12392, 0, 148, 142, 1, 8.5),
(12393, 0, 149, 142, 1, 21),
(12394, 0, 150, 142, 0, NULL),
(12395, 0, 151, 142, 1, 5),
(12396, 0, 152, 142, 1, 5),
(12397, 0, 153, 142, 0, NULL),
(12398, 0, 154, 142, 0, NULL),
(12399, 0, 155, 142, 1, 6),
(12400, 0, 156, 142, 1, 5),
(12401, 0, 157, 142, 1, 4),
(12402, 0, 158, 142, 0, 7),
(12403, 0, 159, 142, 1, 4),
(12404, 0, 160, 142, 1, 2),
(12405, 0, 161, 142, 0, NULL),
(12406, 0, 162, 142, 0, NULL),
(12407, 0, 163, 142, 0, 6.5),
(12408, 0, 164, 142, 0, NULL),
(12409, 0, 165, 142, 0, NULL),
(12410, 0, 362, 142, 1, 3),
(12411, 0, 363, 142, 0, NULL),
(12412, 0, 364, 142, 0, NULL),
(12413, 0, 366, 142, 1, 4),
(12414, 0, 367, 142, 0, NULL),
(12415, 0, 449, 142, 0, 4.5),
(12416, 0, 450, 142, 1, 10),
(12417, 0, 451, 142, 1, 15),
(12418, 0, 452, 142, 1, 14),
(12419, 0, 453, 142, 0, NULL),
(12420, 0, 454, 142, 0, NULL),
(12421, 0, 455, 142, 1, 5.5),
(12422, 0, 456, 142, 1, 4.5),
(12423, 0, 457, 142, 1, 6),
(12424, 0, 459, 142, 0, 6),
(12425, 0, 461, 142, 1, 6),
(12426, 0, 462, 142, 1, 4),
(12427, 0, 463, 142, 0, 3),
(12428, 0, 464, 142, 0, 4.5),
(12429, 0, 465, 142, 1, 5.5),
(12430, 0, 466, 142, 0, NULL),
(12431, 0, 468, 142, 0, 4),
(12432, 0, 296, 142, 1, 16),
(12433, 0, 297, 142, 1, 4),
(12434, 0, 298, 142, 1, 28),
(12435, 0, 299, 142, 0, NULL),
(12436, 0, 300, 142, 1, 3.5),
(12437, 0, 301, 142, 0, NULL),
(12438, 0, 302, 142, 1, 6),
(12439, 0, 303, 142, 0, NULL),
(12440, 0, 304, 142, 0, NULL),
(12441, 0, 305, 142, 1, 4),
(12442, 0, 307, 142, 0, 5.5),
(12443, 0, 308, 142, 0, NULL),
(12444, 0, 310, 142, 0, NULL),
(12445, 0, 312, 142, 1, 4),
(12446, 0, 313, 142, 1, 5),
(12447, 0, 316, 142, 1, 4),
(12448, 0, 317, 142, 0, NULL),
(12449, 0, 318, 142, 0, NULL),
(12450, 0, 320, 142, 0, NULL),
(12451, 0, 322, 142, 1, 3),
(12452, 0, 324, 142, 0, NULL),
(12453, 0, 325, 142, 0, 5),
(12454, 0, 77, 142, 1, 15),
(12455, 0, 78, 142, 1, 6),
(12456, 0, 79, 142, 1, 4.5),
(12457, 0, 81, 142, 1, 9),
(12458, 0, 82, 142, 1, 4),
(12459, 0, 83, 142, 1, 28),
(12460, 0, 84, 142, 1, 4),
(12461, 0, 85, 142, 1, 7),
(12462, 0, 86, 142, 0, NULL),
(12463, 0, 87, 142, 0, NULL),
(12464, 0, 88, 142, 0, 7),
(12465, 0, 89, 142, 1, 5),
(12466, 0, 90, 142, 0, 5.5),
(12467, 0, 91, 142, 0, NULL),
(12468, 0, 93, 142, 1, 4),
(12469, 0, 94, 142, 1, 6),
(12470, 0, 96, 142, 0, NULL),
(12471, 0, 97, 142, 0, 4),
(12472, 0, 98, 142, 0, NULL),
(12473, 0, 99, 142, 0, 1),
(12474, 0, 100, 142, 0, 5),
(12475, 0, 101, 142, 0, 5),
(12476, 0, 229, 142, 1, 4),
(12477, 0, 230, 142, 1, 4.5),
(12478, 0, 231, 142, 1, 6.5),
(12479, 0, 232, 142, 1, 4),
(12480, 0, 236, 142, 0, NULL),
(12481, 0, 241, 142, 1, 7),
(12482, 0, 244, 142, 1, 11),
(12483, 0, 246, 142, 1, 4),
(12484, 0, 247, 142, 1, 4),
(12485, 0, 248, 142, 1, 4.5),
(12486, 0, 250, 142, 0, 15),
(12487, 0, 251, 142, 1, 5),
(12488, 0, 255, 142, 0, 5),
(12489, 0, 263, 142, 0, NULL),
(12490, 0, 264, 142, 0, NULL),
(12491, 0, 265, 142, 0, NULL),
(12492, 0, 266, 142, 0, NULL),
(12493, 0, 268, 142, 1, 4),
(12494, 0, 269, 142, 0, 4.5),
(12495, 0, 270, 142, 0, NULL),
(12496, 0, 271, 142, 0, NULL),
(12497, 0, 272, 142, 0, 16),
(12498, 0, 25, 142, 1, 21),
(12499, 0, 26, 142, 0, NULL),
(12500, 0, 27, 142, 1, 4),
(12501, 0, 28, 142, 0, NULL),
(12502, 0, 29, 142, 1, 4),
(12503, 0, 30, 142, 1, 6.5),
(12504, 0, 31, 142, 1, 4.5),
(12505, 0, 32, 142, 0, 5),
(12506, 0, 33, 142, 0, NULL),
(12507, 0, 34, 142, 1, 5),
(12508, 0, 35, 142, 1, 19),
(12509, 0, 36, 142, 1, 14),
(12510, 0, 37, 142, 0, 3),
(12511, 0, 38, 142, 1, 4),
(12512, 0, 40, 142, 1, 4.5),
(12513, 0, 41, 142, 0, NULL),
(12514, 0, 42, 142, 0, NULL),
(12515, 0, 43, 142, 0, NULL),
(12516, 0, 44, 142, 0, NULL),
(12517, 0, 46, 142, 0, NULL),
(12518, 0, 47, 142, 1, 5.5),
(12519, 0, 48, 142, 0, NULL),
(12520, 0, 211, 142, 1, 8),
(12521, 0, 212, 142, 0, 4),
(12522, 0, 213, 142, 1, 4.5),
(12523, 0, 214, 142, 1, 3),
(12524, 0, 215, 142, 0, 4),
(12525, 0, 216, 142, 1, 5),
(12526, 0, 217, 142, 0, NULL),
(12527, 0, 219, 142, 1, 4),
(12528, 0, 220, 142, 1, 8.5),
(12529, 0, 221, 142, 1, 21),
(12530, 0, 222, 142, 0, NULL),
(12531, 0, 223, 142, 1, 14),
(12532, 0, 224, 142, 1, 6),
(12533, 0, 225, 142, 0, 5),
(12534, 0, 226, 142, 0, NULL),
(12535, 0, 235, 142, 0, NULL),
(12536, 0, 237, 142, 1, 5),
(12537, 0, 238, 142, 0, NULL),
(12538, 0, 239, 142, 0, NULL),
(12539, 0, 249, 142, 0, 1),
(12540, 0, 252, 142, 0, NULL),
(12541, 0, 254, 142, 0, 4.5),
(12542, 0, 274, 142, 0, NULL),
(12543, 0, 275, 142, 1, 8),
(12544, 0, 276, 142, 0, 3),
(12545, 0, 277, 142, 1, 4.5),
(12546, 0, 278, 142, 1, 5),
(12547, 0, 279, 142, 1, 6),
(12548, 0, 280, 142, 0, 6),
(12549, 0, 281, 142, 0, 5),
(12550, 0, 282, 142, 0, NULL),
(12551, 0, 283, 142, 1, 5),
(12552, 0, 284, 142, 0, NULL),
(12553, 0, 285, 142, 1, 8),
(12554, 0, 286, 142, 1, 6),
(12555, 0, 287, 142, 1, 5.5),
(12556, 0, 288, 142, 1, 6),
(12557, 0, 289, 142, 0, NULL),
(12558, 0, 290, 142, 1, 4),
(12559, 0, 291, 142, 0, NULL),
(12560, 0, 292, 142, 0, NULL),
(12561, 0, 293, 142, 1, 5),
(12562, 0, 294, 142, 0, NULL),
(12563, 0, 295, 142, 0, NULL),
(12564, 0, 49, 142, 1, 4),
(12565, 0, 50, 142, 0, 5.5),
(12566, 0, 52, 142, 1, 5),
(12567, 0, 53, 142, 0, NULL),
(12568, 0, 54, 142, 0, NULL),
(12569, 0, 55, 142, 0, NULL),
(12570, 0, 56, 142, 0, NULL),
(12571, 0, 57, 142, 1, 19),
(12572, 0, 58, 142, 1, 8),
(12573, 0, 59, 142, 1, 4),
(12574, 0, 60, 142, 0, NULL),
(12575, 0, 61, 142, 1, 4),
(12576, 0, 62, 142, 1, 6),
(12577, 0, 63, 142, 0, NULL),
(12578, 0, 65, 142, 1, 4),
(12579, 0, 66, 142, 1, 4.5),
(12580, 0, 70, 142, 0, NULL),
(12581, 0, 72, 142, 0, NULL),
(12582, 0, 73, 142, 0, NULL),
(12583, 0, 74, 142, 0, NULL),
(12584, 0, 75, 142, 1, 7),
(12585, 0, 76, 142, 0, NULL),
(15226, 0, 2, 143, 0, NULL),
(15227, 0, 3, 143, 1, 5),
(15228, 0, 8, 143, 1, 5),
(15229, 0, 9, 143, 0, NULL),
(15230, 0, 11, 143, 0, NULL),
(15231, 0, 12, 143, 1, 40),
(15232, 0, 13, 143, 1, 6.5),
(15233, 0, 14, 143, 1, 5.5),
(15234, 0, 121, 143, 0, NULL),
(15235, 0, 126, 143, 1, 4),
(15236, 0, 174, 143, 0, NULL),
(15237, 0, 175, 143, 1, 3.5),
(15238, 0, 176, 143, 1, 4.5),
(15239, 0, 177, 143, 0, NULL),
(15240, 0, 179, 143, 0, NULL),
(15241, 0, 471, 143, 0, NULL),
(15242, 0, 472, 143, 1, 5),
(15243, 0, 473, 143, 0, 6),
(15244, 0, 475, 143, 1, 5.5),
(15245, 0, 478, 143, 0, NULL),
(15246, 0, 480, 143, 1, 5),
(15247, 0, 481, 143, 0, NULL),
(15248, 0, 482, 143, 1, 5),
(15249, 0, 483, 143, 0, 5),
(15250, 0, 484, 143, 0, 18),
(15251, 0, 485, 143, 1, 6),
(15252, 0, 486, 143, 1, 4),
(15253, 0, 487, 143, 1, 13),
(15254, 0, 488, 143, 1, 5),
(15255, 0, 489, 143, 0, 6),
(15256, 0, 490, 143, 0, NULL),
(15257, 0, 491, 143, 0, NULL),
(15258, 0, 492, 143, 1, 6.5),
(15259, 0, 493, 143, 0, NULL),
(15260, 0, 494, 143, 0, NULL),
(15261, 0, 495, 143, 1, 6),
(15262, 0, 496, 143, 1, 6.5),
(15263, 0, 497, 143, 0, NULL),
(15264, 0, 498, 143, 1, 10),
(15265, 0, 499, 143, 1, 2),
(15266, 0, 500, 143, 0, NULL),
(15267, 0, 501, 143, 1, 9),
(15268, 0, 502, 143, 0, 4),
(15269, 0, 503, 143, 0, 9),
(15270, 0, 559, 143, 1, 5),
(15271, 0, 560, 143, 1, 5),
(15272, 0, 561, 143, 1, 6),
(15273, 0, 562, 143, 1, 6),
(15274, 0, 564, 143, 0, NULL),
(15275, 0, 565, 143, 0, NULL),
(15276, 0, 566, 143, 1, 6),
(15277, 0, 567, 143, 1, 4.5),
(15278, 0, 568, 143, 1, 5),
(15279, 0, 569, 143, 0, NULL),
(15280, 0, 570, 143, 1, 18),
(15281, 0, 571, 143, 0, 6),
(15282, 0, 574, 143, 1, 5),
(15283, 0, 575, 143, 0, NULL),
(15284, 0, 576, 143, 0, NULL),
(15285, 0, 577, 143, 0, NULL),
(15286, 0, 578, 143, 0, 9),
(15287, 0, 580, 143, 0, NULL),
(15288, 0, 581, 143, 1, 5.5),
(15289, 0, 582, 143, 0, 5),
(15290, 0, 583, 143, 0, NULL),
(15291, 0, 584, 143, 0, 6),
(15292, 0, 526, 143, 1, 9),
(15293, 0, 527, 143, 1, 5),
(15294, 0, 528, 143, 1, 6),
(15295, 0, 529, 143, 1, 6),
(15296, 0, 530, 143, 0, NULL),
(15297, 0, 532, 143, 1, 20),
(15298, 0, 533, 143, 0, NULL),
(15299, 0, 534, 143, 1, 6.5),
(15300, 0, 535, 143, 1, 5),
(15301, 0, 536, 143, 1, 10),
(15302, 0, 538, 143, 0, 4),
(15303, 0, 539, 143, 0, NULL),
(15304, 0, 540, 143, 0, 6),
(15305, 0, 541, 143, 1, 6.5),
(15306, 0, 542, 143, 1, 5),
(15307, 0, 543, 143, 1, 6),
(15308, 0, 544, 143, 0, NULL),
(15309, 0, 547, 143, 0, 3),
(15310, 0, 548, 143, 0, 5),
(15311, 0, 549, 143, 0, NULL),
(15312, 0, 550, 143, 0, 6),
(15313, 0, 551, 143, 0, NULL),
(15314, 0, 102, 143, 1, 9),
(15315, 0, 103, 143, 1, 10),
(15316, 0, 104, 143, 0, NULL),
(15317, 0, 105, 143, 1, 6),
(15318, 0, 106, 143, 1, 5),
(15319, 0, 107, 143, 1, 6.5),
(15320, 0, 108, 143, 1, 5.5),
(15321, 0, 109, 143, 0, NULL),
(15322, 0, 110, 143, 0, NULL),
(15323, 0, 111, 143, 1, 9),
(15324, 0, 112, 143, 1, 4),
(15325, 0, 113, 143, 1, 6.5),
(15326, 0, 117, 143, 0, 18),
(15327, 0, 118, 143, 0, NULL),
(15328, 0, 119, 143, 1, 6.5),
(15329, 0, 123, 143, 1, 5),
(15330, 0, 127, 143, 0, 5),
(15331, 0, 128, 143, 0, 6),
(15332, 0, 129, 143, 0, 5),
(15333, 0, 130, 143, 0, 9),
(15334, 0, 131, 143, 0, 4.5),
(15335, 0, 132, 143, 0, 6),
(15336, 0, 133, 143, 0, 9),
(15337, 0, 134, 143, 1, 10),
(15338, 0, 135, 143, 0, NULL),
(15339, 0, 136, 143, 1, 5),
(15340, 0, 137, 143, 1, 6.5),
(15341, 0, 138, 143, 1, 6),
(15342, 0, 139, 143, 0, NULL),
(15343, 0, 140, 143, 0, NULL),
(15344, 0, 141, 143, 0, NULL),
(15345, 0, 142, 143, 1, 5),
(15346, 0, 143, 143, 1, 5),
(15347, 0, 166, 143, 1, 4),
(15348, 0, 168, 143, 0, 2.5),
(15349, 0, 169, 143, 1, 5),
(15350, 0, 171, 143, 1, 6),
(15351, 0, 172, 143, 0, 5),
(15352, 0, 173, 143, 0, NULL),
(15353, 0, 180, 143, 1, 6),
(15354, 0, 181, 143, 0, 4.5),
(15355, 0, 182, 143, 1, 9),
(15356, 0, 183, 143, 0, NULL),
(15357, 0, 184, 143, 0, NULL),
(15358, 0, 15, 143, 1, 13),
(15359, 0, 16, 143, 1, 4.5),
(15360, 0, 17, 143, 1, 5),
(15361, 0, 18, 143, 1, 9),
(15362, 0, 19, 143, 1, 6),
(15363, 0, 20, 143, 1, 5),
(15364, 0, 21, 143, 1, 5),
(15365, 0, 22, 143, 0, NULL),
(15366, 0, 24, 143, 0, NULL),
(15367, 0, 418, 143, 0, NULL),
(15368, 0, 419, 143, 1, 3),
(15369, 0, 421, 143, 1, 4),
(15370, 0, 422, 143, 1, 6),
(15371, 0, 424, 143, 1, 5),
(15372, 0, 426, 143, 0, NULL),
(15373, 0, 430, 143, 0, 6),
(15374, 0, 434, 143, 0, 4.5),
(15375, 0, 436, 143, 0, 4),
(15376, 0, 438, 143, 0, 6),
(15377, 0, 439, 143, 0, 5),
(15378, 0, 444, 143, 0, 6.5);
INSERT INTO `playerteamweek` (`id`, `version`, `playerteam`, `week`, `plays`, `points`) VALUES
(15379, 0, 445, 143, 0, 5),
(15380, 0, 185, 143, 1, 16),
(15381, 0, 186, 143, 0, 6),
(15382, 0, 187, 143, 1, 6),
(15383, 0, 188, 143, 1, 5),
(15384, 0, 190, 143, 0, NULL),
(15385, 0, 191, 143, 0, NULL),
(15386, 0, 193, 143, 0, NULL),
(15387, 0, 195, 143, 1, 4),
(15388, 0, 196, 143, 1, 9),
(15389, 0, 197, 143, 0, NULL),
(15390, 0, 198, 143, 1, 13),
(15391, 0, 199, 143, 1, 5.5),
(15392, 0, 201, 143, 1, 6),
(15393, 0, 203, 143, 1, 5),
(15394, 0, 205, 143, 0, NULL),
(15395, 0, 206, 143, 0, 9),
(15396, 0, 208, 143, 0, 4),
(15397, 0, 209, 143, 0, 3),
(15398, 0, 458, 143, 0, NULL),
(15399, 0, 460, 143, 1, 6),
(15400, 0, 467, 143, 1, 6.5),
(15401, 0, 469, 143, 0, NULL),
(15402, 0, 368, 143, 1, 5),
(15403, 0, 374, 143, 0, 5),
(15404, 0, 375, 143, 1, 6),
(15405, 0, 377, 143, 1, 5),
(15406, 0, 381, 143, 1, 5),
(15407, 0, 382, 143, 1, 6),
(15408, 0, 384, 143, 0, 5),
(15409, 0, 389, 143, 1, 6.5),
(15410, 0, 391, 143, 0, NULL),
(15411, 0, 393, 143, 0, NULL),
(15412, 0, 400, 143, 1, 24),
(15413, 0, 404, 143, 0, NULL),
(15414, 0, 408, 143, 0, 6),
(15415, 0, 409, 143, 1, 5.5),
(15416, 0, 414, 143, 0, 5),
(15417, 0, 415, 143, 1, 4),
(15418, 0, 429, 143, 0, 9),
(15419, 0, 432, 143, 0, 6),
(15420, 0, 435, 143, 1, 6),
(15421, 0, 441, 143, 1, 5),
(15422, 0, 446, 143, 0, 4),
(15423, 0, 448, 143, 0, 5),
(15424, 0, 326, 143, 1, 13),
(15425, 0, 327, 143, 0, NULL),
(15426, 0, 552, 143, 0, 5),
(15427, 0, 553, 143, 1, 6),
(15428, 0, 554, 143, 0, NULL),
(15429, 0, 555, 143, 0, 6),
(15430, 0, 556, 143, 1, 5),
(15431, 0, 557, 143, 0, NULL),
(15432, 0, 558, 143, 1, 6),
(15433, 0, 585, 143, 1, 4),
(15434, 0, 586, 143, 0, 6),
(15435, 0, 587, 143, 1, 5),
(15436, 0, 588, 143, 1, 5),
(15437, 0, 589, 143, 0, NULL),
(15438, 0, 590, 143, 1, 6),
(15439, 0, 591, 143, 1, 6),
(15440, 0, 592, 143, 0, NULL),
(15441, 0, 593, 143, 1, 6),
(15442, 0, 594, 143, 1, 14),
(15443, 0, 595, 143, 0, 6.5),
(15444, 0, 596, 143, 0, NULL),
(15445, 0, 597, 143, 0, 5),
(15446, 0, 504, 143, 1, 16),
(15447, 0, 505, 143, 0, 6),
(15448, 0, 506, 143, 0, NULL),
(15449, 0, 507, 143, 1, 6),
(15450, 0, 508, 143, 1, 4),
(15451, 0, 509, 143, 1, 5),
(15452, 0, 510, 143, 0, NULL),
(15453, 0, 511, 143, 1, 13),
(15454, 0, 512, 143, 0, 5),
(15455, 0, 513, 143, 0, NULL),
(15456, 0, 514, 143, 0, NULL),
(15457, 0, 515, 143, 1, 24),
(15458, 0, 516, 143, 0, NULL),
(15459, 0, 517, 143, 1, 6.5),
(15460, 0, 518, 143, 1, 5),
(15461, 0, 519, 143, 0, 20),
(15462, 0, 520, 143, 0, NULL),
(15463, 0, 521, 143, 1, 4),
(15464, 0, 522, 143, 1, 5.5),
(15465, 0, 523, 143, 1, 9),
(15466, 0, 524, 143, 0, 4.5),
(15467, 0, 525, 143, 0, 6),
(15468, 0, 144, 143, 0, NULL),
(15469, 0, 145, 143, 1, 5),
(15470, 0, 146, 143, 1, 5),
(15471, 0, 147, 143, 1, 5),
(15472, 0, 148, 143, 1, 4),
(15473, 0, 149, 143, 1, 10),
(15474, 0, 150, 143, 0, NULL),
(15475, 0, 151, 143, 1, 4),
(15476, 0, 152, 143, 0, NULL),
(15477, 0, 153, 143, 1, 9),
(15478, 0, 154, 143, 0, NULL),
(15479, 0, 155, 143, 1, 4.5),
(15480, 0, 156, 143, 1, 5),
(15481, 0, 157, 143, 1, 9),
(15482, 0, 158, 143, 0, 18),
(15483, 0, 159, 143, 1, 6),
(15484, 0, 160, 143, 0, NULL),
(15485, 0, 161, 143, 0, NULL),
(15486, 0, 162, 143, 0, NULL),
(15487, 0, 163, 143, 0, 6),
(15488, 0, 164, 143, 0, NULL),
(15489, 0, 165, 143, 0, NULL),
(15490, 0, 362, 143, 0, 4),
(15491, 0, 363, 143, 0, 3),
(15492, 0, 364, 143, 1, 9),
(15493, 0, 366, 143, 1, 18),
(15494, 0, 367, 143, 0, NULL),
(15495, 0, 449, 143, 0, 6),
(15496, 0, 450, 143, 0, NULL),
(15497, 0, 451, 143, 1, 16),
(15498, 0, 452, 143, 1, 5),
(15499, 0, 453, 143, 0, NULL),
(15500, 0, 454, 143, 1, 4),
(15501, 0, 455, 143, 1, 6),
(15502, 0, 456, 143, 1, 6),
(15503, 0, 457, 143, 1, 6.5),
(15504, 0, 459, 143, 0, 6.5),
(15505, 0, 461, 143, 1, 6),
(15506, 0, 462, 143, 1, 6),
(15507, 0, 463, 143, 0, 5),
(15508, 0, 464, 143, 0, 6),
(15509, 0, 465, 143, 1, 6),
(15510, 0, 466, 143, 0, NULL),
(15511, 0, 468, 143, 0, 2),
(15512, 0, 296, 143, 0, NULL),
(15513, 0, 297, 143, 1, 6),
(15514, 0, 298, 143, 1, 10),
(15515, 0, 299, 143, 1, 4),
(15516, 0, 300, 143, 1, 4),
(15517, 0, 301, 143, 0, NULL),
(15518, 0, 302, 143, 1, 4.5),
(15519, 0, 303, 143, 0, NULL),
(15520, 0, 304, 143, 1, 5),
(15521, 0, 305, 143, 1, 9),
(15522, 0, 307, 143, 1, 6),
(15523, 0, 308, 143, 0, NULL),
(15524, 0, 310, 143, 0, NULL),
(15525, 0, 312, 143, 0, NULL),
(15526, 0, 313, 143, 1, 5),
(15527, 0, 316, 143, 1, 5),
(15528, 0, 317, 143, 0, NULL),
(15529, 0, 318, 143, 0, 5),
(15530, 0, 320, 143, 0, NULL),
(15531, 0, 322, 143, 1, 5),
(15532, 0, 324, 143, 0, 18),
(15533, 0, 325, 143, 0, 4.5),
(15534, 0, 77, 143, 1, 16),
(15535, 0, 78, 143, 1, 3.5),
(15536, 0, 79, 143, 1, 13),
(15537, 0, 81, 143, 1, 5),
(15538, 0, 82, 143, 1, 4.5),
(15539, 0, 83, 143, 1, 13),
(15540, 0, 84, 143, 1, 4),
(15541, 0, 85, 143, 1, 6.5),
(15542, 0, 86, 143, 0, NULL),
(15543, 0, 87, 143, 0, NULL),
(15544, 0, 88, 143, 0, 5),
(15545, 0, 89, 143, 1, 5),
(15546, 0, 90, 143, 1, 6),
(15547, 0, 91, 143, 0, NULL),
(15548, 0, 93, 143, 0, NULL),
(15549, 0, 94, 143, 1, 5),
(15550, 0, 96, 143, 0, NULL),
(15551, 0, 97, 143, 0, NULL),
(15552, 0, 98, 143, 0, NULL),
(15553, 0, 99, 143, 0, 2.5),
(15554, 0, 100, 143, 0, 5),
(15555, 0, 101, 143, 0, 5),
(15556, 0, 229, 143, 1, 9),
(15557, 0, 230, 143, 0, NULL),
(15558, 0, 231, 143, 1, 6),
(15559, 0, 232, 143, 1, 6),
(15560, 0, 236, 143, 1, 5),
(15561, 0, 241, 143, 1, 14),
(15562, 0, 244, 143, 0, NULL),
(15563, 0, 246, 143, 1, 4.5),
(15564, 0, 247, 143, 1, 5),
(15565, 0, 248, 143, 1, 6),
(15566, 0, 250, 143, 0, 16),
(15567, 0, 251, 143, 1, 5),
(15568, 0, 255, 143, 1, 5),
(15569, 0, 263, 143, 0, 5.5),
(15570, 0, 264, 143, 0, NULL),
(15571, 0, 265, 143, 0, NULL),
(15572, 0, 266, 143, 0, NULL),
(15573, 0, 268, 143, 1, 4),
(15574, 0, 269, 143, 0, 5.5),
(15575, 0, 270, 143, 0, NULL),
(15576, 0, 271, 143, 0, NULL),
(15577, 0, 272, 143, 0, NULL),
(15578, 0, 25, 143, 1, 10),
(15579, 0, 26, 143, 0, NULL),
(15580, 0, 27, 143, 1, 9),
(15581, 0, 28, 143, 0, NULL),
(15582, 0, 29, 143, 1, 6),
(15583, 0, 30, 143, 1, 6),
(15584, 0, 31, 143, 1, 13),
(15585, 0, 32, 143, 0, 6),
(15586, 0, 33, 143, 1, 6),
(15587, 0, 34, 143, 1, 5),
(15588, 0, 35, 143, 1, 24),
(15589, 0, 36, 143, 1, 6.5),
(15590, 0, 37, 143, 0, 4),
(15591, 0, 38, 143, 1, 4.5),
(15592, 0, 40, 143, 0, NULL),
(15593, 0, 41, 143, 0, NULL),
(15594, 0, 42, 143, 0, 2.5),
(15595, 0, 43, 143, 0, NULL),
(15596, 0, 44, 143, 0, NULL),
(15597, 0, 46, 143, 0, NULL),
(15598, 0, 47, 143, 1, 6),
(15599, 0, 48, 143, 0, NULL),
(15600, 0, 211, 143, 1, 5),
(15601, 0, 212, 143, 0, 9),
(15602, 0, 213, 143, 1, 6),
(15603, 0, 214, 143, 1, 5),
(15604, 0, 215, 143, 0, 6),
(15605, 0, 216, 143, 1, 5),
(15606, 0, 217, 143, 0, NULL),
(15607, 0, 219, 143, 0, NULL),
(15608, 0, 220, 143, 1, 4),
(15609, 0, 221, 143, 1, 10),
(15610, 0, 222, 143, 0, NULL),
(15611, 0, 223, 143, 1, 6.5),
(15612, 0, 224, 143, 1, 3),
(15613, 0, 225, 143, 0, 5),
(15614, 0, 226, 143, 0, NULL),
(15615, 0, 235, 143, 0, NULL),
(15616, 0, 237, 143, 0, NULL),
(15617, 0, 238, 143, 1, 4),
(15618, 0, 239, 143, 0, NULL),
(15619, 0, 249, 143, 0, 2.5),
(15620, 0, 252, 143, 0, NULL),
(15621, 0, 254, 143, 0, NULL),
(15622, 0, 274, 143, 1, 6),
(15623, 0, 275, 143, 0, 5),
(15624, 0, 276, 143, 0, NULL),
(15625, 0, 277, 143, 1, 6),
(15626, 0, 278, 143, 1, 6),
(15627, 0, 279, 143, 1, 6),
(15628, 0, 280, 143, 0, 6.5),
(15629, 0, 281, 143, 0, 6),
(15630, 0, 282, 143, 0, 2.5),
(15631, 0, 283, 143, 1, 5),
(15632, 0, 284, 143, 0, NULL),
(15633, 0, 285, 143, 1, 5),
(15634, 0, 286, 143, 1, 6),
(15635, 0, 287, 143, 1, 6),
(15636, 0, 288, 143, 0, 6),
(15637, 0, 289, 143, 0, NULL),
(15638, 0, 290, 143, 1, 9),
(15639, 0, 291, 143, 0, NULL),
(15640, 0, 292, 143, 0, NULL),
(15641, 0, 293, 143, 1, 5),
(15642, 0, 294, 143, 1, 9),
(15643, 0, 295, 143, 0, NULL),
(15644, 0, 49, 143, 1, 9),
(15645, 0, 50, 143, 0, 6),
(15646, 0, 52, 143, 1, 6),
(15647, 0, 53, 143, 1, 5),
(15648, 0, 54, 143, 1, 4),
(15649, 0, 55, 143, 0, NULL),
(15650, 0, 56, 143, 1, 12),
(15651, 0, 57, 143, 1, 24),
(15652, 0, 58, 143, 1, 9),
(15653, 0, 59, 143, 1, 6),
(15654, 0, 60, 143, 1, 5.5),
(15655, 0, 61, 143, 0, 2),
(15656, 0, 62, 143, 0, 6.5),
(15657, 0, 63, 143, 0, 5),
(15658, 0, 65, 143, 1, 4.5),
(15659, 0, 66, 143, 1, 6),
(15660, 0, 70, 143, 0, 9),
(15661, 0, 72, 143, 0, NULL),
(15662, 0, 73, 143, 0, NULL),
(15663, 0, 74, 143, 0, NULL),
(15664, 0, 75, 143, 0, 5),
(15665, 0, 76, 143, 0, NULL),
(16986, 0, 2, 144, 0, NULL),
(16987, 0, 3, 144, 1, 3),
(16988, 0, 8, 144, 1, 5.5),
(16989, 0, 9, 144, 0, NULL),
(16990, 0, 11, 144, 1, 13),
(16991, 0, 12, 144, 1, 5.5),
(16992, 0, 13, 144, 1, 5.5),
(16993, 0, 14, 144, 1, 5.5),
(16994, 0, 121, 144, 0, NULL),
(16995, 0, 126, 144, 1, 4),
(16996, 0, 174, 144, 0, NULL),
(16997, 0, 175, 144, 1, 4),
(16998, 0, 176, 144, 1, 5),
(16999, 0, 177, 144, 0, NULL),
(17000, 0, 179, 144, 0, NULL),
(17001, 0, 471, 144, 0, NULL),
(17002, 0, 472, 144, 0, NULL),
(17003, 0, 473, 144, 0, 5),
(17004, 0, 475, 144, 1, 6),
(17005, 0, 478, 144, 0, NULL),
(17006, 0, 480, 144, 1, 1.5),
(17007, 0, 481, 144, 0, 5),
(17008, 0, 482, 144, 1, 3),
(17009, 0, 483, 144, 0, 4),
(17010, 0, 484, 144, 0, 1),
(17011, 0, 485, 144, 1, 3.5),
(17012, 0, 486, 144, 1, 3.5),
(17013, 0, 487, 144, 1, 4),
(17014, 0, 488, 144, 0, 1.5),
(17015, 0, 489, 144, 0, 5),
(17016, 0, 490, 144, 0, NULL),
(17017, 0, 491, 144, 1, 3),
(17018, 0, 492, 144, 1, 14),
(17019, 0, 493, 144, 1, 6.5),
(17020, 0, 494, 144, 0, NULL),
(17021, 0, 495, 144, 1, 6.5),
(17022, 0, 496, 144, 0, 5.5),
(17023, 0, 497, 144, 0, NULL),
(17024, 0, 498, 144, 1, 8),
(17025, 0, 499, 144, 0, NULL),
(17026, 0, 500, 144, 0, NULL),
(17027, 0, 501, 144, 1, 5),
(17028, 0, 502, 144, 1, 4),
(17029, 0, 503, 144, 0, 4.5),
(17030, 0, 559, 144, 1, 3),
(17031, 0, 560, 144, 0, NULL),
(17032, 0, 561, 144, 1, 6),
(17033, 0, 562, 144, 1, 3.5),
(17034, 0, 564, 144, 0, NULL),
(17035, 0, 565, 144, 0, NULL),
(17036, 0, 566, 144, 1, 2),
(17037, 0, 567, 144, 1, 2.5),
(17038, 0, 568, 144, 1, 5),
(17039, 0, 569, 144, 0, NULL),
(17040, 0, 570, 144, 1, 5),
(17041, 0, 571, 144, 0, 3),
(17042, 0, 574, 144, 1, 5),
(17043, 0, 575, 144, 0, 3.5),
(17044, 0, 576, 144, 0, NULL),
(17045, 0, 577, 144, 1, 9),
(17046, 0, 578, 144, 0, 7.5),
(17047, 0, 580, 144, 0, NULL),
(17048, 0, 581, 144, 1, 6),
(17049, 0, 582, 144, 0, 5),
(17050, 0, 583, 144, 1, 13),
(17051, 0, 584, 144, 0, 9),
(17052, 0, 526, 144, 1, 7.5),
(17053, 0, 527, 144, 1, 3.5),
(17054, 0, 528, 144, 1, 4),
(17055, 0, 529, 144, 1, 3.5),
(17056, 0, 530, 144, 0, NULL),
(17057, 0, 532, 144, 1, 5.5),
(17058, 0, 533, 144, 1, 6.5),
(17059, 0, 534, 144, 1, 6),
(17060, 0, 535, 144, 0, NULL),
(17061, 0, 536, 144, 1, 8),
(17062, 0, 538, 144, 1, 4),
(17063, 0, 539, 144, 0, NULL),
(17064, 0, 540, 144, 0, 3),
(17065, 0, 541, 144, 1, 5),
(17066, 0, 542, 144, 1, 19),
(17067, 0, 543, 144, 0, NULL),
(17068, 0, 544, 144, 0, NULL),
(17069, 0, 547, 144, 0, 3),
(17070, 0, 548, 144, 0, 5),
(17071, 0, 549, 144, 0, NULL),
(17072, 0, 550, 144, 0, 6),
(17073, 0, 551, 144, 0, NULL),
(17074, 0, 102, 144, 0, 7.5),
(17075, 0, 103, 144, 1, 8),
(17076, 0, 104, 144, 1, 4.5),
(17077, 0, 105, 144, 1, 6),
(17078, 0, 106, 144, 1, 4),
(17079, 0, 107, 144, 1, 14),
(17080, 0, 108, 144, 1, 3.5),
(17081, 0, 109, 144, 0, NULL),
(17082, 0, 110, 144, 1, 6.5),
(17083, 0, 111, 144, 1, 5),
(17084, 0, 112, 144, 1, 3.5),
(17085, 0, 113, 144, 0, 5),
(17086, 0, 117, 144, 1, 15),
(17087, 0, 118, 144, 0, NULL),
(17088, 0, 119, 144, 1, 5.5),
(17089, 0, 123, 144, 0, 5),
(17090, 0, 127, 144, 0, NULL),
(17091, 0, 128, 144, 0, 4),
(17092, 0, 129, 144, 0, 3),
(17093, 0, 130, 144, 0, 4.5),
(17094, 0, 131, 144, 0, NULL),
(17095, 0, 132, 144, 0, 9),
(17096, 0, 133, 144, 0, 7.5),
(17097, 0, 134, 144, 1, 8),
(17098, 0, 135, 144, 0, NULL),
(17099, 0, 136, 144, 1, 3),
(17100, 0, 137, 144, 1, 6),
(17101, 0, 138, 144, 1, 6.5),
(17102, 0, 139, 144, 1, 6.5),
(17103, 0, 140, 144, 1, 6.5),
(17104, 0, 141, 144, 0, NULL),
(17105, 0, 142, 144, 0, NULL),
(17106, 0, 143, 144, 1, 1.5),
(17107, 0, 166, 144, 0, 4),
(17108, 0, 168, 144, 0, 5),
(17109, 0, 169, 144, 1, 6),
(17110, 0, 171, 144, 1, 3.5),
(17111, 0, 172, 144, 1, 4),
(17112, 0, 173, 144, 0, NULL),
(17113, 0, 180, 144, 0, NULL),
(17114, 0, 181, 144, 0, 2.5),
(17115, 0, 182, 144, 1, 5),
(17116, 0, 183, 144, 0, NULL),
(17117, 0, 184, 144, 0, NULL),
(17118, 0, 15, 144, 1, 28),
(17119, 0, 16, 144, 1, 5),
(17120, 0, 17, 144, 1, 4),
(17121, 0, 18, 144, 1, 7.5),
(17122, 0, 19, 144, 1, 4),
(17123, 0, 20, 144, 1, 3.5),
(17124, 0, 21, 144, 1, 6),
(17125, 0, 22, 144, 0, NULL),
(17126, 0, 24, 144, 1, 6.5),
(17127, 0, 418, 144, 0, NULL),
(17128, 0, 419, 144, 1, 10),
(17129, 0, 421, 144, 1, 4),
(17130, 0, 422, 144, 1, 6.5),
(17131, 0, 424, 144, 0, 5),
(17132, 0, 426, 144, 0, NULL),
(17133, 0, 430, 144, 0, 5),
(17134, 0, 434, 144, 0, 2.5),
(17135, 0, 436, 144, 0, 14),
(17136, 0, 438, 144, 0, 9),
(17137, 0, 439, 144, 0, 3),
(17138, 0, 444, 144, 0, 5),
(17139, 0, 445, 144, 0, NULL),
(17140, 0, 185, 144, 0, NULL),
(17141, 0, 186, 144, 0, 4),
(17142, 0, 187, 144, 1, 6),
(17143, 0, 188, 144, 1, 6),
(17144, 0, 190, 144, 1, 13),
(17145, 0, 191, 144, 0, NULL),
(17146, 0, 193, 144, 0, NULL),
(17147, 0, 195, 144, 0, NULL),
(17148, 0, 196, 144, 1, 4.5),
(17149, 0, 197, 144, 1, 3.5),
(17150, 0, 198, 144, 1, 4),
(17151, 0, 199, 144, 0, 5),
(17152, 0, 201, 144, 1, 3.5),
(17153, 0, 203, 144, 0, NULL),
(17154, 0, 205, 144, 0, NULL),
(17155, 0, 206, 144, 0, 7.5),
(17156, 0, 208, 144, 0, 4),
(17157, 0, 209, 144, 0, 10),
(17158, 0, 458, 144, 1, 6),
(17159, 0, 460, 144, 1, 6.5),
(17160, 0, 467, 144, 1, 5.5),
(17161, 0, 469, 144, 1, 4.5),
(17162, 0, 368, 144, 1, 3),
(17163, 0, 374, 144, 0, 9),
(17164, 0, 375, 144, 1, 6),
(17165, 0, 377, 144, 1, 5),
(17166, 0, 381, 144, 1, 3.5),
(17167, 0, 382, 144, 0, 6),
(17168, 0, 384, 144, 0, NULL),
(17169, 0, 389, 144, 1, 15),
(17170, 0, 391, 144, 0, NULL),
(17171, 0, 393, 144, 1, 7.5),
(17172, 0, 400, 144, 1, 5),
(17173, 0, 404, 144, 0, 6.5),
(17174, 0, 408, 144, 0, 9),
(17175, 0, 409, 144, 1, 11),
(17176, 0, 414, 144, 1, 5),
(17177, 0, 415, 144, 0, NULL),
(17178, 0, 429, 144, 0, 7.5),
(17179, 0, 432, 144, 0, 5.5),
(17180, 0, 435, 144, 1, 6),
(17181, 0, 441, 144, 1, 5),
(17182, 0, 446, 144, 0, 4),
(17183, 0, 448, 144, 0, NULL),
(17184, 0, 326, 144, 1, 28),
(17185, 0, 327, 144, 0, NULL),
(17186, 0, 552, 144, 0, 3.5),
(17187, 0, 553, 144, 1, 9),
(17188, 0, 554, 144, 1, 9),
(17189, 0, 555, 144, 0, 3),
(17190, 0, 556, 144, 1, 3),
(17191, 0, 557, 144, 0, NULL),
(17192, 0, 558, 144, 1, 6.5),
(17193, 0, 585, 144, 1, 3),
(17194, 0, 586, 144, 0, 6),
(17195, 0, 587, 144, 1, 1.5),
(17196, 0, 588, 144, 1, 5),
(17197, 0, 589, 144, 0, NULL),
(17198, 0, 590, 144, 1, 3.5),
(17199, 0, 591, 144, 1, 6),
(17200, 0, 592, 144, 0, NULL),
(17201, 0, 593, 144, 0, 7.5),
(17202, 0, 594, 144, 1, 6),
(17203, 0, 595, 144, 0, 5),
(17204, 0, 596, 144, 0, NULL),
(17205, 0, 597, 144, 0, 4),
(17206, 0, 504, 144, 0, NULL),
(17207, 0, 505, 144, 1, 3),
(17208, 0, 506, 144, 0, NULL),
(17209, 0, 507, 144, 1, 6),
(17210, 0, 508, 144, 1, 3.5),
(17211, 0, 509, 144, 1, 6),
(17212, 0, 510, 144, 0, NULL),
(17213, 0, 511, 144, 1, 4),
(17214, 0, 512, 144, 0, NULL),
(17215, 0, 513, 144, 1, 6.5),
(17216, 0, 514, 144, 0, NULL),
(17217, 0, 515, 144, 1, 5),
(17218, 0, 516, 144, 0, NULL),
(17219, 0, 517, 144, 1, 5.5),
(17220, 0, 518, 144, 0, NULL),
(17221, 0, 519, 144, 0, 5.5),
(17222, 0, 520, 144, 0, NULL),
(17223, 0, 521, 144, 0, NULL),
(17224, 0, 522, 144, 1, 5.5),
(17225, 0, 523, 144, 1, 4.5),
(17226, 0, 524, 144, 0, NULL),
(17227, 0, 525, 144, 0, 9),
(17228, 0, 144, 144, 1, 6.5),
(17229, 0, 145, 144, 1, 5),
(17230, 0, 146, 144, 0, NULL),
(17231, 0, 147, 144, 0, NULL),
(17232, 0, 148, 144, 1, 3),
(17233, 0, 149, 144, 1, 8),
(17234, 0, 150, 144, 1, 4.5),
(17235, 0, 151, 144, 1, 4),
(17236, 0, 152, 144, 1, 5),
(17237, 0, 153, 144, 0, 4.5),
(17238, 0, 154, 144, 0, NULL),
(17239, 0, 155, 144, 1, 3.5),
(17240, 0, 156, 144, 1, 5),
(17241, 0, 157, 144, 1, 7.5),
(17242, 0, 158, 144, 0, 1),
(17243, 0, 159, 144, 1, 6),
(17244, 0, 160, 144, 0, NULL),
(17245, 0, 161, 144, 0, NULL),
(17246, 0, 162, 144, 0, NULL),
(17247, 0, 163, 144, 0, 5),
(17248, 0, 164, 144, 0, NULL),
(17249, 0, 165, 144, 0, NULL),
(17250, 0, 362, 144, 0, 4),
(17251, 0, 363, 144, 0, NULL),
(17252, 0, 364, 144, 1, 4.5),
(17253, 0, 366, 144, 1, 5),
(17254, 0, 367, 144, 0, NULL),
(17255, 0, 449, 144, 0, 6),
(17256, 0, 450, 144, 1, 13),
(17257, 0, 451, 144, 0, NULL),
(17258, 0, 452, 144, 1, 6),
(17259, 0, 453, 144, 0, NULL),
(17260, 0, 454, 144, 1, 5),
(17261, 0, 455, 144, 1, 7.5),
(17262, 0, 456, 144, 0, NULL),
(17263, 0, 457, 144, 1, 15),
(17264, 0, 459, 144, 0, 5),
(17265, 0, 461, 144, 1, 5),
(17266, 0, 462, 144, 1, 6),
(17267, 0, 463, 144, 1, 1.5),
(17268, 0, 464, 144, 0, 4.5),
(17269, 0, 465, 144, 0, 10.5),
(17270, 0, 466, 144, 0, NULL),
(17271, 0, 468, 144, 0, NULL),
(17272, 0, 296, 144, 0, NULL),
(17273, 0, 297, 144, 1, 6),
(17274, 0, 298, 144, 1, 12),
(17275, 0, 299, 144, 1, 3.5),
(17276, 0, 300, 144, 1, 3.5),
(17277, 0, 301, 144, 0, NULL),
(17278, 0, 302, 144, 1, 5),
(17279, 0, 303, 144, 0, NULL),
(17280, 0, 304, 144, 0, NULL),
(17281, 0, 305, 144, 1, 5),
(17282, 0, 307, 144, 1, 3),
(17283, 0, 308, 144, 0, NULL),
(17284, 0, 310, 144, 0, NULL),
(17285, 0, 312, 144, 1, 5.5),
(17286, 0, 313, 144, 1, 5),
(17287, 0, 316, 144, 0, NULL),
(17288, 0, 317, 144, 0, NULL),
(17289, 0, 318, 144, 0, 4),
(17290, 0, 320, 144, 0, NULL),
(17291, 0, 322, 144, 1, 9),
(17292, 0, 324, 144, 1, 4.5),
(17293, 0, 325, 144, 0, NULL),
(17294, 0, 77, 144, 0, NULL),
(17295, 0, 78, 144, 1, 4),
(17296, 0, 79, 144, 1, 4),
(17297, 0, 81, 144, 1, 5),
(17298, 0, 82, 144, 1, 2.5),
(17299, 0, 83, 144, 1, 11),
(17300, 0, 84, 144, 1, 4),
(17301, 0, 85, 144, 1, 7),
(17302, 0, 86, 144, 0, NULL),
(17303, 0, 87, 144, 1, 4),
(17304, 0, 88, 144, 1, 4),
(17305, 0, 89, 144, 1, 5),
(17306, 0, 90, 144, 0, 5),
(17307, 0, 91, 144, 0, NULL),
(17308, 0, 93, 144, 0, NULL),
(17309, 0, 94, 144, 1, 5),
(17310, 0, 96, 144, 0, NULL),
(17311, 0, 97, 144, 0, NULL),
(17312, 0, 98, 144, 0, NULL),
(17313, 0, 99, 144, 0, 5),
(17314, 0, 100, 144, 0, 5),
(17315, 0, 101, 144, 0, 5),
(17316, 0, 229, 144, 1, 7.5),
(17317, 0, 230, 144, 0, NULL),
(17318, 0, 231, 144, 1, 5),
(17319, 0, 232, 144, 1, 6),
(17320, 0, 236, 144, 0, NULL),
(17321, 0, 241, 144, 1, 10),
(17322, 0, 244, 144, 0, NULL),
(17323, 0, 246, 144, 1, 4.5),
(17324, 0, 247, 144, 1, 19),
(17325, 0, 248, 144, 1, 5.5),
(17326, 0, 250, 144, 0, NULL),
(17327, 0, 251, 144, 1, 6),
(17328, 0, 255, 144, 1, 4),
(17329, 0, 263, 144, 1, 5.5),
(17330, 0, 264, 144, 0, NULL),
(17331, 0, 265, 144, 0, NULL),
(17332, 0, 266, 144, 0, NULL),
(17333, 0, 268, 144, 1, 5),
(17334, 0, 269, 144, 0, 3),
(17335, 0, 270, 144, 0, NULL),
(17336, 0, 271, 144, 0, NULL),
(17337, 0, 272, 144, 0, NULL),
(17338, 0, 25, 144, 1, 8),
(17339, 0, 26, 144, 0, NULL),
(17340, 0, 27, 144, 1, 7.5),
(17341, 0, 28, 144, 0, NULL),
(17342, 0, 29, 144, 1, 6),
(17343, 0, 30, 144, 1, 5),
(17344, 0, 31, 144, 1, 4),
(17345, 0, 32, 144, 1, 5.5),
(17346, 0, 33, 144, 0, NULL),
(17347, 0, 34, 144, 1, 5),
(17348, 0, 35, 144, 1, 5),
(17349, 0, 36, 144, 1, 5.5),
(17350, 0, 37, 144, 0, 4),
(17351, 0, 38, 144, 1, 4.5),
(17352, 0, 40, 144, 0, NULL),
(17353, 0, 41, 144, 0, NULL),
(17354, 0, 42, 144, 0, NULL),
(17355, 0, 43, 144, 0, NULL),
(17356, 0, 44, 144, 0, NULL),
(17357, 0, 46, 144, 0, NULL),
(17358, 0, 47, 144, 1, 7.5),
(17359, 0, 48, 144, 0, 5),
(17360, 0, 211, 144, 1, 3),
(17361, 0, 212, 144, 0, 7.5),
(17362, 0, 213, 144, 0, NULL),
(17363, 0, 214, 144, 1, 1.5),
(17364, 0, 215, 144, 0, 6),
(17365, 0, 216, 144, 1, 5),
(17366, 0, 217, 144, 0, NULL),
(17367, 0, 219, 144, 1, 6),
(17368, 0, 220, 144, 1, 3),
(17369, 0, 221, 144, 1, 8),
(17370, 0, 222, 144, 0, NULL),
(17371, 0, 223, 144, 1, 5.5),
(17372, 0, 224, 144, 1, 3),
(17373, 0, 225, 144, 0, 5),
(17374, 0, 226, 144, 0, NULL),
(17375, 0, 235, 144, 0, NULL),
(17376, 0, 237, 144, 1, 6.5),
(17377, 0, 238, 144, 1, 5.5),
(17378, 0, 239, 144, 0, NULL),
(17379, 0, 249, 144, 0, 5),
(17380, 0, 252, 144, 0, NULL),
(17381, 0, 254, 144, 0, NULL),
(17382, 0, 274, 144, 0, NULL),
(17383, 0, 275, 144, 1, 3),
(17384, 0, 276, 144, 0, NULL),
(17385, 0, 277, 144, 0, NULL),
(17386, 0, 278, 144, 1, 4),
(17387, 0, 279, 144, 1, 5),
(17388, 0, 280, 144, 1, 5),
(17389, 0, 281, 144, 1, 5.5),
(17390, 0, 282, 144, 0, NULL),
(17391, 0, 283, 144, 0, NULL),
(17392, 0, 284, 144, 0, NULL),
(17393, 0, 285, 144, 0, NULL),
(17394, 0, 286, 144, 1, 2),
(17395, 0, 287, 144, 1, 4.5),
(17396, 0, 288, 144, 1, 4.5),
(17397, 0, 289, 144, 0, NULL),
(17398, 0, 290, 144, 1, 5),
(17399, 0, 291, 144, 0, NULL),
(17400, 0, 292, 144, 1, 4),
(17401, 0, 293, 144, 1, 19),
(17402, 0, 294, 144, 0, 6),
(17403, 0, 295, 144, 0, NULL),
(17404, 0, 49, 144, 1, 7.5),
(17405, 0, 50, 144, 0, 3),
(17406, 0, 52, 144, 1, 4),
(17407, 0, 53, 144, 0, NULL),
(17408, 0, 54, 144, 1, 3.5),
(17409, 0, 55, 144, 0, NULL),
(17410, 0, 56, 144, 0, NULL),
(17411, 0, 57, 144, 1, 5),
(17412, 0, 58, 144, 1, 10),
(17413, 0, 59, 144, 1, 9),
(17414, 0, 60, 144, 1, 5.5),
(17415, 0, 61, 144, 0, NULL),
(17416, 0, 62, 144, 1, 5),
(17417, 0, 63, 144, 0, 4),
(17418, 0, 65, 144, 1, 2.5),
(17419, 0, 66, 144, 1, 4.5),
(17420, 0, 70, 144, 0, 6),
(17421, 0, 72, 144, 0, NULL),
(17422, 0, 73, 144, 0, NULL),
(17423, 0, 74, 144, 0, NULL),
(17424, 0, 75, 144, 1, 5),
(17425, 0, 76, 144, 0, NULL),
(18746, 0, 2, 145, 0, NULL),
(18747, 0, 3, 145, 1, 3.5),
(18748, 0, 8, 145, 0, NULL),
(18749, 0, 9, 145, 0, NULL),
(18750, 0, 11, 145, 1, 11),
(18751, 0, 12, 145, 1, 6),
(18752, 0, 13, 145, 1, 3),
(18753, 0, 14, 145, 1, 5),
(18754, 0, 121, 145, 0, NULL),
(18755, 0, 126, 145, 1, 4),
(18756, 0, 174, 145, 1, 6),
(18757, 0, 175, 145, 1, 5),
(18758, 0, 176, 145, 1, 5),
(18759, 0, 177, 145, 0, NULL),
(18760, 0, 179, 145, 0, NULL),
(18761, 0, 471, 145, 0, NULL),
(18762, 0, 472, 145, 1, 6),
(18763, 0, 473, 145, 0, 6),
(18764, 0, 475, 145, 1, 5),
(18765, 0, 478, 145, 0, NULL),
(18766, 0, 480, 145, 0, NULL),
(18767, 0, 481, 145, 0, 2),
(18768, 0, 482, 145, 1, 3.5),
(18769, 0, 483, 145, 0, 9),
(18770, 0, 484, 145, 0, 17),
(18771, 0, 485, 145, 1, 4),
(18772, 0, 486, 145, 1, 5),
(18773, 0, 487, 145, 1, 6),
(18774, 0, 488, 145, 0, NULL),
(18775, 0, 489, 145, 0, 4),
(18776, 0, 490, 145, 0, NULL),
(18777, 0, 491, 145, 1, 5),
(18778, 0, 492, 145, 1, 10),
(18779, 0, 493, 145, 1, 5.5),
(18780, 0, 494, 145, 0, NULL),
(18781, 0, 495, 145, 1, 4),
(18782, 0, 496, 145, 0, 3),
(18783, 0, 497, 145, 0, NULL),
(18784, 0, 498, 145, 0, NULL),
(18785, 0, 499, 145, 1, 10),
(18786, 0, 500, 145, 0, NULL),
(18787, 0, 501, 145, 1, 4.5),
(18788, 0, 502, 145, 1, 4),
(18789, 0, 503, 145, 0, 5),
(18790, 0, 559, 145, 1, 3.5),
(18791, 0, 560, 145, 1, 6),
(18792, 0, 561, 145, 1, 3),
(18793, 0, 562, 145, 1, 4),
(18794, 0, 564, 145, 0, NULL),
(18795, 0, 565, 145, 0, NULL),
(18796, 0, 566, 145, 1, 4),
(18797, 0, 567, 145, 1, 4),
(18798, 0, 568, 145, 1, 6),
(18799, 0, 569, 145, 0, NULL),
(18800, 0, 570, 145, 1, 4.5),
(18801, 0, 571, 145, 0, 4),
(18802, 0, 574, 145, 1, 6),
(18803, 0, 575, 145, 0, 4.5),
(18804, 0, 576, 145, 1, 6),
(18805, 0, 577, 145, 0, 9.5),
(18806, 0, 578, 145, 0, 4),
(18807, 0, 580, 145, 0, NULL),
(18808, 0, 581, 145, 0, 5),
(18809, 0, 582, 145, 0, 4),
(18810, 0, 583, 145, 1, 11),
(18811, 0, 584, 145, 0, 5),
(18812, 0, 526, 145, 1, 4),
(18813, 0, 527, 145, 1, 5),
(18814, 0, 528, 145, 1, 5),
(18815, 0, 529, 145, 1, 4),
(18816, 0, 530, 145, 0, NULL),
(18817, 0, 532, 145, 1, 12),
(18818, 0, 533, 145, 1, 5.5),
(18819, 0, 534, 145, 0, NULL),
(18820, 0, 535, 145, 1, 0),
(18821, 0, 536, 145, 0, NULL),
(18822, 0, 538, 145, 1, 4),
(18823, 0, 539, 145, 0, NULL),
(18824, 0, 540, 145, 0, 4),
(18825, 0, 541, 145, 1, 6),
(18826, 0, 542, 145, 1, 4),
(18827, 0, 543, 145, 0, NULL),
(18828, 0, 544, 145, 0, NULL),
(18829, 0, 547, 145, 0, 4.5),
(18830, 0, 548, 145, 0, 4),
(18831, 0, 549, 145, 0, 7),
(18832, 0, 550, 145, 0, 3),
(18833, 0, 551, 145, 0, NULL),
(18834, 0, 102, 145, 0, 4),
(18835, 0, 103, 145, 0, NULL),
(18836, 0, 104, 145, 1, 4),
(18837, 0, 105, 145, 1, 3),
(18838, 0, 106, 145, 1, 5),
(18839, 0, 107, 145, 1, 10),
(18840, 0, 108, 145, 1, 4),
(18841, 0, 109, 145, 0, NULL),
(18842, 0, 110, 145, 1, 5.5),
(18843, 0, 111, 145, 1, 4.5),
(18844, 0, 112, 145, 1, 5),
(18845, 0, 113, 145, 0, 6),
(18846, 0, 117, 145, 1, 4),
(18847, 0, 118, 145, 0, NULL),
(18848, 0, 119, 145, 1, 3),
(18849, 0, 123, 145, 0, 4),
(18850, 0, 127, 145, 0, 0),
(18851, 0, 128, 145, 0, 5),
(18852, 0, 129, 145, 0, 3.5),
(18853, 0, 130, 145, 1, 5),
(18854, 0, 131, 145, 0, NULL),
(18855, 0, 132, 145, 0, 5),
(18856, 0, 133, 145, 0, 4),
(18857, 0, 134, 145, 0, NULL),
(18858, 0, 135, 145, 0, NULL),
(18859, 0, 136, 145, 1, 3.5),
(18860, 0, 137, 145, 0, NULL),
(18861, 0, 138, 145, 1, 4),
(18862, 0, 139, 145, 1, 5.5),
(18863, 0, 140, 145, 0, NULL),
(18864, 0, 141, 145, 0, NULL),
(18865, 0, 142, 145, 1, 6),
(18866, 0, 143, 145, 0, NULL),
(18867, 0, 166, 145, 1, 4),
(18868, 0, 168, 145, 0, 1),
(18869, 0, 169, 145, 1, 6),
(18870, 0, 171, 145, 1, 4),
(18871, 0, 172, 145, 1, 4),
(18872, 0, 173, 145, 0, NULL),
(18873, 0, 180, 145, 0, NULL),
(18874, 0, 181, 145, 0, 4),
(18875, 0, 182, 145, 1, 4.5),
(18876, 0, 183, 145, 0, NULL),
(18877, 0, 184, 145, 0, 6),
(18878, 0, 15, 145, 1, 10),
(18879, 0, 16, 145, 1, 7),
(18880, 0, 17, 145, 0, NULL),
(18881, 0, 18, 145, 1, 4),
(18882, 0, 19, 145, 1, 5),
(18883, 0, 20, 145, 1, 5),
(18884, 0, 21, 145, 1, 6),
(18885, 0, 22, 145, 0, NULL),
(18886, 0, 24, 145, 1, 5.5),
(18887, 0, 418, 145, 1, 6),
(18888, 0, 419, 145, 1, 3.5),
(18889, 0, 421, 145, 1, 4),
(18890, 0, 422, 145, 1, 4),
(18891, 0, 424, 145, 0, 4),
(18892, 0, 426, 145, 0, NULL),
(18893, 0, 430, 145, 0, 5),
(18894, 0, 434, 145, 0, 4),
(18895, 0, 436, 145, 0, 5.5),
(18896, 0, 438, 145, 0, 5),
(18897, 0, 439, 145, 0, 3.5),
(18898, 0, 444, 145, 0, 6),
(18899, 0, 445, 145, 0, 6),
(18900, 0, 185, 145, 0, NULL),
(18901, 0, 186, 145, 0, 5),
(18902, 0, 187, 145, 1, 3),
(18903, 0, 188, 145, 1, 6),
(18904, 0, 190, 145, 1, 5.5),
(18905, 0, 191, 145, 0, NULL),
(18906, 0, 193, 145, 1, 6),
(18907, 0, 195, 145, 1, 20),
(18908, 0, 196, 145, 0, 5),
(18909, 0, 197, 145, 1, 8),
(18910, 0, 198, 145, 1, 6),
(18911, 0, 199, 145, 0, 4),
(18912, 0, 201, 145, 0, NULL),
(18913, 0, 203, 145, 1, 5.5),
(18914, 0, 205, 145, 1, 4),
(18915, 0, 206, 145, 0, 4),
(18916, 0, 208, 145, 0, NULL),
(18917, 0, 209, 145, 0, 3.5),
(18918, 0, 458, 145, 0, NULL),
(18919, 0, 460, 145, 1, 4),
(18920, 0, 467, 145, 0, 3),
(18921, 0, 469, 145, 1, 4),
(18922, 0, 368, 145, 1, 3.5),
(18923, 0, 374, 145, 0, 5.5),
(18924, 0, 375, 145, 1, 3),
(18925, 0, 377, 145, 1, 4),
(18926, 0, 381, 145, 1, 5),
(18927, 0, 382, 145, 1, 5),
(18928, 0, 384, 145, 0, 6),
(18929, 0, 389, 145, 1, 20),
(18930, 0, 391, 145, 0, NULL),
(18931, 0, 393, 145, 0, NULL),
(18932, 0, 400, 145, 1, 5.5),
(18933, 0, 404, 145, 1, 5.5),
(18934, 0, 408, 145, 0, 5),
(18935, 0, 409, 145, 1, 10),
(18936, 0, 414, 145, 1, 4),
(18937, 0, 415, 145, 0, 10),
(18938, 0, 429, 145, 0, 4),
(18939, 0, 432, 145, 0, 5),
(18940, 0, 435, 145, 0, NULL),
(18941, 0, 441, 145, 1, 4),
(18942, 0, 446, 145, 0, 4),
(18943, 0, 448, 145, 0, 0),
(18944, 0, 326, 145, 1, 10),
(18945, 0, 327, 145, 1, 6),
(18946, 0, 552, 145, 0, 5),
(18947, 0, 553, 145, 1, 5),
(18948, 0, 554, 145, 0, 9.5),
(18949, 0, 555, 145, 0, 4),
(18950, 0, 556, 145, 1, 3.5),
(18951, 0, 557, 145, 0, NULL),
(18952, 0, 558, 145, 1, 4),
(18953, 0, 585, 145, 1, 4.5),
(18954, 0, 586, 145, 1, 5),
(18955, 0, 587, 145, 0, NULL),
(18956, 0, 588, 145, 1, 4),
(18957, 0, 589, 145, 1, 9),
(18958, 0, 590, 145, 0, NULL),
(18959, 0, 591, 145, 1, 3),
(18960, 0, 592, 145, 0, NULL),
(18961, 0, 593, 145, 0, NULL),
(18962, 0, 594, 145, 1, 5),
(18963, 0, 595, 145, 0, 6),
(18964, 0, 596, 145, 0, NULL),
(18965, 0, 597, 145, 0, 9),
(18966, 0, 504, 145, 0, NULL),
(18967, 0, 505, 145, 1, 4),
(18968, 0, 506, 145, 0, NULL),
(18969, 0, 507, 145, 1, 3),
(18970, 0, 508, 145, 1, 5),
(18971, 0, 509, 145, 1, 6),
(18972, 0, 510, 145, 0, NULL),
(18973, 0, 511, 145, 0, 6),
(18974, 0, 512, 145, 0, 6),
(18975, 0, 513, 145, 1, 5.5),
(18976, 0, 514, 145, 0, NULL),
(18977, 0, 515, 145, 1, 5.5),
(18978, 0, 516, 145, 1, 6),
(18979, 0, 517, 145, 1, 3),
(18980, 0, 518, 145, 0, 5.5),
(18981, 0, 519, 145, 0, 6),
(18982, 0, 520, 145, 1, 6),
(18983, 0, 521, 145, 1, 20),
(18984, 0, 522, 145, 1, 5),
(18985, 0, 523, 145, 0, 5),
(18986, 0, 524, 145, 0, NULL),
(18987, 0, 525, 145, 0, 5),
(18988, 0, 144, 145, 1, 5.5),
(18989, 0, 145, 145, 1, 6),
(18990, 0, 146, 145, 1, 0),
(18991, 0, 147, 145, 1, 5.5),
(18992, 0, 148, 145, 1, 4.5),
(18993, 0, 149, 145, 0, NULL),
(18994, 0, 150, 145, 1, 4),
(18995, 0, 151, 145, 1, 8),
(18996, 0, 152, 145, 0, NULL),
(18997, 0, 153, 145, 1, 5),
(18998, 0, 154, 145, 0, NULL),
(18999, 0, 155, 145, 0, NULL),
(19000, 0, 156, 145, 1, 4),
(19001, 0, 157, 145, 1, 4),
(19002, 0, 158, 145, 0, 17),
(19003, 0, 159, 145, 1, 3),
(19004, 0, 160, 145, 0, 4),
(19005, 0, 161, 145, 0, NULL),
(19006, 0, 162, 145, 0, NULL),
(19007, 0, 163, 145, 0, 6),
(19008, 0, 164, 145, 0, NULL),
(19009, 0, 165, 145, 0, NULL),
(19010, 0, 362, 145, 0, 4),
(19011, 0, 363, 145, 0, NULL),
(19012, 0, 364, 145, 1, 5),
(19013, 0, 366, 145, 1, 4.5),
(19014, 0, 367, 145, 0, NULL),
(19015, 0, 449, 145, 0, NULL),
(19016, 0, 450, 145, 1, 11),
(19017, 0, 451, 145, 0, NULL),
(19018, 0, 452, 145, 1, 6),
(19019, 0, 453, 145, 0, NULL),
(19020, 0, 454, 145, 1, 5),
(19021, 0, 455, 145, 0, NULL),
(19022, 0, 456, 145, 1, 4),
(19023, 0, 457, 145, 1, 20),
(19024, 0, 459, 145, 0, 6),
(19025, 0, 461, 145, 1, 6),
(19026, 0, 462, 145, 1, 3),
(19027, 0, 463, 145, 0, NULL),
(19028, 0, 464, 145, 0, 4.5),
(19029, 0, 465, 145, 1, 7.5),
(19030, 0, 466, 145, 0, 6),
(19031, 0, 468, 145, 0, 10),
(19032, 0, 296, 145, 1, 7),
(19033, 0, 297, 145, 1, 3),
(19034, 0, 298, 145, 1, 6),
(19035, 0, 299, 145, 1, 5),
(19036, 0, 300, 145, 0, NULL),
(19037, 0, 301, 145, 1, 6),
(19038, 0, 302, 145, 1, 5),
(19039, 0, 303, 145, 0, NULL),
(19040, 0, 304, 145, 1, 0),
(19041, 0, 305, 145, 1, 4.5),
(19042, 0, 307, 145, 0, 4),
(19043, 0, 308, 145, 0, NULL),
(19044, 0, 310, 145, 0, NULL),
(19045, 0, 312, 145, 1, 5),
(19046, 0, 313, 145, 1, 5),
(19047, 0, 316, 145, 0, NULL),
(19048, 0, 317, 145, 0, NULL),
(19049, 0, 318, 145, 0, 4),
(19050, 0, 320, 145, 1, 12),
(19051, 0, 322, 145, 0, 3),
(19052, 0, 324, 145, 0, NULL),
(19053, 0, 325, 145, 0, NULL),
(19054, 0, 77, 145, 0, NULL),
(19055, 0, 78, 145, 1, 5),
(19056, 0, 79, 145, 1, 6),
(19057, 0, 81, 145, 1, 4),
(19058, 0, 82, 145, 1, 4),
(19059, 0, 83, 145, 1, 6),
(19060, 0, 84, 145, 0, NULL),
(19061, 0, 85, 145, 1, 8),
(19062, 0, 86, 145, 1, 6),
(19063, 0, 87, 145, 1, 4),
(19064, 0, 88, 145, 1, 9),
(19065, 0, 89, 145, 1, 5),
(19066, 0, 90, 145, 0, 4),
(19067, 0, 91, 145, 0, NULL),
(19068, 0, 93, 145, 0, NULL),
(19069, 0, 94, 145, 0, 4),
(19070, 0, 96, 145, 0, NULL),
(19071, 0, 97, 145, 1, 4),
(19072, 0, 98, 145, 0, NULL),
(19073, 0, 99, 145, 0, 1),
(19074, 0, 100, 145, 0, 4),
(19075, 0, 101, 145, 0, NULL),
(19076, 0, 229, 145, 1, 4),
(19077, 0, 230, 145, 1, 6),
(19078, 0, 231, 145, 1, 6),
(19079, 0, 232, 145, 1, 3),
(19080, 0, 236, 145, 1, 6),
(19081, 0, 241, 145, 1, 2),
(19082, 0, 244, 145, 0, NULL),
(19083, 0, 246, 145, 1, 4),
(19084, 0, 247, 145, 1, 4),
(19085, 0, 248, 145, 1, 4.5),
(19086, 0, 250, 145, 0, NULL),
(19087, 0, 251, 145, 1, 4),
(19088, 0, 255, 145, 0, 6),
(19089, 0, 263, 145, 0, 5),
(19090, 0, 264, 145, 1, 4),
(19091, 0, 265, 145, 0, 5),
(19092, 0, 266, 145, 0, NULL),
(19093, 0, 268, 145, 0, NULL),
(19094, 0, 269, 145, 0, 5),
(19095, 0, 270, 145, 0, NULL),
(19096, 0, 271, 145, 0, NULL),
(19097, 0, 272, 145, 0, 7),
(19098, 0, 25, 145, 0, NULL),
(19099, 0, 26, 145, 0, NULL),
(19100, 0, 27, 145, 1, 4),
(19101, 0, 28, 145, 0, NULL),
(19102, 0, 29, 145, 1, 3),
(19103, 0, 30, 145, 1, 6),
(19104, 0, 31, 145, 1, 6),
(19105, 0, 32, 145, 1, 5),
(19106, 0, 33, 145, 0, NULL),
(19107, 0, 34, 145, 0, NULL),
(19108, 0, 35, 145, 1, 5.5),
(19109, 0, 36, 145, 1, 3),
(19110, 0, 37, 145, 1, 4),
(19111, 0, 38, 145, 1, 4),
(19112, 0, 40, 145, 1, 12),
(19113, 0, 41, 145, 0, NULL),
(19114, 0, 42, 145, 0, NULL),
(19115, 0, 43, 145, 0, NULL),
(19116, 0, 44, 145, 0, NULL),
(19117, 0, 46, 145, 0, NULL),
(19118, 0, 47, 145, 0, NULL),
(19119, 0, 48, 145, 1, 2),
(19120, 0, 211, 145, 1, 3.5),
(19121, 0, 212, 145, 0, 4),
(19122, 0, 213, 145, 1, 4),
(19123, 0, 214, 145, 0, NULL),
(19124, 0, 215, 145, 0, 3),
(19125, 0, 216, 145, 1, 4),
(19126, 0, 217, 145, 0, NULL),
(19127, 0, 219, 145, 0, NULL),
(19128, 0, 220, 145, 1, 4.5),
(19129, 0, 221, 145, 0, NULL),
(19130, 0, 222, 145, 1, 18),
(19131, 0, 223, 145, 1, 3),
(19132, 0, 224, 145, 1, 4.5),
(19133, 0, 225, 145, 0, NULL),
(19134, 0, 226, 145, 1, 6),
(19135, 0, 235, 145, 1, 4),
(19136, 0, 237, 145, 1, 5.5),
(19137, 0, 238, 145, 1, 4),
(19138, 0, 239, 145, 0, NULL),
(19139, 0, 249, 145, 0, 1),
(19140, 0, 252, 145, 0, NULL),
(19141, 0, 254, 145, 0, NULL),
(19142, 0, 274, 145, 0, NULL),
(19143, 0, 275, 145, 1, 3.5),
(19144, 0, 276, 145, 0, NULL),
(19145, 0, 277, 145, 1, 4),
(19146, 0, 278, 145, 1, 5),
(19147, 0, 279, 145, 1, 6),
(19148, 0, 280, 145, 1, 6),
(19149, 0, 281, 145, 1, 5),
(19150, 0, 282, 145, 0, NULL),
(19151, 0, 283, 145, 1, 4),
(19152, 0, 284, 145, 0, NULL),
(19153, 0, 285, 145, 0, NULL),
(19154, 0, 286, 145, 1, 4),
(19155, 0, 287, 145, 0, NULL),
(19156, 0, 288, 145, 0, NULL),
(19157, 0, 289, 145, 0, NULL),
(19158, 0, 290, 145, 1, 4.5),
(19159, 0, 291, 145, 1, 6),
(19160, 0, 292, 145, 1, 4),
(19161, 0, 293, 145, 0, 4),
(19162, 0, 294, 145, 0, 3.5),
(19163, 0, 295, 145, 0, NULL),
(19164, 0, 49, 145, 1, 4),
(19165, 0, 50, 145, 0, 4),
(19166, 0, 52, 145, 1, 5),
(19167, 0, 53, 145, 1, 6),
(19168, 0, 54, 145, 1, 5),
(19169, 0, 55, 145, 0, NULL),
(19170, 0, 56, 145, 0, NULL),
(19171, 0, 57, 145, 1, 5.5),
(19172, 0, 58, 145, 1, 9),
(19173, 0, 59, 145, 1, 5),
(19174, 0, 60, 145, 1, 5),
(19175, 0, 61, 145, 0, 10),
(19176, 0, 62, 145, 0, 6),
(19177, 0, 63, 145, 0, 4),
(19178, 0, 65, 145, 1, 4),
(19179, 0, 66, 145, 1, 4.5),
(19180, 0, 70, 145, 0, 3.5),
(19181, 0, 72, 145, 0, NULL),
(19182, 0, 73, 145, 0, NULL),
(19183, 0, 74, 145, 0, NULL),
(19184, 0, 75, 145, 1, 6),
(19185, 0, 76, 145, 0, NULL),
(20506, 0, 2, 146, 0, NULL),
(20507, 0, 3, 146, 1, 17),
(20508, 0, 8, 146, 0, NULL),
(20509, 0, 9, 146, 0, NULL),
(20510, 0, 11, 146, 1, 8),
(20511, 0, 12, 146, 1, 4),
(20512, 0, 13, 146, 1, 14),
(20513, 0, 14, 146, 0, NULL),
(20514, 0, 121, 146, 0, NULL),
(20515, 0, 126, 146, 1, 5),
(20516, 0, 174, 146, 0, NULL),
(20517, 0, 175, 146, 1, 4.5),
(20518, 0, 176, 146, 1, 8.5),
(20519, 0, 177, 146, 0, NULL),
(20520, 0, 179, 146, 0, NULL),
(20521, 0, 471, 146, 0, NULL),
(20522, 0, 472, 146, 1, 5),
(20523, 0, 473, 146, 0, 5),
(20524, 0, 475, 146, 1, 6.5),
(20525, 0, 478, 146, 0, NULL),
(20526, 0, 480, 146, 1, 2),
(20527, 0, 481, 146, 0, 3),
(20528, 0, 482, 146, 1, 17),
(20529, 0, 483, 146, 0, 4),
(20530, 0, 484, 146, 0, 8),
(20531, 0, 485, 146, 1, 2),
(20532, 0, 486, 146, 0, NULL),
(20533, 0, 487, 146, 1, 5),
(20534, 0, 488, 146, 1, 2),
(20535, 0, 489, 146, 0, 6),
(20536, 0, 490, 146, 0, NULL),
(20537, 0, 491, 146, 1, 4.5),
(20538, 0, 492, 146, 0, NULL),
(20539, 0, 493, 146, 1, 4),
(20540, 0, 494, 146, 0, NULL),
(20541, 0, 495, 146, 1, 6.5),
(20542, 0, 496, 146, 1, 14),
(20543, 0, 497, 146, 0, NULL),
(20544, 0, 498, 146, 1, 10),
(20545, 0, 499, 146, 1, 6),
(20546, 0, 500, 146, 0, NULL),
(20547, 0, 501, 146, 1, 9.5),
(20548, 0, 502, 146, 0, 5),
(20549, 0, 503, 146, 0, 6),
(20550, 0, 559, 146, 1, 17),
(20551, 0, 560, 146, 1, 5),
(20552, 0, 561, 146, 0, NULL),
(20553, 0, 562, 146, 1, 2),
(20554, 0, 564, 146, 0, NULL),
(20555, 0, 565, 146, 0, NULL),
(20556, 0, 566, 146, 1, 5.5),
(20557, 0, 567, 146, 0, NULL),
(20558, 0, 568, 146, 1, 4),
(20559, 0, 569, 146, 0, NULL),
(20560, 0, 570, 146, 1, 9.5),
(20561, 0, 571, 146, 0, 5.5),
(20562, 0, 574, 146, 0, NULL),
(20563, 0, 575, 146, 0, NULL),
(20564, 0, 576, 146, 0, NULL),
(20565, 0, 577, 146, 1, 24),
(20566, 0, 578, 146, 0, 9),
(20567, 0, 580, 146, 0, NULL),
(20568, 0, 581, 146, 1, 5),
(20569, 0, 582, 146, 0, 3),
(20570, 0, 583, 146, 1, 8),
(20571, 0, 584, 146, 0, 8),
(20572, 0, 526, 146, 1, 9),
(20573, 0, 527, 146, 1, 6),
(20574, 0, 528, 146, 1, 5.5),
(20575, 0, 529, 146, 1, 2),
(20576, 0, 530, 146, 0, NULL),
(20577, 0, 532, 146, 1, 4),
(20578, 0, 533, 146, 1, 4),
(20579, 0, 534, 146, 1, 6),
(20580, 0, 535, 146, 1, 6),
(20581, 0, 536, 146, 1, 10),
(20582, 0, 538, 146, 0, 5),
(20583, 0, 539, 146, 0, NULL),
(20584, 0, 540, 146, 0, 5.5),
(20585, 0, 541, 146, 0, NULL),
(20586, 0, 542, 146, 1, 6),
(20587, 0, 543, 146, 0, 8),
(20588, 0, 544, 146, 0, NULL),
(20589, 0, 547, 146, 0, 5),
(20590, 0, 548, 146, 0, 5.5),
(20591, 0, 549, 146, 0, 2),
(20592, 0, 550, 146, 0, NULL),
(20593, 0, 551, 146, 1, 14),
(20594, 0, 102, 146, 0, 9),
(20595, 0, 103, 146, 1, 10),
(20596, 0, 104, 146, 1, 5),
(20597, 0, 105, 146, 0, NULL),
(20598, 0, 106, 146, 1, 3),
(20599, 0, 107, 146, 0, NULL),
(20600, 0, 108, 146, 1, 4),
(20601, 0, 109, 146, 0, NULL),
(20602, 0, 110, 146, 1, 4),
(20603, 0, 111, 146, 1, 9.5),
(20604, 0, 112, 146, 0, NULL),
(20605, 0, 113, 146, 0, NULL),
(20606, 0, 117, 146, 1, 22),
(20607, 0, 118, 146, 0, NULL),
(20608, 0, 119, 146, 1, 14),
(20609, 0, 123, 146, 1, 4),
(20610, 0, 127, 146, 0, 6),
(20611, 0, 128, 146, 0, 5.5),
(20612, 0, 129, 146, 0, 17),
(20613, 0, 130, 146, 1, 6),
(20614, 0, 131, 146, 1, 4),
(20615, 0, 132, 146, 0, 8),
(20616, 0, 133, 146, 0, 9),
(20617, 0, 134, 146, 1, 10),
(20618, 0, 135, 146, 0, NULL),
(20619, 0, 136, 146, 1, 17),
(20620, 0, 137, 146, 1, 6),
(20621, 0, 138, 146, 0, 6.5),
(20622, 0, 139, 146, 1, 4),
(20623, 0, 140, 146, 0, NULL),
(20624, 0, 141, 146, 1, 14),
(20625, 0, 142, 146, 1, 5),
(20626, 0, 143, 146, 1, 2),
(20627, 0, 166, 146, 1, 5),
(20628, 0, 168, 146, 0, 6),
(20629, 0, 169, 146, 1, 6.5),
(20630, 0, 171, 146, 0, 2),
(20631, 0, 172, 146, 0, 4),
(20632, 0, 173, 146, 0, NULL),
(20633, 0, 180, 146, 1, 8),
(20634, 0, 181, 146, 0, NULL),
(20635, 0, 182, 146, 1, 9.5),
(20636, 0, 183, 146, 0, 4.5),
(20637, 0, 184, 146, 0, NULL),
(20638, 0, 15, 146, 0, NULL),
(20639, 0, 16, 146, 1, 13),
(20640, 0, 17, 146, 1, 5),
(20641, 0, 18, 146, 1, 9),
(20642, 0, 19, 146, 1, 5.5),
(20643, 0, 20, 146, 1, 6),
(20644, 0, 21, 146, 1, 6.5),
(20645, 0, 22, 146, 0, NULL),
(20646, 0, 24, 146, 1, 4),
(20647, 0, 418, 146, 0, NULL),
(20648, 0, 419, 146, 1, 4),
(20649, 0, 421, 146, 1, 5),
(20650, 0, 422, 146, 1, 6.5),
(20651, 0, 424, 146, 1, 4),
(20652, 0, 426, 146, 0, NULL),
(20653, 0, 430, 146, 0, 1),
(20654, 0, 434, 146, 0, NULL),
(20655, 0, 436, 146, 0, 24),
(20656, 0, 438, 146, 0, 8),
(20657, 0, 439, 146, 0, 17),
(20658, 0, 444, 146, 0, NULL),
(20659, 0, 445, 146, 0, 5),
(20660, 0, 185, 146, 1, 4),
(20661, 0, 186, 146, 0, 5.5),
(20662, 0, 187, 146, 0, NULL),
(20663, 0, 188, 146, 1, 6.5),
(20664, 0, 190, 146, 1, 4),
(20665, 0, 191, 146, 1, 14),
(20666, 0, 193, 146, 0, NULL),
(20667, 0, 195, 146, 1, 12),
(20668, 0, 196, 146, 0, 6),
(20669, 0, 197, 146, 0, NULL),
(20670, 0, 198, 146, 1, 5),
(20671, 0, 199, 146, 0, 4),
(20672, 0, 201, 146, 1, 9),
(20673, 0, 203, 146, 0, NULL),
(20674, 0, 205, 146, 1, 4),
(20675, 0, 206, 146, 0, 9),
(20676, 0, 208, 146, 0, 5),
(20677, 0, 209, 146, 0, 4),
(20678, 0, 458, 146, 1, 20),
(20679, 0, 460, 146, 1, 6.5),
(20680, 0, 467, 146, 0, 14),
(20681, 0, 469, 146, 1, 5),
(20682, 0, 368, 146, 1, 17),
(20683, 0, 374, 146, 0, 3.5),
(20684, 0, 375, 146, 0, NULL),
(20685, 0, 377, 146, 1, 3),
(20686, 0, 381, 146, 1, 6),
(20687, 0, 382, 146, 1, 6),
(20688, 0, 384, 146, 0, 5),
(20689, 0, 389, 146, 1, 5),
(20690, 0, 391, 146, 0, NULL),
(20691, 0, 393, 146, 0, NULL),
(20692, 0, 400, 146, 1, 2),
(20693, 0, 404, 146, 1, 4),
(20694, 0, 408, 146, 0, 8),
(20695, 0, 409, 146, 0, NULL),
(20696, 0, 414, 146, 1, 5.5),
(20697, 0, 415, 146, 0, 6),
(20698, 0, 429, 146, 0, 9),
(20699, 0, 432, 146, 1, 14),
(20700, 0, 435, 146, 0, NULL),
(20701, 0, 441, 146, 1, 4),
(20702, 0, 446, 146, 1, 5),
(20703, 0, 448, 146, 0, 6),
(20704, 0, 326, 146, 0, NULL),
(20705, 0, 327, 146, 0, NULL),
(20706, 0, 552, 146, 0, 6),
(20707, 0, 553, 146, 1, 8),
(20708, 0, 554, 146, 0, 24),
(20709, 0, 555, 146, 0, 5.5),
(20710, 0, 556, 146, 1, 17),
(20711, 0, 557, 146, 0, 4.5),
(20712, 0, 558, 146, 1, 6.5),
(20713, 0, 585, 146, 1, 14),
(20714, 0, 586, 146, 1, 6),
(20715, 0, 587, 146, 1, 2),
(20716, 0, 588, 146, 1, 3),
(20717, 0, 589, 146, 1, 3.5),
(20718, 0, 590, 146, 1, 9),
(20719, 0, 591, 146, 0, NULL),
(20720, 0, 592, 146, 0, NULL),
(20721, 0, 593, 146, 1, 5.5),
(20722, 0, 594, 146, 1, -1),
(20723, 0, 595, 146, 0, NULL),
(20724, 0, 596, 146, 0, NULL),
(20725, 0, 597, 146, 0, 4),
(20726, 0, 504, 146, 1, 4),
(20727, 0, 505, 146, 0, 5.5),
(20728, 0, 506, 146, 0, NULL),
(20729, 0, 507, 146, 0, NULL),
(20730, 0, 508, 146, 0, NULL),
(20731, 0, 509, 146, 1, 6.5),
(20732, 0, 510, 146, 0, NULL),
(20733, 0, 511, 146, 1, 5),
(20734, 0, 512, 146, 0, 5),
(20735, 0, 513, 146, 1, 4),
(20736, 0, 514, 146, 0, NULL),
(20737, 0, 515, 146, 1, 1),
(20738, 0, 516, 146, 0, NULL),
(20739, 0, 517, 146, 1, 14),
(20740, 0, 518, 146, 0, NULL),
(20741, 0, 519, 146, 0, 4),
(20742, 0, 520, 146, 0, NULL),
(20743, 0, 521, 146, 1, 12),
(20744, 0, 522, 146, 0, NULL),
(20745, 0, 523, 146, 1, 6),
(20746, 0, 524, 146, 1, 4),
(20747, 0, 525, 146, 0, 8),
(20748, 0, 144, 146, 1, 4),
(20749, 0, 145, 146, 1, 4),
(20750, 0, 146, 146, 1, 6),
(20751, 0, 147, 146, 0, NULL),
(20752, 0, 148, 146, 1, 7),
(20753, 0, 149, 146, 1, 10),
(20754, 0, 150, 146, 1, 5),
(20755, 0, 151, 146, 1, 4),
(20756, 0, 152, 146, 1, 1),
(20757, 0, 153, 146, 0, 6),
(20758, 0, 154, 146, 0, NULL),
(20759, 0, 155, 146, 1, 6),
(20760, 0, 156, 146, 1, 3),
(20761, 0, 157, 146, 1, 9),
(20762, 0, 158, 146, 0, 8),
(20763, 0, 159, 146, 0, NULL),
(20764, 0, 160, 146, 0, 3.5),
(20765, 0, 161, 146, 0, NULL),
(20766, 0, 162, 146, 0, NULL),
(20767, 0, 163, 146, 0, 6.5),
(20768, 0, 164, 146, 0, NULL),
(20769, 0, 165, 146, 0, NULL),
(20770, 0, 362, 146, 0, 5),
(20771, 0, 363, 146, 0, NULL),
(20772, 0, 364, 146, 1, 6),
(20773, 0, 366, 146, 1, 9.5),
(20774, 0, 367, 146, 0, NULL),
(20775, 0, 449, 146, 0, NULL),
(20776, 0, 450, 146, 1, 8),
(20777, 0, 451, 146, 1, 4),
(20778, 0, 452, 146, 1, 6.5),
(20779, 0, 453, 146, 0, NULL),
(20780, 0, 454, 146, 1, 5),
(20781, 0, 455, 146, 1, 5.5),
(20782, 0, 456, 146, 1, 4.5),
(20783, 0, 457, 146, 1, 5),
(20784, 0, 459, 146, 0, NULL),
(20785, 0, 461, 146, 1, 5),
(20786, 0, 462, 146, 0, NULL),
(20787, 0, 463, 146, 1, 2),
(20788, 0, 464, 146, 0, 6),
(20789, 0, 465, 146, 0, 5),
(20790, 0, 466, 146, 0, NULL),
(20791, 0, 468, 146, 0, 6),
(20792, 0, 296, 146, 1, 2),
(20793, 0, 297, 146, 0, NULL),
(20794, 0, 298, 146, 1, 13),
(20795, 0, 299, 146, 0, NULL),
(20796, 0, 300, 146, 1, 4),
(20797, 0, 301, 146, 0, NULL),
(20798, 0, 302, 146, 1, 8.5),
(20799, 0, 303, 146, 0, NULL),
(20800, 0, 304, 146, 1, 6),
(20801, 0, 305, 146, 1, 9.5),
(20802, 0, 307, 146, 0, 5.5),
(20803, 0, 308, 146, 0, NULL),
(20804, 0, 310, 146, 0, NULL),
(20805, 0, 312, 146, 1, 5),
(20806, 0, 313, 146, 1, 5.5),
(20807, 0, 316, 146, 1, 2),
(20808, 0, 317, 146, 0, NULL),
(20809, 0, 318, 146, 0, 4),
(20810, 0, 320, 146, 0, NULL),
(20811, 0, 322, 146, 0, NULL),
(20812, 0, 324, 146, 1, 5),
(20813, 0, 325, 146, 0, 4),
(20814, 0, 77, 146, 1, 4),
(20815, 0, 78, 146, 1, 4.5),
(20816, 0, 79, 146, 1, 5),
(20817, 0, 81, 146, 1, 4),
(20818, 0, 82, 146, 0, NULL),
(20819, 0, 83, 146, 1, 28),
(20820, 0, 84, 146, 1, 5),
(20821, 0, 85, 146, 1, 6),
(20822, 0, 86, 146, 0, NULL),
(20823, 0, 87, 146, 1, 10),
(20824, 0, 88, 146, 0, 4),
(20825, 0, 89, 146, 1, 5.5),
(20826, 0, 90, 146, 0, 6),
(20827, 0, 91, 146, 0, NULL),
(20828, 0, 93, 146, 1, 4.5),
(20829, 0, 94, 146, 0, 5.5),
(20830, 0, 96, 146, 0, NULL),
(20831, 0, 97, 146, 1, 5.5),
(20832, 0, 98, 146, 0, NULL),
(20833, 0, 99, 146, 0, 6),
(20834, 0, 100, 146, 0, 3),
(20835, 0, 101, 146, 0, 6),
(20836, 0, 229, 146, 1, 9),
(20837, 0, 230, 146, 1, 10),
(20838, 0, 231, 146, 1, 6.5),
(20839, 0, 232, 146, 0, NULL),
(20840, 0, 236, 146, 1, 5),
(20841, 0, 241, 146, 0, NULL),
(20842, 0, 244, 146, 1, 28),
(20843, 0, 246, 146, 0, NULL),
(20844, 0, 247, 146, 1, 6),
(20845, 0, 248, 146, 1, 10.5),
(20846, 0, 250, 146, 0, 4),
(20847, 0, 251, 146, 1, 6),
(20848, 0, 255, 146, 0, 5),
(20849, 0, 263, 146, 0, NULL),
(20850, 0, 264, 146, 1, 5),
(20851, 0, 265, 146, 0, 0),
(20852, 0, 266, 146, 0, NULL),
(20853, 0, 268, 146, 1, 4),
(20854, 0, 269, 146, 1, 4),
(20855, 0, 270, 146, 0, NULL),
(20856, 0, 271, 146, 0, NULL),
(20857, 0, 272, 146, 0, 2),
(20858, 0, 25, 146, 1, 10),
(20859, 0, 26, 146, 0, NULL),
(20860, 0, 27, 146, 1, 9),
(20861, 0, 28, 146, 0, NULL),
(20862, 0, 29, 146, 0, NULL),
(20863, 0, 30, 146, 1, 6.5),
(20864, 0, 31, 146, 1, 5),
(20865, 0, 32, 146, 1, 14),
(20866, 0, 33, 146, 1, 8),
(20867, 0, 34, 146, 1, 6),
(20868, 0, 35, 146, 1, 1),
(20869, 0, 36, 146, 1, 14),
(20870, 0, 37, 146, 1, 5),
(20871, 0, 38, 146, 0, NULL),
(20872, 0, 40, 146, 1, 10),
(20873, 0, 41, 146, 0, NULL),
(20874, 0, 42, 146, 0, NULL),
(20875, 0, 43, 146, 0, NULL),
(20876, 0, 44, 146, 0, NULL),
(20877, 0, 46, 146, 0, NULL),
(20878, 0, 47, 146, 0, 5.5),
(20879, 0, 48, 146, 0, 3),
(20880, 0, 211, 146, 1, 17),
(20881, 0, 212, 146, 0, 9),
(20882, 0, 213, 146, 1, 4.5),
(20883, 0, 214, 146, 1, 2),
(20884, 0, 215, 146, 0, NULL),
(20885, 0, 216, 146, 0, 3),
(20886, 0, 217, 146, 0, NULL),
(20887, 0, 219, 146, 1, 20),
(20888, 0, 220, 146, 1, 7),
(20889, 0, 221, 146, 1, 10),
(20890, 0, 222, 146, 1, 3.5),
(20891, 0, 223, 146, 1, 14),
(20892, 0, 224, 146, 1, 5),
(20893, 0, 225, 146, 0, 6),
(20894, 0, 226, 146, 0, NULL),
(20895, 0, 235, 146, 1, 4),
(20896, 0, 237, 146, 1, 4),
(20897, 0, 238, 146, 0, 5),
(20898, 0, 239, 146, 0, NULL),
(20899, 0, 249, 146, 0, 6),
(20900, 0, 252, 146, 0, NULL),
(20901, 0, 254, 146, 0, NULL),
(20902, 0, 274, 146, 0, NULL),
(20903, 0, 275, 146, 1, 17),
(20904, 0, 276, 146, 0, NULL),
(20905, 0, 277, 146, 1, 4.5),
(20906, 0, 278, 146, 1, 5.5),
(20907, 0, 279, 146, 1, 5),
(20908, 0, 280, 146, 0, NULL),
(20909, 0, 281, 146, 1, 14),
(20910, 0, 282, 146, 0, NULL),
(20911, 0, 283, 146, 0, NULL),
(20912, 0, 284, 146, 0, NULL),
(20913, 0, 285, 146, 1, 4),
(20914, 0, 286, 146, 1, 5.5),
(20915, 0, 287, 146, 0, NULL),
(20916, 0, 288, 146, 0, NULL),
(20917, 0, 289, 146, 0, NULL),
(20918, 0, 290, 146, 1, 9.5),
(20919, 0, 291, 146, 0, NULL),
(20920, 0, 292, 146, 1, 10),
(20921, 0, 293, 146, 1, 19),
(20922, 0, 294, 146, 0, NULL),
(20923, 0, 295, 146, 0, NULL),
(20924, 0, 49, 146, 1, 9),
(20925, 0, 50, 146, 0, 5.5),
(20926, 0, 52, 146, 1, 5.5),
(20927, 0, 53, 146, 1, 5),
(20928, 0, 54, 146, 0, NULL),
(20929, 0, 55, 146, 0, NULL),
(20930, 0, 56, 146, 1, 16),
(20931, 0, 57, 146, 1, 1),
(20932, 0, 58, 146, 1, 9.5),
(20933, 0, 59, 146, 1, 8),
(20934, 0, 60, 146, 0, NULL),
(20935, 0, 61, 146, 1, 6),
(20936, 0, 62, 146, 0, NULL),
(20937, 0, 63, 146, 1, 4),
(20938, 0, 65, 146, 0, NULL),
(20939, 0, 66, 146, 1, 6),
(20940, 0, 70, 146, 0, NULL),
(20941, 0, 72, 146, 0, NULL),
(20942, 0, 73, 146, 0, NULL),
(20943, 0, 74, 146, 0, NULL),
(20944, 0, 75, 146, 0, NULL),
(20945, 0, 76, 146, 0, NULL),
(21826, 0, 2, 147, 0, NULL),
(21827, 0, 3, 147, 1, 5),
(21828, 0, 8, 147, 0, NULL),
(21829, 0, 9, 147, 0, NULL),
(21830, 0, 11, 147, 1, 10),
(21831, 0, 12, 147, 0, NULL),
(21832, 0, 13, 147, 0, NULL),
(21833, 0, 14, 147, 0, NULL),
(21834, 0, 121, 147, 1, 5),
(21835, 0, 126, 147, 0, NULL),
(21836, 0, 174, 147, 0, NULL),
(21837, 0, 175, 147, 1, 4),
(21838, 0, 176, 147, 1, 7),
(21839, 0, 177, 147, 0, NULL),
(21840, 0, 179, 147, 1, 7.5),
(21841, 0, 471, 147, 0, NULL),
(21842, 0, 472, 147, 0, NULL),
(21843, 0, 473, 147, 0, NULL),
(21844, 0, 475, 147, 1, 7),
(21845, 0, 478, 147, 0, NULL),
(21846, 0, 480, 147, 0, NULL),
(21847, 0, 481, 147, 0, 4),
(21848, 0, 482, 147, 1, 5),
(21849, 0, 483, 147, 0, NULL),
(21850, 0, 484, 147, 0, 4),
(21851, 0, 485, 147, 1, 5),
(21852, 0, 486, 147, 0, NULL),
(21853, 0, 487, 147, 0, NULL),
(21854, 0, 488, 147, 0, NULL),
(21855, 0, 489, 147, 1, 3),
(21856, 0, 490, 147, 0, NULL),
(21857, 0, 491, 147, 0, NULL),
(21858, 0, 492, 147, 0, NULL),
(21859, 0, 493, 147, 1, 10),
(21860, 0, 494, 147, 0, NULL),
(21861, 0, 495, 147, 1, 12),
(21862, 0, 496, 147, 0, NULL),
(21863, 0, 497, 147, 0, NULL),
(21864, 0, 498, 147, 0, NULL),
(21865, 0, 499, 147, 1, 5),
(21866, 0, 500, 147, 1, 7.5),
(21867, 0, 501, 147, 1, 5),
(21868, 0, 502, 147, 0, NULL),
(21869, 0, 503, 147, 0, NULL),
(21870, 0, 559, 147, 1, 5),
(21871, 0, 560, 147, 0, NULL),
(21872, 0, 561, 147, 0, NULL),
(21873, 0, 562, 147, 1, 5),
(21874, 0, 564, 147, 0, NULL),
(21875, 0, 565, 147, 0, NULL),
(21876, 0, 566, 147, 0, NULL),
(21877, 0, 567, 147, 1, 6),
(21878, 0, 568, 147, 1, 5.5),
(21879, 0, 569, 147, 1, 7.5),
(21880, 0, 570, 147, 1, 5),
(21881, 0, 571, 147, 0, NULL),
(21882, 0, 574, 147, 0, NULL),
(21883, 0, 575, 147, 1, 5),
(21884, 0, 576, 147, 0, NULL),
(21885, 0, 577, 147, 1, 5),
(21886, 0, 578, 147, 0, 2),
(21887, 0, 580, 147, 0, NULL),
(21888, 0, 581, 147, 0, NULL),
(21889, 0, 582, 147, 0, NULL),
(21890, 0, 583, 147, 1, 10),
(21891, 0, 584, 147, 0, NULL),
(21892, 0, 526, 147, 1, 2),
(21893, 0, 527, 147, 0, NULL),
(21894, 0, 528, 147, 0, NULL),
(21895, 0, 529, 147, 1, 5),
(21896, 0, 530, 147, 0, NULL),
(21897, 0, 532, 147, 0, NULL),
(21898, 0, 533, 147, 1, 5),
(21899, 0, 534, 147, 1, 19),
(21900, 0, 535, 147, 1, 1),
(21901, 0, 536, 147, 0, NULL),
(21902, 0, 538, 147, 0, NULL),
(21903, 0, 539, 147, 0, NULL),
(21904, 0, 540, 147, 0, NULL),
(21905, 0, 541, 147, 0, NULL),
(21906, 0, 542, 147, 1, 10),
(21907, 0, 543, 147, 1, 20),
(21908, 0, 544, 147, 0, NULL),
(21909, 0, 547, 147, 0, NULL),
(21910, 0, 548, 147, 0, 4.5),
(21911, 0, 549, 147, 0, 8),
(21912, 0, 550, 147, 0, NULL),
(21913, 0, 551, 147, 1, 4.5),
(21914, 0, 102, 147, 1, 2),
(21915, 0, 103, 147, 0, NULL),
(21916, 0, 104, 147, 1, 13),
(21917, 0, 105, 147, 0, NULL),
(21918, 0, 106, 147, 1, 5),
(21919, 0, 107, 147, 0, NULL),
(21920, 0, 108, 147, 0, NULL),
(21921, 0, 109, 147, 0, NULL),
(21922, 0, 110, 147, 1, 10),
(21923, 0, 111, 147, 1, 5),
(21924, 0, 112, 147, 0, NULL),
(21925, 0, 113, 147, 0, NULL),
(21926, 0, 117, 147, 0, NULL),
(21927, 0, 118, 147, 0, NULL),
(21928, 0, 119, 147, 0, NULL),
(21929, 0, 123, 147, 0, NULL),
(21930, 0, 127, 147, 0, 1),
(21931, 0, 128, 147, 0, NULL),
(21932, 0, 129, 147, 0, 5),
(21933, 0, 130, 147, 0, NULL),
(21934, 0, 131, 147, 1, 6),
(21935, 0, 132, 147, 0, NULL),
(21936, 0, 133, 147, 0, 2),
(21937, 0, 134, 147, 0, NULL),
(21938, 0, 135, 147, 0, NULL),
(21939, 0, 136, 147, 1, 5),
(21940, 0, 137, 147, 1, 19),
(21941, 0, 138, 147, 1, 12),
(21942, 0, 139, 147, 1, 5),
(21943, 0, 140, 147, 1, 8),
(21944, 0, 141, 147, 1, 4.5),
(21945, 0, 142, 147, 0, NULL),
(21946, 0, 143, 147, 0, NULL),
(21947, 0, 166, 147, 0, NULL),
(21948, 0, 168, 147, 0, 1),
(21949, 0, 169, 147, 1, 5),
(21950, 0, 171, 147, 1, 5),
(21951, 0, 172, 147, 0, NULL),
(21952, 0, 173, 147, 0, NULL),
(21953, 0, 180, 147, 1, 20),
(21954, 0, 181, 147, 0, 6),
(21955, 0, 182, 147, 1, 5),
(21956, 0, 183, 147, 0, NULL),
(21957, 0, 184, 147, 0, NULL),
(21958, 0, 15, 147, 0, NULL),
(21959, 0, 16, 147, 1, 10),
(21960, 0, 17, 147, 0, NULL),
(21961, 0, 18, 147, 1, 2),
(21962, 0, 19, 147, 0, NULL),
(21963, 0, 20, 147, 0, NULL),
(21964, 0, 21, 147, 1, 5),
(21965, 0, 22, 147, 0, NULL),
(21966, 0, 24, 147, 1, 5),
(21967, 0, 418, 147, 0, NULL),
(21968, 0, 419, 147, 1, 4.5),
(21969, 0, 421, 147, 0, NULL),
(21970, 0, 422, 147, 1, 12),
(21971, 0, 424, 147, 0, NULL),
(21972, 0, 426, 147, 0, 5),
(21973, 0, 430, 147, 1, 5),
(21974, 0, 434, 147, 0, 6),
(21975, 0, 436, 147, 0, NULL),
(21976, 0, 438, 147, 0, NULL),
(21977, 0, 439, 147, 0, 5),
(21978, 0, 444, 147, 0, NULL),
(21979, 0, 445, 147, 0, NULL),
(21980, 0, 185, 147, 0, NULL),
(21981, 0, 186, 147, 0, NULL),
(21982, 0, 187, 147, 0, NULL),
(21983, 0, 188, 147, 1, 5),
(21984, 0, 190, 147, 1, 5),
(21985, 0, 191, 147, 1, 4.5),
(21986, 0, 193, 147, 0, NULL),
(21987, 0, 195, 147, 1, 10),
(21988, 0, 196, 147, 0, NULL),
(21989, 0, 197, 147, 0, NULL),
(21990, 0, 198, 147, 0, NULL),
(21991, 0, 199, 147, 1, 6),
(21992, 0, 201, 147, 1, 6),
(21993, 0, 203, 147, 0, NULL),
(21994, 0, 205, 147, 1, 9),
(21995, 0, 206, 147, 0, 2),
(21996, 0, 208, 147, 0, NULL),
(21997, 0, 209, 147, 0, 4.5),
(21998, 0, 458, 147, 0, NULL),
(21999, 0, 460, 147, 1, 12),
(22000, 0, 467, 147, 0, NULL),
(22001, 0, 469, 147, 1, 13),
(22002, 0, 368, 147, 1, 5),
(22003, 0, 374, 147, 0, 2.5),
(22004, 0, 375, 147, 0, NULL),
(22005, 0, 377, 147, 0, NULL),
(22006, 0, 381, 147, 0, NULL),
(22007, 0, 382, 147, 0, NULL),
(22008, 0, 384, 147, 0, NULL),
(22009, 0, 389, 147, 0, NULL),
(22010, 0, 391, 147, 0, NULL),
(22011, 0, 393, 147, 0, NULL),
(22012, 0, 400, 147, 1, 10),
(22013, 0, 404, 147, 1, 5),
(22014, 0, 408, 147, 0, NULL),
(22015, 0, 409, 147, 0, NULL),
(22016, 0, 414, 147, 1, 4.5),
(22017, 0, 415, 147, 1, 10),
(22018, 0, 429, 147, 0, 2),
(22019, 0, 432, 147, 0, NULL),
(22020, 0, 435, 147, 0, NULL),
(22021, 0, 441, 147, 0, NULL),
(22022, 0, 446, 147, 0, NULL),
(22023, 0, 448, 147, 0, 1),
(22024, 0, 326, 147, 0, NULL),
(22025, 0, 327, 147, 0, NULL),
(22026, 0, 552, 147, 0, NULL),
(22027, 0, 553, 147, 0, NULL),
(22028, 0, 554, 147, 1, 5),
(22029, 0, 555, 147, 0, NULL),
(22030, 0, 556, 147, 1, 5),
(22031, 0, 557, 147, 0, NULL),
(22032, 0, 558, 147, 1, 12),
(22033, 0, 585, 147, 0, NULL),
(22034, 0, 586, 147, 0, NULL),
(22035, 0, 587, 147, 0, NULL),
(22036, 0, 588, 147, 0, NULL),
(22037, 0, 589, 147, 0, NULL),
(22038, 0, 590, 147, 1, 6),
(22039, 0, 591, 147, 0, NULL),
(22040, 0, 592, 147, 0, NULL),
(22041, 0, 593, 147, 1, 4),
(22042, 0, 594, 147, 0, NULL),
(22043, 0, 595, 147, 0, NULL),
(22044, 0, 596, 147, 0, NULL),
(22045, 0, 597, 147, 0, NULL),
(22046, 0, 504, 147, 0, NULL),
(22047, 0, 505, 147, 0, NULL),
(22048, 0, 506, 147, 0, NULL),
(22049, 0, 507, 147, 0, NULL),
(22050, 0, 508, 147, 0, NULL),
(22051, 0, 509, 147, 1, 5);
INSERT INTO `playerteamweek` (`id`, `version`, `playerteam`, `week`, `plays`, `points`) VALUES
(22052, 0, 510, 147, 0, NULL),
(22053, 0, 511, 147, 0, NULL),
(22054, 0, 512, 147, 0, NULL),
(22055, 0, 513, 147, 1, 5),
(22056, 0, 514, 147, 0, NULL),
(22057, 0, 515, 147, 1, 10),
(22058, 0, 516, 147, 0, NULL),
(22059, 0, 517, 147, 0, NULL),
(22060, 0, 518, 147, 0, NULL),
(22061, 0, 519, 147, 0, NULL),
(22062, 0, 520, 147, 0, NULL),
(22063, 0, 521, 147, 1, 10),
(22064, 0, 522, 147, 0, NULL),
(22065, 0, 523, 147, 0, NULL),
(22066, 0, 524, 147, 1, 6),
(22067, 0, 525, 147, 0, NULL),
(22068, 0, 144, 147, 1, 10),
(22069, 0, 145, 147, 1, 5.5),
(22070, 0, 146, 147, 1, 1),
(22071, 0, 147, 147, 0, NULL),
(22072, 0, 148, 147, 0, NULL),
(22073, 0, 149, 147, 0, NULL),
(22074, 0, 150, 147, 1, 13),
(22075, 0, 151, 147, 0, NULL),
(22076, 0, 152, 147, 0, NULL),
(22077, 0, 153, 147, 0, NULL),
(22078, 0, 154, 147, 1, 5),
(22079, 0, 155, 147, 1, 5.5),
(22080, 0, 156, 147, 0, NULL),
(22081, 0, 157, 147, 1, 2),
(22082, 0, 158, 147, 0, 4),
(22083, 0, 159, 147, 0, NULL),
(22084, 0, 160, 147, 1, 5),
(22085, 0, 161, 147, 0, NULL),
(22086, 0, 162, 147, 0, NULL),
(22087, 0, 163, 147, 0, NULL),
(22088, 0, 164, 147, 0, 5),
(22089, 0, 165, 147, 0, NULL),
(22090, 0, 362, 147, 0, NULL),
(22091, 0, 363, 147, 0, NULL),
(22092, 0, 364, 147, 0, NULL),
(22093, 0, 366, 147, 1, 5),
(22094, 0, 367, 147, 0, NULL),
(22095, 0, 449, 147, 1, 5),
(22096, 0, 450, 147, 1, 10),
(22097, 0, 451, 147, 0, NULL),
(22098, 0, 452, 147, 1, 5),
(22099, 0, 453, 147, 0, NULL),
(22100, 0, 454, 147, 1, 13),
(22101, 0, 455, 147, 1, 4),
(22102, 0, 456, 147, 1, 6),
(22103, 0, 457, 147, 0, NULL),
(22104, 0, 459, 147, 0, NULL),
(22105, 0, 461, 147, 0, NULL),
(22106, 0, 462, 147, 0, NULL),
(22107, 0, 463, 147, 0, NULL),
(22108, 0, 464, 147, 0, 5.5),
(22109, 0, 465, 147, 0, NULL),
(22110, 0, 466, 147, 0, NULL),
(22111, 0, 468, 147, 0, 5),
(22112, 0, 296, 147, 1, 8),
(22113, 0, 297, 147, 0, NULL),
(22114, 0, 298, 147, 1, 10),
(22115, 0, 299, 147, 0, NULL),
(22116, 0, 300, 147, 1, 4.5),
(22117, 0, 301, 147, 0, NULL),
(22118, 0, 302, 147, 1, 7),
(22119, 0, 303, 147, 0, NULL),
(22120, 0, 304, 147, 1, 1),
(22121, 0, 305, 147, 1, 5),
(22122, 0, 307, 147, 0, NULL),
(22123, 0, 308, 147, 0, NULL),
(22124, 0, 310, 147, 0, NULL),
(22125, 0, 312, 147, 0, NULL),
(22126, 0, 313, 147, 1, 4.5),
(22127, 0, 316, 147, 0, NULL),
(22128, 0, 317, 147, 0, NULL),
(22129, 0, 318, 147, 0, NULL),
(22130, 0, 320, 147, 0, NULL),
(22131, 0, 322, 147, 0, NULL),
(22132, 0, 324, 147, 1, 5.5),
(22133, 0, 325, 147, 0, 6),
(22134, 0, 77, 147, 0, NULL),
(22135, 0, 78, 147, 1, 4),
(22136, 0, 79, 147, 0, NULL),
(22137, 0, 81, 147, 0, NULL),
(22138, 0, 82, 147, 1, 6),
(22139, 0, 83, 147, 0, NULL),
(22140, 0, 84, 147, 0, NULL),
(22141, 0, 85, 147, 0, NULL),
(22142, 0, 86, 147, 0, NULL),
(22143, 0, 87, 147, 0, NULL),
(22144, 0, 88, 147, 0, NULL),
(22145, 0, 89, 147, 1, 4.5),
(22146, 0, 90, 147, 1, 3),
(22147, 0, 91, 147, 0, NULL),
(22148, 0, 93, 147, 0, NULL),
(22149, 0, 94, 147, 1, 4.5),
(22150, 0, 96, 147, 0, NULL),
(22151, 0, 97, 147, 1, 5),
(22152, 0, 98, 147, 0, 5),
(22153, 0, 99, 147, 0, 1),
(22154, 0, 100, 147, 0, NULL),
(22155, 0, 101, 147, 0, 5),
(22156, 0, 229, 147, 1, 2),
(22157, 0, 230, 147, 0, NULL),
(22158, 0, 231, 147, 0, NULL),
(22159, 0, 232, 147, 0, NULL),
(22160, 0, 236, 147, 0, NULL),
(22161, 0, 241, 147, 1, 5),
(22162, 0, 244, 147, 1, 9),
(22163, 0, 246, 147, 0, NULL),
(22164, 0, 247, 147, 1, 5),
(22165, 0, 248, 147, 0, NULL),
(22166, 0, 250, 147, 0, NULL),
(22167, 0, 251, 147, 1, 6),
(22168, 0, 255, 147, 0, NULL),
(22169, 0, 263, 147, 0, NULL),
(22170, 0, 264, 147, 0, NULL),
(22171, 0, 265, 147, 0, NULL),
(22172, 0, 266, 147, 0, NULL),
(22173, 0, 268, 147, 1, 5),
(22174, 0, 269, 147, 1, 4),
(22175, 0, 270, 147, 0, NULL),
(22176, 0, 271, 147, 0, NULL),
(22177, 0, 272, 147, 0, 8),
(22178, 0, 25, 147, 0, NULL),
(22179, 0, 26, 147, 0, NULL),
(22180, 0, 27, 147, 1, 2),
(22181, 0, 28, 147, 0, NULL),
(22182, 0, 29, 147, 0, NULL),
(22183, 0, 30, 147, 0, NULL),
(22184, 0, 31, 147, 0, NULL),
(22185, 0, 32, 147, 0, NULL),
(22186, 0, 33, 147, 1, 20),
(22187, 0, 34, 147, 1, 5),
(22188, 0, 35, 147, 1, 10),
(22189, 0, 36, 147, 0, NULL),
(22190, 0, 37, 147, 0, NULL),
(22191, 0, 38, 147, 0, NULL),
(22192, 0, 40, 147, 0, NULL),
(22193, 0, 41, 147, 0, NULL),
(22194, 0, 42, 147, 0, NULL),
(22195, 0, 43, 147, 0, NULL),
(22196, 0, 44, 147, 0, NULL),
(22197, 0, 46, 147, 0, NULL),
(22198, 0, 47, 147, 1, 4),
(22199, 0, 48, 147, 1, 4),
(22200, 0, 211, 147, 1, 5),
(22201, 0, 212, 147, 0, 2),
(22202, 0, 213, 147, 1, 6),
(22203, 0, 214, 147, 0, NULL),
(22204, 0, 215, 147, 0, NULL),
(22205, 0, 216, 147, 0, NULL),
(22206, 0, 217, 147, 0, NULL),
(22207, 0, 219, 147, 0, NULL),
(22208, 0, 220, 147, 0, NULL),
(22209, 0, 221, 147, 0, NULL),
(22210, 0, 222, 147, 0, NULL),
(22211, 0, 223, 147, 0, NULL),
(22212, 0, 224, 147, 0, NULL),
(22213, 0, 225, 147, 0, 5),
(22214, 0, 226, 147, 0, NULL),
(22215, 0, 235, 147, 1, 9),
(22216, 0, 237, 147, 1, 5),
(22217, 0, 238, 147, 1, 4),
(22218, 0, 239, 147, 0, NULL),
(22219, 0, 249, 147, 0, 1),
(22220, 0, 252, 147, 0, NULL),
(22221, 0, 254, 147, 0, 7.5),
(22222, 0, 274, 147, 0, NULL),
(22223, 0, 275, 147, 1, 5),
(22224, 0, 276, 147, 0, NULL),
(22225, 0, 277, 147, 1, 6),
(22226, 0, 278, 147, 0, NULL),
(22227, 0, 279, 147, 0, NULL),
(22228, 0, 280, 147, 0, NULL),
(22229, 0, 281, 147, 0, NULL),
(22230, 0, 282, 147, 0, NULL),
(22231, 0, 283, 147, 0, NULL),
(22232, 0, 284, 147, 0, NULL),
(22233, 0, 285, 147, 0, NULL),
(22234, 0, 286, 147, 0, NULL),
(22235, 0, 287, 147, 0, NULL),
(22236, 0, 288, 147, 0, NULL),
(22237, 0, 289, 147, 0, NULL),
(22238, 0, 290, 147, 1, 5),
(22239, 0, 291, 147, 0, NULL),
(22240, 0, 292, 147, 0, NULL),
(22241, 0, 293, 147, 1, 4),
(22242, 0, 294, 147, 0, NULL),
(22243, 0, 295, 147, 0, NULL),
(22244, 0, 49, 147, 1, 2),
(22245, 0, 50, 147, 0, NULL),
(22246, 0, 52, 147, 0, NULL),
(22247, 0, 53, 147, 0, NULL),
(22248, 0, 54, 147, 0, NULL),
(22249, 0, 55, 147, 0, NULL),
(22250, 0, 56, 147, 1, 40),
(22251, 0, 57, 147, 1, 10),
(22252, 0, 58, 147, 1, 5),
(22253, 0, 59, 147, 0, NULL),
(22254, 0, 60, 147, 0, NULL),
(22255, 0, 61, 147, 1, 5),
(22256, 0, 62, 147, 0, NULL),
(22257, 0, 63, 147, 0, NULL),
(22258, 0, 65, 147, 1, 6),
(22259, 0, 66, 147, 1, 5.5),
(22260, 0, 70, 147, 0, NULL),
(22261, 0, 72, 147, 0, NULL),
(22262, 0, 73, 147, 0, NULL),
(22263, 0, 74, 147, 0, NULL),
(22264, 0, 75, 147, 0, NULL),
(22265, 0, 76, 147, 0, NULL);

-- --------------------------------------------------------

--
-- Estructura de tabla para la tabla `playerweek`
--

DROP TABLE IF EXISTS `playerweek`;
CREATE TABLE IF NOT EXISTS `playerweek` (
  `id` bigint(20) NOT NULL auto_increment,
  `version` bigint(20) NOT NULL default '0',
  `player` bigint(20) NOT NULL,
  `week` bigint(20) NOT NULL,
  `totalPoints` double default NULL,
  `olePoints` double default NULL,
  `cleanGoal` tinyint(1) default NULL,
  `ownGoal` int(11) default NULL,
  `mom` tinyint(1) default NULL,
  `goals` int(11) default NULL,
  `penaltyGoals` int(11) default NULL,
  `freeKickGoals` int(11) default NULL,
  `missedPenalties` int(11) default NULL,
  `cachedPenalties` int(11) default NULL,
  `yellowCard` tinyint(1) default NULL,
  `redCard` tinyint(1) default NULL,
  PRIMARY KEY  (`id`),
  UNIQUE KEY `UK_PlayerWeek_player_week` (`player`,`week`),
  KEY `FK_PlayerWeek_player` (`player`),
  KEY `FK_PlayerWeek_week` (`week`)
) ENGINE=InnoDB DEFAULT CHARSET=latin1 AUTO_INCREMENT=1 ;

--
-- Volcar la base de datos para la tabla `playerweek`
--


-- --------------------------------------------------------

--
-- Estructura de tabla para la tabla `positionteamweek`
--

DROP TABLE IF EXISTS `positionteamweek`;
CREATE TABLE IF NOT EXISTS `positionteamweek` (
  `id` bigint(20) NOT NULL auto_increment,
  `version` bigint(20) NOT NULL default '0',
  `team` bigint(20) NOT NULL,
  `week` bigint(20) NOT NULL,
  `category` bigint(20) default NULL,
  `position` int(11) default NULL,
  `points` double default NULL,
  `weekPoints` double default NULL,
  PRIMARY KEY  (`id`),
  UNIQUE KEY `UK_PositionTeamWeek_team_week` (`team`,`week`),
  KEY `FK_PositionTeamWeek_team` (`team`),
  KEY `FK_PositionTeamWeek_week` (`week`),
  KEY `FK_PositionTeamWeek_category` (`category`)
) ENGINE=InnoDB  DEFAULT CHARSET=latin1 AUTO_INCREMENT=1021 ;

--
-- Volcar la base de datos para la tabla `positionteamweek`
--

INSERT INTO `positionteamweek` (`id`, `version`, `team`, `week`, `category`, `position`, `points`, `weekPoints`) VALUES
(81, 1, 52, 139, 2, 1, 79.5, 79.5),
(82, 1, 53, 139, 1, 6, 65, 65),
(83, 1, 54, 139, 2, 10, 0, 0),
(84, 1, 55, 139, 1, 2, 72, 72),
(85, 1, 56, 139, 1, 9, 59.5, 59.5),
(86, 1, 57, 139, 1, 4, 67.5, 67.5),
(87, 1, 58, 139, 1, 8, 61, 61),
(88, 1, 59, 139, 2, 9, 59.5, 59.5),
(89, 1, 60, 139, 2, 2, 68.5, 68.5),
(90, 1, 61, 139, 1, 10, 34, 34),
(91, 1, 62, 139, 2, 3, 65, 65),
(92, 1, 63, 139, 1, 1, 81.5, 81.5),
(93, 1, 64, 139, 2, 6, 64, 64),
(94, 1, 65, 139, 2, 7, 63, 63),
(95, 1, 66, 139, 2, 4, 64.5, 64.5),
(96, 1, 67, 139, 1, 7, 62.5, 62.5),
(97, 1, 68, 139, 1, 5, 66.5, 66.5),
(98, 1, 69, 139, 1, 3, 72, 72),
(99, 1, 70, 139, 2, 5, 64.5, 64.5),
(100, 1, 71, 139, 2, 8, 60.5, 60.5),
(321, 1, 52, 140, 2, 1, 178.5, 99),
(322, 1, 53, 140, 1, 6, 154.5, 89.5),
(323, 1, 54, 140, 2, 10, 96.5, 96.5),
(324, 1, 55, 140, 1, 1, 182.5, 110.5),
(325, 1, 56, 140, 1, 7, 151.5, 92),
(326, 1, 57, 140, 1, 3, 168, 100.5),
(327, 1, 58, 140, 1, 4, 160.5, 99.5),
(328, 1, 59, 140, 2, 7, 127, 67.5),
(329, 1, 60, 140, 2, 4, 131, 62.5),
(330, 1, 61, 140, 1, 10, 123, 89),
(331, 1, 62, 140, 2, 6, 130.5, 65.5),
(332, 1, 63, 140, 1, 2, 178.5, 97),
(333, 1, 64, 140, 2, 5, 131, 67),
(334, 1, 65, 140, 2, 8, 124, 61),
(335, 1, 66, 140, 2, 3, 132.5, 68),
(336, 1, 67, 140, 1, 9, 132.5, 70),
(337, 1, 68, 140, 1, 8, 142, 75.5),
(338, 1, 69, 140, 1, 5, 156, 84),
(339, 1, 70, 140, 2, 2, 143.5, 79),
(340, 1, 71, 140, 2, 9, 122, 61.5),
(461, 1, 52, 141, 2, 1, 247.5, 69),
(462, 1, 53, 141, 1, 6, 232, 77.5),
(463, 1, 54, 141, 2, 10, 175.5, 79),
(464, 1, 55, 141, 1, 4, 236, 53.5),
(465, 1, 56, 141, 1, 2, 261.5, 110),
(466, 1, 57, 141, 1, 7, 230.5, 62.5),
(467, 1, 58, 141, 1, 3, 244.5, 84),
(468, 1, 59, 141, 2, 8, 199, 72),
(469, 1, 60, 141, 2, 5, 207, 76),
(470, 1, 61, 141, 1, 5, 233.5, 110.5),
(471, 1, 62, 141, 2, 7, 202, 71.5),
(472, 1, 63, 141, 1, 1, 265, 86.5),
(473, 1, 64, 141, 2, 3, 210, 79),
(474, 1, 65, 141, 2, 4, 208, 84),
(475, 1, 66, 141, 2, 6, 206, 73.5),
(476, 1, 67, 141, 1, 10, 202, 69.5),
(477, 1, 68, 141, 1, 9, 224.5, 82.5),
(478, 1, 69, 141, 1, 8, 228, 72),
(479, 1, 70, 141, 2, 2, 222, 78.5),
(480, 1, 71, 141, 2, 9, 183.5, 61.5),
(561, 1, 52, 142, 2, 1, 310, 62.5),
(562, 1, 53, 142, 1, 4, 329, 97),
(563, 1, 54, 142, 2, 10, 237.5, 62),
(564, 1, 55, 142, 1, 8, 309.5, 73.5),
(565, 1, 56, 142, 1, 1, 350.5, 89),
(566, 1, 57, 142, 1, 7, 316, 85.5),
(567, 1, 58, 142, 1, 2, 345.5, 101),
(568, 1, 59, 142, 2, 4, 289, 90),
(569, 1, 60, 142, 2, 8, 283, 76),
(570, 1, 61, 142, 1, 5, 325, 91.5),
(571, 1, 62, 142, 2, 3, 290.5, 88.5),
(572, 1, 63, 142, 1, 3, 336.5, 71.5),
(573, 1, 64, 142, 2, 5, 287.5, 77.5),
(574, 1, 65, 142, 2, 6, 285.5, 77.5),
(575, 1, 66, 142, 2, 2, 298.5, 92.5),
(576, 1, 67, 142, 1, 10, 260.5, 58.5),
(577, 1, 68, 142, 1, 6, 316.5, 92),
(578, 1, 69, 142, 1, 9, 307, 79),
(579, 1, 70, 142, 2, 7, 285, 63),
(580, 1, 71, 142, 2, 9, 249, 65.5),
(701, 1, 52, 143, 2, 1, 399.5, 89.5),
(702, 1, 53, 143, 1, 5, 402, 73),
(703, 1, 54, 143, 2, 10, 303.5, 66),
(704, 1, 55, 143, 1, 7, 394.5, 85),
(705, 1, 56, 143, 1, 1, 423.5, 73),
(706, 1, 57, 143, 1, 8, 383.5, 67.5),
(707, 1, 58, 143, 1, 3, 411, 65.5),
(708, 1, 59, 143, 2, 5, 371, 82),
(709, 1, 60, 143, 2, 6, 361, 78),
(710, 1, 61, 143, 1, 6, 401, 76),
(711, 1, 62, 143, 2, 2, 388.5, 98),
(712, 1, 63, 143, 1, 4, 403, 66.5),
(713, 1, 64, 143, 2, 4, 376, 88.5),
(714, 1, 65, 143, 2, 8, 349, 63.5),
(715, 1, 66, 143, 2, 3, 380, 81.5),
(716, 1, 67, 143, 1, 10, 330, 69.5),
(717, 1, 68, 143, 1, 2, 412.5, 96),
(718, 1, 69, 143, 1, 9, 355.5, 48.5),
(719, 1, 70, 143, 2, 7, 354, 69),
(720, 1, 71, 143, 2, 9, 340, 91),
(781, 1, 52, 144, 2, 1, 458, 58.5),
(782, 1, 53, 144, 1, 6, 463, 61),
(783, 1, 54, 144, 2, 10, 363.5, 60),
(784, 1, 55, 144, 1, 5, 467, 72.5),
(785, 1, 56, 144, 1, 1, 499, 75.5),
(786, 1, 57, 144, 1, 8, 440, 56.5),
(787, 1, 58, 144, 1, 2, 496, 85),
(788, 1, 59, 144, 2, 5, 434, 63),
(789, 1, 60, 144, 2, 6, 433, 72),
(790, 1, 61, 144, 1, 3, 481.5, 80.5),
(791, 1, 62, 144, 2, 3, 438, 49.5),
(792, 1, 63, 144, 1, 7, 461, 58),
(793, 1, 64, 144, 2, 2, 444.5, 68.5),
(794, 1, 65, 144, 2, 8, 411, 62),
(795, 1, 66, 144, 2, 4, 435.5, 55.5),
(796, 1, 67, 144, 1, 9, 408, 78),
(797, 1, 68, 144, 1, 4, 476, 63.5),
(798, 1, 69, 144, 1, 10, 402.5, 47),
(799, 1, 70, 144, 2, 7, 415.5, 61.5),
(800, 1, 71, 144, 2, 9, 401.5, 61.5),
(861, 1, 52, 145, 2, 1, 517.5, 59.5),
(862, 1, 53, 145, 1, 5, 524.5, 61.5),
(863, 1, 54, 145, 2, 10, 421.5, 58),
(864, 1, 55, 145, 1, 6, 516.5, 49.5),
(865, 1, 56, 145, 1, 2, 552, 53),
(866, 1, 57, 145, 1, 8, 481.5, 41.5),
(867, 1, 58, 145, 1, 1, 556, 60),
(868, 1, 59, 145, 2, 4, 506, 72),
(869, 1, 60, 145, 2, 5, 502.5, 69.5),
(870, 1, 61, 145, 1, 3, 540.5, 59),
(871, 1, 62, 145, 2, 3, 507, 69),
(872, 1, 63, 145, 1, 7, 510.5, 49.5),
(873, 1, 64, 145, 2, 2, 516.5, 72),
(874, 1, 65, 145, 2, 7, 469.5, 58.5),
(875, 1, 66, 145, 2, 6, 496.5, 61),
(876, 1, 67, 145, 1, 10, 455.5, 47.5),
(877, 1, 68, 145, 1, 4, 530.5, 54.5),
(878, 1, 69, 145, 1, 9, 463.5, 61),
(879, 1, 70, 145, 2, 8, 467.5, 52),
(880, 1, 71, 145, 2, 9, 460.5, 59),
(941, 1, 52, 146, 2, 2, 592, 74.5),
(942, 1, 53, 146, 1, 5, 605, 80.5),
(943, 1, 54, 146, 2, 10, 501.5, 80),
(944, 1, 55, 146, 1, 6, 589, 72.5),
(945, 1, 56, 146, 1, 1, 637.5, 85.5),
(946, 1, 57, 146, 1, 8, 568.5, 87),
(947, 1, 58, 146, 1, 2, 624.5, 68.5),
(948, 1, 59, 146, 2, 1, 596, 90),
(949, 1, 60, 146, 2, 5, 574, 71.5),
(950, 1, 61, 146, 1, 4, 614, 73.5),
(951, 1, 62, 146, 2, 6, 563.5, 56.5),
(952, 1, 63, 146, 1, 7, 569.5, 59),
(953, 1, 64, 146, 2, 4, 577.5, 61),
(954, 1, 65, 146, 2, 9, 530, 60.5),
(955, 1, 66, 146, 2, 3, 578.5, 82),
(956, 1, 67, 146, 1, 10, 549.5, 94),
(957, 1, 68, 146, 1, 3, 619, 88.5),
(958, 1, 69, 146, 1, 9, 554.5, 91),
(959, 1, 70, 146, 2, 7, 561.5, 94),
(960, 1, 71, 146, 2, 8, 530.5, 70),
(1001, 1, 52, 147, 2, 2, 637.5, 45.5),
(1002, 1, 53, 147, 1, 4, 657.5, 52.5),
(1003, 1, 54, 147, 2, 10, 555.5, 54),
(1004, 1, 55, 147, 1, 6, 655.5, 66.5),
(1005, 1, 56, 147, 1, 1, 678.5, 41),
(1006, 1, 57, 147, 1, 5, 657, 88.5),
(1007, 1, 58, 147, 1, 2, 668, 43.5),
(1008, 1, 59, 147, 2, 1, 666.5, 70.5),
(1009, 1, 60, 147, 2, 4, 608.5, 34.5),
(1010, 1, 61, 147, 1, 7, 646, 32),
(1011, 1, 62, 147, 2, 7, 599.5, 36),
(1012, 1, 63, 147, 1, 8, 616.5, 47),
(1013, 1, 64, 147, 2, 3, 625.5, 48),
(1014, 1, 65, 147, 2, 9, 575.5, 45.5),
(1015, 1, 66, 147, 2, 5, 605.5, 27),
(1016, 1, 67, 147, 1, 9, 585.5, 36),
(1017, 1, 68, 147, 1, 3, 664, 45),
(1018, 1, 69, 147, 1, 10, 583.5, 29),
(1019, 1, 70, 147, 2, 8, 581.5, 20),
(1020, 1, 71, 147, 2, 6, 604, 73.5);

-- --------------------------------------------------------

--
-- Estructura de tabla para la tabla `team`
--

DROP TABLE IF EXISTS `team`;
CREATE TABLE IF NOT EXISTS `team` (
  `id` bigint(20) NOT NULL auto_increment,
  `version` bigint(20) NOT NULL default '0',
  `name` varchar(255) NOT NULL,
  `user` bigint(20) NOT NULL,
  `category` bigint(20) NOT NULL,
  `isClosed` tinyint(1) NOT NULL,
  `tactic` varchar(255) default NULL,
  PRIMARY KEY  (`id`),
  UNIQUE KEY `UK_Team_name` (`name`),
  KEY `FK_Team_user` (`user`),
  KEY `FK_Team_category` (`category`)
) ENGINE=InnoDB  DEFAULT CHARSET=latin1 AUTO_INCREMENT=72 ;

--
-- Volcar la base de datos para la tabla `team`
--

INSERT INTO `team` (`id`, `version`, `name`, `user`, `category`, `isClosed`, `tactic`) VALUES
(52, 4, 'Ni un Pelo de Tonto', 52, 2, 1, '3-4-3'),
(53, 2, 'HRG F.C.', 53, 1, 1, '3-4-3'),
(54, 3, 'Viejita Stone', 54, 2, 1, '3-5-2'),
(55, 3, 'TRES', 55, 1, 1, '3-5-2'),
(56, 3, '15 de Octubre', 56, 1, 1, '3-5-2'),
(57, 4, 'Red Bull', 57, 1, 1, '3-4-3'),
(58, 4, 'Capussoto F.C.', 58, 1, 1, '3-4-3'),
(59, 4, 'QEE', 59, 2, 1, '4-3-3'),
(60, 5, 'GWT FC', 60, 2, 1, '3-5-2'),
(61, 5, 'Chapita de Cerveza Fóbal Clus', 61, 1, 1, '3-4-3'),
(62, 3, 'Los Super Ratones', 62, 2, 1, '3-4-3'),
(63, 3, 'La Bandita', 63, 1, 1, '3-5-2'),
(64, 4, 'Magia Oscura', 64, 2, 1, '4-4-2'),
(65, 3, 'A.C. Decano', 65, 2, 1, '3-5-2'),
(66, 4, 'La Filial', 66, 2, 1, '3-5-2'),
(67, 2, 'Hidrocarburo', 67, 1, 1, '4-4-2'),
(68, 2, 'Gran Cuñado', 68, 1, 1, '3-5-2'),
(69, 3, 'Último Recurso', 69, 1, 1, '3-4-3'),
(70, 3, 'Rompehuesos AC', 70, 2, 1, '3-4-3'),
(71, 5, 'Los Golosos', 71, 2, 1, '3-4-3');

-- --------------------------------------------------------

--
-- Estructura de tabla para la tabla `user`
--

DROP TABLE IF EXISTS `user`;
CREATE TABLE IF NOT EXISTS `user` (
  `id` bigint(20) NOT NULL auto_increment,
  `version` bigint(20) NOT NULL default '0',
  `firstname` varchar(255) NOT NULL,
  `lastname` varchar(255) NOT NULL,
  `username` varchar(255) NOT NULL,
  `password` varchar(255) NOT NULL,
  `email` varchar(255) NOT NULL,
  PRIMARY KEY  (`id`),
  UNIQUE KEY `UK_User_username` (`username`),
  UNIQUE KEY `UK_User_firstname_lastname` (`firstname`,`lastname`)
) ENGINE=InnoDB  DEFAULT CHARSET=latin1 AUTO_INCREMENT=73 ;

--
-- Volcar la base de datos para la tabla `user`
--

INSERT INTO `user` (`id`, `version`, `firstname`, `lastname`, `username`, `password`, `email`) VALUES
(1, 3, 'prueba', 'prueba', 'prueba', 'cHJ1ZWJh', 'grandt@waretech.com.ar'),
(52, 2, 'Ricardo', 'Berl', 'Pela', 'cGVsYQ==', 'rickyberl@hotmail.com'),
(53, 4, 'Leandro', 'Soncini', 'Chochi', 'Y2hvY2hp', 'leandrosoncini@hotmail.com'),
(54, 2, 'Francisco', 'Tabellione', 'Tabe', 'anVuaW9y', 'ftabe76@hotmail.com'),
(55, 5, 'Esteban', 'Sabbione', 'Tete', 'MTI5OTg4', 'tetesabbione@hotmail.com'),
(56, 3, 'Tomas', 'Condorelli', 'Tommy', 'Y2FzY294Mg==', 'tonyvelamazan@hotmail.com'),
(57, 4, 'Martin', 'Aristia', 'Martin', 'bWFydGlu', 'm.aristia@gmail.com'),
(58, 2, 'Franco', 'Condorelli', 'Catalano', 'Y2F0YWxhbm8=', 'cachosaccardi@hotmail.com'),
(59, 5, 'Nicolas', 'Condorelli', 'Coco', 'UGluY2hhMDE=', 'ncondorelli@exiros.com'),
(60, 16, 'Augusto', 'Soncini', 'Augusto', 'U29uY2luaQ==', 'augustosoncini@hotmail.com'),
(61, 3, 'Matias', 'Condorelli', 'Pepi', 'UGVwaQ==', 'maticondorelli@gmail.com'),
(62, 9, 'Mauro', 'Pennacchioni', 'Rata', 'MTMxMTc2', 'mpennach@gmail.com'),
(63, 3, 'Emilio', 'Tabellione', 'Emi', 'MTI4MzEz', 'etabe114@hotmail.com'),
(64, 6, 'Andres', 'Garcí­a Olivares', 'Negro', 'Z28wNjE5NzY=', 'a_garciaolivares@hotmail.com'),
(65, 5, 'Guillermo', 'Vallina', 'Guillote', 'MTI3Mjkw', 'gdvallina@fibertel.com.ar'),
(66, 5, 'Mauro', 'Di Benni', 'Papucho', 'MTI5OTM0', 'patodb@hotmail.com'),
(67, 3, 'Adriano', 'Mucelli', 'Tano', 'dGFubw==', 'aumucelli@gmail.com'),
(68, 15, 'Fabian', 'Sabbione', 'Cunado', 'NTk4NDcz', 'fabiansabbione@hotmail.com'),
(69, 2, 'Sebastian', 'Fiori', 'Chocho', 'Y2hvY2hv', 'fioriseba@hotmail.com'),
(70, 3, 'Ignacio', 'Soncini', 'Iki', 'Z2F5', 'ikisoncini@hotmail.com'),
(71, 2, 'Gaston', 'Messineo', 'Vivi', 'dml2aQ==', 'gastonmessineo@hotmail.com'),
(72, 2, 'Luciano', 'Mucelli', 'Luchi', 'bHVjaGk=', 'luciano.mucelli@gmail.com');

-- --------------------------------------------------------

--
-- Estructura de tabla para la tabla `useraccess`
--

DROP TABLE IF EXISTS `useraccess`;
CREATE TABLE IF NOT EXISTS `useraccess` (
  `id` bigint(20) NOT NULL auto_increment,
  `version` bigint(20) NOT NULL default '0',
  `user` bigint(20) NOT NULL,
  `access` bigint(20) NOT NULL,
  PRIMARY KEY  (`id`),
  KEY `FK_UserAccess_user` (`user`),
  KEY `FK_UserAccess_access` (`access`)
) ENGINE=InnoDB  DEFAULT CHARSET=latin1 AUTO_INCREMENT=112 ;

--
-- Volcar la base de datos para la tabla `useraccess`
--

INSERT INTO `useraccess` (`id`, `version`, `user`, `access`) VALUES
(1, 0, 60, 1),
(2, 0, 60, 2),
(3, 0, 60, 3),
(4, 0, 60, 13),
(5, 0, 60, 14),
(40, 0, 59, 1),
(41, 0, 59, 2),
(42, 0, 59, 13),
(93, 0, 60, 15),
(94, 0, 60, 16),
(95, 0, 60, 17),
(96, 0, 59, 15),
(97, 0, 59, 16),
(100, 0, 55, 1),
(101, 0, 55, 2),
(102, 0, 60, 18),
(105, 0, 53, 1),
(106, 0, 53, 2),
(107, 0, 59, 17),
(108, 0, 56, 1),
(109, 0, 56, 2),
(110, 0, 69, 1),
(111, 0, 69, 2);

-- --------------------------------------------------------

--
-- Estructura de tabla para la tabla `week`
--

DROP TABLE IF EXISTS `week`;
CREATE TABLE IF NOT EXISTS `week` (
  `id` bigint(20) NOT NULL auto_increment,
  `version` bigint(20) NOT NULL default '0',
  `number` int(11) NOT NULL,
  PRIMARY KEY  (`id`),
  UNIQUE KEY `UK_Week_number` (`number`)
) ENGINE=InnoDB  DEFAULT CHARSET=latin1 AUTO_INCREMENT=154 ;

--
-- Volcar la base de datos para la tabla `week`
--

INSERT INTO `week` (`id`, `version`, `number`) VALUES
(139, 0, 1),
(140, 0, 2),
(141, 0, 3),
(142, 0, 4),
(143, 0, 5),
(144, 0, 6),
(145, 0, 7),
(146, 0, 8),
(147, 0, 9),
(148, 0, 10),
(149, 0, 11),
(150, 0, 12),
(151, 0, 13),
(152, 0, 14),
(153, 0, 15);

--
-- Filtros para las tablas descargadas (dump)
--

--
-- Filtros para la tabla `match_`
--
ALTER TABLE `match_`
  ADD CONSTRAINT `FK_Match_awayClub` FOREIGN KEY (`awayClub`) REFERENCES `club` (`id`),
  ADD CONSTRAINT `FK_Match_homeClub` FOREIGN KEY (`homeClub`) REFERENCES `club` (`id`),
  ADD CONSTRAINT `FK_Match_week` FOREIGN KEY (`week`) REFERENCES `week` (`id`);

--
-- Filtros para la tabla `player`
--
ALTER TABLE `player`
  ADD CONSTRAINT `FK_Player_club` FOREIGN KEY (`club`) REFERENCES `club` (`id`),
  ADD CONSTRAINT `FK_Player_position` FOREIGN KEY (`position`) REFERENCES `playerposition` (`id`);

--
-- Filtros para la tabla `playermatch`
--
ALTER TABLE `playermatch`
  ADD CONSTRAINT `FK_PlayerMatch_match` FOREIGN KEY (`match_`) REFERENCES `match_` (`id`),
  ADD CONSTRAINT `FK_PlayerMatch_player` FOREIGN KEY (`player`) REFERENCES `player` (`id`);

--
-- Filtros para la tabla `playerteam`
--
ALTER TABLE `playerteam`
  ADD CONSTRAINT `FK_PlayerTeam_player` FOREIGN KEY (`player`) REFERENCES `player` (`id`),
  ADD CONSTRAINT `FK_PlayerTeam_team` FOREIGN KEY (`team`) REFERENCES `team` (`id`);

--
-- Filtros para la tabla `playerteamweek`
--
ALTER TABLE `playerteamweek`
  ADD CONSTRAINT `FK_PlayerTeamWeek_playerteam` FOREIGN KEY (`playerteam`) REFERENCES `playerteam` (`id`),
  ADD CONSTRAINT `FK_PlayerTeamWeek_week` FOREIGN KEY (`week`) REFERENCES `week` (`id`);

--
-- Filtros para la tabla `playerweek`
--
ALTER TABLE `playerweek`
  ADD CONSTRAINT `FK_PlayerWeek_player` FOREIGN KEY (`player`) REFERENCES `player` (`id`),
  ADD CONSTRAINT `FK_PlayerWeek_week` FOREIGN KEY (`week`) REFERENCES `week` (`id`);

--
-- Filtros para la tabla `positionteamweek`
--
ALTER TABLE `positionteamweek`
  ADD CONSTRAINT `FK_PositionTeamWeek_category` FOREIGN KEY (`category`) REFERENCES `category` (`id`),
  ADD CONSTRAINT `FK_PositionTeamWeek_team` FOREIGN KEY (`team`) REFERENCES `team` (`id`),
  ADD CONSTRAINT `FK_PositionTeamWeek_week` FOREIGN KEY (`week`) REFERENCES `week` (`id`);

--
-- Filtros para la tabla `team`
--
ALTER TABLE `team`
  ADD CONSTRAINT `FK_Team_category` FOREIGN KEY (`category`) REFERENCES `category` (`id`),
  ADD CONSTRAINT `FK_Team_user` FOREIGN KEY (`user`) REFERENCES `user` (`id`);

--
-- Filtros para la tabla `useraccess`
--
ALTER TABLE `useraccess`
  ADD CONSTRAINT `FK_UserAccess_access` FOREIGN KEY (`access`) REFERENCES `access` (`id`),
  ADD CONSTRAINT `FK_UserAccess_user` FOREIGN KEY (`user`) REFERENCES `user` (`id`);

SET FOREIGN_KEY_CHECKS=1;
