-- phpMyAdmin SQL Dump
-- version 2.11.9.6
-- http://www.phpmyadmin.net
--
-- Servidor: localhost:3306
-- Tiempo de generación: 27-02-2012 a las 21:37:14
-- Versión del servidor: 5.0.51
-- Versión de PHP: 5.2.6

SET FOREIGN_KEY_CHECKS=0;

SET SQL_MODE="NO_AUTO_VALUE_ON_ZERO";


/*!40101 SET @OLD_CHARACTER_SET_CLIENT=@@CHARACTER_SET_CLIENT */;
/*!40101 SET @OLD_CHARACTER_SET_RESULTS=@@CHARACTER_SET_RESULTS */;
/*!40101 SET @OLD_COLLATION_CONNECTION=@@COLLATION_CONNECTION */;
/*!40101 SET NAMES utf8 */;

--
-- Base de datos: `waretech_GranDT`
--
-- CREATE DATABASE `waretech_GranDT` DEFAULT CHARACTER SET utf8 COLLATE utf8_general_ci;
-- USE `waretech_GranDT`;

-- --------------------------------------------------------

--
-- Estructura de tabla para la tabla `access`
--

CREATE TABLE IF NOT EXISTS `access` (
  `id` bigint(20) NOT NULL auto_increment,
  `version` bigint(20) NOT NULL default '0',
  `value` varchar(255) NOT NULL,
  `description` varchar(255) NOT NULL,
  PRIMARY KEY  (`id`)
) ENGINE=InnoDB  DEFAULT CHARSET=latin1 AUTO_INCREMENT=19 ;

--
-- Volcar la base de datos para la tabla `access`
--

INSERT INTO `access` (`id`, `version`, `value`, `description`) VALUES
(1, 1, 'MatchEdit.jsp!enabled', 'Edicion de Partido'),
(2, 0, 'WeekEdit.jsp!change', 'Calcular la fecha'),
(3, 0, 'AccessList.jsp', 'Lista de accesos'),
(13, 0, 'TeamEdit.jsp!change', 'Cambiar jugador de la lista'),
(14, 5, 'UserEdit.jsp!update', 'Edicion de usuario'),
(15, 0, 'TeamBuild.jsp!enabled', 'Construccion de Equipo'),
(16, 0, 'WeekList.jsp!tournamentStart', 'Comenzar torneo'),
(17, 0, 'EMailSend.jsp', 'Enviar eMail'),
(18, 0, 'ClaimList.jsp!delete', 'Eliminar reclamo');

-- --------------------------------------------------------

--
-- Estructura de tabla para la tabla `category`
--

CREATE TABLE IF NOT EXISTS `category` (
  `id` bigint(20) NOT NULL auto_increment,
  `version` bigint(20) NOT NULL default '0',
  `name` varchar(255) NOT NULL,
  PRIMARY KEY  (`id`),
  UNIQUE KEY `UK_PlayerPosition_name` (`name`)
) ENGINE=InnoDB  DEFAULT CHARSET=latin1 AUTO_INCREMENT=3 ;

--
-- Volcar la base de datos para la tabla `category`
--

INSERT INTO `category` (`id`, `version`, `name`) VALUES
(1, 0, 'Primera A'),
(2, 0, 'Nacional B');

-- --------------------------------------------------------

--
-- Estructura de tabla para la tabla `claim`
--

CREATE TABLE IF NOT EXISTS `claim` (
  `id` bigint(20) NOT NULL auto_increment,
  `version` bigint(20) NOT NULL default '0',
  `title` varchar(255) NOT NULL,
  `description` varchar(255) NOT NULL,
  `target` int(1) NOT NULL,
  `priority` int(1) NOT NULL,
  `user` bigint(20) NOT NULL,
  `date` date NOT NULL,
  `state` int(1) NOT NULL,
  PRIMARY KEY  (`id`),
  KEY `FK_Claim_user` (`user`)
) ENGINE=MyISAM  DEFAULT CHARSET=utf8 AUTO_INCREMENT=4 ;

--
-- Volcar la base de datos para la tabla `claim`
--

INSERT INTO `claim` (`id`, `version`, `title`, `description`, `target`, `priority`, `user`, `date`, `state`) VALUES
(1, 0, 'Nombre', 'Cambiar mi nombre de equipo por Rompehuesos', 0, 1, 70, '2011-09-01', 0),
(2, 0, 'Modulo de Encuestas', 'Modulo de Encuestas', 1, 2, 60, '2011-09-08', 0),
(3, 0, 'Carga de Partidos', 'Partido: \r\n#1 TT , lo reemplaza Agu\r\n#2 Coco, lo reemplaza Chochi\r\n#3 Seba, lo reemplaza Chochi\r\n#4 Tomi, lo reemplaza Seba', 0, 1, 60, '2011-09-13', 0);

-- --------------------------------------------------------

--
-- Estructura de tabla para la tabla `club`
--

CREATE TABLE IF NOT EXISTS `club` (
  `id` bigint(20) NOT NULL auto_increment,
  `version` bigint(20) NOT NULL default '0',
  `name` varchar(255) NOT NULL,
  PRIMARY KEY  (`id`),
  UNIQUE KEY `UK_Club_name` (`name`)
) ENGINE=InnoDB  DEFAULT CHARSET=latin1 AUTO_INCREMENT=21 ;

--
-- Volcar la base de datos para la tabla `club`
--

INSERT INTO `club` (`id`, `version`, `name`) VALUES
(1, 0, 'All Boys'),
(2, 0, 'Argentinos Jrs.'),
(3, 0, 'Arsenal'),
(4, 0, 'Atlético Rafaela'),
(5, 0, 'Banfield'),
(6, 0, 'Belgrano (Córdoba)'),
(7, 0, 'Boca Jrs.'),
(8, 0, 'Colón (Santa Fé)'),
(9, 0, 'Estudiantes (La PLata)'),
(10, 0, 'Godoy Cruz (Mendoza)'),
(11, 0, 'Independiente'),
(12, 0, 'Lanús'),
(13, 0, 'Newell''s Old Boys'),
(14, 0, 'Olimpo (Bahía Blanca)'),
(15, 0, 'Racing Club'),
(16, 0, 'San Lorenzo'),
(17, 0, 'San Martín (San Juan)'),
(18, 0, 'Tigre'),
(19, 0, 'Unión (Santa Fé)'),
(20, 0, 'Vélez Sarsfield');

-- --------------------------------------------------------

--
-- Estructura de tabla para la tabla `configuration`
--

CREATE TABLE IF NOT EXISTS `configuration` (
  `id` bigint(20) NOT NULL auto_increment,
  `version` bigint(20) NOT NULL default '0',
  `key_` varchar(255) NOT NULL,
  `value` varchar(255) NOT NULL,
  PRIMARY KEY  (`id`)
) ENGINE=InnoDB  DEFAULT CHARSET=latin1 AUTO_INCREMENT=2 ;

--
-- Volcar la base de datos para la tabla `configuration`
--

INSERT INTO `configuration` (`id`, `version`, `key_`, `value`) VALUES
(1, 3, 'started', 'true');

-- --------------------------------------------------------

--
-- Estructura de tabla para la tabla `match_`
--

CREATE TABLE IF NOT EXISTS `match_` (
  `id` bigint(20) NOT NULL auto_increment,
  `version` bigint(20) NOT NULL default '0',
  `week` bigint(20) NOT NULL,
  `homeClub` bigint(20) NOT NULL,
  `awayClub` bigint(20) NOT NULL,
  `homeGoals` int(11) default NULL,
  `awayGoals` int(11) default NULL,
  `date` date default NULL,
  `time` time default NULL,
  PRIMARY KEY  (`id`),
  KEY `FK_Match_week` (`week`),
  KEY `FK_Match_homeClub` (`homeClub`),
  KEY `FK_Match_awayClub` (`awayClub`)
) ENGINE=InnoDB  DEFAULT CHARSET=latin1 AUTO_INCREMENT=1022 ;

--
-- Volcar la base de datos para la tabla `match_`
--

INSERT INTO `match_` (`id`, `version`, `week`, `homeClub`, `awayClub`, `homeGoals`, `awayGoals`, `date`, `time`) VALUES
(872, 2, 139, 17, 2, 0, 0, NULL, NULL),
(873, 3, 139, 12, 9, 2, 1, NULL, NULL),
(874, 2, 139, 3, 10, 1, 2, NULL, NULL),
(875, 2, 139, 1, 15, 0, 0, NULL, NULL),
(876, 2, 139, 18, 5, 1, 0, NULL, NULL),
(877, 2, 139, 14, 20, 0, 0, NULL, NULL),
(878, 2, 139, 19, 4, 0, 0, NULL, NULL),
(879, 3, 139, 13, 8, 0, 0, NULL, NULL),
(880, 3, 139, 16, 6, 0, 1, NULL, NULL),
(881, 2, 139, 11, 7, 0, 0, NULL, NULL),
(882, 2, 140, 10, 1, 6, 1, NULL, NULL),
(883, 3, 140, 5, 3, 0, 1, NULL, NULL),
(884, 2, 140, 9, 18, 1, 3, NULL, NULL),
(885, 3, 140, 2, 12, 0, 4, NULL, NULL),
(886, 3, 140, 7, 17, 1, 0, NULL, NULL),
(887, 3, 140, 6, 11, 2, 0, NULL, NULL),
(888, 2, 140, 8, 16, 3, 1, NULL, NULL),
(889, 3, 140, 4, 13, 0, 0, NULL, NULL),
(890, 3, 140, 20, 19, 0, 1, NULL, NULL),
(891, 3, 140, 15, 14, 1, 0, NULL, NULL),
(892, 2, 141, 17, 6, 0, 1, NULL, NULL),
(893, 2, 141, 12, 7, 1, 2, NULL, NULL),
(894, 2, 141, 9, 2, 4, 3, NULL, NULL),
(895, 2, 141, 1, 5, 0, 1, NULL, NULL),
(896, 2, 141, 18, 3, 2, 2, NULL, NULL),
(897, 2, 141, 14, 10, 2, 2, NULL, NULL),
(898, 2, 141, 19, 15, 1, 1, NULL, NULL),
(899, 2, 141, 13, 20, 1, 1, NULL, NULL),
(900, 2, 141, 16, 4, 1, 3, NULL, NULL),
(901, 2, 141, 11, 8, 0, 1, NULL, NULL),
(902, 2, 142, 10, 19, 1, 1, NULL, NULL),
(903, 2, 142, 5, 14, 1, 1, NULL, NULL),
(904, 2, 142, 3, 1, 1, 2, NULL, NULL),
(905, 2, 142, 2, 18, 0, 1, NULL, NULL),
(906, 2, 142, 7, 9, 1, 0, NULL, NULL),
(907, 2, 142, 6, 12, 0, 0, NULL, NULL),
(908, 2, 142, 8, 17, 0, 0, NULL, NULL),
(909, 2, 142, 4, 11, 1, 3, NULL, NULL),
(910, 2, 142, 20, 16, 1, 2, NULL, NULL),
(911, 2, 142, 15, 13, 1, 0, NULL, NULL),
(912, 3, 143, 17, 4, 2, 1, NULL, NULL),
(913, 2, 143, 12, 8, 1, 1, NULL, NULL),
(914, 2, 143, 9, 6, 2, 3, NULL, NULL),
(915, 2, 143, 2, 7, 0, 0, NULL, NULL),
(916, 2, 143, 18, 1, 1, 1, NULL, NULL),
(917, 2, 143, 14, 3, 2, 2, NULL, NULL),
(918, 2, 143, 19, 5, 1, 0, NULL, NULL),
(919, 2, 143, 13, 10, 1, 1, NULL, NULL),
(920, 2, 143, 16, 15, 0, 0, NULL, NULL),
(921, 2, 143, 11, 20, 0, 1, NULL, NULL),
(922, 2, 144, 10, 16, 2, 0, NULL, NULL),
(923, 2, 144, 5, 13, 2, 0, NULL, NULL),
(924, 2, 144, 3, 19, 2, 1, NULL, NULL),
(925, 2, 144, 1, 14, 1, 2, NULL, NULL),
(926, 3, 144, 7, 18, 1, 0, NULL, NULL),
(927, 4, 144, 6, 2, 1, 2, NULL, NULL),
(928, 2, 144, 8, 9, 1, 1, NULL, NULL),
(929, 3, 144, 4, 12, 2, 1, NULL, NULL),
(930, 3, 144, 20, 17, 1, 0, NULL, NULL),
(931, 3, 144, 15, 11, 1, 1, NULL, NULL),
(932, 3, 145, 17, 15, 0, 0, NULL, NULL),
(933, 2, 145, 12, 20, 1, 2, NULL, NULL),
(934, 2, 145, 9, 4, 3, 0, NULL, NULL),
(935, 2, 145, 2, 8, 0, 0, NULL, NULL),
(936, 2, 145, 7, 6, 0, 0, NULL, NULL),
(937, 2, 145, 14, 18, 1, 1, NULL, NULL),
(938, 2, 145, 19, 1, 1, 1, NULL, NULL),
(939, 2, 145, 13, 3, 0, 0, NULL, NULL),
(940, 2, 145, 16, 5, 1, 0, NULL, NULL),
(941, 2, 145, 11, 10, 2, 1, NULL, NULL),
(942, 2, 146, 10, 17, 2, 2, NULL, NULL),
(943, 2, 146, 5, 11, 3, 0, NULL, NULL),
(944, 2, 146, 3, 16, 1, 0, NULL, NULL),
(945, 3, 146, 1, 13, 1, 1, NULL, NULL),
(946, 2, 146, 18, 6, 0, 1, NULL, NULL),
(947, 2, 146, 14, 19, 0, 1, NULL, NULL),
(948, 2, 146, 8, 7, 0, 2, NULL, NULL),
(949, 2, 146, 4, 2, 3, 1, NULL, NULL),
(950, 2, 146, 20, 9, 1, 0, NULL, NULL),
(951, 2, 146, 15, 12, 1, 1, NULL, NULL),
(952, 4, 147, 17, 5, 2, 1, NULL, NULL),
(953, 2, 147, 12, 10, 2, 1, NULL, NULL),
(954, 2, 147, 9, 15, 0, 0, NULL, NULL),
(955, 2, 147, 2, 20, 3, 1, NULL, NULL),
(956, 2, 147, 7, 4, 3, 1, NULL, NULL),
(957, 2, 147, 6, 8, 0, 1, NULL, NULL),
(958, 3, 147, 19, 18, 1, 1, NULL, NULL),
(959, 2, 147, 13, 14, 2, 2, NULL, NULL),
(960, 0, 147, 16, 1, NULL, NULL, NULL, NULL),
(961, 2, 147, 11, 3, 0, 0, NULL, NULL),
(962, 2, 148, 10, 9, 3, 1, NULL, NULL),
(963, 2, 148, 5, 12, 1, 2, NULL, NULL),
(964, 2, 148, 3, 17, 2, 0, NULL, NULL),
(965, 2, 148, 1, 11, 2, 2, NULL, NULL),
(966, 2, 148, 18, 8, 2, 1, NULL, NULL),
(967, 3, 148, 14, 16, 1, 1, NULL, NULL),
(968, 2, 148, 19, 13, 2, 1, NULL, NULL),
(969, 2, 148, 4, 6, 0, 0, NULL, NULL),
(970, 3, 148, 20, 7, 0, 0, NULL, NULL),
(971, 3, 148, 15, 2, 1, 0, NULL, NULL),
(972, 2, 149, 17, 1, 0, 0, NULL, NULL),
(973, 2, 149, 12, 3, 0, 1, NULL, NULL),
(974, 1, 149, 9, 5, 0, 1, NULL, NULL),
(975, 2, 149, 2, 10, 1, 0, NULL, NULL),
(976, 2, 149, 7, 15, 0, 0, NULL, NULL),
(977, 2, 149, 6, 20, 1, 3, NULL, NULL),
(978, 2, 149, 8, 4, 1, 0, NULL, NULL),
(979, 2, 149, 13, 18, 0, 1, NULL, NULL),
(980, 2, 149, 16, 19, 0, 1, NULL, NULL),
(981, 2, 149, 11, 14, 3, 0, NULL, NULL),
(982, 2, 150, 10, 7, 1, 2, NULL, NULL),
(983, 2, 150, 5, 2, 2, 2, NULL, NULL),
(984, 2, 150, 3, 9, 1, 2, NULL, NULL),
(985, 2, 150, 1, 12, 0, 0, NULL, NULL),
(986, 2, 150, 18, 4, 3, 0, NULL, NULL),
(987, 2, 150, 14, 17, 0, 3, NULL, NULL),
(988, 2, 150, 19, 11, 0, 0, NULL, NULL),
(989, 2, 150, 13, 16, 0, 0, NULL, NULL),
(990, 3, 150, 20, 8, 1, 1, NULL, NULL),
(991, 2, 150, 15, 6, 2, 3, NULL, NULL),
(992, 2, 151, 17, 19, 2, 0, NULL, NULL),
(993, 3, 151, 12, 14, 0, 0, NULL, NULL),
(994, 2, 151, 9, 1, 3, 0, NULL, NULL),
(995, 2, 151, 2, 3, 2, 1, NULL, NULL),
(996, 2, 151, 7, 5, 3, 0, NULL, NULL),
(997, 2, 151, 6, 10, 1, 1, NULL, NULL),
(998, 2, 151, 8, 15, 0, 2, NULL, NULL),
(999, 2, 151, 4, 20, 2, 0, NULL, NULL),
(1000, 2, 151, 16, 18, 1, 0, NULL, NULL),
(1001, 3, 151, 11, 13, 1, 1, NULL, NULL),
(1002, 2, 152, 10, 8, 0, 1, NULL, NULL),
(1003, 2, 152, 5, 6, 0, 2, NULL, NULL),
(1004, 2, 152, 3, 7, 2, 2, NULL, NULL),
(1005, 2, 152, 1, 2, 1, 0, NULL, NULL),
(1006, 2, 152, 18, 20, 1, 3, NULL, NULL),
(1007, 2, 152, 14, 9, 0, 0, NULL, NULL),
(1008, 2, 152, 19, 12, 0, 1, NULL, NULL),
(1009, 2, 152, 13, 17, 0, 0, NULL, NULL),
(1010, 2, 152, 16, 11, 0, 1, NULL, NULL),
(1011, 2, 152, 15, 4, 1, 0, NULL, NULL),
(1012, 2, 153, 17, 16, 1, 0, NULL, NULL),
(1013, 2, 153, 12, 13, 2, 2, NULL, NULL),
(1014, 2, 153, 9, 19, 2, 0, NULL, NULL),
(1015, 2, 153, 2, 14, 1, 0, NULL, NULL),
(1016, 2, 153, 7, 1, 1, 0, NULL, NULL),
(1017, 2, 153, 6, 3, 1, 0, NULL, NULL),
(1018, 2, 153, 8, 5, 4, 1, NULL, NULL),
(1019, 2, 153, 4, 10, 0, 2, NULL, NULL),
(1020, 2, 153, 20, 15, 1, 0, NULL, NULL),
(1021, 2, 153, 11, 18, 2, 1, NULL, NULL);

-- --------------------------------------------------------

--
-- Estructura de tabla para la tabla `player`
--

CREATE TABLE IF NOT EXISTS `player` (
  `id` bigint(20) NOT NULL auto_increment,
  `version` bigint(20) NOT NULL default '0',
  `firstname` varchar(255) NOT NULL,
  `lastname` varchar(255) NOT NULL,
  `number` int(2) default NULL,
  `club` bigint(20) NOT NULL,
  `position` bigint(20) NOT NULL,
  `value` varchar(255) NOT NULL,
  `selected` tinyint(1) NOT NULL default '0',
  PRIMARY KEY  (`id`),
  KEY `FK_Player_club` (`club`),
  KEY `FK_Player_position` (`position`)
) ENGINE=InnoDB  DEFAULT CHARSET=latin1 AUTO_INCREMENT=635 ;

--
-- Volcar la base de datos para la tabla `player`
--

INSERT INTO `player` (`id`, `version`, `firstname`, `lastname`, `number`, `club`, `position`, `value`, `selected`) VALUES
(1, 0, 'Walter', 'Acevedo', 0, 5, 3, '2', 1),
(2, 0, 'Jorge', 'Achucarro', 0, 5, 4, '2', 0),
(3, 0, 'David', 'Achucarro', 0, 7, 2, '1', 0),
(4, 0, 'Joel', 'Acosta', 0, 7, 4, '1', 0),
(5, 0, 'Ricardo', 'Acosta', 0, 19, 3, '1', 0),
(6, 0, 'Alan', 'Aguerre', 0, 20, 1, '1', 1),
(7, 0, 'Pablo César', 'Aguilar', 0, 3, 2, '1', 0),
(8, 0, 'Emanuel', 'Aguilera', 0, 10, 2, '1', 0),
(9, 0, 'Nicolás', 'Aguirre', 0, 3, 3, '1', 0),
(10, 0, 'Gastón', 'Aguirre', 0, 16, 2, '1', 0),
(11, 0, 'Marcos', 'Aguirre', 0, 17, 3, '1', 0),
(12, 0, 'Lucas', 'Alario', 0, 8, 4, '1', 0),
(13, 0, 'Damián', 'Albil', 0, 9, 1, '1', 0),
(14, 0, 'Federico', 'Almerares', 0, 6, 4, '1', 0),
(15, 0, 'Sergio', 'Almirón', 0, 13, 4, '1', 0),
(16, 0, 'Pablo', 'Alvarado', 0, 16, 3, '1', 0),
(17, 0, 'Cristian', 'Alvarez', 0, 17, 3, '1', 0),
(18, 0, 'Nicolás', 'Amerise', 0, 19, 4, '1', 0),
(19, 0, 'Esteban', 'Andrada', 0, 12, 1, '1', 0),
(20, 0, 'Martín', 'Antoniazzi', 0, 19, 2, '1', 0),
(21, 0, 'Víctor', 'Aquino', 0, 13, 4, '1', 0),
(22, 0, 'Arturo David', 'Aquino', 0, 14, 2, '1', 0),
(23, 0, 'Sergio', 'Araujo', 0, 7, 4, '1', 0),
(24, 0, 'Carlos', 'Araujo', 0, 12, 2, '1', 1),
(25, 0, 'Ignacio', 'Arce', 0, 19, 1, '1', 0),
(26, 0, 'Luis', 'Ardente', 0, 17, 1, '1', 0),
(27, 0, 'Adrián', 'Argachá', 0, 11, 2, '1', 0),
(28, 0, 'Gabriel', 'Arias', 0, 14, 1, '1', 0),
(29, 0, 'Joaquín', 'Arzura', 0, 18, 3, '1', 0),
(30, 0, 'Fabián', 'Assmann', 0, 11, 1, '2', 0),
(31, 0, 'Luciano', 'Aued', 0, 15, 3, '2', 0),
(32, 0, 'Diego', 'Auzqui', 0, 9, 3, '1', 0),
(33, 0, 'Carlos', 'Auzqui', 0, 9, 4, '1', 0),
(34, 0, 'Lucas', 'Aveldaño', 0, 15, 2, '1', 1),
(35, 0, 'Juan', 'Avendaño', 0, 19, 2, '1', 1),
(36, 0, 'Néstor', 'Ayala', 0, 17, 4, '1', 0),
(37, 0, 'Cristian', 'Báez', 0, 11, 2, '1', 0),
(38, 0, 'Andrés', 'Bailo', 0, 8, 1, '1', 0),
(39, 0, 'Luciano', 'Balbi', 0, 12, 2, '1', 0),
(40, 0, 'Alejandro', 'Bárbaro', 0, 5, 3, '1', 0),
(41, 0, 'Guido', 'Barceló', 0, 10, 4, '1', 0),
(42, 0, 'Ignacio', 'Barcia', 0, 11, 2, '1', 0),
(43, 0, 'Néstor', 'Bareiro', 0, 14, 4, '1', 1),
(44, 0, 'Hugo', 'Bargas', 0, 1, 4, '1', 0),
(45, 0, 'Diego', 'Barisone', 0, 19, 2, '1', 0),
(46, 0, 'Marcelo', 'Barovero', 0, 20, 1, '2', 1),
(47, 0, 'Jerónimo', 'Barrales', 0, 19, 4, '1', 1),
(48, 0, 'Julio', 'Barraza', 0, 8, 2, '1', 0),
(49, 0, 'Leandro', 'Barrera', 0, 2, 4, '1', 0),
(50, 0, 'Hugo', 'Barrientos', 0, 1, 3, '1', 1),
(51, 0, 'Fernando', 'Barrientos', 0, 12, 3, '1', 0),
(52, 0, 'Pier Miqueas', 'Barrios', 0, 6, 2, '1', 0),
(53, 0, 'Pablo', 'Barzola', 0, 2, 2, '1', 1),
(54, 0, 'Adrián', 'Bastía', 0, 8, 3, '1', 0),
(55, 0, 'Germán', 'Basualdo', 0, 2, 3, '1', 0),
(56, 0, 'Matías', 'Batista', 0, 1, 2, '1', 0),
(57, 0, 'Sebastián', 'Battaglia', 0, 7, 3, '2', 0),
(58, 0, 'Roberto', 'Battión', 0, 11, 3, '1', 0),
(59, 0, 'Nicolás', 'Bauchet', 0, 5, 4, '1', 0),
(60, 0, 'Gonzalo', 'Bazán', 0, 16, 3, '1', 0),
(61, 0, 'Iván', 'Bella', 0, 20, 3, '1', 1),
(62, 0, 'Darío', 'Benedetto', 0, 3, 4, '1', 0),
(63, 0, 'Leandro Damián', 'Benítez', 0, 9, 3, '2', 0),
(64, 0, 'Nelson', 'Benítez', 0, 9, 2, '1', 0),
(65, 0, 'Oscar', 'Benítez', 0, 12, 3, '1', 0),
(66, 0, 'Marcos', 'Benítez', 0, 13, 2, '1', 0),
(67, 0, 'Nahuel', 'Benítez', 0, 16, 4, '1', 0),
(68, 0, 'Nicolás', 'Berardo', 0, 2, 2, '1', 0),
(69, 0, 'Lucas', 'Bernardi', 0, 13, 3, '2', 1),
(70, 0, 'Nicolás', 'Bianchi Arce', 0, 16, 2, '1', 0),
(71, 0, 'Mariano Ezequiel', 'Bittolo', 0, 20, 2, '1', 0),
(72, 0, 'Gustavo', 'Blanco Leschuk', 0, 3, 4, '1', 0),
(73, 0, 'Nicolás', 'Blandi', 0, 7, 4, '1', 0),
(74, 0, 'Juan Carlos', 'Blengio', 0, 18, 2, '1', 0),
(75, 0, 'Mauro', 'Bogado', 0, 17, 3, '1', 1),
(76, 0, 'Enrique', 'Bologna', 0, 19, 1, '1', 1),
(77, 0, 'Luciano', 'Bonomo', 0, 9, 2, '1', 0),
(78, 0, 'Mauro', 'Boselli', 0, 9, 4, '3', 1),
(79, 0, 'Rubén', 'Botta', 0, 18, 3, '1', 0),
(80, 0, 'Jonathan', 'Bottinelli', 0, 16, 2, '2', 1),
(81, 0, 'Gonzalo', 'Bozzoni', 0, 16, 2, '1', 0),
(82, 0, 'Diego', 'Braghieri', 0, 12, 2, '1', 0),
(83, 0, 'Rodrigo', 'Braña', 0, 9, 3, '2', 1),
(84, 0, 'Ariel', 'Broggi', 0, 5, 2, '1', 0),
(85, 0, 'Roberto', 'Brum', 0, 2, 3, '1', 0),
(86, 0, 'Nicolás', 'Bruna', 0, 19, 3, '1', 0),
(87, 0, 'Guillermo', 'Burdisso', 0, 3, 2, '2', 1),
(88, 0, 'Javier', 'Burrai', 0, 3, 1, '1', 0),
(89, 0, 'Walter', 'Busse', 0, 11, 3, '1', 0),
(90, 0, 'Marcelo', 'Bustamante', 0, 5, 2, '1', 0),
(91, 0, 'Maximiliano', 'Bustos', 0, 17, 3, '1', 0),
(92, 0, 'Alejandro', 'Cabral', 0, 20, 3, '1', 0),
(93, 0, 'Gonzalo', 'Cabrera', 0, 10, 3, '1', 1),
(94, 0, 'Nicolás', 'Cabrera', 0, 11, 3, '1', 0),
(95, 0, 'Rafael', 'Cabrera', 0, 16, 3, '1', 0),
(96, 0, 'Samuel', 'Cáceres', 0, 11, 2, '1', 0),
(97, 0, 'Marcos', 'Cáceres', 0, 15, 2, '1', 0),
(98, 0, 'Germán', 'Cáceres', 0, 4, 3, '1', 0),
(99, 0, 'Juan Pablo', 'Caffa', 0, 3, 3, '2', 0),
(100, 0, 'Leonel', 'Cafferatti', 0, 15, 1, '1', 0),
(101, 0, 'Matías', 'Cahais', 0, 15, 2, '2', 1),
(102, 0, 'Maximiliano', 'Caire', 0, 8, 2, '1', 0),
(103, 0, 'Néstor', 'Camacho', 0, 13, 3, '1', 0),
(104, 0, 'Alejandro', 'Camargo', 0, 10, 3, '1', 0),
(105, 0, 'Nicolás', 'Cambiasso', 0, 1, 1, '1', 1),
(106, 0, 'Mauro', 'Camoranesi', 0, 12, 3, '2', 1),
(107, 0, 'Cristian', 'Campestrini', 0, 3, 1, '2', 0),
(108, 0, 'Salustiano', 'Candia', 0, 8, 2, '1', 0),
(109, 0, 'Pablo', 'Cantero', 0, 17, 3, '1', 0),
(110, 0, 'Héctor', 'Canteros', 0, 20, 3, '2', 1),
(111, 0, 'Damián', 'Canuto', 0, 17, 3, '1', 0),
(112, 0, 'Nicolás', 'Capellino', 0, 4, 4, '1', 0),
(113, 0, 'Gastón', 'Caprari', 0, 17, 4, '1', 0),
(114, 0, 'Nicolás', 'Caprio', 0, 19, 1, '1', 0),
(115, 0, 'Matías', 'Carabajal', 0, 17, 3, '1', 0),
(116, 0, 'Mauricio', 'Caranta', 0, 12, 1, '2', 0),
(117, 0, 'Carlos', 'Carbonero', 0, 9, 3, '2', 1),
(118, 0, 'Ezequiel', 'Carboni', 0, 5, 3, '1', 0),
(119, 0, 'Juan Pablo', 'Cárdenas', 0, 19, 2, '1', 0),
(120, 0, 'Giancarlo', 'Carmona', 0, 16, 2, '1', 0),
(121, 0, 'Oscar', 'Carniello', 0, 4, 2, '1', 0),
(122, 0, 'César', 'Carranza', 0, 12, 4, '1', 1),
(123, 0, 'Jorge', 'Carranza', 0, 4, 1, '1', 0),
(124, 0, 'Javier', 'Carrasco', 0, 18, 3, '1', 0),
(125, 0, 'Sebastián', 'Carrera', 0, 4, 3, '1', 0),
(126, 0, 'Guido', 'Carrillo', 0, 9, 4, '1', 0),
(127, 0, 'Marcelo', 'Carrusca', 0, 17, 3, '2', 0),
(128, 0, 'Leandro', 'Caruso', 0, 10, 4, '2', 0),
(129, 0, 'Matías', 'Caruzzo', 0, 7, 2, '2', 0),
(130, 0, 'Eduardo', 'Casais', 0, 14, 2, '1', 0),
(131, 0, 'Diego', 'Castaño', 0, 18, 3, '2', 0),
(132, 0, 'Carlos', 'Casteglione', 0, 18, 2, '1', 0),
(133, 0, 'Jairo', 'Castillo', 0, 11, 4, '1', 0),
(134, 0, 'Facundo', 'Castillón', 0, 10, 4, '1', 0),
(135, 0, 'Lucas', 'Castro', 0, 15, 3, '2', 1),
(136, 0, 'Nicolás', 'Castro', 0, 4, 3, '1', 1),
(137, 0, 'Lucas', 'Ceballos', 0, 10, 2, '1', 0),
(138, 0, 'Cristian', 'Cellay', 0, 9, 2, '2', 1),
(139, 0, 'Gastón', 'Cellerino', 0, 15, 3, '1', 0),
(140, 0, 'Christian', 'Cepeda', 0, 3, 2, '1', 0),
(141, 0, 'Francisco', 'Cerro', 0, 20, 3, '1', 0),
(142, 0, 'Nereo', 'Champagne', 0, 16, 1, '1', 1),
(143, 0, 'Cristian', 'Chávez', 0, 7, 3, '2', 1),
(144, 0, 'Christian', 'Chávez', 0, 16, 4, '1', 0),
(145, 0, 'Javier', 'Chevantón', 0, 8, 4, '2', 1),
(146, 0, 'Gino', 'Clara', 0, 11, 4, '1', 0),
(147, 0, 'Juan Manuel', 'Cobo', 0, 3, 3, '1', 0),
(148, 0, 'Nicolás', 'Colazo', 0, 7, 3, '1', 1),
(149, 0, 'Gabriel', 'Colombatti', 0, 15, 2, '1', 0),
(150, 0, 'Ignacio', 'Colombini', 0, 15, 4, '1', 0),
(151, 0, 'Armando', 'Cooper', 0, 10, 3, '1', 0),
(152, 0, 'Jherson', 'Córdoba', 0, 4, 3, '1', 0),
(153, 0, 'Facundo', 'Coria', 0, 9, 3, '2', 0),
(154, 0, 'Maximiliano', 'Coronel', 0, 1, 2, '1', 0),
(155, 0, 'Nicolás', 'Correa', 0, 19, 2, '1', 0),
(156, 0, 'Jorge Iván', 'Correa', 0, 20, 3, '1', 0),
(157, 0, 'Leonardo', 'Corti', 0, 17, 1, '1', 0),
(158, 0, 'Tomás', 'Costa', 0, 8, 3, '2', 1),
(159, 0, 'Agustín', 'Cousillas', 0, 18, 1, '1', 0),
(160, 0, 'Fabián', 'Cubero', 0, 20, 3, '2', 0),
(161, 0, 'Víctor', 'Cuesta', 0, 3, 2, '1', 0),
(162, 0, 'Jorge', 'Curbelo', 0, 10, 2, '1', 1),
(163, 0, 'Facundo', 'Curuchet', 0, 8, 4, '1', 0),
(164, 0, 'Darío', 'Cvitanich', 0, 7, 4, '2', 1),
(165, 0, 'Israel', 'Damonte', 0, 10, 3, '1', 1),
(166, 0, 'Sebastián', 'D''Angelo', 0, 7, 1, '1', 0),
(167, 0, 'Jorge', 'De Olivera', 0, 15, 1, '1', 0),
(168, 0, 'Diego', 'De Souza', 0, 5, 3, '1', 0),
(169, 0, 'Matías', 'Defederico', 0, 11, 4, '2', 0),
(170, 0, 'Alejandro', 'Delfino', 0, 5, 2, '1', 0),
(171, 0, 'Nicolás', 'Delmonte', 0, 11, 4, '1', 0),
(172, 0, 'Leandro', 'Desábato', 0, 9, 2, '2', 0),
(173, 0, 'Leandro Luis', 'Desábato', 0, 20, 3, '1', 0),
(174, 0, 'José', 'Devaca', 0, 5, 2, '1', 0),
(175, 0, 'Lucas', 'Di Grazia', 0, 1, 1, '1', 0),
(176, 0, 'Matías', 'Di Gregorio', 0, 4, 2, '1', 0),
(177, 0, 'Marcos', 'Díaz', 0, 8, 1, '1', 0),
(178, 0, 'Leandro', 'Díaz', 0, 12, 4, '1', 0),
(179, 0, 'Cristian', 'Díaz', 0, 13, 3, '1', 0),
(180, 0, 'Gabriel', 'Díaz', 0, 14, 2, '1', 0),
(181, 0, 'Gastón', 'Díaz', 0, 18, 3, '1', 1),
(182, 0, 'Gastón', 'Díaz', 0, 20, 2, '1', 0),
(183, 0, 'Mauro', 'Dobler', 0, 15, 1, '1', 0),
(184, 0, 'Eduardo', 'Domínguez', 0, 1, 2, '1', 1),
(185, 0, 'Sebastián', 'Domínguez', 0, 20, 2, '3', 0),
(186, 0, 'Mauro', 'Dos Santos', 0, 5, 2, '1', 1),
(187, 0, 'Francisco', 'Dutari', 0, 4, 2, '1', 0),
(188, 0, 'Mariano', 'Echeverría', 0, 18, 2, '2', 1),
(189, 0, 'Juan', 'Eluchans', 0, 5, 3, '1', 0),
(190, 0, 'Cristian', 'Erbes', 0, 7, 3, '1', 0),
(191, 0, 'Rodrigo', 'Erramuspe', 0, 19, 2, '1', 0),
(192, 0, 'Walter', 'Erviti', 0, 7, 3, '2', 1),
(193, 0, 'Matías', 'Escalante', 0, 1, 3, '1', 0),
(194, 0, 'Matías', 'Escobar', 0, 18, 3, '1', 0),
(195, 0, 'Sergio', 'Escudero', 0, 2, 2, '1', 0),
(196, 0, 'Gastón', 'Esmerado', 0, 3, 3, '1', 0),
(197, 0, 'Gonzalo', 'Espinoza', 0, 15, 3, '1', 0),
(198, 0, 'Iván', 'Etevenaux', 0, 6, 3, '1', 0),
(199, 0, 'Emir', 'Faccioli', 0, 14, 2, '1', 0),
(200, 0, 'Juan Carlos', 'Falcón', 0, 10, 3, '1', 0),
(201, 0, 'Federico', 'Falcone', 0, 13, 4, '1', 0),
(202, 0, 'Lorenzo', 'Faravelli', 0, 13, 3, '1', 0),
(203, 0, 'Luis Carlos', 'Fariña', 0, 15, 3, '1', 0),
(204, 0, 'Guillermo', 'Farré', 0, 6, 3, '1', 0),
(205, 0, 'Nereo', 'Fernández', 0, 2, 1, '1', 0),
(206, 0, 'Gastón', 'Fernández', 0, 9, 4, '3', 0),
(207, 0, 'José Luis', 'Fernández', 0, 9, 3, '2', 0),
(208, 0, 'Mauro', 'Fernández', 0, 9, 4, '1', 0),
(209, 0, 'Juan', 'Fernández', 0, 4, 2, '1', 0),
(210, 0, 'Julián', 'Fernández', 0, 4, 2, '1', 0),
(211, 0, 'Alexis', 'Fernández', 0, 19, 3, '1', 0),
(212, 0, 'Augusto', 'Fernández', 0, 20, 3, '3', 0),
(213, 0, 'Guillermo', 'Ferragutti', 0, 13, 2, '1', 0),
(214, 0, 'Jonathan', 'Ferrari', 0, 16, 2, '1', 0),
(215, 0, 'Brian', 'Ferreira', 0, 20, 3, '1', 0),
(216, 0, 'Juan Carlos', 'Ferreyra', 0, 1, 4, '1', 0),
(217, 0, 'Facundo', 'Ferreyra', 0, 5, 4, '2', 1),
(218, 0, 'Juan Pablo', 'Ferreyra', 0, 5, 1, '1', 0),
(219, 0, 'Osmar', 'Ferreyra', 0, 11, 3, '2', 0),
(220, 0, 'Ignacio', 'Fideleff', 0, 13, 2, '1', 1),
(221, 0, 'Tobías', 'Figueroa', 0, 6, 4, '1', 0),
(222, 0, 'Víctor', 'Figueroa', 0, 13, 3, '2', 1),
(223, 0, 'Matías', 'Fissore', 0, 4, 3, '1', 0),
(224, 0, 'Santiago', 'Fogst', 0, 8, 2, '1', 0),
(225, 0, 'Fabricio', 'Fontanini', 0, 4, 2, '1', 0),
(226, 0, 'Guillermo', 'Franco', 0, 10, 2, '1', 0),
(227, 0, 'Guillermo', 'Franco', 0, 20, 4, '2', 1),
(228, 0, 'Andrés', 'Franzoia', 0, 14, 4, '1', 0),
(229, 0, 'Hernán', 'Fredes', 0, 11, 3, '2', 0),
(230, 0, 'Federico', 'Freire', 0, 20, 3, '1', 0),
(231, 0, 'Matías', 'Fritzler', 0, 12, 3, '2', 1),
(232, 0, 'Diego', 'Ftacla', 0, 18, 4, '1', 0),
(233, 0, 'Diego', 'Fuentes', 0, 1, 2, '1', 0),
(234, 0, 'Esteban', 'Fuertes', 0, 8, 4, '3', 0),
(235, 0, 'Julio', 'Furch', 0, 14, 4, '1', 0),
(236, 0, 'Adrián', 'Gabbarini', 0, 11, 1, '1', 0),
(237, 0, 'Walter', 'Gaitán', 0, 4, 3, '2', 1),
(238, 0, 'Marcos', 'Galarza', 0, 17, 2, '1', 0),
(239, 0, 'Leonel', 'Galeano', 0, 11, 2, '1', 0),
(240, 0, 'Martín', 'Galmarini', 0, 18, 3, '1', 0),
(241, 0, 'Diego', 'Galván', 0, 9, 3, '1', 0),
(242, 0, 'Darío', 'Gandín', 0, 4, 4, '2', 1),
(243, 0, 'Orlando', 'Gaona Lugo', 0, 7, 4, '1', 0),
(244, 0, 'Ariel', 'Garcé', 0, 8, 2, '2', 0),
(245, 0, 'Zelmar', 'García', 0, 10, 2, '1', 0),
(246, 0, 'Gonzalo', 'García', 0, 15, 2, '1', 0),
(247, 0, 'Diego', 'García', 0, 17, 4, '1', 0),
(248, 0, 'Javier', 'García', 0, 18, 1, '2', 0),
(249, 0, 'Danilo', 'Gerlo', 0, 3, 2, '1', 0),
(250, 0, 'Emmanuel', 'Gigliotti', 0, 16, 4, '3', 1),
(251, 0, 'Matías', 'Giménez', 0, 7, 3, '1', 0),
(252, 0, 'Dylan', 'Gissi', 0, 9, 2, '1', 0),
(253, 0, 'Fernando', 'Godoy', 0, 11, 3, '1', 0),
(254, 0, 'Paolo Duval', 'Goltz', 0, 12, 2, '2', 1),
(255, 0, 'Jonatan', 'Gómez', 0, 5, 3, '1', 0),
(256, 0, 'Adrián', 'González', 0, 3, 2, '2', 1),
(257, 0, 'Esteban', 'González', 0, 6, 3, '1', 1),
(258, 0, 'Fernando', 'González', 0, 6, 2, '1', 0),
(259, 0, 'Leandro', 'González', 0, 8, 4, '1', 1),
(260, 0, 'Mariano', 'González', 0, 9, 3, '2', 1),
(261, 0, 'Diego', 'González', 0, 12, 3, '1', 0),
(262, 0, 'Cristian', 'González', 0, 13, 4, '1', 0),
(263, 0, 'Federico', 'González', 0, 4, 4, '1', 1),
(264, 0, 'Sebastián', 'González', 0, 16, 3, '1', 0),
(265, 0, 'Cristian', 'Grabinski', 0, 17, 2, '1', 1),
(266, 0, 'Leandro', 'Gracián', 0, 7, 3, '1', 0),
(267, 0, 'Gabriel', 'Graciani', 0, 8, 3, '1', 0),
(268, 0, 'Claudio', 'Graf', 0, 17, 4, '1', 0),
(269, 0, 'Hernán', 'Grana', 0, 6, 2, '1', 0),
(270, 0, 'Franco', 'Grassi', 0, 5, 1, '1', 0),
(271, 0, 'Julián', 'Guillermo Rojas', 0, 5, 3, '1', 0),
(272, 0, 'Gastón', 'Guruceaga', 0, 13, 2, '1', 0),
(273, 0, 'Teófilo', 'Gutiérrez', 0, 15, 4, '3', 1),
(274, 0, 'Fernando', 'Gutiérrez', 0, 16, 3, '1', 0),
(275, 0, 'Nahuel', 'Guzmán', 0, 13, 1, '1', 0),
(276, 0, 'Gabriel', 'Hauche', 0, 15, 4, '2', 1),
(277, 0, 'Carlos', 'Henneberg', 0, 12, 4, '1', 0),
(278, 0, 'Juan Pablo', 'Heredia', 0, 6, 1, '1', 0),
(279, 0, 'Emilio', 'Hernández', 0, 2, 3, '1', 1),
(280, 0, 'Pablo', 'Hernández', 0, 2, 3, '1', 0),
(281, 0, 'Federico', 'Higuaín', 0, 8, 4, '2', 0),
(282, 0, 'Michael', 'Hoyos', 0, 9, 3, '1', 0),
(283, 0, 'Lucas', 'Hoyos', 0, 13, 1, '1', 0),
(284, 0, 'Jefferson', 'Hurtado', 0, 2, 2, '1', 0),
(285, 0, 'Nelson', 'Ibáñez', 0, 10, 1, '1', 0),
(286, 0, 'Matías', 'Ibáñez', 0, 14, 1, '1', 0),
(287, 0, 'Raúl', 'Iberbia', 0, 9, 2, '1', 1),
(288, 0, 'Juan Martín', 'Imbert', 0, 7, 4, '1', 0),
(289, 0, 'Juan Manuel', 'Insaurralde', 0, 7, 2, '2', 0),
(290, 0, 'Hugo', 'Iriarte', 0, 4, 2, '1', 0),
(291, 0, 'Daniel', 'Islas', 0, 18, 1, '1', 0),
(292, 0, 'Kevin Fabián', 'Itabel', 0, 18, 3, '1', 0),
(293, 0, 'Carlos', 'Izquierdoz', 0, 12, 2, '1', 1),
(294, 0, 'Leonardo', 'Jara', 0, 9, 3, '1', 0),
(295, 0, 'Pablo', 'Jerez', 0, 14, 2, '1', 0),
(296, 0, 'Iván', 'Juárez', 0, 4, 3, '1', 1),
(297, 0, 'Enzo', 'Kalinski', 0, 16, 3, '1', 1),
(298, 0, 'Lucas', 'Kruspzky', 0, 11, 2, '1', 0),
(299, 0, 'Luciano', 'Kummer', 0, 8, 2, '1', 0),
(300, 0, 'Matías', 'Laba', 0, 2, 3, '1', 1),
(301, 0, 'Santiago', 'Ladino', 0, 5, 2, '1', 0),
(302, 0, 'Luis', 'Lagrutta', 0, 4, 3, '1', 0),
(303, 0, 'César', 'Lamanna', 0, 16, 4, '1', 0),
(304, 0, 'Franco', 'Lanaro', 0, 18, 4, '1', 0),
(305, 0, 'Lucas', 'Landa', 0, 17, 2, '1', 1),
(306, 0, 'Maximiliano', 'Laso', 0, 5, 3, '1', 0),
(307, 0, 'Joaquín', 'Laso', 0, 18, 2, '1', 0),
(308, 0, 'Cristian', 'Ledesma', 0, 8, 3, '1', 0),
(309, 0, 'Eduardo', 'Ledesma', 0, 12, 3, '1', 0),
(310, 0, 'Luciano', 'Leguizamón', 0, 3, 4, '2', 1),
(311, 0, 'Leandro', 'Leguizamón', 0, 18, 4, '1', 0),
(312, 0, 'Cristian', 'Lema', 0, 18, 2, '1', 0),
(313, 0, 'Alejandro', 'Lembo', 0, 6, 2, '1', 1),
(314, 0, 'Ramiro', 'Leone', 0, 18, 3, '1', 0),
(315, 0, 'Germán', 'Lesman', 0, 8, 4, '1', 0),
(316, 0, 'Bernardo', 'Leyenda', 0, 1, 1, '1', 0),
(317, 0, 'Lucas', 'Licht', 0, 15, 2, '2', 1),
(318, 0, 'Pablo', 'Lima', 0, 8, 2, '1', 0),
(319, 0, 'Alejandro', 'Limia', 0, 19, 1, '1', 0),
(320, 0, 'Marcos', 'Litre', 0, 14, 4, '1', 0),
(321, 0, 'Braian', 'Lluy', 0, 15, 2, '1', 0),
(322, 0, 'Luciano', 'Lollo', 0, 6, 2, '1', 0),
(323, 0, 'Víctor David', 'López', 0, 1, 3, '1', 0),
(324, 0, 'Lisandro', 'López', 0, 3, 2, '3', 0),
(325, 0, 'Víctor', 'López', 0, 5, 2, '2', 0),
(326, 0, 'Hernán Rodrigo', 'López', 0, 5, 4, '2', 0),
(327, 0, 'Sergio', 'López', 0, 10, 3, '1', 0),
(328, 0, 'Nicolás', 'López', 0, 4, 4, '1', 0),
(329, 0, 'Cristian', 'Lucchetti', 0, 5, 1, '2', 0),
(330, 0, 'Adrián', 'Lucero', 0, 14, 3, '1', 0),
(331, 0, 'Abel', 'Luciatti', 0, 16, 2, '1', 0),
(332, 0, 'Rodrigo', 'Lugo', 0, 2, 1, '1', 0),
(333, 0, 'Pablo', 'Lugüercio', 0, 15, 4, '2', 0),
(334, 0, 'Sebastián', 'Luna', 0, 16, 2, '1', 0),
(335, 0, 'Carlos', 'Luna', 0, 18, 4, '2', 0),
(336, 0, 'Carlos', 'Luque', 0, 8, 4, '1', 0),
(337, 0, 'Alexis', 'Machuca', 0, 13, 2, '1', 0),
(338, 0, 'Gerardo', 'Maciel', 0, 5, 3, '1', 0),
(339, 0, 'Ezequiel', 'Maggiolo', 0, 18, 4, '2', 0),
(340, 0, 'Pablo', 'Magnín', 0, 19, 4, '1', 0),
(341, 0, 'Mauro', 'Maidana', 0, 19, 2, '1', 0),
(342, 0, 'Juan Carlos', 'Maldonado', 0, 6, 3, '1', 0),
(343, 0, 'Lucas', 'Mancinelli', 0, 12, 2, '1', 0),
(344, 0, 'Federico', 'Mancuello', 0, 6, 3, '1', 0),
(345, 0, 'César', 'Mansanelli', 0, 6, 3, '1', 0),
(346, 0, 'Agustín', 'Marchesín', 0, 12, 1, '2', 1),
(347, 0, 'Iván', 'Marcone', 0, 3, 3, '1', 0),
(348, 0, 'Leandro Lucas', 'Marín', 0, 7, 2, '1', 0),
(349, 0, 'Francisco', 'Martínez', 0, 1, 2, '1', 0),
(350, 0, 'Matías', 'Martínez', 0, 15, 2, '2', 1),
(351, 0, 'Diego', 'Martínez', 0, 16, 4, '1', 0),
(352, 0, 'Adrián', 'Martínez', 0, 16, 2, '1', 0),
(353, 0, 'Román', 'Martínez', 0, 18, 3, '2', 1),
(354, 0, 'Nicolás', 'Martínez', 0, 18, 2, '1', 0),
(355, 0, 'Juan Manuel', 'Martínez', 0, 20, 4, '3', 1),
(356, 0, 'Emmanuel', 'Mas', 0, 17, 2, '1', 1),
(357, 0, 'Ezequiel', 'Mastrolía', 0, 16, 1, '1', 0),
(358, 0, 'Diego', 'Mateo', 0, 13, 3, '1', 1),
(359, 0, 'Carlos', 'Matheu', 0, 11, 2, '2', 0),
(360, 0, 'Mauro', 'Matos', 0, 1, 4, '2', 1),
(361, 0, 'Francisco', 'Mattia', 0, 17, 2, '1', 0),
(362, 0, 'Juan Alberto', 'Mauri', 0, 14, 3, '1', 0),
(363, 0, 'Lucas', 'Melano', 0, 6, 4, '1', 0),
(364, 0, 'Jesús', 'Méndez', 0, 7, 3, '2', 0),
(365, 0, 'Gabriel', 'Méndez', 0, 16, 4, '2', 1),
(366, 0, 'Gonzalo', 'Menéndez', 0, 3, 2, '1', 0),
(367, 0, 'Lucas', 'Menossi', 0, 18, 3, '1', 0),
(368, 0, 'Juan Carlos', 'Menseguez', 0, 16, 4, '2', 0),
(369, 0, 'Gabriel', 'Mercado', 0, 9, 2, '2', 0),
(370, 0, 'Fernando', 'Meza', 0, 16, 2, '1', 0),
(371, 0, 'Pablo', 'Migliore', 0, 16, 1, '2', 1),
(372, 0, 'Pablo', 'Miguez', 0, 19, 3, '1', 0),
(373, 0, 'Gabriel', 'Milito', 0, 11, 2, '2', 0),
(374, 0, 'Nicolás', 'Millán', 0, 18, 4, '1', 0),
(375, 0, 'Pablo', 'Miranda', 0, 10, 4, '1', 0),
(376, 0, 'Maximiliano', 'Montero', 0, 18, 2, '1', 0),
(377, 0, 'Fausto', 'Montero', 0, 19, 3, '1', 0),
(378, 0, 'Marcelo', 'Montoya', 0, 20, 1, '2', 1),
(379, 0, 'Juan José', 'Morales', 0, 2, 4, '1', 1),
(380, 0, 'Diego', 'Morales', 0, 18, 3, '2', 1),
(381, 0, 'Giovanni', 'Moreno', 0, 15, 3, '3', 1),
(382, 0, 'Emanuel', 'Moreno', 0, 19, 3, '1', 0),
(383, 0, 'Iván', 'Moreno y Fabianesi', 0, 8, 3, '2', 1),
(384, 0, 'Claudio', 'Mosca', 0, 3, 3, '1', 0),
(385, 0, 'Pablo', 'Mouche', 0, 7, 4, '2', 1),
(386, 0, 'Gabriel Oscar', 'Moyano', 0, 10, 3, '1', 0),
(387, 0, 'Sebastián', 'Moyano', 0, 10, 1, '1', 0),
(388, 0, 'Lucas', 'Mugni', 0, 8, 3, '1', 0),
(389, 0, 'Damián', 'Musto', 0, 14, 3, '1', 0),
(390, 0, 'Alvaro', 'Navarro', 0, 10, 4, '1', 0),
(391, 0, 'Hilario', 'Navarro', 0, 11, 1, '2', 1),
(392, 0, 'Leandro', 'Navarro', 0, 16, 3, '1', 0),
(393, 0, 'Juan', 'Neira', 0, 12, 3, '1', 1),
(394, 0, 'Hugo Martín', 'Nervo', 0, 3, 2, '1', 0),
(395, 0, 'Brian', 'Nieva', 0, 11, 4, '1', 0),
(396, 0, 'Alexis', 'Niz', 0, 4, 2, '1', 0),
(397, 0, 'Ricardo', 'Noir', 0, 13, 4, '1', 1),
(398, 0, 'Leonel', 'Núñez', 0, 11, 4, '2', 0),
(399, 0, 'Maximiliano', 'Núñez', 0, 17, 3, '1', 0),
(400, 0, 'Fabricio', 'Núñez', 0, 19, 4, '1', 0),
(401, 0, 'Gustavo', 'Oberman', 0, 2, 4, '1', 0),
(402, 0, 'Mauro Iván', 'Obolo', 0, 3, 4, '3', 1),
(403, 0, 'Luis', 'Ojeda', 0, 2, 1, '1', 1),
(404, 0, 'Juan Carlos', 'Olave', 0, 6, 1, '1', 1),
(405, 0, 'Emanuel', 'Olivera', 0, 20, 2, '1', 0),
(406, 0, 'Nicolás', 'Olmedo', 0, 10, 3, '2', 0),
(407, 0, 'Lucas', 'Orban', 0, 18, 2, '1', 0),
(408, 0, 'Catriel', 'Orcellet', 0, 3, 1, '1', 0),
(409, 0, 'Agustín', 'Orion', 0, 7, 1, '3', 0),
(410, 0, 'Néstor', 'Ortigoza', 0, 16, 3, '3', 1),
(411, 0, 'Jorge', 'Ortiz', 0, 3, 3, '1', 0),
(412, 0, 'Fernando', 'Ortiz', 0, 20, 2, '2', 1),
(413, 0, 'Lucas', 'Oviedo', 0, 17, 3, '1', 0),
(414, 0, 'Jonathan', 'Pacheco', 0, 16, 3, '1', 0),
(415, 0, 'Hugo', 'Padilla', 0, 6, 2, '1', 0),
(416, 0, 'Matías', 'Palavecino', 0, 14, 2, '1', 0),
(417, 0, 'José Luis', 'Palomino', 0, 16, 2, '1', 0),
(418, 0, 'Armando', 'Panceri', 0, 1, 2, '1', 0),
(419, 0, 'Emiliano', 'Papa', 0, 20, 2, '2', 1),
(420, 0, 'Norberto', 'Paparatto', 0, 18, 2, '1', 0),
(421, 0, 'Leandro', 'Paredes', 0, 7, 4, '1', 0),
(422, 0, 'Lucas', 'Parodi', 0, 6, 3, '1', 0),
(423, 0, 'Facundo', 'Parra', 0, 11, 4, '2', 1),
(424, 0, 'Elian', 'Parrino', 0, 9, 2, '1', 0),
(425, 0, 'Pablo', 'Pavetti', 0, 4, 3, '1', 0),
(426, 0, 'Nicolás', 'Pavlovich', 0, 14, 4, '1', 0),
(427, 0, 'Mariano', 'Pavone', 0, 12, 4, '2', 1),
(428, 0, 'Fabricio', 'Pedrozo', 0, 16, 4, '1', 0),
(429, 0, 'Maximiliano', 'Pellegrino', 0, 8, 2, '2', 0),
(430, 0, 'Cristian', 'Pellerano', 0, 11, 3, '2', 0),
(431, 0, 'Hernán', 'Pellerano', 0, 13, 2, '2', 1),
(432, 0, 'Agustín', 'Pelletieri', 0, 15, 3, '2', 0),
(433, 0, 'Sebastián', 'Penco', 0, 17, 4, '1', 1),
(434, 0, 'Rodrigo', 'Pepe', 0, 5, 3, '1', 0),
(435, 0, 'Sebastián', 'Peratta', 0, 13, 1, '2', 0),
(436, 0, 'Emanuel', 'Perea', 0, 1, 3, '1', 0),
(437, 0, 'Hernán', 'Pereyra', 0, 5, 3, '1', 0),
(438, 0, 'César', 'Pereyra', 0, 6, 4, '2', 1),
(439, 0, 'Mauricio', 'Pereyra', 0, 12, 3, '1', 0),
(440, 0, 'Juan Pablo', 'Pereyra', 0, 19, 4, '1', 0),
(441, 0, 'Patricio', 'Pérez', 0, 1, 3, '1', 0),
(442, 0, 'Damián Alfredo', 'Pérez', 0, 3, 2, '1', 0),
(443, 0, 'Claudio', 'Pérez', 0, 6, 2, '1', 0),
(444, 0, 'Marco', 'Pérez', 0, 11, 4, '2', 1),
(445, 0, 'Jorge Iván', 'Pérez', 0, 11, 3, '1', 0),
(446, 0, 'Pablo', 'Pérez', 0, 13, 3, '1', 1),
(447, 0, 'Leonel Marcos', 'Pérez', 0, 13, 3, '1', 0),
(448, 0, 'Alejandro', 'Pérez', 0, 19, 2, '1', 0),
(449, 0, 'Matías', 'Pérez García', 0, 1, 3, '1', 0),
(450, 0, 'Martín', 'Pérez Guedes', 0, 14, 3, '1', 0),
(451, 0, 'Gabriel', 'Pérez Tarifa', 0, 2, 4, '1', 0),
(452, 0, 'Gino', 'Peruzzi', 0, 20, 2, '1', 0),
(453, 0, 'Bruno', 'Pezzella', 0, 6, 3, '1', 0),
(454, 0, 'Leonel', 'Pietkiewitz', 0, 4, 3, '1', 0),
(455, 0, 'Iván', 'Pillud', 0, 15, 2, '2', 1),
(456, 0, 'Marcos', 'Pinto', 0, 12, 2, '1', 0),
(457, 0, 'Emanuel', 'Pío', 0, 18, 3, '1', 0),
(458, 0, 'Federico', 'Pistone', 0, 2, 2, '1', 0),
(459, 0, 'Guido', 'Pizarro', 0, 12, 3, '2', 1),
(460, 0, 'Luciano', 'Pocrnjic', 0, 17, 1, '1', 1),
(461, 0, 'Federico', 'Poggi', 0, 17, 3, '1', 0),
(462, 0, 'Diego', 'Pozo', 0, 8, 1, '2', 1),
(463, 0, 'Sebastián', 'Prediger', 0, 8, 3, '1', 0),
(464, 0, 'Mauricio', 'Prol', 0, 1, 3, '1', 0),
(465, 0, 'Gonzalo', 'Prósperi', 0, 2, 2, '2', 1),
(466, 0, 'Ismael', 'Quilez', 0, 8, 2, '1', 0),
(467, 0, 'Carlos', 'Quintana', 0, 12, 2, '1', 0),
(468, 0, 'Marcelo', 'Quinteros', 0, 5, 3, '1', 0),
(469, 0, 'Ronald', 'Quinteros', 0, 19, 3, '1', 0),
(470, 0, 'Facundo', 'Quiroga', 0, 1, 2, '1', 0),
(471, 0, 'Juan', 'Quiroga', 0, 6, 2, '1', 0),
(472, 0, 'Raúl', 'Quiroga', 0, 17, 3, '1', 0),
(473, 0, 'Matías', 'Quiroga', 0, 19, 4, '1', 0),
(474, 0, 'Ronald', 'Raldes', 0, 8, 2, '2', 0),
(475, 0, 'Juan Edgardo', 'Ramírez', 0, 2, 3, '1', 0),
(476, 0, 'Alfredo', 'Ramírez', 0, 8, 3, '1', 0),
(477, 0, 'Rubén', 'Ramírez', 0, 10, 4, '2', 1),
(478, 0, 'Julio Gonzalo', 'Ramírez', 0, 16, 3, '1', 0),
(479, 0, 'David', 'Ramírez', 0, 20, 3, '3', 1),
(480, 0, 'Jonathan', 'Ramírez', 0, 20, 4, '1', 1),
(481, 0, 'Franco', 'Razzotti', 0, 20, 3, '1', 0),
(482, 0, 'Germán', 'Ré', 0, 9, 2, '2', 0),
(483, 0, 'Mario', 'Regueiro', 0, 12, 3, '3', 1),
(484, 0, 'Ezequiel', 'Rescaldani', 0, 20, 4, '1', 0),
(485, 0, 'Juan Cruz', 'Respuela', 0, 15, 3, '1', 0),
(486, 0, 'Salvador', 'Reynoso', 0, 16, 3, '1', 0),
(487, 0, 'César', 'Rigamonti', 0, 6, 1, '1', 0),
(488, 0, 'Emiliano', 'Rigoni', 0, 6, 3, '1', 0),
(489, 0, 'Leonel', 'Ríos', 0, 14, 3, '1', 0),
(490, 0, 'Juan Román', 'Riquelme', 0, 7, 3, '3', 1),
(491, 0, 'Ciro', 'Rius', 0, 2, 4, '1', 0),
(492, 0, 'Diego', 'Rivero', 0, 7, 3, '2', 1),
(493, 0, 'Marcos', 'Riveros', 0, 13, 3, '1', 0),
(494, 0, 'Emison', 'Roberval', 0, 17, 4, '1', 1),
(495, 0, 'Leonardo', 'Roda', 0, 17, 4, '1', 0),
(496, 0, 'Andrés', 'Rodales', 0, 18, 2, '1', 0),
(497, 0, 'Juan Pablo', 'Rodríguez', 0, 1, 3, '1', 0),
(498, 0, 'Lucas', 'Rodríguez', 0, 2, 2, '1', 0),
(499, 0, 'Gonzalo', 'Rodríguez', 0, 2, 4, '1', 0),
(500, 0, 'Ribair', 'Rodríguez', 0, 6, 3, '1', 0),
(501, 0, 'Clemente', 'Rodríguez', 0, 7, 2, '2', 1),
(502, 0, 'Patricio', 'Rodríguez', 0, 11, 3, '2', 0),
(503, 0, 'Diego', 'Rodríguez', 0, 11, 1, '1', 0),
(504, 0, 'Germán', 'Rodríguez Rojas', 0, 4, 3, '1', 0),
(505, 0, 'Ariel', 'Rojas', 0, 10, 3, '2', 1),
(506, 0, 'Martín', 'Rolle', 0, 14, 3, '2', 1),
(507, 0, 'Leandro', 'Romagnoli', 0, 16, 3, '2', 1),
(508, 0, 'Bernardo', 'Romeo', 0, 16, 4, '2', 0),
(509, 0, 'Andrés', 'Romero', 0, 2, 4, '1', 0),
(510, 0, 'Silvio', 'Romero', 0, 12, 4, '2', 1),
(511, 0, 'Emiliano', 'Romero', 0, 14, 4, '1', 0),
(512, 0, 'Jonatan', 'Romero', 0, 18, 2, '1', 0),
(513, 0, 'Facundo', 'Roncaglia', 0, 7, 2, '2', 1),
(514, 0, 'Ariel', 'Rosada', 0, 14, 3, '1', 0),
(515, 0, 'Pablo', 'Rosales', 0, 9, 2, '1', 0),
(516, 0, 'Paulo', 'Rosales', 0, 19, 3, '2', 1),
(517, 0, 'Pablo', 'Rúdisi', 0, 6, 2, '1', 0),
(518, 0, 'Matias Ezequiel', 'Rudler', 0, 1, 3, '1', 0),
(519, 0, 'Henry', 'Rui', 0, 1, 4, '1', 0),
(520, 0, 'Enzo Adrián', 'Ruiz', 0, 7, 2, '1', 0),
(521, 0, 'Pablo', 'Ruiz', 0, 10, 4, '1', 0),
(522, 0, 'Roberto', 'Russo', 0, 10, 2, '1', 0),
(523, 0, 'Raúl', 'Saavedra', 0, 17, 2, '1', 0),
(524, 0, 'Juan', 'Sabia', 0, 2, 2, '1', 0),
(525, 0, 'Joel', 'Sacks', 0, 4, 2, '1', 0),
(526, 0, 'Nicolás', 'Sainz', 0, 15, 2, '1', 0),
(527, 0, 'Sebastián', 'Saja', 0, 15, 1, '3', 0),
(528, 0, 'Franklin', 'Salas', 0, 10, 4, '1', 0),
(529, 0, 'Santiago', 'Salcedo', 0, 2, 4, '2', 0),
(530, 0, 'Juan', 'Salgueiro', 0, 16, 4, '2', 0),
(531, 0, 'Carlos', 'Salom', 0, 1, 4, '1', 0),
(532, 0, 'José', 'San Román', 0, 16, 2, '1', 0),
(533, 0, 'Fernando', 'Sánchez', 0, 1, 3, '1', 0),
(534, 0, 'Matías', 'Sánchez', 0, 9, 3, '2', 0),
(535, 0, 'Nicolás', 'Sánchez', 0, 10, 2, '2', 1),
(536, 0, 'Sergio', 'Sánchez', 0, 10, 3, '1', 0),
(537, 0, 'Guillermo', 'Sánchez', 0, 14, 2, '1', 0),
(538, 0, 'Juan Manuel', 'Sánchez Miño', 0, 19, 3, '1', 0),
(539, 0, 'Damián', 'Santagatti', 0, 19, 2, '1', 0),
(540, 0, 'Pablo', 'Santillo', 0, 5, 1, '1', 0),
(541, 0, 'Guillermo', 'Sara', 0, 4, 1, '1', 1),
(542, 0, 'Brian', 'Sarmiento', 0, 15, 4, '1', 0),
(543, 0, 'Marcelo', 'Sarmiento', 0, 19, 3, '1', 0),
(544, 0, 'Matías', 'Sarulyte', 0, 9, 2, '1', 0),
(545, 0, 'Gastón', 'Sauro', 0, 7, 2, '1', 0),
(546, 0, 'Mauricio', 'Scaglia', 0, 13, 2, '1', 0),
(547, 0, 'Juan Pablo', 'Scheffer', 0, 14, 2, '1', 0),
(548, 0, 'Rolando', 'Schiavi', 0, 7, 2, '3', 0),
(549, 0, 'Favio', 'Segovia', 0, 5, 2, '1', 0),
(550, 0, 'Sergio', 'Sena', 0, 3, 3, '1', 0),
(551, 0, 'Walter', 'Serrano', 0, 4, 3, '1', 1),
(552, 0, 'Matías', 'Sierra', 0, 3, 3, '1', 0),
(553, 0, 'Leonardo', 'Sigali', 0, 10, 2, '2', 0),
(554, 0, 'Juan Ignacio', 'Sills', 0, 20, 2, '1', 0),
(555, 0, 'Agustín', 'Silva', 0, 9, 1, '1', 0),
(556, 0, 'Andrés', 'Silvera', 0, 6, 4, '2', 1),
(557, 0, 'Luis', 'Solignac', 0, 5, 4, '1', 0),
(558, 0, 'Leandro', 'Somoza', 0, 7, 3, '2', 0),
(559, 0, 'Franco', 'Sosa', 0, 7, 2, '1', 1),
(560, 0, 'Sebastián', 'Sosa', 0, 7, 1, '1', 0),
(561, 0, 'Diego', 'Sosa', 0, 17, 2, '1', 0),
(562, 0, 'Carlos', 'Soto', 0, 1, 2, '1', 0),
(563, 0, 'Santiago', 'Soto', 0, 8, 3, '1', 0),
(564, 0, 'Matías', 'Soto Torres', 0, 19, 3, '1', 0),
(565, 0, 'Mauricio', 'Sperduti', 0, 13, 3, '3', 1),
(566, 0, 'Darío', 'Stefanatto', 0, 1, 3, '1', 1),
(567, 0, 'Gastón', 'Suárez', 0, 6, 3, '1', 0),
(568, 0, 'Pedro', 'Suárez', 0, 19, 2, '1', 0),
(569, 0, 'Nicolás', 'Tagliafico', 0, 5, 2, '1', 1),
(570, 0, 'Juan', 'Tejera', 0, 14, 2, '1', 0),
(571, 0, 'Emiliano', 'Tellechea', 0, 16, 3, '1', 0),
(572, 0, 'Fernando', 'Tobio', 0, 20, 2, '1', 0),
(573, 0, 'Gustavo', 'Toledo', 0, 5, 2, '1', 0),
(574, 0, 'Laureano', 'Tombolini', 0, 14, 1, '1', 1),
(575, 0, 'Martín', 'Tonso', 0, 13, 3, '1', 0),
(576, 0, 'Patricio', 'Toranzo', 0, 15, 3, '2', 1),
(577, 0, 'Agustín', 'Torassa', 0, 1, 4, '1', 0),
(578, 0, 'Miguel', 'Torrén', 0, 2, 2, '1', 0),
(579, 0, 'Diego', 'Torres', 0, 3, 4, '1', 0),
(580, 0, 'Bernardo', 'Torres', 0, 6, 3, '1', 0),
(581, 0, 'Adrián', 'Torres', 0, 10, 3, '1', 0),
(582, 0, 'Aureliano', 'Torres', 0, 16, 2, '2', 0),
(583, 0, 'Sebastián', 'Torrico', 0, 10, 1, '2', 0),
(584, 0, 'Cristian', 'Trombetta', 0, 3, 2, '1', 0),
(585, 0, 'Cristian', 'Tula', 0, 16, 2, '2', 0),
(586, 0, 'Federico', 'Tursi', 0, 18, 1, '1', 0),
(587, 0, 'Gastón', 'Turus', 0, 6, 2, '1', 1),
(588, 0, 'Eduardo', 'Tuzzio', 0, 11, 2, '2', 0),
(589, 0, 'Bruno', 'Urribarri', 0, 8, 2, '1', 1),
(590, 0, 'Maximiliano', 'Urruti', 0, 13, 4, '1', 0),
(591, 0, 'Matías', 'Valdez', 0, 12, 2, '1', 0),
(592, 0, 'Carmelo', 'Valencia', 0, 13, 4, '1', 0),
(593, 0, 'Diego', 'Valeri', 0, 12, 3, '3', 1),
(594, 0, 'Jonathan', 'Valle', 0, 13, 2, '1', 0),
(595, 0, 'Gabriel', 'Vallés', 0, 11, 2, '1', 0),
(596, 0, 'Leonel', 'Vangioni', 0, 13, 3, '2', 0),
(597, 0, 'Cristian', 'Varela', 0, 1, 2, '1', 0),
(598, 0, 'Franco', 'Vázquez', 0, 6, 3, '2', 1),
(599, 0, 'David', 'Vega', 0, 14, 3, '1', 0),
(600, 0, 'Maximiliano', 'Velasco', 0, 13, 4, '1', 0),
(601, 0, 'Julián', 'Velázquez', 0, 11, 2, '1', 1),
(602, 0, 'Maximiliano', 'Velázquez', 0, 11, 2, '2', 1),
(603, 0, 'Jorge', 'Velázquez', 0, 19, 3, '1', 0),
(604, 0, 'Leandro', 'Velázquez', 0, 20, 3, '1', 0),
(605, 0, 'José', 'Vélez', 0, 11, 2, '1', 0),
(606, 0, 'Cristian', 'Vella', 0, 1, 2, '1', 0),
(607, 0, 'Renzo', 'Vera', 0, 19, 2, '1', 0),
(608, 0, 'Santiago', 'Vergini', 0, 13, 2, '1', 0),
(609, 0, 'Juan Sebastián', 'Verón', 0, 9, 3, '3', 0),
(610, 0, 'Lucas', 'Viatri', 0, 7, 4, '3', 1),
(611, 0, 'Sebastián', 'Vidal', 0, 19, 3, '1', 0),
(612, 0, 'Juan', 'Vieyra', 0, 13, 3, '1', 0),
(613, 0, 'Lucas', 'Villafáñez', 0, 11, 3, '1', 0),
(614, 0, 'Hernán', 'Villalba', 0, 13, 3, '1', 0),
(615, 0, 'Cristian', 'Villanueva', 0, 14, 2, '1', 0),
(616, 0, 'Justo', 'Villar', 0, 9, 1, '2', 0),
(617, 0, 'Diego', 'Villar', 0, 10, 3, '2', 1),
(618, 0, 'Valentín', 'Viola', 0, 15, 4, '1', 0),
(619, 0, 'Darío', 'Vitelli', 0, 6, 2, '1', 0),
(620, 0, 'Oswaldo', 'Vizcarrondo', 0, 14, 2, '1', 0),
(621, 0, 'Germán', 'Voboril', 0, 10, 2, '1', 0),
(622, 0, 'Agustín', 'Vuletich', 0, 20, 4, '1', 0),
(623, 0, 'Martín', 'Wagner', 0, 17, 3, '1', 0),
(624, 0, 'Claudio', 'Yacob', 0, 15, 3, '2', 1),
(625, 0, 'Walter', 'Yacob', 0, 19, 2, '1', 0),
(626, 0, 'Rubén', 'Zamponi', 0, 17, 2, '1', 0),
(627, 0, 'Martín', 'Zapata', 0, 1, 3, '1', 0),
(628, 0, 'Duván', 'Zapata', 0, 9, 4, '1', 0),
(629, 0, 'Víctor', 'Zapata', 0, 20, 3, '2', 1),
(630, 0, 'Martín', 'Zbrun', 0, 4, 2, '1', 1),
(631, 0, 'Matías', 'Zbrun', 0, 4, 4, '1', 0),
(632, 0, 'Emilio', 'Zelaya', 0, 3, 4, '1', 0),
(633, 0, 'Bruno', 'Zuculini', 0, 15, 3, '1', 0),
(634, 0, 'Santiago', 'Zurbriggen', 0, 19, 2, '1', 0);

-- --------------------------------------------------------

--
-- Estructura de tabla para la tabla `playermatch`
--

CREATE TABLE IF NOT EXISTS `playermatch` (
  `id` bigint(20) NOT NULL auto_increment,
  `version` bigint(20) NOT NULL default '0',
  `player` bigint(20) NOT NULL,
  `match_` bigint(20) NOT NULL,
  `totalPoints` double default NULL,
  `olePoints` double default NULL,
  `cleanGoal` tinyint(1) default NULL,
  `recivedGoals` int(11) default NULL,
  `ownGoals` int(11) default NULL,
  `mom` tinyint(1) default NULL,
  `goals` int(11) default NULL,
  `penaltyGoals` int(11) default NULL,
  `freeKickGoals` int(11) default NULL,
  `missedPenalties` int(11) default NULL,
  `cachedPenalties` int(11) default NULL,
  `yellowCard` tinyint(1) default NULL,
  `redCard` tinyint(1) default NULL,
  PRIMARY KEY  (`id`),
  UNIQUE KEY `UK_PlayerMatch_player_match` (`player`,`match_`),
  KEY `FK_PlayerMatch_player` (`player`),
  KEY `FK_PlayerMatch_match` (`match_`)
) ENGINE=InnoDB  DEFAULT CHARSET=latin1 AUTO_INCREMENT=1494 ;

--
-- Volcar la base de datos para la tabla `playermatch`
--

INSERT INTO `playermatch` (`id`, `version`, `player`, `match_`, `totalPoints`, `olePoints`, `cleanGoal`, `recivedGoals`, `ownGoals`, `mom`, `goals`, `penaltyGoals`, `freeKickGoals`, `missedPenalties`, `cachedPenalties`, `yellowCard`, `redCard`) VALUES
(1, 0, 69, 879, 3.5, 4.5, 0, 0, 0, 0, 0, 0, 0, 0, 0, 1, 0),
(2, 0, 358, 879, 5.5, 5.5, 0, 0, 0, 0, 0, 0, 0, 0, 0, 0, 0),
(3, 0, 397, 879, 4.5, 4.5, 0, 0, 0, 0, 0, 0, 0, 0, 0, 0, 0),
(4, 1, 431, 879, 13, 6.5, 0, 0, 0, 1, 0, 0, 0, 0, 0, 0, 0),
(5, 0, 565, 879, 4.5, 4.5, 0, 0, 0, 0, 0, 0, 0, 0, 0, 0, 0),
(6, 0, 158, 879, 4.5, 4.5, 0, 0, 0, 0, 0, 0, 0, 0, 0, 0, 0),
(7, 0, 259, 879, 3, 3, 0, 0, 0, 0, 0, 0, 0, 0, 0, 0, 0),
(8, 0, 383, 879, 3, 4, 0, 0, 0, 0, 0, 0, 0, 0, 0, 1, 0),
(9, 0, 589, 879, 5, 5, 0, 0, 0, 0, 0, 0, 0, 0, 0, 0, 0),
(10, 0, 222, 879, 4.5, 4.5, 0, 0, 0, 0, 0, 0, 0, 0, 0, 0, 0),
(11, 0, 181, 876, 5, 5, 0, 0, 0, 0, 0, 0, 0, 0, 0, 0, 0),
(12, 0, 188, 876, 13, 7, 0, 0, 0, 0, 1, 0, 0, 0, 0, 0, 0),
(13, 0, 353, 876, 6, 6, 0, 0, 0, 0, 0, 0, 0, 0, 0, 0, 0),
(14, 0, 380, 876, 7.5, 7.5, 0, 0, 0, 0, 0, 0, 0, 0, 0, 0, 0),
(15, 0, 217, 876, 3, 4, 0, 0, 0, 0, 0, 0, 0, 0, 0, 1, 0),
(16, 0, 80, 880, 6, 6, 0, 0, 0, 0, 0, 0, 0, 0, 0, 0, 0),
(17, 0, 250, 880, 6, 6, 0, 0, 0, 0, 0, 0, 0, 0, 0, 0, 0),
(18, 0, 297, 880, 3, 3, 0, 0, 0, 0, 0, 0, 0, 0, 0, 0, 0),
(19, 0, 365, 880, 5.5, 5.5, 0, 0, 0, 0, 0, 0, 0, 0, 0, 0, 0),
(20, 0, 371, 880, 4, 4, 0, 0, 0, 0, 0, 0, 0, 0, 0, 0, 0),
(21, 0, 410, 880, 3, 4, 0, 0, 0, 0, 0, 0, 0, 0, 0, 1, 0),
(22, 0, 507, 880, 4.5, 4.5, 0, 0, 0, 0, 0, 0, 0, 0, 0, 0, 0),
(23, 0, 313, 880, 5.5, 5.5, 0, 0, 0, 0, 0, 0, 0, 0, 0, 0, 0),
(24, 0, 404, 880, 7, 6, 1, NULL, 0, 0, 0, 0, 0, 0, 0, 1, 0),
(25, 0, 438, 880, 5, 5, 0, 0, 0, 0, 0, 0, 0, 0, 0, 0, 0),
(26, 0, 556, 880, 5, 5, 0, 0, 0, 0, 0, 0, 0, 0, 0, 0, 0),
(27, 0, 587, 880, 5, 5, 0, 0, 0, 0, 0, 0, 0, 0, 0, 0, 0),
(28, 0, 598, 880, 5, 5, 0, 0, 0, 0, 0, 0, 0, 0, 0, 0, 0),
(29, 0, 24, 873, 5, 5, 0, 0, 0, 0, 0, 0, 0, 0, 0, 0, 0),
(30, 0, 122, 873, 6, 6, 0, 0, 0, 0, 0, 0, 0, 0, 0, 0, 0),
(31, 0, 231, 873, 6, 6, 0, 0, 0, 0, 0, 0, 0, 0, 0, 0, 0),
(32, 0, 293, 873, 6, 6, 0, 0, 0, 0, 0, 0, 0, 0, 0, 0, 0),
(33, 0, 346, 873, 6, 7, 0, 1, 0, 0, 0, 0, 0, 0, 0, 0, 0),
(34, 0, 510, 873, 9, 6, 0, 0, 0, 0, 1, 0, 0, 0, 0, 0, 0),
(35, 0, 78, 873, 5, 5, 0, 0, 0, 0, 0, 0, 0, 0, 0, 0, 0),
(36, 0, 117, 873, 5, 5, 0, 0, 0, 0, 0, 0, 0, 0, 0, 0, 0),
(37, 0, 260, 873, 9.5, 5.5, 0, 0, 0, 0, 1, 0, 0, 0, 0, 0, 0),
(38, 0, 287, 873, 3, 4, 0, 0, 0, 0, 0, 0, 0, 0, 0, 1, 0),
(39, 0, 427, 873, 5, 5, 0, 0, 0, 0, 0, 0, 0, 0, 0, 0, 0),
(40, 0, 459, 873, 5, 5, 0, 0, 0, 0, 0, 0, 0, 0, 0, 0, 0),
(41, 0, 483, 873, 10.5, 6.5, 0, 0, 0, 0, 1, 0, 0, 0, 0, 0, 0),
(42, 0, 101, 875, 5.5, 5.5, 0, 0, 0, 0, 0, 0, 0, 0, 0, 0, 0),
(43, 0, 135, 875, 4.5, 4.5, 0, 0, 0, 0, 0, 0, 0, 0, 0, 0, 0),
(44, 0, 276, 875, 4.5, 4.5, 0, 0, 0, 0, 0, 0, 0, 0, 0, 0, 0),
(45, 0, 317, 875, 4.5, 4.5, 0, 0, 0, 0, 0, 0, 0, 0, 0, 0, 0),
(46, 1, 350, 875, 3, 5, 0, 0, 0, 0, 0, 0, 0, 0, 0, 0, 1),
(47, 0, 381, 875, 6, 6, 0, 0, 0, 0, 0, 0, 0, 0, 0, 0, 0),
(48, 0, 455, 875, 4, 5, 0, 0, 0, 0, 0, 0, 0, 0, 0, 1, 0),
(49, 0, 576, 875, 5, 5, 0, 0, 0, 0, 0, 0, 0, 0, 0, 0, 0),
(50, 0, 624, 875, 2.5, 3.5, 0, 0, 0, 0, 0, 0, 0, 0, 0, 1, 0),
(51, 0, 87, 874, 5.5, 5.5, 0, 0, 0, 0, 0, 0, 0, 0, 0, 0, 0),
(52, 0, 310, 874, 4.5, 5.5, 0, 0, 0, 0, 0, 0, 0, 0, 0, 1, 0),
(53, 0, 402, 874, 9, 6, 0, 0, 0, 0, 1, 0, 0, 0, 0, 0, 0),
(54, 0, 93, 874, 5.5, 5.5, 0, 0, 0, 0, 0, 0, 0, 0, 0, 0, 0),
(55, 0, 477, 874, 9, 6, 0, 0, 0, 0, 1, 0, 0, 0, 0, 0, 0),
(56, 0, 505, 874, 15, 7.5, 0, 0, 0, 1, 0, 0, 0, 0, 0, 0, 0),
(57, 0, 535, 874, 5.5, 6.5, 0, 0, 0, 0, 0, 0, 0, 0, 0, 1, 0),
(58, 0, 617, 874, 6.5, 6.5, 0, 0, 0, 0, 0, 0, 0, 0, 0, 0, 0),
(59, 0, 105, 875, 8, 6, 1, NULL, 0, 0, 0, 0, 0, 0, 0, 0, 0),
(60, 0, 184, 875, 5.5, 5.5, 0, 0, 0, 0, 0, 0, 0, 0, 0, 0, 0),
(61, 0, 360, 875, 4.5, 4.5, 0, 0, 0, 0, 0, 0, 0, 0, 0, 0, 0),
(62, 0, 566, 875, 5, 5, 0, 0, 0, 0, 0, 0, 0, 0, 0, 0, 0),
(63, 0, 423, 881, 5, 5, 0, 0, 0, 0, 0, 0, 0, 0, 0, 0, 0),
(64, 0, 444, 881, 3, 3, 0, 0, 0, 0, 0, 0, 0, 0, 0, 0, 0),
(65, 0, 601, 881, 7, 7, 0, 0, 0, 0, 0, 0, 0, 0, 0, 0, 0),
(66, 0, 602, 881, 4, 4, 0, 0, 0, 0, 0, 0, 0, 0, 0, 0, 0),
(67, 0, 143, 881, 4, 4, 0, 0, 0, 0, 0, 0, 0, 0, 0, 0, 0),
(68, 0, 164, 881, 6, 6, 0, 0, 0, 0, 0, 0, 0, 0, 0, 0, 0),
(69, 0, 192, 881, 5, 5, 0, 0, 0, 0, 0, 0, 0, 0, 0, 0, 0),
(70, 0, 385, 881, 6, 6, 0, 0, 0, 0, 0, 0, 0, 0, 0, 0, 0),
(71, 0, 492, 881, 4.5, 5.5, 0, 0, 0, 0, 0, 0, 0, 0, 0, 1, 0),
(72, 0, 501, 881, 6, 6, 0, 0, 0, 0, 0, 0, 0, 0, 0, 0, 0),
(73, 0, 513, 881, 5, 5, 0, 0, 0, 0, 0, 0, 0, 0, 0, 0, 0),
(74, 0, 610, 881, 6, 7, 0, 0, 0, 0, 0, 0, 0, 0, 0, 1, 0),
(75, 0, 43, 877, 18, 8, 0, 0, 0, 1, 1, 0, 0, 0, 0, 1, 0),
(76, 0, 506, 877, 11.5, 7.5, 0, 0, 0, 0, 1, 0, 0, 0, 0, 0, 0),
(77, 0, 574, 877, 11, 8, 0, 1, 0, 0, 0, 0, 0, 0, 1, 0, 0),
(78, 0, 46, 877, 4, 6, 0, 2, 0, 0, 0, 0, 0, 0, 0, 0, 0),
(79, 0, 110, 877, 6.5, 6.5, 0, 0, 0, 0, 0, 0, 0, 0, 0, 0, 0),
(80, 1, 227, 877, 4.5, 5.5, 0, 0, 0, 0, 1, 0, 0, 1, 0, 0, 0),
(81, 0, 355, 877, 5, 5, 0, 0, 0, 0, 0, 0, 0, 0, 0, 0, 0),
(82, 0, 412, 877, 5, 5, 0, 0, 0, 0, 0, 0, 0, 0, 0, 0, 0),
(83, 0, 419, 877, 4.5, 4.5, 0, 0, 0, 0, 0, 0, 0, 0, 0, 0, 0),
(84, 1, 629, 877, 4.5, 5.5, 0, 0, 0, 0, 0, 0, 0, 0, 0, 1, 0),
(85, 0, 75, 872, 6, 6, 0, 0, 0, 0, 0, 0, 0, 0, 0, 0, 0),
(86, 0, 265, 872, 6, 6, 0, 0, 0, 0, 0, 0, 0, 0, 0, 0, 0),
(87, 0, 305, 872, 5, 5, 0, 0, 0, 0, 0, 0, 0, 0, 0, 0, 0),
(88, 0, 356, 872, 5, 5, 0, 0, 0, 0, 0, 0, 0, 0, 0, 0, 0),
(89, 0, 460, 872, 16, 7, 1, NULL, 0, 1, 0, 0, 0, 0, 0, 0, 0),
(90, 0, 494, 872, 5, 5, 0, 0, 0, 0, 0, 0, 0, 0, 0, 0, 0),
(91, 0, 53, 872, 4, 4, 0, 0, 0, 0, 0, 0, 0, 0, 0, 0, 0),
(92, 0, 279, 872, 4, 4, 0, 0, 0, 0, 0, 0, 0, 0, 0, 0, 0),
(93, 0, 300, 872, 5, 6, 0, 0, 0, 0, 0, 0, 0, 0, 0, 1, 0),
(94, 0, 379, 872, 5, 5, 0, 0, 0, 0, 0, 0, 0, 0, 0, 0, 0),
(95, 0, 403, 872, 8.5, 6.5, 1, NULL, 0, 0, 0, 0, 0, 0, 0, 0, 0),
(96, 0, 465, 872, 6, 6, 0, 0, 0, 0, 0, 0, 0, 0, 0, 0, 0),
(97, 0, 35, 878, 5, 5, 0, 0, 0, 0, 0, 0, 0, 0, 0, 0, 0),
(98, 0, 47, 878, 0, 5, 0, 0, 0, 0, 0, 0, 0, 1, 0, 1, 0),
(99, 0, 76, 878, 4, 5, 0, 1, 0, 0, 0, 0, 0, 0, 0, 0, 0),
(100, 0, 516, 878, 4, 5, 0, 0, 0, 0, 0, 0, 0, 0, 0, 1, 0),
(101, 0, 136, 878, 6.5, 6.5, 0, 0, 0, 0, 0, 0, 0, 0, 0, 0, 0),
(102, 0, 242, 878, 5, 5, 0, 0, 0, 0, 0, 0, 0, 0, 0, 0, 0),
(103, 0, 263, 878, 5.5, 5.5, 0, 0, 0, 0, 0, 0, 0, 0, 0, 0, 0),
(104, 0, 296, 878, 6, 6, 0, 0, 0, 0, 0, 0, 0, 0, 0, 0, 0),
(105, 0, 541, 878, 24, 9, 1, NULL, 0, 1, 0, 0, 0, 0, 1, 0, 0),
(106, 0, 551, 878, 5, 6, 0, 0, 0, 0, 0, 0, 0, 0, 0, 1, 0),
(107, 0, 136, 889, 6, 6, 0, 0, 0, 0, 0, 0, 0, 0, 0, 0, 0),
(108, 0, 237, 889, 5, 5, 0, 0, 0, 0, 0, 0, 0, 0, 0, 0, 0),
(109, 0, 242, 889, 5, 5, 0, 0, 0, 0, 0, 0, 0, 0, 0, 0, 0),
(110, 0, 263, 889, 14, 7, 0, 0, 0, 1, 0, 0, 0, 0, 0, 0, 0),
(111, 0, 296, 889, 5, 5, 0, 0, 0, 0, 0, 0, 0, 0, 0, 0, 0),
(112, 0, 541, 889, 8.5, 6.5, 1, NULL, 0, 0, 0, 0, 0, 0, 0, 0, 0),
(113, 0, 551, 889, 4.5, 4.5, 0, 0, 0, 0, 0, 0, 0, 0, 0, 0, 0),
(114, 0, 630, 889, 4.5, 4.5, 0, 0, 0, 0, 0, 0, 0, 0, 0, 0, 0),
(115, 0, 69, 889, 6, 6, 0, 0, 0, 0, 0, 0, 0, 0, 0, 0, 0),
(116, 0, 222, 889, 3.5, 4.5, 0, 0, 0, 0, 0, 0, 0, 0, 0, 1, 0),
(117, 0, 358, 889, 4, 5, 0, 0, 0, 0, 0, 0, 0, 0, 0, 1, 0),
(118, 0, 397, 889, 4, 4, 0, 0, 0, 0, 0, 0, 0, 0, 0, 0, 0),
(119, 0, 431, 889, 5, 5, 0, 0, 0, 0, 0, 0, 0, 0, 0, 0, 0),
(120, 0, 565, 889, 6, 6, 0, 0, 0, 0, 0, 0, 0, 0, 0, 0, 0),
(121, 0, 158, 888, 6, 6, 0, 0, 0, 0, 0, 0, 0, 0, 0, 0, 0),
(122, 0, 259, 888, 5, 5, 0, 0, 0, 0, 0, 0, 0, 0, 0, 0, 0),
(123, 0, 589, 888, 4.5, 5.5, 0, 0, 0, 0, 0, 0, 0, 0, 0, 1, 0),
(124, 0, 80, 888, 5, 5, 0, 0, 0, 0, 0, 0, 0, 0, 0, 0, 0),
(125, 0, 250, 888, 9, 6, 0, 0, 0, 0, 1, 0, 0, 0, 0, 0, 0),
(126, 0, 297, 888, 5, 5, 0, 0, 0, 0, 0, 0, 0, 0, 0, 0, 0),
(127, 0, 365, 888, 5, 5, 0, 0, 0, 0, 0, 0, 0, 0, 0, 0, 0),
(128, 0, 371, 888, 0, 3, 0, 3, 0, 0, 0, 0, 0, 0, 0, 0, 0),
(129, 0, 507, 888, 5, 5, 0, 0, 0, 0, 0, 0, 0, 0, 0, 0, 0),
(130, 0, 101, 891, 6, 6, 0, 0, 0, 0, 0, 0, 0, 0, 0, 0, 0),
(131, 0, 135, 891, 5, 6, 0, 0, 0, 0, 0, 0, 0, 0, 0, 1, 0),
(132, 0, 273, 891, 9, 7, 0, 0, 0, 0, 1, 0, 0, 0, 0, 1, 0),
(133, 0, 276, 891, 5, 5, 0, 0, 0, 0, 0, 0, 0, 0, 0, 0, 0),
(134, 0, 317, 891, 6.5, 7.5, 0, 0, 0, 0, 0, 0, 0, 0, 0, 1, 0),
(135, 0, 381, 891, 6.5, 6.5, 0, 0, 0, 0, 0, 0, 0, 0, 0, 0, 0),
(136, 0, 455, 891, 6, 6, 0, 0, 0, 0, 0, 0, 0, 0, 0, 0, 0),
(137, 0, 576, 891, 4, 4, 0, 0, 0, 0, 0, 0, 0, 0, 0, 0, 0),
(138, 0, 624, 891, 6.5, 6.5, 0, 0, 0, 0, 0, 0, 0, 0, 0, 0, 0),
(139, 0, 43, 891, 4.5, 5.5, 0, 0, 0, 0, 0, 0, 0, 0, 0, 1, 0),
(140, 0, 506, 891, 5, 5, 0, 0, 0, 0, 0, 0, 0, 0, 0, 0, 0),
(141, 0, 574, 891, 6.5, 7.5, 0, 1, 0, 0, 0, 0, 0, 0, 0, 0, 0),
(142, 0, 78, 884, 3, 3, 0, 0, 0, 0, 0, 0, 0, 0, 0, 0, 0),
(143, 0, 138, 884, 4, 4, 0, 0, 0, 0, 0, 0, 0, 0, 0, 0, 0),
(144, 0, 260, 884, 4, 4, 0, 0, 0, 0, 0, 0, 0, 0, 0, 0, 0),
(145, 0, 181, 884, 5, 5, 0, 0, 0, 0, 0, 0, 0, 0, 0, 0, 0),
(146, 0, 188, 884, 5.5, 5.5, 0, 0, 0, 0, 0, 0, 0, 0, 0, 0, 0),
(147, 0, 353, 884, 20, 8, 0, 0, 0, 1, 1, 0, 0, 0, 0, 0, 0),
(148, 0, 380, 884, 8, 7, 0, 0, 0, 0, 0, 1, 0, 0, 0, 1, 0),
(149, 0, 93, 882, 7, 7, 0, 0, 0, 0, 0, 0, 0, 0, 0, 0, 0),
(150, 0, 162, 882, 13, 7, 0, 0, 0, 0, 1, 0, 0, 0, 0, 0, 0),
(151, 1, 477, 882, 14, 8, 0, 0, 0, 0, 2, 0, 0, 0, 0, 0, 0),
(152, 0, 505, 882, 17, 9, 0, 0, 0, 1, 0, 0, 0, 0, 0, 1, 0),
(153, 0, 535, 882, 6, 6, 0, 0, 0, 0, 0, 0, 0, 0, 0, 0, 0),
(154, 0, 617, 882, 12, 8, 0, 0, 0, 0, 1, 0, 0, 0, 0, 0, 0),
(155, 1, 105, 882, -3, 3, 0, 6, 0, 0, 0, 0, 0, 0, 0, 0, 0),
(156, 0, 184, 882, 7, 3, 0, 0, 0, 0, 1, 0, 0, 0, 0, 0, 1),
(157, 0, 360, 882, 4, 4, 0, 0, 0, 0, 0, 0, 0, 0, 0, 0, 0),
(158, 0, 566, 882, 3, 3, 0, 0, 0, 0, 0, 0, 0, 0, 0, 0, 0),
(159, 0, 143, 886, 5.5, 6.5, 0, 0, 0, 0, 0, 0, 0, 0, 0, 1, 0),
(160, 0, 164, 886, 6, 7, 0, 0, 0, 0, 0, 0, 0, 0, 0, 1, 0),
(161, 0, 192, 886, 11, 7, 0, 0, 0, 0, 1, 0, 0, 0, 0, 0, 0),
(162, 0, 490, 886, 15, 8, 0, 0, 0, 1, 0, 0, 0, 0, 0, 1, 0),
(163, 0, 492, 886, 5, 5, 0, 0, 0, 0, 0, 0, 0, 0, 0, 0, 0),
(164, 0, 501, 886, 6.5, 7.5, 0, 0, 0, 0, 0, 0, 0, 0, 0, 1, 0),
(165, 0, 513, 886, 5, 5, 0, 0, 0, 0, 0, 0, 0, 0, 0, 0, 0),
(166, 0, 610, 886, 6, 6, 0, 0, 0, 0, 0, 0, 0, 0, 0, 0, 0),
(167, 0, 265, 886, 5, 6, 0, 0, 0, 0, 0, 0, 0, 0, 0, 1, 0),
(168, 0, 305, 886, 6, 6, 0, 0, 0, 0, 0, 0, 0, 0, 0, 0, 0),
(169, 0, 356, 886, 6, 6, 0, 0, 0, 0, 0, 0, 0, 0, 0, 0, 0),
(170, 0, 460, 886, 5, 6, 0, 1, 0, 0, 0, 0, 0, 0, 0, 0, 0),
(171, 0, 494, 886, 3, 3, 0, 0, 0, 0, 0, 0, 0, 0, 0, 0, 0),
(172, 0, 313, 887, 6, 6, 0, 0, 0, 0, 0, 0, 0, 0, 0, 0, 0),
(173, 0, 404, 887, 8.5, 6.5, 1, NULL, 0, 0, 0, 0, 0, 0, 0, 0, 0),
(174, 0, 438, 887, 22, 8.5, 0, 0, 0, 1, 2, 0, 0, 0, 0, 1, 0),
(175, 0, 556, 887, 6.5, 6.5, 0, 0, 0, 0, 0, 0, 0, 0, 0, 0, 0),
(176, 0, 587, 887, 4.5, 5.5, 0, 0, 0, 0, 0, 0, 0, 0, 0, 1, 0),
(177, 0, 598, 887, 8, 8, 0, 0, 0, 0, 0, 0, 0, 0, 0, 0, 0),
(178, 0, 423, 887, 4, 4, 0, 0, 0, 0, 0, 0, 0, 0, 0, 0, 0),
(179, 0, 444, 887, 4, 4, 0, 0, 0, 0, 0, 0, 0, 0, 0, 0, 0),
(180, 0, 602, 887, 4, 4, 0, 0, 0, 0, 0, 0, 0, 0, 0, 0, 0),
(181, 0, 46, 890, 5.5, 6.5, 0, 1, 0, 0, 0, 0, 0, 0, 0, 0, 0),
(182, 0, 61, 890, 4, 4, 0, 0, 0, 0, 0, 0, 0, 0, 0, 0, 0),
(183, 0, 110, 890, 3, 3, 0, 0, 0, 0, 0, 0, 0, 0, 0, 0, 0),
(184, 0, 227, 890, 4.5, 4.5, 0, 0, 0, 0, 0, 0, 0, 0, 0, 0, 0),
(185, 0, 355, 890, 5.5, 5.5, 0, 0, 0, 0, 0, 0, 0, 0, 0, 0, 0),
(186, 0, 412, 890, 6, 6, 0, 0, 0, 0, 0, 0, 0, 0, 0, 0, 0),
(187, 0, 419, 890, 3.5, 3.5, 0, 0, 0, 0, 0, 0, 0, 0, 0, 0, 0),
(188, 0, 479, 890, 4.5, 4.5, 0, 0, 0, 0, 0, 0, 0, 0, 0, 0, 0),
(189, 0, 480, 890, 5, 5, 0, 0, 0, 0, 0, 0, 0, 0, 0, 0, 0),
(190, 0, 629, 890, 6.5, 6.5, 0, 0, 0, 0, 0, 0, 0, 0, 0, 0, 0),
(191, 0, 35, 890, 5.5, 5.5, 0, 0, 0, 0, 0, 0, 0, 0, 0, 0, 0),
(192, 0, 47, 890, 7, 7, 0, 0, 0, 0, 0, 0, 0, 0, 0, 0, 0),
(193, 0, 76, 890, 20, 9, 1, NULL, 0, 1, 0, 0, 0, 0, 0, 0, 0),
(194, 0, 516, 890, 11, 8, 0, 0, 0, 0, 1, 0, 0, 0, 0, 1, 0),
(195, 0, 1, 883, 6.5, 6.5, 0, 0, 0, 0, 0, 0, 0, 0, 0, 0, 0),
(196, 0, 186, 883, 6, 6, 0, 0, 0, 0, 0, 0, 0, 0, 0, 0, 0),
(197, 0, 217, 883, 5, 5, 0, 0, 0, 0, 0, 0, 0, 0, 0, 0, 0),
(198, 0, 87, 883, 6, 6, 0, 0, 0, 0, 0, 0, 0, 0, 0, 0, 0),
(199, 0, 256, 883, 6, 6, 0, 0, 0, 0, 0, 0, 0, 0, 0, 0, 0),
(200, 0, 402, 883, 6, 6, 0, 0, 0, 0, 0, 0, 0, 0, 0, 0, 0),
(201, 0, 53, 885, 4, 4, 0, 0, 0, 0, 0, 0, 0, 0, 0, 0, 0),
(202, 0, 279, 885, 5, 5, 0, 0, 0, 0, 0, 0, 0, 0, 0, 0, 0),
(203, 0, 300, 885, 5, 5, 0, 0, 0, 0, 0, 0, 0, 0, 0, 0, 0),
(204, 0, 403, 885, 0.5, 4.5, 0, 4, 0, 0, 0, 0, 0, 0, 0, 0, 0),
(205, 0, 465, 885, 4.5, 4.5, 0, 0, 0, 0, 0, 0, 0, 0, 0, 0, 0),
(206, 0, 24, 885, 6, 6, 0, 0, 0, 0, 0, 0, 0, 0, 0, 0, 0),
(207, 0, 231, 885, 6, 7, 0, 0, 0, 0, 0, 0, 0, 0, 0, 1, 0),
(208, 0, 293, 885, 6, 6, 0, 0, 0, 0, 0, 0, 0, 0, 0, 0, 0),
(209, 0, 346, 885, 10, 8, 1, NULL, 0, 0, 0, 0, 0, 0, 0, 0, 0),
(210, 0, 427, 885, 10, 7, 0, 0, 0, 0, 1, 0, 0, 0, 0, 0, 0),
(211, 0, 459, 885, 6.5, 6.5, 0, 0, 0, 0, 0, 0, 0, 0, 0, 0, 0),
(212, 0, 483, 885, 21, 8.5, 0, 0, 0, 1, 1, 0, 0, 0, 0, 0, 0),
(213, 0, 510, 885, 5, 5, 0, 0, 0, 0, 0, 0, 0, 0, 0, 0, 0),
(214, 0, 593, 885, 9.5, 7.5, 0, 0, 0, 0, 0, 1, 0, 0, 0, 0, 0),
(215, 0, 34, 891, 6, 7, 0, 0, 0, 0, 0, 0, 0, 0, 0, 1, 0),
(216, 0, 569, 883, 5, 6, 0, 0, 0, 0, 0, 0, 0, 0, 0, 1, 0),
(217, 0, 106, 885, 8, 8, 0, 0, 0, 0, 0, 0, 0, 0, 0, 0, 0),
(218, 0, 446, 889, 5.5, 5.5, 0, 0, 0, 0, 0, 0, 0, 0, 0, 0, 0),
(219, 0, 75, 892, 4, 4, 0, 0, 0, 0, 0, 0, 0, 0, 0, 0, 0),
(220, 0, 265, 892, 6, 6, 0, 0, 0, 0, 0, 0, 0, 0, 0, 0, 0),
(221, 0, 305, 892, 5, 5, 0, 0, 0, 0, 0, 0, 0, 0, 0, 0, 0),
(222, 0, 356, 892, 5, 5, 0, 0, 0, 0, 0, 0, 0, 0, 0, 0, 0),
(223, 0, 460, 892, 4, 5, 0, 1, 0, 0, 0, 0, 0, 0, 0, 0, 0),
(224, 0, 313, 892, 6, 6, 0, 0, 0, 0, 0, 0, 0, 0, 0, 0, 0),
(225, 0, 404, 892, 8.5, 6.5, 1, NULL, 0, 0, 0, 0, 0, 0, 0, 0, 0),
(226, 0, 438, 892, 4, 5, 0, 0, 0, 0, 0, 0, 0, 0, 0, 1, 0),
(227, 0, 556, 892, 5, 5, 0, 0, 0, 0, 0, 0, 0, 0, 0, 0, 0),
(228, 0, 587, 892, 6, 6, 0, 0, 0, 0, 0, 0, 0, 0, 0, 0, 0),
(229, 0, 598, 892, 14, 7, 0, 0, 0, 1, 0, 0, 0, 0, 0, 0, 0),
(230, 0, 43, 897, 6, 6, 0, 0, 0, 0, 0, 0, 0, 0, 0, 0, 0),
(231, 0, 506, 897, 7.5, 7.5, 0, 0, 0, 0, 0, 0, 0, 0, 0, 0, 0),
(232, 0, 574, 897, 3, 5, 0, 2, 0, 0, 0, 0, 0, 0, 0, 0, 0),
(233, 0, 93, 897, 4.5, 4.5, 0, 0, 0, 0, 0, 0, 0, 0, 0, 0, 0),
(234, 0, 162, 897, 5, 5, 0, 0, 0, 0, 0, 0, 0, 0, 0, 0, 0),
(235, 0, 505, 897, 5, 5, 0, 0, 0, 0, 0, 0, 0, 0, 0, 0, 0),
(236, 0, 535, 897, 22, 8, 0, 0, 0, 1, 1, 0, 0, 0, 0, 0, 0),
(237, 0, 617, 897, 5.5, 5.5, 0, 0, 0, 0, 0, 0, 0, 0, 0, 0, 0),
(238, 0, 423, 901, 4.5, 4.5, 0, 0, 0, 0, 0, 0, 0, 0, 0, 0, 0),
(239, 0, 444, 901, 3, 3, 0, 0, 0, 0, 0, 0, 0, 0, 0, 0, 0),
(240, 0, 601, 901, 6.5, 6.5, 0, 0, 0, 0, 0, 0, 0, 0, 0, 0, 0),
(241, 0, 602, 901, 5, 5, 0, 0, 0, 0, 0, 0, 0, 0, 0, 0, 0),
(242, 0, 158, 901, 3.5, 4.5, 0, 0, 0, 0, 0, 0, 0, 0, 0, 1, 0),
(243, 0, 383, 901, 5, 5, 0, 0, 0, 0, 0, 0, 0, 0, 0, 0, 0),
(244, 0, 462, 901, 9.5, 7.5, 1, NULL, 0, 0, 0, 0, 0, 0, 0, 0, 0),
(245, 0, 589, 901, 5, 5, 0, 0, 0, 0, 0, 0, 0, 0, 0, 0, 0),
(246, 0, 80, 900, 2, 3, 0, 0, 0, 0, 0, 0, 0, 0, 0, 1, 0),
(247, 0, 250, 900, 4, 4, 0, 0, 0, 0, 0, 0, 0, 0, 0, 0, 0),
(248, 0, 297, 900, 5, 5, 0, 0, 0, 0, 0, 0, 0, 0, 0, 0, 0),
(249, 0, 365, 900, 5, 5, 0, 0, 0, 0, 0, 0, 0, 0, 0, 0, 0),
(250, 0, 371, 900, 1, 5, 0, 3, 0, 0, 0, 0, 0, 0, 0, 1, 0),
(251, 0, 507, 900, 6, 6, 0, 0, 0, 0, 0, 0, 0, 0, 0, 0, 0),
(252, 0, 136, 900, 8, 6, 0, 0, 0, 0, 0, 1, 0, 0, 0, 0, 0),
(253, 0, 242, 900, 11, 8, 0, 0, 0, 0, 1, 0, 0, 0, 0, 0, 0),
(254, 0, 263, 900, 20, 8.5, 0, 0, 0, 1, 1, 0, 0, 0, 0, 0, 0),
(255, 0, 296, 900, 6, 6, 0, 0, 0, 0, 0, 0, 0, 0, 0, 0, 0),
(256, 0, 541, 900, 6, 7, 0, 1, 0, 0, 0, 0, 0, 0, 0, 0, 0),
(257, 0, 551, 900, 6, 6, 0, 0, 0, 0, 0, 0, 0, 0, 0, 0, 0),
(258, 1, 181, 896, 5, 6, 0, 0, 0, 0, 0, 0, 0, 0, 0, 1, 0),
(259, 0, 188, 896, 12.5, 6.5, 0, 0, 0, 0, 1, 0, 0, 0, 0, 0, 0),
(260, 1, 353, 896, 6, 7, 0, 0, 0, 0, 0, 0, 0, 0, 0, 1, 0),
(261, 2, 380, 896, 16, 7.5, 0, 0, 0, 1, 0, 1, 0, 0, 0, 1, 0),
(262, 0, 87, 896, 11.5, 6.5, 0, 0, 0, 0, 1, 0, 0, 0, 0, 1, 0),
(263, 0, 256, 896, 5, 5, 0, 0, 0, 0, 0, 0, 0, 0, 0, 0, 0),
(264, 0, 402, 896, 4, 4, 0, 0, 0, 0, 0, 0, 0, 0, 0, 0, 0),
(265, 0, 105, 895, 5, 6, 0, 1, 0, 0, 0, 0, 0, 0, 0, 0, 0),
(266, 0, 360, 895, 4, 4, 0, 0, 0, 0, 0, 0, 0, 0, 0, 0, 0),
(267, 0, 1, 895, 6.5, 6.5, 0, 0, 0, 0, 0, 0, 0, 0, 0, 0, 0),
(268, 0, 217, 895, 6.5, 6.5, 0, 0, 0, 0, 0, 0, 0, 0, 0, 0, 0),
(269, 0, 569, 895, 7, 7, 0, 0, 0, 0, 0, 0, 0, 0, 0, 0, 0),
(270, 0, 24, 893, 4, 4, 0, 0, 0, 0, 0, 0, 0, 0, 0, 0, 0),
(271, 0, 106, 893, 5, 5, 0, 0, 0, 0, 0, 0, 0, 0, 0, 0, 0),
(272, 0, 231, 893, 5, 6, 0, 0, 0, 0, 0, 0, 0, 0, 0, 1, 0),
(273, 0, 293, 893, 5, 5, 0, 0, 0, 0, 0, 0, 0, 0, 0, 0, 0),
(274, 0, 346, 893, 3, 5, 0, 2, 0, 0, 0, 0, 0, 0, 0, 0, 0),
(275, 0, 459, 893, 4, 4, 0, 0, 0, 0, 0, 0, 0, 0, 0, 0, 0),
(276, 0, 483, 893, 4, 4, 0, 0, 0, 0, 0, 0, 0, 0, 0, 0, 0),
(277, 0, 510, 893, 4, 4, 0, 0, 0, 0, 0, 0, 0, 0, 0, 0, 0),
(278, 0, 593, 893, 5, 5, 0, 0, 0, 0, 0, 0, 0, 0, 0, 0, 0),
(279, 0, 143, 893, 5, 5, 0, 0, 0, 0, 0, 0, 0, 0, 0, 0, 0),
(280, 0, 192, 893, 12, 8, 0, 0, 0, 0, 1, 0, 0, 0, 0, 0, 0),
(281, 0, 385, 893, 6, 6, 0, 0, 0, 0, 0, 0, 0, 0, 0, 0, 0),
(282, 0, 490, 893, 18, 9, 0, 0, 0, 1, 0, 0, 0, 0, 0, 0, 0),
(283, 0, 492, 893, 6, 6, 0, 0, 0, 0, 0, 0, 0, 0, 0, 0, 0),
(284, 0, 501, 893, 6, 6, 0, 0, 0, 0, 0, 0, 0, 0, 0, 0, 0),
(285, 0, 513, 893, 5, 5, 0, 0, 0, 0, 0, 0, 0, 0, 0, 0, 0),
(286, 0, 610, 893, 10, 7, 0, 0, 0, 0, 1, 0, 0, 0, 0, 0, 0),
(287, 0, 35, 898, 5.5, 6.5, 0, 0, 0, 0, 0, 0, 0, 0, 0, 1, 0),
(288, 0, 47, 898, 3.5, 5.5, 0, 0, 0, 0, 0, 0, 0, 0, 0, 0, 1),
(289, 0, 76, 898, 11.5, 6.5, 0, 1, 0, 0, 1, 0, 0, 1, 0, 0, 0),
(290, 0, 516, 898, 6, 6, 0, 0, 0, 0, 0, 0, 0, 0, 0, 0, 0),
(291, 0, 101, 898, 6.5, 6.5, 0, 0, 0, 0, 0, 0, 0, 0, 0, 0, 0),
(292, 0, 273, 898, 4, 4, 0, 0, 0, 0, 0, 0, 0, 0, 0, 0, 0),
(293, 0, 276, 898, 4.5, 4.5, 0, 0, 0, 0, 0, 0, 0, 0, 0, 0, 0),
(294, 0, 317, 898, 3, 4, 0, 0, 0, 0, 0, 0, 0, 0, 0, 1, 0),
(295, 0, 350, 898, 6, 6, 0, 0, 0, 0, 0, 0, 0, 0, 0, 0, 0),
(296, 0, 381, 898, 13, 7, 0, 0, 0, 0, 0, 0, 1, 0, 0, 0, 0),
(297, 0, 455, 898, 5, 5, 0, 0, 0, 0, 0, 0, 0, 0, 0, 0, 0),
(298, 0, 576, 898, 5, 5, 0, 0, 0, 0, 0, 0, 0, 0, 0, 0, 0),
(299, 0, 624, 898, 5.5, 6.5, 0, 0, 0, 0, 0, 0, 0, 0, 0, 1, 0),
(300, 0, 83, 894, 6.5, 6.5, 0, 0, 0, 0, 0, 0, 0, 0, 0, 0, 0),
(301, 0, 138, 894, 4, 4, 0, 0, 0, 0, 0, 0, 0, 0, 0, 0, 0),
(302, 0, 53, 894, 12, 6, 0, 0, 0, 0, 0, 0, 1, 0, 0, 0, 0),
(303, 0, 300, 894, 3, 4, 0, 0, 0, 0, 0, 0, 0, 0, 0, 1, 0),
(304, 0, 379, 894, 3, 3, 0, 0, 0, 0, 0, 0, 0, 0, 0, 0, 0),
(305, 0, 403, 894, -1, 3, 0, 4, 0, 0, 0, 0, 0, 0, 0, 0, 0),
(306, 0, 465, 894, 4, 5, 0, 0, 0, 0, 0, 0, 0, 0, 0, 1, 0),
(307, 0, 69, 899, 4, 4, 0, 0, 0, 0, 0, 0, 0, 0, 0, 0, 0),
(308, 0, 222, 899, 4, 4, 0, 0, 0, 0, 0, 0, 0, 0, 0, 0, 0),
(309, 0, 397, 899, 2, 3, 0, 0, 0, 0, 0, 0, 0, 0, 0, 1, 0),
(310, 0, 431, 899, 6, 6, 0, 0, 0, 0, 0, 0, 0, 0, 0, 0, 0),
(311, 0, 446, 899, 4, 5, 0, 0, 0, 0, 0, 0, 0, 0, 0, 1, 0),
(312, 0, 565, 899, 4.5, 4.5, 0, 0, 0, 0, 0, 0, 0, 0, 0, 0, 0),
(313, 0, 46, 899, 5, 6, 0, 1, 0, 0, 0, 0, 0, 0, 0, 0, 0),
(314, 0, 61, 899, 5.5, 5.5, 0, 0, 0, 0, 0, 0, 0, 0, 0, 0, 0),
(315, 0, 110, 899, 14, 7, 0, 0, 0, 1, 0, 0, 0, 0, 0, 0, 0),
(316, 0, 412, 899, 5, 5, 0, 0, 0, 0, 0, 0, 0, 0, 0, 0, 0),
(317, 0, 479, 899, 4, 4, 0, 0, 0, 0, 0, 0, 0, 0, 0, 0, 0),
(318, 0, 480, 899, 3.5, 3.5, 0, 0, 0, 0, 0, 0, 0, 0, 0, 0, 0),
(319, 0, 87, 904, 4, 4, 0, 0, 0, 0, 0, 0, 0, 0, 0, 0, 0),
(320, 0, 256, 904, 4, 4, 0, 0, 0, 0, 0, 0, 0, 0, 0, 0, 0),
(321, 0, 402, 904, 4, 4, 0, 0, 0, 0, 0, 0, 0, 0, 0, 0, 0),
(322, 0, 105, 904, 5.5, 6.5, 0, 1, 0, 0, 0, 0, 0, 0, 0, 0, 0),
(323, 0, 184, 904, 6, 6, 0, 0, 0, 0, 0, 0, 0, 0, 0, 0, 0),
(324, 0, 566, 904, 6, 6, 0, 0, 0, 0, 0, 0, 0, 0, 0, 0, 0),
(325, 0, 1, 903, 4.5, 5.5, 0, 0, 0, 0, 0, 0, 0, 0, 0, 1, 0),
(326, 0, 217, 903, 4, 4, 0, 0, 0, 0, 0, 0, 0, 0, 0, 0, 0),
(327, 0, 569, 903, 4, 4, 0, 0, 0, 0, 0, 0, 0, 0, 0, 0, 0),
(328, 0, 43, 903, 5, 5, 0, 0, 0, 0, 0, 0, 0, 0, 0, 0, 0),
(329, 0, 506, 903, 19, 6.5, 0, 0, 0, 1, 0, 0, 1, 0, 0, 0, 0),
(330, 0, 574, 903, 5, 6, 0, 1, 0, 0, 0, 0, 0, 0, 0, 0, 0),
(331, 0, 158, 908, 4, 4, 0, 0, 0, 0, 0, 0, 0, 0, 0, 0, 0),
(332, 0, 259, 908, 4.5, 4.5, 0, 0, 0, 0, 0, 0, 0, 0, 0, 0, 0),
(333, 0, 383, 908, 3.5, 4.5, 0, 0, 0, 0, 0, 0, 0, 0, 0, 1, 0),
(334, 0, 462, 908, 16, 7, 1, NULL, 0, 1, 0, 0, 0, 0, 0, 0, 0),
(335, 0, 589, 908, 4, 4, 0, 0, 0, 0, 0, 0, 0, 0, 0, 0, 0),
(336, 0, 265, 908, 5, 5, 0, 0, 0, 0, 0, 0, 0, 0, 0, 0, 0),
(337, 0, 305, 908, 4.5, 4.5, 0, 0, 0, 0, 0, 0, 0, 0, 0, 0, 0),
(338, 0, 460, 908, 7, 5, 1, NULL, 0, 0, 0, 0, 0, 0, 0, 0, 0),
(339, 0, 46, 910, 4, 6, 0, 2, 0, 0, 0, 0, 0, 0, 0, 0, 0),
(340, 0, 61, 910, 4.5, 4.5, 0, 0, 0, 0, 0, 0, 0, 0, 0, 0, 0),
(341, 0, 110, 910, 6, 6, 0, 0, 0, 0, 0, 0, 0, 0, 0, 0, 0),
(342, 0, 419, 910, 4.5, 4.5, 0, 0, 0, 0, 0, 0, 0, 0, 0, 0, 0),
(343, 0, 479, 910, 4.5, 4.5, 0, 0, 0, 0, 0, 0, 0, 0, 0, 0, 0),
(344, 0, 629, 910, 5.5, 5.5, 0, 0, 0, 0, 0, 0, 0, 0, 0, 0, 0),
(345, 0, 80, 910, 5, 5, 0, 0, 0, 0, 0, 0, 0, 0, 0, 0, 0),
(346, 0, 250, 910, 5, 5, 0, 0, 0, 0, 0, 0, 0, 0, 0, 0, 0),
(347, 0, 297, 910, 9, 6, 0, 0, 0, 0, 1, 0, 0, 0, 0, 1, 0),
(348, 0, 365, 910, 4, 4, 0, 0, 0, 0, 0, 0, 0, 0, 0, 0, 0),
(349, 0, 371, 910, 15, 8, 0, 1, 0, 1, 0, 0, 0, 0, 0, 0, 0),
(350, 0, 507, 910, 6, 6, 0, 0, 0, 0, 0, 0, 0, 0, 0, 0, 0),
(351, 0, 101, 911, 6.5, 6.5, 0, 0, 0, 0, 0, 0, 0, 0, 0, 0, 0),
(352, 1, 273, 911, 10.5, 7.5, 0, 0, 0, 0, 1, 0, 0, 0, 0, 0, 0),
(353, 0, 276, 911, 4, 4, 0, 0, 0, 0, 0, 0, 0, 0, 0, 0, 0),
(354, 0, 317, 911, 6, 6, 0, 0, 0, 0, 0, 0, 0, 0, 0, 0, 0),
(355, 0, 350, 911, 5, 5, 0, 0, 0, 0, 0, 0, 0, 0, 0, 0, 0),
(356, 0, 381, 911, 8.5, 8.5, 0, 0, 0, 0, 0, 0, 0, 0, 0, 0, 0),
(357, 0, 576, 911, 4, 5, 0, 0, 0, 0, 0, 0, 0, 0, 0, 1, 0),
(358, 0, 624, 911, 4, 5, 0, 0, 0, 0, 0, 0, 0, 0, 0, 1, 0),
(359, 0, 69, 911, 7, 7, 0, 0, 0, 0, 0, 0, 0, 0, 0, 0, 0),
(360, 0, 222, 911, 4, 4, 0, 0, 0, 0, 0, 0, 0, 0, 0, 0, 0),
(361, 0, 397, 911, 3, 3, 0, 0, 0, 0, 0, 0, 0, 0, 0, 0, 0),
(362, 0, 431, 911, 6, 6, 0, 0, 0, 0, 0, 0, 0, 0, 0, 0, 0),
(363, 0, 446, 911, 2, 3, 0, 0, 0, 0, 0, 0, 0, 0, 0, 1, 0),
(364, 0, 565, 911, 4, 5, 0, 0, 0, 0, 0, 0, 0, 0, 0, 1, 0),
(365, 0, 257, 907, 5.5, 5.5, 0, 0, 0, 0, 0, 0, 0, 0, 0, 0, 0),
(366, 0, 313, 907, 6, 6, 0, 0, 0, 0, 0, 0, 0, 0, 0, 0, 0),
(367, 0, 404, 907, 7, 5, 1, NULL, 0, 0, 0, 0, 0, 0, 0, 0, 0),
(368, 0, 438, 907, 6, 6, 0, 0, 0, 0, 0, 0, 0, 0, 0, 0, 0),
(369, 0, 587, 907, 5, 5, 0, 0, 0, 0, 0, 0, 0, 0, 0, 0, 0),
(370, 0, 598, 907, 14, 7.5, 0, 0, 0, 1, 0, 0, 0, 0, 0, 1, 0),
(371, 0, 24, 907, 4.5, 5.5, 0, 0, 0, 0, 0, 0, 0, 0, 0, 1, 0),
(372, 0, 106, 907, 4, 5, 0, 0, 0, 0, 0, 0, 0, 0, 0, 1, 0),
(373, 0, 122, 907, 4, 4, 0, 0, 0, 0, 0, 0, 0, 0, 0, 0, 0),
(374, 0, 231, 907, 4.5, 5.5, 0, 0, 0, 0, 0, 0, 0, 0, 0, 1, 0),
(375, 0, 293, 907, 3, 4, 0, 0, 0, 0, 0, 0, 0, 0, 0, 1, 0),
(376, 0, 346, 907, 8, 6, 1, NULL, 0, 0, 0, 0, 0, 0, 0, 0, 0),
(377, 0, 483, 907, 7, 7, 0, 0, 0, 0, 0, 0, 0, 0, 0, 0, 0),
(378, 0, 510, 907, 4.5, 4.5, 0, 0, 0, 0, 0, 0, 0, 0, 0, 0, 0),
(379, 0, 593, 907, 4, 4, 0, 0, 0, 0, 0, 0, 0, 0, 0, 0, 0),
(380, 0, 136, 909, 10.5, 6.5, 0, 0, 0, 0, 1, 0, 0, 0, 0, 0, 0),
(381, 0, 237, 909, 4, 4, 0, 0, 0, 0, 0, 0, 0, 0, 0, 0, 0),
(382, 0, 242, 909, 4, 4, 0, 0, 0, 0, 0, 0, 0, 0, 0, 0, 0),
(383, 0, 263, 909, 5, 5, 0, 0, 0, 0, 0, 0, 0, 0, 0, 0, 0),
(384, 0, 296, 909, 4, 4, 0, 0, 0, 0, 0, 0, 0, 0, 0, 0, 0),
(385, 0, 541, 909, 1, 4, 0, 3, 0, 0, 0, 0, 0, 0, 0, 0, 0),
(386, 0, 551, 909, 5.5, 5.5, 0, 0, 0, 0, 0, 0, 0, 0, 0, 0, 0),
(387, 0, 630, 909, 5.5, 5.5, 0, 0, 0, 0, 0, 0, 0, 0, 0, 0, 0),
(388, 0, 423, 909, 4, 5, 0, 0, 0, 0, 0, 0, 0, 0, 0, 1, 0),
(389, 0, 444, 909, 4, 4, 0, 0, 0, 0, 0, 0, 0, 0, 0, 0, 0),
(390, 0, 601, 909, 5, 6, 0, 0, 0, 0, 0, 0, 0, 0, 0, 1, 0),
(391, 0, 148, 906, 5, 5, 0, 0, 0, 0, 0, 0, 0, 0, 0, 0, 0),
(392, 0, 192, 906, 6, 6, 0, 0, 0, 0, 0, 0, 0, 0, 0, 0, 0),
(393, 0, 385, 906, 5.5, 5.5, 0, 0, 0, 0, 0, 0, 0, 0, 0, 0, 0),
(394, 0, 490, 906, 18, 9, 0, 0, 0, 1, 0, 0, 0, 0, 0, 0, 0),
(395, 0, 492, 906, 6.5, 6.5, 0, 0, 0, 0, 0, 0, 0, 0, 0, 0, 0),
(396, 0, 501, 906, 14, 8, 0, 0, 0, 0, 1, 0, 0, 0, 0, 0, 0),
(397, 0, 513, 906, 5, 6, 0, 0, 0, 0, 0, 0, 0, 0, 0, 1, 0),
(398, 0, 610, 906, 4, 5, 0, 0, 0, 0, 0, 0, 0, 0, 0, 1, 0),
(399, 0, 83, 906, 5.5, 6.5, 0, 0, 0, 0, 0, 0, 0, 0, 0, 1, 0),
(400, 0, 260, 906, 4, 4, 0, 0, 0, 0, 0, 0, 0, 0, 0, 0, 0),
(401, 0, 53, 905, 2, 4, 0, 0, 0, 0, 0, 0, 0, 0, 0, 0, 1),
(402, 0, 279, 905, 5, 5, 0, 0, 0, 0, 0, 0, 0, 0, 0, 0, 0),
(403, 0, 300, 905, 5, 5, 0, 0, 0, 0, 0, 0, 0, 0, 0, 0, 0),
(404, 0, 379, 905, 3, 3, 0, 0, 0, 0, 0, 0, 0, 0, 0, 0, 0),
(405, 0, 403, 905, 3, 4, 0, 1, 0, 0, 0, 0, 0, 0, 0, 0, 0),
(406, 0, 465, 905, 4.5, 4.5, 0, 0, 0, 0, 0, 0, 0, 0, 0, 0, 0),
(407, 0, 181, 905, 7, 7, 0, 0, 0, 0, 0, 0, 0, 0, 0, 0, 0),
(408, 0, 188, 905, 5, 6, 0, 0, 0, 0, 0, 0, 0, 0, 0, 1, 0),
(409, 0, 353, 905, 6.5, 6.5, 0, 0, 0, 0, 0, 0, 0, 0, 0, 0, 0),
(410, 0, 380, 905, 6, 7, 0, 0, 0, 0, 0, 0, 0, 0, 0, 1, 0),
(411, 0, 93, 902, 5, 5, 0, 0, 0, 0, 0, 0, 0, 0, 0, 0, 0),
(412, 0, 477, 902, 3, 3, 0, 0, 0, 0, 0, 0, 0, 0, 0, 0, 0),
(413, 0, 505, 902, 6, 6, 0, 0, 0, 0, 0, 0, 0, 0, 0, 0, 0),
(414, 0, 535, 902, 5, 5, 0, 0, 0, 0, 0, 0, 0, 0, 0, 0, 0),
(415, 0, 617, 902, 5, 5, 0, 0, 0, 0, 0, 0, 0, 0, 0, 0, 0),
(416, 0, 35, 902, 5, 6, 0, 0, 0, 0, 0, 0, 0, 0, 0, 1, 0),
(417, 0, 76, 902, 15, 8, 0, 1, 0, 1, 0, 0, 0, 0, 0, 0, 0),
(418, 0, 516, 902, 7, 7, 0, 0, 0, 0, 0, 0, 0, 0, 0, 0, 0),
(419, 0, 265, 912, 5, 5, 0, 0, 0, 0, 0, 0, 0, 0, 0, 0, 0),
(420, 0, 305, 912, 13, 7, 0, 0, 0, 0, 1, 0, 0, 0, 0, 0, 0),
(421, 0, 356, 912, 5, 5, 0, 0, 0, 0, 0, 0, 0, 0, 0, 0, 0),
(422, 0, 460, 912, 5, 6, 0, 1, 0, 0, 0, 0, 0, 0, 0, 0, 0),
(423, 0, 136, 912, 6, 6, 0, 0, 0, 0, 0, 0, 0, 0, 0, 0, 0),
(424, 0, 242, 912, 9, 6, 0, 0, 0, 0, 1, 0, 0, 0, 0, 0, 0),
(425, 0, 263, 912, 5, 5, 0, 0, 0, 0, 0, 0, 0, 0, 0, 0, 0),
(426, 0, 541, 912, 2.5, 4.5, 0, 2, 0, 0, 0, 0, 0, 0, 0, 0, 0),
(427, 0, 551, 912, 6, 6, 0, 0, 0, 0, 0, 0, 0, 0, 0, 0, 0),
(428, 0, 630, 912, 6, 6, 0, 0, 0, 0, 0, 0, 0, 0, 0, 0, 0),
(429, 0, 43, 917, 4.5, 4.5, 0, 0, 0, 0, 0, 0, 0, 0, 0, 0, 0),
(430, 0, 506, 917, 24, 8, 0, 0, 0, 1, 2, 0, 0, 0, 0, 0, 0),
(431, 0, 574, 917, 5, 7, 0, 2, 0, 0, 0, 0, 0, 0, 0, 0, 0),
(432, 0, 87, 917, 6, 6, 0, 0, 0, 0, 0, 0, 0, 0, 0, 0, 0),
(433, 0, 310, 917, 5.5, 5.5, 0, 0, 0, 0, 0, 0, 0, 0, 0, 0, 0),
(434, 0, 402, 917, 5, 5, 0, 0, 0, 0, 0, 0, 0, 0, 0, 0, 0),
(435, 0, 300, 915, 6, 6, 0, 0, 0, 0, 0, 0, 0, 0, 0, 0, 0),
(436, 0, 379, 915, 5, 5, 0, 0, 0, 0, 0, 0, 0, 0, 0, 0, 0),
(437, 0, 465, 915, 6, 6, 0, 0, 0, 0, 0, 0, 0, 0, 0, 0, 0),
(438, 0, 143, 915, 6, 6, 0, 0, 0, 0, 0, 0, 0, 0, 0, 0, 0),
(439, 0, 148, 915, 5, 5, 0, 0, 0, 0, 0, 0, 0, 0, 0, 0, 0),
(440, 0, 192, 915, 4.5, 4.5, 0, 0, 0, 0, 0, 0, 0, 0, 0, 0, 0),
(441, 0, 385, 915, 6, 6, 0, 0, 0, 0, 0, 0, 0, 0, 0, 0, 0),
(442, 0, 490, 915, 6.5, 6.5, 0, 0, 0, 0, 0, 0, 0, 0, 0, 0, 0),
(443, 0, 492, 915, 5.5, 5.5, 0, 0, 0, 0, 0, 0, 0, 0, 0, 0, 0),
(444, 1, 501, 915, 5, 5, 0, 0, 0, 0, 0, 0, 0, 0, 0, 0, 0),
(445, 0, 513, 915, 5, 5, 0, 0, 0, 0, 0, 0, 0, 0, 0, 0, 0),
(446, 0, 610, 915, 4.5, 4.5, 0, 0, 0, 0, 0, 0, 0, 0, 0, 0, 0),
(447, 0, 80, 920, 6, 6, 0, 0, 0, 0, 0, 0, 0, 0, 0, 0, 0),
(448, 1, 250, 920, 4, 5, 0, 0, 0, 0, 0, 0, 0, 0, 0, 1, 0),
(449, 1, 297, 920, 5, 6, 0, 0, 0, 0, 0, 0, 0, 0, 0, 1, 0),
(450, 1, 371, 920, 16, 7, 1, NULL, 0, 1, 0, 0, 0, 0, 0, 0, 0),
(451, 1, 507, 920, 3, 4, 0, 0, 0, 0, 0, 0, 0, 0, 0, 1, 0),
(452, 0, 101, 920, 6, 6, 0, 0, 0, 0, 0, 0, 0, 0, 0, 0, 0),
(453, 0, 273, 920, 5, 5, 0, 0, 0, 0, 0, 0, 0, 0, 0, 0, 0),
(454, 0, 276, 920, 6, 6, 0, 0, 0, 0, 0, 0, 0, 0, 0, 0, 0),
(455, 0, 317, 920, 6, 6, 0, 0, 0, 0, 0, 0, 0, 0, 0, 0, 0),
(456, 0, 350, 920, 5, 5, 0, 0, 0, 0, 0, 0, 0, 0, 0, 0, 0),
(457, 0, 381, 920, 4, 4, 0, 0, 0, 0, 0, 0, 0, 0, 0, 0, 0),
(458, 0, 455, 920, 5, 5, 0, 0, 0, 0, 0, 0, 0, 0, 0, 0, 0),
(459, 0, 576, 920, 5, 5, 0, 0, 0, 0, 0, 0, 0, 0, 0, 0, 0),
(460, 0, 624, 920, 4, 5, 0, 0, 0, 0, 0, 0, 0, 0, 0, 1, 0),
(461, 0, 391, 921, 3, 4, 0, 1, 0, 0, 0, 0, 0, 0, 0, 0, 0),
(462, 0, 423, 921, 3, 3, 0, 0, 0, 0, 0, 0, 0, 0, 0, 0, 0),
(463, 0, 444, 921, 2, 2, 0, 0, 0, 0, 0, 0, 0, 0, 0, 0, 0),
(464, 0, 601, 921, 6, 6, 0, 0, 0, 0, 0, 0, 0, 0, 0, 0, 0),
(465, 0, 602, 921, 4, 4, 0, 0, 0, 0, 0, 0, 0, 0, 0, 0, 0),
(466, 0, 46, 921, 9, 7, 1, NULL, 0, 0, 0, 0, 0, 0, 0, 0, 0),
(467, 0, 61, 921, 6, 6, 0, 0, 0, 0, 0, 0, 0, 0, 0, 0, 0),
(468, 0, 110, 921, 6.5, 6.5, 0, 0, 0, 0, 0, 0, 0, 0, 0, 0, 0),
(469, 0, 412, 921, 6, 6, 0, 0, 0, 0, 0, 0, 0, 0, 0, 0, 0),
(470, 0, 419, 921, 6, 6, 0, 0, 0, 0, 0, 0, 0, 0, 0, 0, 0),
(471, 0, 480, 921, 18, 7.5, 0, 0, 0, 1, 1, 0, 0, 0, 0, 0, 0),
(472, 0, 181, 916, 5, 5, 0, 0, 0, 0, 0, 0, 0, 0, 0, 0, 0),
(473, 0, 188, 916, 5, 5, 0, 0, 0, 0, 0, 0, 0, 0, 0, 0, 0),
(474, 0, 353, 916, 20, 8, 0, 0, 0, 1, 1, 0, 0, 0, 0, 0, 0),
(475, 0, 380, 916, 6, 6, 0, 0, 0, 0, 0, 0, 0, 0, 0, 0, 0),
(476, 0, 105, 916, 6, 7, 0, 1, 0, 0, 0, 0, 0, 0, 0, 0, 0),
(477, 0, 184, 916, 6.5, 6.5, 0, 0, 0, 0, 0, 0, 0, 0, 0, 0, 0),
(478, 0, 360, 916, 9, 6, 0, 0, 0, 0, 1, 0, 0, 0, 0, 0, 0),
(479, 0, 566, 916, 6, 6, 0, 0, 0, 0, 0, 0, 0, 0, 0, 0, 0),
(480, 0, 83, 914, 6, 6, 0, 0, 0, 0, 0, 0, 0, 0, 0, 0, 0),
(481, 0, 138, 914, 2.5, 2.5, 0, 0, 0, 0, 0, 0, 0, 0, 0, 0, 0),
(482, 0, 257, 914, 6, 6, 0, 0, 0, 0, 0, 0, 0, 0, 0, 0, 0),
(483, 0, 313, 914, 4.5, 5.5, 0, 0, 0, 0, 0, 0, 0, 0, 0, 1, 0),
(484, 0, 404, 914, 18, 8, 1, NULL, 0, 1, 0, 0, 0, 0, 0, 0, 0),
(485, 0, 438, 914, 5, 5, 0, 0, 0, 0, 0, 0, 0, 0, 0, 0, 0),
(486, 0, 587, 914, 5, 5, 0, 0, 0, 0, 0, 0, 0, 0, 0, 0, 0),
(487, 0, 598, 914, 6.5, 6.5, 0, 0, 0, 0, 0, 0, 0, 0, 0, 0, 0),
(488, 0, 24, 913, 5.5, 5.5, 0, 0, 0, 0, 0, 0, 0, 0, 0, 0, 0),
(489, 0, 106, 913, 14, 7.5, 0, 0, 0, 1, 0, 0, 0, 0, 0, 1, 0),
(490, 0, 231, 913, 6, 6, 0, 0, 0, 0, 0, 0, 0, 0, 0, 0, 0),
(491, 0, 293, 913, 5, 5, 0, 0, 0, 0, 0, 0, 0, 0, 0, 0, 0),
(492, 0, 346, 913, 5, 6, 0, 1, 0, 0, 0, 0, 0, 0, 0, 0, 0),
(493, 0, 393, 913, 5, 5, 0, 0, 0, 0, 0, 0, 0, 0, 0, 0, 0),
(494, 0, 459, 913, 5, 5, 0, 0, 0, 0, 0, 0, 0, 0, 0, 0, 0),
(495, 0, 483, 913, 6.5, 6.5, 0, 0, 0, 0, 0, 0, 0, 0, 0, 0, 0),
(496, 0, 593, 913, 4.5, 4.5, 0, 0, 0, 0, 0, 0, 0, 0, 0, 0, 0),
(497, 0, 158, 913, 4.5, 4.5, 0, 0, 0, 0, 0, 0, 0, 0, 0, 0, 0),
(498, 0, 259, 913, 5.5, 5.5, 0, 0, 0, 0, 0, 0, 0, 0, 0, 0, 0),
(499, 0, 383, 913, 4, 5, 0, 0, 0, 0, 0, 0, 0, 0, 0, 1, 0),
(500, 0, 589, 913, 4, 4, 0, 0, 0, 0, 0, 0, 0, 0, 0, 0, 0),
(501, 0, 69, 919, 7, 7, 0, 0, 0, 0, 0, 0, 0, 0, 0, 0, 0),
(502, 0, 222, 919, 4, 4, 0, 0, 0, 0, 0, 0, 0, 0, 0, 0, 0),
(503, 0, 358, 919, 4, 5, 0, 0, 0, 0, 0, 0, 0, 0, 0, 1, 0),
(504, 0, 397, 919, 4, 4, 0, 0, 0, 0, 0, 0, 0, 0, 0, 0, 0),
(505, 0, 431, 919, 3.5, 3.5, 0, 0, 0, 0, 0, 0, 0, 0, 0, 0, 0),
(506, 0, 565, 919, 5.5, 5.5, 0, 0, 0, 0, 0, 0, 0, 0, 0, 0, 0),
(507, 0, 93, 919, 5, 5, 0, 0, 0, 0, 0, 0, 0, 0, 0, 0, 0),
(508, 0, 162, 919, 5, 5, 0, 0, 0, 0, 0, 0, 0, 0, 0, 0, 0),
(509, 0, 165, 919, 4, 5, 0, 0, 0, 0, 0, 0, 0, 0, 0, 1, 0),
(510, 0, 505, 919, 5, 5, 0, 0, 0, 0, 0, 0, 0, 0, 0, 0, 0),
(511, 0, 535, 919, 5, 5, 0, 0, 0, 0, 0, 0, 0, 0, 0, 0, 0),
(512, 0, 35, 918, 6, 6, 0, 0, 0, 0, 0, 0, 0, 0, 0, 0, 0),
(513, 0, 47, 918, 9, 7, 0, 0, 0, 0, 1, 0, 0, 0, 0, 1, 0),
(514, 0, 76, 918, 18, 8, 1, NULL, 0, 1, 0, 0, 0, 0, 0, 0, 0),
(515, 0, 516, 918, 6.5, 6.5, 0, 0, 0, 0, 0, 0, 0, 0, 0, 0, 0),
(516, 0, 1, 918, 6, 6, 0, 0, 0, 0, 0, 0, 0, 0, 0, 0, 0),
(517, 0, 217, 918, 4, 4, 0, 0, 0, 0, 0, 0, 0, 0, 0, 0, 0),
(518, 0, 569, 918, 5.5, 5.5, 0, 0, 0, 0, 0, 0, 0, 0, 0, 0, 0),
(519, 0, 404, 927, 1, 3, 0, 2, 0, 0, 0, 0, 0, 0, 0, 0, 0),
(520, 0, 257, 927, 4.5, 4.5, 0, 0, 0, 0, 0, 0, 0, 0, 0, 0, 0),
(521, 0, 313, 927, 3.5, 3.5, 0, 0, 0, 0, 0, 0, 0, 0, 0, 0, 0),
(522, 0, 438, 927, 5, 5, 0, 0, 0, 0, 0, 0, 0, 0, 0, 0, 0),
(523, 0, 587, 927, 5, 5, 0, 0, 0, 0, 0, 0, 0, 0, 0, 0, 0),
(524, 0, 598, 927, 5.5, 5.5, 0, 0, 0, 0, 0, 0, 0, 0, 0, 0, 0),
(525, 0, 279, 927, 5, 5, 0, 0, 0, 0, 0, 0, 0, 0, 0, 0, 0),
(526, 0, 300, 927, 6, 6, 0, 0, 0, 0, 0, 0, 0, 0, 0, 0, 0),
(527, 0, 379, 927, 9, 7, 0, 0, 0, 0, 1, 0, 0, 0, 0, 1, 0),
(528, 0, 465, 927, 3.5, 4.5, 0, 0, 0, 0, 0, 0, 0, 0, 0, 1, 0),
(529, 0, 136, 929, 6.5, 6.5, 0, 0, 0, 0, 0, 0, 0, 0, 0, 0, 0),
(530, 0, 237, 929, 7.5, 7.5, 0, 0, 0, 0, 0, 0, 0, 0, 0, 0, 0),
(531, 0, 242, 929, 5, 5, 0, 0, 0, 0, 0, 0, 0, 0, 0, 0, 0),
(532, 0, 263, 929, 19, 8, 0, 0, 0, 1, 1, 0, 0, 0, 0, 0, 0),
(533, 0, 541, 929, 5, 6, 0, 1, 0, 0, 0, 0, 0, 0, 0, 0, 0),
(534, 0, 551, 929, 7.5, 7.5, 0, 0, 0, 0, 0, 0, 0, 0, 0, 0, 0),
(535, 0, 630, 929, 5, 6, 0, 0, 0, 0, 0, 0, 0, 0, 0, 1, 0),
(536, 0, 24, 929, 5, 5, 0, 0, 0, 0, 0, 0, 0, 0, 0, 0, 0),
(537, 0, 106, 929, 6, 6, 0, 0, 0, 0, 0, 0, 0, 0, 0, 0, 0),
(538, 0, 231, 929, 4.5, 5.5, 0, 0, 0, 0, 0, 0, 0, 0, 0, 1, 0),
(539, 0, 254, 929, 4.5, 4.5, 0, 0, 0, 0, 0, 0, 0, 0, 0, 0, 0),
(540, 0, 293, 929, 1.5, 3.5, 0, 0, 0, 0, 0, 0, 0, 0, 0, 0, 1),
(541, 0, 346, 929, 3, 5, 0, 2, 0, 0, 0, 0, 0, 0, 0, 0, 0),
(542, 0, 427, 929, 5, 5, 0, 0, 0, 0, 0, 0, 0, 0, 0, 0, 0),
(543, 0, 483, 929, 6, 4, 0, 0, 0, 0, 1, 0, 0, 0, 0, 0, 1),
(544, 0, 593, 929, 5, 6, 0, 0, 0, 0, 0, 0, 0, 0, 0, 1, 0),
(545, 0, 46, 930, 7.5, 5.5, 1, NULL, 0, 0, 0, 0, 0, 0, 0, 0, 0),
(546, 0, 61, 930, 6, 6, 0, 0, 0, 0, 0, 0, 0, 0, 0, 0, 0),
(547, 0, 110, 930, 15, 7.5, 0, 0, 0, 1, 0, 0, 0, 0, 0, 0, 0),
(548, 0, 355, 930, 6.5, 6.5, 0, 0, 0, 0, 0, 0, 0, 0, 0, 0, 0),
(549, 0, 412, 930, 6, 6, 0, 0, 0, 0, 0, 0, 0, 0, 0, 0, 0),
(550, 0, 480, 930, 4.5, 4.5, 0, 0, 0, 0, 0, 0, 0, 0, 0, 0, 0),
(551, 0, 265, 930, 4, 5, 0, 0, 0, 0, 0, 0, 0, 0, 0, 1, 0),
(552, 0, 305, 930, 4, 5, 0, 0, 0, 0, 0, 0, 0, 0, 0, 1, 0),
(553, 0, 356, 930, 4, 5, 0, 0, 0, 0, 0, 0, 0, 0, 0, 1, 0),
(554, 0, 433, 930, 4, 4, 0, 0, 0, 0, 0, 0, 0, 0, 0, 0, 0),
(555, 0, 460, 930, 4, 5, 0, 1, 0, 0, 0, 0, 0, 0, 0, 0, 0),
(556, 0, 148, 926, 5, 5, 0, 0, 0, 0, 0, 0, 0, 0, 0, 0, 0),
(557, 0, 192, 926, 5, 5, 0, 0, 0, 0, 0, 0, 0, 0, 0, 0, 0),
(558, 0, 385, 926, 3.5, 3.5, 0, 0, 0, 0, 0, 0, 0, 0, 0, 0, 0),
(559, 0, 490, 926, 14, 7.5, 0, 0, 0, 1, 0, 0, 0, 0, 0, 1, 0),
(560, 0, 492, 926, 6, 7, 0, 0, 0, 0, 0, 0, 0, 0, 0, 1, 0),
(561, 0, 501, 926, 6, 6, 0, 0, 0, 0, 0, 0, 0, 0, 0, 0, 0),
(562, 0, 513, 926, 6, 6, 0, 0, 0, 0, 0, 0, 0, 0, 0, 0, 0),
(563, 0, 610, 926, 4.5, 4.5, 0, 0, 0, 0, 0, 0, 0, 0, 0, 0, 0),
(564, 0, 188, 926, 5, 5, 0, 0, 0, 0, 0, 0, 0, 0, 0, 0, 0),
(565, 0, 181, 926, 5, 5, 0, 0, 0, 0, 0, 0, 0, 0, 0, 0, 0),
(566, 0, 353, 926, 5.5, 6.5, 0, 0, 0, 0, 0, 0, 0, 0, 0, 1, 0),
(567, 0, 380, 926, 2, 3, 0, 0, 0, 0, 0, 0, 0, 0, 0, 1, 0),
(568, 0, 101, 931, 5, 5, 0, 0, 0, 0, 0, 0, 0, 0, 0, 0, 0),
(569, 0, 273, 931, 4, 4, 0, 0, 0, 0, 0, 0, 0, 0, 0, 0, 0),
(570, 1, 276, 931, 9, 6, 0, 0, 0, 0, 1, 0, 0, 0, 0, 0, 0),
(571, 0, 317, 931, 5, 5, 0, 0, 0, 0, 0, 0, 0, 0, 0, 0, 0),
(572, 0, 350, 931, 3.5, 4.5, 0, 0, 0, 0, 0, 0, 0, 0, 0, 1, 0),
(573, 0, 381, 931, 3, 3, 0, 0, 0, 0, 0, 0, 0, 0, 0, 0, 0),
(574, 0, 624, 931, 3.5, 3.5, 0, 0, 0, 0, 0, 0, 0, 0, 0, 0, 0),
(575, 1, 423, 931, 10, 7, 0, 0, 0, 0, 1, 0, 0, 0, 0, 0, 0),
(576, 0, 601, 931, 5, 5, 0, 0, 0, 0, 0, 0, 0, 0, 0, 0, 0),
(577, 1, 602, 931, 3.5, 4.5, 0, 0, 0, 0, 0, 0, 0, 0, 0, 1, 0),
(578, 0, 158, 928, 2.5, 3.5, 0, 0, 0, 0, 0, 0, 0, 0, 0, 1, 0),
(579, 0, 259, 928, 3, 3, 0, 0, 0, 0, 0, 0, 0, 0, 0, 0, 0),
(580, 0, 383, 928, 3.5, 4.5, 0, 0, 0, 0, 0, 0, 0, 0, 0, 1, 0),
(581, 0, 589, 928, 5, 5, 0, 0, 0, 0, 0, 0, 0, 0, 0, 0, 0),
(582, 0, 83, 928, 10.5, 6.5, 0, 0, 0, 0, 1, 0, 0, 0, 0, 0, 0),
(583, 0, 260, 928, 5.5, 5.5, 0, 0, 0, 0, 0, 0, 0, 0, 0, 0, 0),
(584, 0, 105, 925, 3, 5, 0, 2, 0, 0, 0, 0, 0, 0, 0, 0, 0),
(585, 0, 184, 925, 5, 5, 0, 0, 0, 0, 0, 0, 0, 0, 0, 0, 0),
(586, 1, 360, 925, 4.5, 5.5, 0, 0, 0, 0, 1, 0, 0, 1, 0, 0, 0),
(587, 0, 566, 925, 4.5, 4.5, 0, 0, 0, 0, 0, 0, 0, 0, 0, 0, 0),
(588, 0, 506, 925, 5, 5, 0, 0, 0, 0, 0, 0, 0, 0, 0, 0, 0),
(589, 0, 574, 925, 9, 6, 0, 1, 0, 0, 0, 0, 0, 0, 1, 0, 0),
(590, 0, 162, 922, 5.5, 5.5, 0, 0, 0, 0, 0, 0, 0, 0, 0, 0, 0),
(591, 0, 165, 922, 5.5, 5.5, 0, 0, 0, 0, 0, 0, 0, 0, 0, 0, 0),
(592, 0, 477, 922, 9, 6, 0, 0, 0, 0, 1, 0, 0, 0, 0, 0, 0),
(593, 0, 505, 922, 5, 5, 0, 0, 0, 0, 0, 0, 0, 0, 0, 0, 0),
(594, 0, 535, 922, 4, 5, 0, 0, 0, 0, 0, 0, 0, 0, 0, 1, 0),
(595, 0, 617, 922, 6.5, 6.5, 0, 0, 0, 0, 0, 0, 0, 0, 0, 0, 0),
(596, 0, 80, 922, 4, 4, 0, 0, 0, 0, 0, 0, 0, 0, 0, 0, 0),
(597, 0, 142, 922, 3.5, 5.5, 0, 2, 0, 0, 0, 0, 0, 0, 0, 0, 0),
(598, 0, 250, 922, 4, 4, 0, 0, 0, 0, 0, 0, 0, 0, 0, 0, 0),
(599, 0, 297, 922, 5, 5, 0, 0, 0, 0, 0, 0, 0, 0, 0, 0, 0),
(600, 0, 410, 922, 3, 3, 0, 0, 0, 0, 0, 0, 0, 0, 0, 0, 0),
(601, 0, 507, 922, 3, 3, 0, 0, 0, 0, 0, 0, 0, 0, 0, 0, 0),
(602, 0, 1, 923, 5.5, 6.5, 0, 0, 0, 0, 0, 0, 0, 0, 0, 1, 0),
(603, 0, 217, 923, 14, 8, 0, 0, 0, 0, 2, 0, 0, 0, 0, 0, 0),
(604, 0, 569, 923, 6, 6, 0, 0, 0, 0, 0, 0, 0, 0, 0, 0, 0),
(605, 0, 69, 923, 5, 5, 0, 0, 0, 0, 0, 0, 0, 0, 0, 0, 0),
(606, 0, 222, 923, 4, 4, 0, 0, 0, 0, 0, 0, 0, 0, 0, 0, 0),
(607, 0, 358, 923, 5, 5, 0, 0, 0, 0, 0, 0, 0, 0, 0, 0, 0),
(608, 0, 397, 923, 4, 4, 0, 0, 0, 0, 0, 0, 0, 0, 0, 0, 0),
(609, 0, 431, 923, 4, 4, 0, 0, 0, 0, 0, 0, 0, 0, 0, 0, 0),
(610, 0, 446, 923, 3.5, 3.5, 0, 0, 0, 0, 0, 0, 0, 0, 0, 0, 0),
(611, 0, 565, 923, 3.5, 3.5, 0, 0, 0, 0, 0, 0, 0, 0, 0, 0, 0),
(612, 0, 87, 924, 6, 6, 0, 0, 0, 0, 0, 0, 0, 0, 0, 0, 0),
(613, 0, 256, 924, 6, 6, 0, 0, 0, 0, 0, 0, 0, 0, 0, 0, 0),
(614, 0, 310, 924, 5.5, 5.5, 0, 0, 0, 0, 0, 0, 0, 0, 0, 0, 0),
(615, 0, 402, 924, 19, 8, 0, 0, 0, 1, 1, 0, 0, 0, 0, 0, 0),
(616, 0, 35, 924, 5.5, 5.5, 0, 0, 0, 0, 0, 0, 0, 0, 0, 0, 0),
(617, 0, 47, 924, 6, 6, 0, 0, 0, 0, 0, 0, 0, 0, 0, 0, 0),
(618, 0, 76, 924, 15, 5, 0, 0, 0, 0, 1, 0, 0, 0, 0, 0, 0),
(619, 0, 516, 924, 7, 7, 0, 0, 0, 0, 0, 0, 0, 0, 0, 0, 0),
(620, 0, 80, 940, 5, 6, 0, 0, 0, 0, 0, 0, 0, 0, 0, 1, 0),
(621, 0, 142, 940, 8, 6, 1, NULL, 0, 0, 0, 0, 0, 0, 0, 0, 0),
(622, 0, 250, 940, 4, 4, 0, 0, 0, 0, 0, 0, 0, 0, 0, 0, 0),
(623, 0, 297, 940, 4, 4, 0, 0, 0, 0, 0, 0, 0, 0, 0, 0, 0),
(624, 0, 410, 940, 5, 5, 0, 0, 0, 0, 0, 0, 0, 0, 0, 0, 0),
(625, 0, 507, 940, 4.5, 4.5, 0, 0, 0, 0, 0, 0, 0, 0, 0, 0, 0),
(626, 0, 1, 940, 4.5, 4.5, 0, 0, 0, 0, 0, 0, 0, 0, 0, 0, 0),
(627, 0, 217, 940, 5.5, 5.5, 0, 0, 0, 0, 0, 0, 0, 0, 0, 0, 0),
(628, 0, 569, 940, 5, 5, 0, 0, 0, 0, 0, 0, 0, 0, 0, 0, 0),
(629, 0, 506, 937, 5.5, 5.5, 0, 0, 0, 0, 0, 0, 0, 0, 0, 0, 0),
(630, 0, 574, 937, 5.5, 6.5, 0, 1, 0, 0, 0, 0, 0, 0, 0, 0, 0),
(631, 0, 181, 937, 6, 6, 0, 0, 0, 0, 0, 0, 0, 0, 0, 0, 0),
(632, 0, 188, 937, 4, 5, 0, 0, 0, 0, 0, 0, 0, 0, 0, 1, 0),
(633, 0, 353, 937, 6, 6, 0, 0, 0, 0, 0, 0, 0, 0, 0, 0, 0),
(634, 0, 380, 937, 4, 4, 0, 0, 0, 0, 0, 0, 0, 0, 0, 0, 0),
(635, 0, 69, 939, 1, 3, 0, 0, 0, 0, 0, 0, 0, 0, 0, 0, 1),
(636, 0, 358, 939, 5, 5, 0, 0, 0, 0, 0, 0, 0, 0, 0, 0, 0),
(637, 0, 397, 939, 4, 5, 0, 0, 0, 0, 0, 0, 0, 0, 0, 1, 0),
(638, 0, 431, 939, 5, 5, 0, 0, 0, 0, 0, 0, 0, 0, 0, 0, 0),
(639, 0, 446, 939, 4.5, 5.5, 0, 0, 0, 0, 0, 0, 0, 0, 0, 1, 0),
(640, 0, 565, 939, 4, 4, 0, 0, 0, 0, 0, 0, 0, 0, 0, 0, 0),
(641, 0, 87, 939, 3, 5, 0, 0, 0, 0, 0, 0, 0, 0, 0, 0, 1),
(642, 0, 310, 939, 5, 5, 0, 0, 0, 0, 0, 0, 0, 0, 0, 0, 0),
(643, 0, 402, 939, 4, 4, 0, 0, 0, 0, 0, 0, 0, 0, 0, 0, 0),
(644, 0, 164, 936, 6, 6, 0, 0, 0, 0, 0, 0, 0, 0, 0, 0, 0),
(645, 0, 192, 936, 5, 6, 0, 0, 0, 0, 0, 0, 0, 0, 0, 1, 0),
(646, 0, 490, 936, 5, 5, 0, 0, 0, 0, 0, 0, 0, 0, 0, 0, 0),
(647, 0, 492, 936, 5, 5, 0, 0, 0, 0, 0, 0, 0, 0, 0, 0, 0),
(648, 0, 501, 936, 6, 6, 0, 0, 0, 0, 0, 0, 0, 0, 0, 0, 0),
(649, 0, 513, 936, 4, 5, 0, 0, 0, 0, 0, 0, 0, 0, 0, 1, 0),
(650, 0, 610, 936, 4, 5, 0, 0, 0, 0, 0, 0, 0, 0, 0, 1, 0),
(651, 0, 404, 936, 17, 8, 1, NULL, 0, 1, 0, 0, 0, 0, 0, 1, 0),
(652, 0, 438, 936, 4, 4, 0, 0, 0, 0, 0, 0, 0, 0, 0, 0, 0),
(653, 0, 587, 936, 5, 5, 0, 0, 0, 0, 0, 0, 0, 0, 0, 0, 0),
(654, 0, 598, 936, 3, 3, 0, 0, 0, 0, 0, 0, 0, 0, 0, 0, 0),
(655, 0, 78, 934, 9, 6, 0, 0, 0, 0, 1, 0, 0, 0, 0, 0, 0),
(656, 0, 83, 934, 7.5, 7.5, 0, 0, 0, 0, 0, 0, 0, 0, 0, 0, 0),
(657, 0, 117, 934, 6, 6, 0, 0, 0, 0, 0, 0, 0, 0, 0, 0, 0),
(658, 0, 260, 934, 5, 5, 0, 0, 0, 0, 0, 0, 0, 0, 0, 0, 0),
(659, 0, 136, 934, 4, 4, 0, 0, 0, 0, 0, 0, 0, 0, 0, 0, 0),
(660, 0, 242, 934, 4.5, 4.5, 0, 0, 0, 0, 0, 0, 0, 0, 0, 0, 0),
(661, 0, 263, 934, 4, 4, 0, 0, 0, 0, 0, 0, 0, 0, 0, 0, 0),
(662, 0, 296, 934, 4, 4, 0, 0, 0, 0, 0, 0, 0, 0, 0, 0, 0),
(663, 0, 541, 934, 1, 4, 0, 3, 0, 0, 0, 0, 0, 0, 0, 0, 0),
(664, 0, 630, 934, 4, 4, 0, 0, 0, 0, 0, 0, 0, 0, 0, 0, 0),
(665, 0, 24, 933, 4, 4, 0, 0, 0, 0, 0, 0, 0, 0, 0, 0, 0),
(666, 0, 106, 933, 5, 5, 0, 0, 0, 0, 0, 0, 0, 0, 0, 0, 0),
(667, 0, 231, 933, 4.5, 5.5, 0, 0, 0, 0, 0, 0, 0, 0, 0, 1, 0),
(668, 0, 254, 933, 4, 4, 0, 0, 0, 0, 0, 0, 0, 0, 0, 0, 0),
(669, 0, 346, 933, 3.5, 5.5, 0, 2, 0, 0, 0, 0, 0, 0, 0, 0, 0),
(670, 0, 393, 933, 5.5, 5.5, 0, 0, 0, 0, 0, 0, 0, 0, 0, 0, 0),
(671, 0, 427, 933, 2, 3, 0, 0, 0, 0, 0, 0, 0, 0, 0, 1, 0),
(672, 0, 459, 933, 0, 4, 0, 0, 1, 0, 0, 0, 0, 0, 0, 0, 0),
(673, 0, 593, 933, 7, 5, 0, 0, 0, 0, 0, 1, 0, 0, 0, 0, 0),
(674, 0, 46, 933, 4, 6, 0, 1, 0, 0, 0, 0, 0, 0, 0, 1, 0),
(675, 0, 110, 933, 20, 8, 0, 0, 0, 1, 1, 0, 0, 0, 0, 0, 0),
(676, 0, 227, 933, 4, 4, 0, 0, 0, 0, 0, 0, 0, 0, 0, 0, 0),
(677, 0, 412, 933, 5, 6, 0, 0, 0, 0, 0, 0, 0, 0, 0, 1, 0),
(678, 0, 419, 933, 4, 5, 0, 0, 0, 0, 0, 0, 0, 0, 0, 1, 0),
(679, 0, 479, 933, 6, 6, 0, 0, 0, 0, 0, 0, 0, 0, 0, 0, 0),
(680, 0, 53, 935, 4, 4, 0, 0, 0, 0, 0, 0, 0, 0, 0, 0, 0),
(681, 0, 379, 935, 3, 3, 0, 0, 0, 0, 0, 0, 0, 0, 0, 0, 0),
(682, 0, 465, 935, 4, 4, 0, 0, 0, 0, 0, 0, 0, 0, 0, 0, 0),
(683, 0, 158, 935, 4, 5, 0, 0, 0, 0, 0, 0, 0, 0, 0, 1, 0),
(684, 0, 259, 935, 5, 5, 0, 0, 0, 0, 0, 0, 0, 0, 0, 0, 0),
(685, 0, 462, 935, 7, 5, 1, NULL, 0, 0, 0, 0, 0, 0, 0, 0, 0),
(686, 0, 35, 938, 5, 5, 0, 0, 0, 0, 0, 0, 0, 0, 0, 0, 0),
(687, 0, 47, 938, 3.5, 3.5, 0, 0, 0, 0, 0, 0, 0, 0, 0, 0, 0),
(688, 0, 76, 938, 4, 5, 0, 1, 0, 0, 0, 0, 0, 0, 0, 0, 0),
(689, 1, 516, 938, 8, 5, 0, 0, 0, 0, 1, 0, 0, 0, 0, 1, 0),
(690, 0, 50, 938, 5, 5, 0, 0, 0, 0, 0, 0, 0, 0, 0, 0, 0),
(691, 0, 105, 938, 4, 5, 0, 1, 0, 0, 0, 0, 0, 0, 0, 0, 0),
(692, 0, 184, 938, 6, 6, 0, 0, 0, 0, 0, 0, 0, 0, 0, 0, 0),
(693, 0, 360, 938, 5, 5, 0, 0, 0, 0, 0, 0, 0, 0, 0, 0, 0),
(694, 0, 265, 932, 6, 6, 0, 0, 0, 0, 0, 0, 0, 0, 0, 0, 0),
(695, 0, 305, 932, 6, 6, 0, 0, 0, 0, 0, 0, 0, 0, 0, 0, 0),
(696, 0, 356, 932, 4, 4, 0, 0, 0, 0, 0, 0, 0, 0, 0, 0, 0),
(697, 0, 433, 932, 4, 4, 0, 0, 0, 0, 0, 0, 0, 0, 0, 0, 0),
(698, 0, 460, 932, 9, 7, 1, NULL, 0, 0, 0, 0, 0, 0, 0, 0, 0),
(699, 0, 101, 932, 6, 6, 0, 0, 0, 0, 0, 0, 0, 0, 0, 0, 0),
(700, 0, 276, 932, 5, 5, 0, 0, 0, 0, 0, 0, 0, 0, 0, 0, 0),
(701, 0, 317, 932, 6, 6, 0, 0, 0, 0, 0, 0, 0, 0, 0, 0, 0),
(702, 0, 350, 932, 5, 5, 0, 0, 0, 0, 0, 0, 0, 0, 0, 0, 0),
(703, 0, 381, 932, 4.5, 4.5, 0, 0, 0, 0, 0, 0, 0, 0, 0, 0, 0),
(704, 0, 455, 932, 6, 6, 0, 0, 0, 0, 0, 0, 0, 0, 0, 0, 0),
(705, 0, 624, 932, 5, 6, 0, 0, 0, 0, 0, 0, 0, 0, 0, 1, 0),
(706, 0, 75, 932, 4, 4, 0, 0, 0, 0, 0, 0, 0, 0, 0, 0, 0),
(707, 0, 423, 941, 3.5, 3.5, 0, 0, 0, 0, 0, 0, 0, 0, 0, 0, 0),
(708, 0, 444, 941, 10, 7, 0, 0, 0, 0, 1, 0, 0, 0, 0, 0, 0),
(709, 0, 601, 941, 5, 5, 0, 0, 0, 0, 0, 0, 0, 0, 0, 0, 0),
(710, 0, 602, 941, 5, 5, 0, 0, 0, 0, 0, 0, 0, 0, 0, 0, 0),
(711, 0, 93, 941, 4, 5, 0, 0, 0, 0, 0, 0, 0, 0, 0, 1, 0),
(712, 0, 165, 941, 4, 5, 0, 0, 0, 0, 0, 0, 0, 0, 0, 1, 0),
(713, 0, 477, 941, 9.5, 6.5, 0, 0, 0, 0, 1, 0, 0, 0, 0, 0, 0),
(714, 0, 505, 941, 6, 6, 0, 0, 0, 0, 0, 0, 0, 0, 0, 0, 0),
(715, 0, 535, 941, 5, 5, 0, 0, 0, 0, 0, 0, 0, 0, 0, 0, 0),
(716, 0, 617, 941, 5.5, 5.5, 0, 0, 0, 0, 0, 0, 0, 0, 0, 0, 0),
(717, 0, 1, 943, 10.5, 6.5, 0, 0, 0, 0, 1, 0, 0, 0, 0, 0, 0),
(718, 0, 217, 943, 24, 9, 0, 0, 0, 1, 2, 0, 0, 0, 0, 0, 0),
(719, 0, 569, 943, 5, 6, 0, 0, 0, 0, 0, 0, 0, 0, 0, 1, 0),
(720, 0, 423, 943, 4, 4, 0, 0, 0, 0, 0, 0, 0, 0, 0, 0, 0),
(721, 0, 444, 943, 6, 6, 0, 0, 0, 0, 0, 0, 0, 0, 0, 0, 0),
(722, 0, 601, 943, 1, 3, 0, 0, 0, 0, 0, 0, 0, 0, 0, 0, 1),
(723, 0, 43, 947, 4, 4, 0, 0, 0, 0, 0, 0, 0, 0, 0, 0, 0),
(724, 1, 506, 947, 1, 5, 0, 0, 0, 0, 0, 0, 0, 1, 0, 0, 0),
(725, 0, 574, 947, 3.5, 5.5, 0, 1, 0, 0, 0, 0, 0, 0, 0, 1, 0),
(726, 0, 35, 947, 14, 8, 0, 0, 0, 0, 1, 0, 0, 0, 0, 0, 0),
(727, 1, 76, 947, 22, 8, 1, NULL, 0, 1, 0, 0, 0, 0, 1, 0, 0),
(728, 0, 516, 947, 6, 6, 0, 0, 0, 0, 0, 0, 0, 0, 0, 0, 0),
(729, 0, 50, 945, 0, 2, 0, 0, 0, 0, 0, 0, 0, 0, 0, 0, 1),
(730, 0, 105, 945, 5.5, 6.5, 0, 1, 0, 0, 0, 0, 0, 0, 0, 0, 0),
(731, 0, 360, 945, 6, 6, 0, 0, 0, 0, 0, 0, 0, 0, 0, 0, 0),
(732, 0, 222, 945, 5, 5, 0, 0, 0, 0, 0, 0, 0, 0, 0, 0, 0),
(733, 0, 358, 945, 5, 5, 0, 0, 0, 0, 0, 0, 0, 0, 0, 0, 0),
(734, 0, 397, 945, 5, 5, 0, 0, 0, 0, 0, 0, 0, 0, 0, 0, 0),
(735, 0, 431, 945, 4.5, 4.5, 0, 0, 0, 0, 0, 0, 0, 0, 0, 0, 0),
(736, 0, 565, 945, 4, 4, 0, 0, 0, 0, 0, 0, 0, 0, 0, 0, 0),
(737, 0, 256, 944, 20, 7, 0, 0, 0, 1, 1, 0, 0, 0, 0, 0, 0),
(738, 0, 402, 944, 6, 6, 0, 0, 0, 0, 0, 0, 0, 0, 0, 0, 0),
(739, 0, 80, 944, 5.5, 5.5, 0, 0, 0, 0, 0, 0, 0, 0, 0, 0, 0),
(740, 0, 250, 944, 4, 4, 0, 0, 0, 0, 0, 0, 0, 0, 0, 0, 0),
(741, 0, 297, 944, 4, 4, 0, 0, 0, 0, 0, 0, 0, 0, 0, 0, 0),
(742, 0, 365, 944, 4.5, 4.5, 0, 0, 0, 0, 0, 0, 0, 0, 0, 0, 0),
(743, 0, 371, 944, 4, 5, 0, 1, 0, 0, 0, 0, 0, 0, 0, 0, 0),
(744, 0, 410, 944, 4.5, 5.5, 0, 0, 0, 0, 0, 0, 0, 0, 0, 1, 0),
(745, 0, 507, 944, 5, 5, 0, 0, 0, 0, 0, 0, 0, 0, 0, 0, 0),
(746, 0, 136, 949, 6.5, 7.5, 0, 0, 0, 0, 0, 0, 0, 0, 0, 1, 0),
(747, 0, 242, 949, 9.5, 6.5, 0, 0, 0, 0, 1, 0, 0, 0, 0, 0, 0),
(748, 0, 263, 949, 19, 8, 0, 0, 0, 1, 1, 0, 0, 0, 0, 0, 0),
(749, 0, 296, 949, 5.5, 6.5, 0, 0, 0, 0, 0, 0, 0, 0, 0, 1, 0),
(750, 0, 541, 949, 6, 7, 0, 1, 0, 0, 0, 0, 0, 0, 0, 0, 0),
(751, 0, 551, 949, 5.5, 5.5, 0, 0, 0, 0, 0, 0, 0, 0, 0, 0, 0),
(752, 0, 630, 949, 6, 6, 0, 0, 0, 0, 0, 0, 0, 0, 0, 0, 0),
(753, 0, 53, 949, 3.5, 3.5, 0, 0, 0, 0, 0, 0, 0, 0, 0, 0, 0),
(754, 0, 279, 949, 1, 3, 0, 0, 0, 0, 0, 0, 0, 0, 0, 0, 1),
(755, 0, 465, 949, 2, 3, 0, 0, 0, 0, 0, 0, 0, 0, 0, 1, 0),
(756, 0, 46, 950, 9, 7, 1, NULL, 0, 0, 0, 0, 0, 0, 0, 0, 0),
(757, 0, 110, 950, 5, 5, 0, 0, 0, 0, 0, 0, 0, 0, 0, 0, 0),
(758, 0, 227, 950, 4, 4, 0, 0, 0, 0, 0, 0, 0, 0, 0, 0, 0),
(759, 0, 412, 950, 6, 6, 0, 0, 0, 0, 0, 0, 0, 0, 0, 0, 0),
(760, 0, 419, 950, 4.5, 5.5, 0, 0, 0, 0, 0, 0, 0, 0, 0, 1, 0),
(761, 0, 479, 950, 10, 6, 0, 0, 0, 0, 1, 0, 0, 0, 0, 0, 0),
(762, 0, 480, 950, 5, 5, 0, 0, 0, 0, 0, 0, 0, 0, 0, 0, 0),
(763, 0, 629, 950, 14, 7, 0, 0, 0, 1, 0, 0, 0, 0, 0, 0, 0),
(764, 0, 78, 950, 3.5, 3.5, 0, 0, 0, 0, 0, 0, 0, 0, 0, 0, 0),
(765, 0, 83, 950, 5, 6, 0, 0, 0, 0, 0, 0, 0, 0, 0, 1, 0),
(766, 0, 260, 950, 5, 5, 0, 0, 0, 0, 0, 0, 0, 0, 0, 0, 0),
(767, 0, 259, 948, 4, 4, 0, 0, 0, 0, 0, 0, 0, 0, 0, 0, 0),
(768, 0, 383, 948, 4, 4, 0, 0, 0, 0, 0, 0, 0, 0, 0, 0, 0),
(769, 0, 462, 948, 2, 4, 0, 2, 0, 0, 0, 0, 0, 0, 0, 0, 0),
(770, 0, 589, 948, 4, 4, 0, 0, 0, 0, 0, 0, 0, 0, 0, 0, 0),
(771, 0, 143, 948, 8, 9, 0, 0, 0, 0, 0, 0, 0, 0, 0, 1, 0),
(772, 0, 148, 948, 6, 6, 0, 0, 0, 0, 0, 0, 0, 0, 0, 0, 0),
(773, 0, 192, 948, 8.5, 8.5, 0, 0, 0, 0, 0, 0, 0, 0, 0, 0, 0),
(774, 0, 385, 948, 9, 9, 0, 0, 0, 0, 0, 0, 0, 0, 0, 0, 0),
(775, 0, 492, 948, 6.5, 6.5, 0, 0, 0, 0, 0, 0, 0, 0, 0, 0, 0),
(776, 0, 501, 948, 6.5, 6.5, 0, 0, 0, 0, 0, 0, 0, 0, 0, 0, 0),
(777, 0, 513, 948, 6, 6, 0, 0, 0, 0, 0, 0, 0, 0, 0, 0, 0),
(778, 0, 101, 951, 6.5, 6.5, 0, 0, 0, 0, 0, 0, 0, 0, 0, 0, 0),
(779, 0, 273, 951, 5, 6, 0, 0, 0, 0, 0, 0, 0, 0, 0, 1, 0),
(780, 0, 276, 951, 8, 6, 0, 0, 0, 0, 1, 0, 0, 0, 0, 1, 0),
(781, 0, 317, 951, 5, 5, 0, 0, 0, 0, 0, 0, 0, 0, 0, 0, 0),
(782, 0, 350, 951, 6, 6, 0, 0, 0, 0, 0, 0, 0, 0, 0, 0, 0),
(783, 0, 381, 951, 7, 7, 0, 0, 0, 0, 0, 0, 0, 0, 0, 0, 0),
(784, 0, 455, 951, 5, 5, 0, 0, 0, 0, 0, 0, 0, 0, 0, 0, 0),
(785, 0, 576, 951, 2, 4, 0, 0, 0, 0, 0, 0, 0, 0, 0, 0, 1),
(786, 0, 24, 951, 4, 4, 0, 0, 0, 0, 0, 0, 0, 0, 0, 0, 0),
(787, 1, 106, 951, -2, 0, 0, 0, 0, 0, 0, 0, 0, 0, 0, 0, 1),
(788, 0, 231, 951, 6, 6, 0, 0, 0, 0, 0, 0, 0, 0, 0, 0, 0),
(789, 0, 254, 951, 5, 6, 0, 0, 0, 0, 0, 0, 0, 0, 0, 1, 0),
(790, 0, 293, 951, 2, 4, 0, 0, 0, 0, 0, 0, 0, 0, 0, 0, 1),
(791, 0, 346, 951, 17, 9, 0, 0, 0, 1, 0, 0, 0, 0, 0, 1, 0),
(792, 0, 427, 951, 3, 4, 0, 0, 0, 0, 0, 0, 0, 0, 0, 1, 0),
(793, 0, 459, 951, 6, 6, 0, 0, 0, 0, 0, 0, 0, 0, 0, 0, 0),
(794, 0, 483, 951, 6, 6, 0, 0, 0, 0, 0, 0, 0, 0, 0, 0, 0),
(795, 0, 593, 951, 6.5, 5.5, 0, 0, 0, 0, 0, 1, 0, 0, 0, 1, 0),
(796, 0, 188, 946, 3, 4, 0, 0, 0, 0, 0, 0, 0, 0, 0, 1, 0),
(797, 0, 353, 946, 4, 5, 0, 0, 0, 0, 0, 0, 0, 0, 0, 1, 0),
(798, 0, 380, 946, 5.5, 5.5, 0, 0, 0, 0, 0, 0, 0, 0, 0, 0, 0),
(799, 0, 313, 946, 6, 6, 0, 0, 0, 0, 0, 0, 0, 0, 0, 0, 0),
(800, 0, 404, 946, 8, 6, 1, NULL, 0, 0, 0, 0, 0, 0, 0, 0, 0),
(801, 0, 438, 946, 5.5, 5.5, 0, 0, 0, 0, 0, 0, 0, 0, 0, 0, 0),
(802, 0, 587, 946, 5.5, 6.5, 0, 0, 0, 0, 0, 0, 0, 0, 0, 1, 0),
(803, 0, 598, 946, 14, 7.5, 0, 0, 0, 1, 0, 0, 0, 0, 0, 1, 0),
(804, 0, 165, 942, 5, 6, 0, 0, 0, 0, 0, 0, 0, 0, 0, 1, 0),
(805, 0, 477, 942, 24, 9, 0, 0, 0, 1, 2, 0, 0, 0, 0, 0, 0),
(806, 0, 505, 942, 4, 4, 0, 0, 0, 0, 0, 0, 0, 0, 0, 0, 0),
(807, 0, 535, 942, 3, 3, 0, 0, 0, 0, 0, 0, 0, 0, 0, 0, 0),
(808, 0, 617, 942, 4, 4, 0, 0, 0, 0, 0, 0, 0, 0, 0, 0, 0),
(809, 0, 75, 942, 5, 5, 0, 0, 0, 0, 0, 0, 0, 0, 0, 0, 0),
(810, 0, 265, 942, 5, 5, 0, 0, 0, 0, 0, 0, 0, 0, 0, 0, 0),
(811, 0, 305, 942, 5, 5, 0, 0, 0, 0, 0, 0, 0, 0, 0, 0, 0),
(812, 0, 356, 942, 4, 4, 0, 0, 0, 0, 0, 0, 0, 0, 0, 0, 0),
(813, 0, 433, 942, 10, 7, 0, 0, 0, 0, 1, 0, 0, 0, 0, 0, 0),
(814, 0, 460, 942, 4, 5, 0, 1, 0, 0, 0, 0, 0, 0, 0, 0, 0),
(815, 0, 53, 955, 5, 5, 0, 0, 0, 0, 0, 0, 0, 0, 0, 0, 0),
(816, 0, 465, 955, 5, 5, 0, 0, 0, 0, 0, 0, 0, 0, 0, 0, 0),
(817, 0, 46, 955, 2, 6, 0, 2, 0, 0, 0, 0, 0, 0, 0, 0, 1),
(818, 0, 61, 955, 5, 5, 0, 0, 0, 0, 0, 0, 0, 0, 0, 0, 0),
(819, 0, 227, 955, 9, 6, 0, 0, 0, 0, 1, 0, 0, 0, 0, 0, 0),
(820, 0, 355, 955, 4, 4, 0, 0, 0, 0, 0, 0, 0, 0, 0, 0, 0),
(821, 0, 378, 955, 5, 6, 0, 1, 0, 0, 0, 0, 0, 0, 0, 0, 0),
(822, 0, 419, 955, 6, 6, 0, 0, 0, 0, 0, 0, 0, 0, 0, 0, 0),
(823, 0, 480, 955, 5.5, 5.5, 0, 0, 0, 0, 0, 0, 0, 0, 0, 0, 0),
(824, 0, 629, 955, 4.5, 5.5, 0, 0, 0, 0, 0, 0, 0, 0, 0, 1, 0),
(825, 0, 423, 961, 4.5, 4.5, 0, 0, 0, 0, 0, 0, 0, 0, 0, 0, 0),
(826, 0, 444, 961, 5, 5, 0, 0, 0, 0, 0, 0, 0, 0, 0, 0, 0),
(827, 0, 601, 961, 5, 5, 0, 0, 0, 0, 0, 0, 0, 0, 0, 0, 0),
(828, 0, 402, 961, 5, 5, 0, 0, 0, 0, 0, 0, 0, 0, 0, 0, 0),
(829, 0, 69, 959, 5, 5, 0, 0, 0, 0, 0, 0, 0, 0, 0, 0, 0),
(830, 0, 358, 959, 13, 7, 0, 0, 0, 1, 0, 0, 0, 0, 0, 1, 0),
(831, 0, 431, 959, 4, 4, 0, 0, 0, 0, 0, 0, 0, 0, 0, 0, 0),
(832, 0, 446, 959, 5, 5, 0, 0, 0, 0, 0, 0, 0, 0, 0, 0, 0),
(833, 0, 43, 959, 6, 6, 0, 0, 0, 0, 0, 0, 0, 0, 0, 0, 0),
(834, 0, 506, 959, 10, 6, 0, 0, 0, 0, 1, 0, 0, 0, 0, 0, 0),
(835, 1, 574, 959, 2.5, 4.5, 0, 2, 0, 0, 0, 0, 0, 0, 0, 0, 0),
(836, 0, 24, 953, 6, 6, 0, 0, 0, 0, 0, 0, 0, 0, 0, 0, 0),
(837, 0, 231, 953, 5.5, 5.5, 0, 0, 0, 0, 0, 0, 0, 0, 0, 0, 0),
(838, 0, 254, 953, 13, 7, 0, 0, 0, 0, 1, 0, 0, 0, 0, 0, 0),
(839, 0, 346, 953, 5, 6, 0, 1, 0, 0, 0, 0, 0, 0, 0, 0, 0),
(840, 0, 427, 953, 4, 4, 0, 0, 0, 0, 0, 0, 0, 0, 0, 0, 0),
(841, 0, 459, 953, 1, 5, 0, 0, 1, 0, 0, 0, 0, 0, 0, 0, 0),
(842, 0, 483, 953, 19, 7.5, 0, 0, 0, 1, 1, 0, 0, 0, 0, 0, 0),
(843, 0, 510, 953, 7.5, 7.5, 0, 0, 0, 0, 0, 0, 0, 0, 0, 0, 0),
(844, 0, 593, 953, 5, 5, 0, 0, 0, 0, 0, 0, 0, 0, 0, 0, 0),
(845, 0, 165, 953, 4, 5, 0, 0, 0, 0, 0, 0, 0, 0, 0, 1, 0),
(846, 0, 477, 953, 5, 5, 0, 0, 0, 0, 0, 0, 0, 0, 0, 0, 0),
(847, 0, 505, 953, 5.5, 5.5, 0, 0, 0, 0, 0, 0, 0, 0, 0, 0, 0),
(848, 0, 535, 953, 5, 5, 0, 0, 0, 0, 0, 0, 0, 0, 0, 0, 0),
(849, 0, 617, 953, 5, 5, 0, 0, 0, 0, 0, 0, 0, 0, 0, 0, 0),
(850, 0, 143, 956, 20, 8, 0, 0, 0, 1, 1, 0, 0, 0, 0, 0, 0),
(851, 0, 148, 956, 5, 5, 0, 0, 0, 0, 0, 0, 0, 0, 0, 0, 0),
(852, 0, 192, 956, 7, 7, 0, 0, 0, 0, 0, 0, 0, 0, 0, 0, 0),
(853, 0, 385, 956, 6, 6, 0, 0, 0, 0, 0, 0, 0, 0, 0, 0, 0),
(854, 0, 492, 956, 7, 7, 0, 0, 0, 0, 0, 0, 0, 0, 0, 0, 0),
(855, 0, 501, 956, 5, 5, 0, 0, 0, 0, 0, 0, 0, 0, 0, 0, 0),
(856, 0, 513, 956, 6, 6, 0, 0, 0, 0, 0, 0, 0, 0, 0, 0, 0),
(857, 0, 136, 956, 12, 6, 0, 0, 0, 0, 0, 0, 1, 0, 0, 0, 0),
(858, 0, 242, 956, 5, 5, 0, 0, 0, 0, 0, 0, 0, 0, 0, 0, 0);
INSERT INTO `playermatch` (`id`, `version`, `player`, `match_`, `totalPoints`, `olePoints`, `cleanGoal`, `recivedGoals`, `ownGoals`, `mom`, `goals`, `penaltyGoals`, `freeKickGoals`, `missedPenalties`, `cachedPenalties`, `yellowCard`, `redCard`) VALUES
(859, 0, 263, 956, 4, 4, 0, 0, 0, 0, 0, 0, 0, 0, 0, 0, 0),
(860, 0, 296, 956, 5, 5, 0, 0, 0, 0, 0, 0, 0, 0, 0, 0, 0),
(861, 0, 541, 956, 1, 4, 0, 3, 0, 0, 0, 0, 0, 0, 0, 0, 0),
(862, 0, 551, 956, 4, 4, 0, 0, 0, 0, 0, 0, 0, 0, 0, 0, 0),
(863, 0, 630, 956, 3, 3, 0, 0, 0, 0, 0, 0, 0, 0, 0, 0, 0),
(864, 0, 313, 957, 5.5, 5.5, 0, 0, 0, 0, 0, 0, 0, 0, 0, 0, 0),
(865, 0, 404, 957, 4, 6, 0, 1, 0, 0, 0, 0, 0, 0, 0, 1, 0),
(866, 0, 438, 957, 4.5, 4.5, 0, 0, 0, 0, 0, 0, 0, 0, 0, 0, 0),
(867, 0, 556, 957, 5, 5, 0, 0, 0, 0, 0, 0, 0, 0, 0, 0, 0),
(868, 0, 587, 957, 4.5, 5.5, 0, 0, 0, 0, 0, 0, 0, 0, 0, 1, 0),
(869, 0, 145, 957, 5, 5, 0, 0, 0, 0, 0, 0, 0, 0, 0, 0, 0),
(870, 0, 158, 957, 6, 6, 0, 0, 0, 0, 0, 0, 0, 0, 0, 0, 0),
(871, 0, 259, 957, 4, 5, 0, 0, 0, 0, 0, 0, 0, 0, 0, 1, 0),
(872, 0, 383, 957, 4.5, 4.5, 0, 0, 0, 0, 0, 0, 0, 0, 0, 0, 0),
(873, 0, 462, 957, 8, 6, 1, NULL, 0, 0, 0, 0, 0, 0, 0, 0, 0),
(874, 0, 589, 957, 5, 5, 0, 0, 0, 0, 0, 0, 0, 0, 0, 0, 0),
(875, 0, 78, 954, 3, 3, 0, 0, 0, 0, 0, 0, 0, 0, 0, 0, 0),
(876, 0, 83, 954, 1, 3, 0, 0, 0, 0, 0, 0, 0, 0, 0, 0, 1),
(877, 0, 260, 954, 6.5, 6.5, 0, 0, 0, 0, 0, 0, 0, 0, 0, 0, 0),
(878, 0, 101, 954, 14, 7, 0, 0, 0, 1, 0, 0, 0, 0, 0, 0, 0),
(879, 0, 273, 954, 4, 4, 0, 0, 0, 0, 0, 0, 0, 0, 0, 0, 0),
(880, 0, 276, 954, 4, 4, 0, 0, 0, 0, 0, 0, 0, 0, 0, 0, 0),
(881, 0, 317, 954, 5, 5, 0, 0, 0, 0, 0, 0, 0, 0, 0, 0, 0),
(882, 0, 350, 954, 4.5, 5.5, 0, 0, 0, 0, 0, 0, 0, 0, 0, 1, 0),
(883, 0, 381, 954, 3, 3, 0, 0, 0, 0, 0, 0, 0, 0, 0, 0, 0),
(884, 0, 455, 954, 4, 4, 0, 0, 0, 0, 0, 0, 0, 0, 0, 0, 0),
(885, 0, 624, 954, 3, 4, 0, 0, 0, 0, 0, 0, 0, 0, 0, 1, 0),
(886, 0, 35, 958, 12, 6, 0, 0, 0, 0, 1, 0, 0, 0, 0, 0, 0),
(887, 0, 76, 958, 16, 8, 0, 0, 0, 1, 0, 0, 0, 0, 0, 0, 0),
(888, 0, 516, 958, 5, 5, 0, 0, 0, 0, 0, 0, 0, 0, 0, 0, 0),
(889, 0, 181, 958, 6.5, 6.5, 0, 0, 0, 0, 0, 0, 0, 0, 0, 0, 0),
(890, 0, 188, 958, 5.5, 5.5, 0, 0, 0, 0, 0, 0, 0, 0, 0, 0, 0),
(891, 0, 353, 958, 4.5, 6.5, 0, 0, 0, 0, 0, 0, 0, 0, 0, 0, 1),
(892, 0, 380, 958, 7, 7, 0, 0, 0, 0, 0, 0, 0, 0, 0, 0, 0),
(893, 0, 75, 952, 13, 7, 0, 0, 0, 1, 0, 0, 0, 0, 0, 1, 0),
(894, 0, 265, 952, 6, 6, 0, 0, 0, 0, 0, 0, 0, 0, 0, 0, 0),
(895, 0, 305, 952, 6, 6, 0, 0, 0, 0, 0, 0, 0, 0, 0, 0, 0),
(896, 0, 356, 952, 4, 5, 0, 0, 0, 0, 0, 0, 0, 0, 0, 1, 0),
(897, 0, 433, 952, 8, 6, 0, 0, 0, 0, 0, 1, 0, 0, 0, 0, 0),
(898, 0, 460, 952, 4, 6, 0, 2, 0, 0, 0, 0, 0, 0, 0, 0, 0),
(899, 0, 217, 952, 5, 5, 0, 0, 0, 0, 0, 0, 0, 0, 0, 0, 0),
(900, 0, 569, 952, 4, 5, 0, 0, 0, 0, 0, 0, 0, 0, 0, 1, 0),
(901, 0, 43, 967, 4, 4, 0, 0, 0, 0, 0, 0, 0, 0, 0, 0, 0),
(902, 0, 506, 967, 6, 6, 0, 0, 0, 0, 0, 0, 0, 0, 0, 0, 0),
(903, 1, 574, 967, 5, 6, 0, 1, 0, 0, 0, 0, 0, 0, 0, 0, 0),
(904, 0, 80, 967, 4, 5, 0, 0, 0, 0, 0, 0, 0, 0, 0, 1, 0),
(905, 0, 297, 967, 8, 5, 0, 0, 0, 0, 1, 0, 0, 0, 0, 1, 0),
(906, 0, 371, 967, 16, 8.5, 0, 1, 0, 1, 0, 0, 0, 0, 0, 0, 0),
(907, 0, 136, 969, 3, 4, 0, 0, 0, 0, 0, 0, 0, 0, 0, 1, 0),
(908, 0, 242, 969, 5, 6, 0, 0, 0, 0, 0, 0, 0, 0, 0, 1, 0),
(909, 0, 263, 969, 4, 4, 0, 0, 0, 0, 0, 0, 0, 0, 0, 0, 0),
(910, 0, 296, 969, 5, 5, 0, 0, 0, 0, 0, 0, 0, 0, 0, 0, 0),
(911, 0, 541, 969, 22, 8, 1, NULL, 0, 1, 0, 0, 0, 0, 1, 0, 0),
(912, 0, 551, 969, 5, 5, 0, 0, 0, 0, 0, 0, 0, 0, 0, 0, 0),
(913, 0, 630, 969, 5, 5, 0, 0, 0, 0, 0, 0, 0, 0, 0, 0, 0),
(914, 0, 257, 969, 6, 6, 0, 0, 0, 0, 0, 0, 0, 0, 0, 0, 0),
(915, 0, 313, 969, 4.5, 5.5, 0, 0, 0, 0, 0, 0, 0, 0, 0, 1, 0),
(916, 0, 404, 969, 8, 6, 1, NULL, 0, 0, 0, 0, 0, 0, 0, 0, 0),
(917, 0, 438, 969, 6, 6, 0, 0, 0, 0, 0, 0, 0, 0, 0, 0, 0),
(918, 0, 556, 969, 4.5, 4.5, 0, 0, 0, 0, 0, 0, 0, 0, 0, 0, 0),
(919, 0, 587, 969, 5.5, 5.5, 0, 0, 0, 0, 0, 0, 0, 0, 0, 0, 0),
(920, 0, 598, 969, 5, 5, 0, 0, 0, 0, 0, 0, 0, 0, 0, 0, 0),
(921, 0, 105, 965, 3, 6, 0, 2, 0, 0, 0, 0, 0, 0, 0, 1, 0),
(922, 0, 184, 965, 4, 5, 0, 0, 0, 0, 0, 0, 0, 0, 0, 1, 0),
(923, 0, 360, 965, 22, 8, 0, 0, 0, 1, 2, 0, 0, 0, 0, 0, 0),
(924, 0, 566, 965, 4, 5, 0, 0, 0, 0, 0, 0, 0, 0, 0, 1, 0),
(925, 0, 423, 965, 4.5, 4.5, 0, 0, 0, 0, 0, 0, 0, 0, 0, 0, 0),
(926, 0, 602, 965, 4, 4, 0, 0, 0, 0, 0, 0, 0, 0, 0, 0, 0),
(927, 0, 273, 971, 5, 5, 0, 0, 0, 0, 0, 0, 0, 0, 0, 0, 0),
(928, 0, 276, 971, 4, 5, 0, 0, 0, 0, 0, 0, 0, 0, 0, 1, 0),
(929, 0, 317, 971, 5, 6, 0, 0, 0, 0, 0, 0, 0, 0, 0, 1, 0),
(930, 0, 350, 971, 6.5, 6.5, 0, 0, 0, 0, 0, 0, 0, 0, 0, 0, 0),
(931, 0, 381, 971, 10, 6, 0, 0, 0, 0, 1, 0, 0, 0, 0, 0, 0),
(932, 0, 455, 971, 16, 8, 0, 0, 0, 1, 0, 0, 0, 0, 0, 0, 0),
(933, 0, 576, 971, 5, 5, 0, 0, 0, 0, 0, 0, 0, 0, 0, 0, 0),
(934, 0, 624, 971, 6, 6, 0, 0, 0, 0, 0, 0, 0, 0, 0, 0, 0),
(935, 0, 53, 971, 4, 4, 0, 0, 0, 0, 0, 0, 0, 0, 0, 0, 0),
(936, 0, 300, 971, 5, 5, 0, 0, 0, 0, 0, 0, 0, 0, 0, 0, 0),
(937, 0, 465, 971, 5, 5, 0, 0, 0, 0, 0, 0, 0, 0, 0, 0, 0),
(938, 0, 135, 971, 5, 5, 0, 0, 0, 0, 0, 0, 0, 0, 0, 0, 0),
(939, 0, 181, 966, 5.5, 5.5, 0, 0, 0, 0, 0, 0, 0, 0, 0, 0, 0),
(940, 0, 188, 966, 5, 5, 0, 0, 0, 0, 0, 0, 0, 0, 0, 0, 0),
(941, 0, 380, 966, 5, 5, 0, 0, 0, 0, 0, 0, 0, 0, 0, 0, 0),
(942, 0, 145, 966, 5, 5, 0, 0, 0, 0, 0, 0, 0, 0, 0, 0, 0),
(943, 0, 158, 966, 4.5, 4.5, 0, 0, 0, 0, 0, 0, 0, 0, 0, 0, 0),
(944, 0, 259, 966, 5, 5, 0, 0, 0, 0, 0, 0, 0, 0, 0, 0, 0),
(945, 0, 383, 966, 10, 6, 0, 0, 0, 0, 1, 0, 0, 0, 0, 0, 0),
(946, 0, 462, 966, 3, 5, 0, 2, 0, 0, 0, 0, 0, 0, 0, 0, 0),
(947, 0, 162, 962, 5, 5, 0, 0, 0, 0, 0, 0, 0, 0, 0, 0, 0),
(948, 0, 477, 962, 9, 6, 0, 0, 0, 0, 1, 0, 0, 0, 0, 0, 0),
(949, 0, 505, 962, 9, 6, 0, 0, 0, 0, 1, 0, 0, 0, 0, 1, 0),
(950, 0, 535, 962, 6, 6, 0, 0, 0, 0, 0, 0, 0, 0, 0, 0, 0),
(951, 0, 617, 962, 16, 8, 0, 0, 0, 1, 0, 0, 0, 0, 0, 0, 0),
(952, 0, 78, 962, 5, 5, 0, 0, 0, 0, 0, 0, 0, 0, 0, 0, 0),
(953, 0, 117, 962, 5, 5, 0, 0, 0, 0, 0, 0, 0, 0, 0, 0, 0),
(954, 0, 260, 962, 5, 5, 0, 0, 0, 0, 0, 0, 0, 0, 0, 0, 0),
(955, 0, 217, 963, 2, 3, 0, 0, 0, 0, 0, 0, 0, 0, 0, 1, 0),
(956, 0, 569, 963, 4, 4, 0, 0, 0, 0, 0, 0, 0, 0, 0, 0, 0),
(957, 0, 231, 963, 7.5, 7.5, 0, 0, 0, 0, 0, 0, 0, 0, 0, 0, 0),
(958, 0, 254, 963, 1.5, 5.5, 0, 0, 1, 0, 0, 0, 0, 0, 0, 0, 0),
(959, 0, 293, 963, 14, 8, 0, 0, 0, 0, 1, 0, 0, 0, 0, 0, 0),
(960, 0, 346, 963, 6, 8, 0, 1, 0, 0, 0, 0, 0, 0, 0, 1, 0),
(961, 0, 427, 963, 19, 8, 0, 0, 0, 1, 1, 0, 0, 0, 0, 0, 0),
(962, 0, 459, 963, 5.5, 6.5, 0, 0, 0, 0, 0, 0, 0, 0, 0, 1, 0),
(963, 0, 483, 963, 6, 6, 0, 0, 0, 0, 0, 0, 0, 0, 0, 0, 0),
(964, 0, 510, 963, 5, 5, 0, 0, 0, 0, 0, 0, 0, 0, 0, 0, 0),
(965, 0, 593, 963, 6, 6, 0, 0, 0, 0, 0, 0, 0, 0, 0, 0, 0),
(966, 0, 35, 968, 6, 6, 0, 0, 0, 0, 0, 0, 0, 0, 0, 0, 0),
(967, 0, 47, 968, 8.5, 6.5, 0, 0, 0, 0, 1, 0, 0, 0, 0, 1, 0),
(968, 0, 76, 968, 7.5, 6.5, 0, 1, 0, 0, 0, 1, 0, 0, 0, 0, 0),
(969, 0, 516, 968, 5, 5, 0, 0, 0, 0, 0, 0, 0, 0, 0, 0, 0),
(970, 0, 69, 968, 6, 6, 0, 0, 0, 0, 0, 0, 0, 0, 0, 0, 0),
(971, 0, 222, 968, 3, 3, 0, 0, 0, 0, 0, 0, 0, 0, 0, 0, 0),
(972, 0, 397, 968, 5, 5, 0, 0, 0, 0, 0, 0, 0, 0, 0, 0, 0),
(973, 0, 446, 968, 4.5, 4.5, 0, 0, 0, 0, 0, 0, 0, 0, 0, 0, 0),
(974, 0, 61, 970, 4.5, 4.5, 0, 0, 0, 0, 0, 0, 0, 0, 0, 0, 0),
(975, 0, 227, 970, 3.5, 4.5, 0, 0, 0, 0, 0, 0, 0, 0, 0, 1, 0),
(976, 0, 378, 970, 21, 7.5, 1, NULL, 0, 1, 0, 0, 0, 0, 1, 0, 0),
(977, 0, 412, 970, 6, 6, 0, 0, 0, 0, 0, 0, 0, 0, 0, 0, 0),
(978, 0, 419, 970, 5, 5, 0, 0, 0, 0, 0, 0, 0, 0, 0, 0, 0),
(979, 0, 110, 970, 4.5, 4.5, 0, 0, 0, 0, 0, 0, 0, 0, 0, 0, 0),
(980, 0, 355, 970, 5, 5, 0, 0, 0, 0, 0, 0, 0, 0, 0, 0, 0),
(981, 0, 479, 970, 4, 4, 0, 0, 0, 0, 0, 0, 0, 0, 0, 0, 0),
(982, 0, 629, 970, 5.5, 5.5, 0, 0, 0, 0, 0, 0, 0, 0, 0, 0, 0),
(983, 0, 143, 970, 5.5, 5.5, 0, 0, 0, 0, 0, 0, 0, 0, 0, 0, 0),
(984, 0, 148, 970, 5, 5, 0, 0, 0, 0, 0, 0, 0, 0, 0, 0, 0),
(985, 0, 192, 970, 5.5, 5.5, 0, 0, 0, 0, 0, 0, 0, 0, 0, 0, 0),
(986, 0, 385, 970, 4, 4, 0, 0, 0, 0, 0, 0, 0, 0, 0, 0, 0),
(987, 0, 501, 970, 5.5, 6.5, 0, 0, 0, 0, 0, 0, 0, 0, 0, 1, 0),
(988, 0, 513, 970, 5, 5, 0, 0, 0, 0, 0, 0, 0, 0, 0, 0, 0),
(989, 0, 559, 970, 4.5, 4.5, 0, 0, 0, 0, 0, 0, 0, 0, 0, 0, 0),
(990, 0, 256, 964, 4.5, 4.5, 0, 0, 0, 0, 0, 0, 0, 0, 0, 0, 0),
(991, 0, 310, 964, 5.5, 5.5, 0, 0, 0, 0, 0, 0, 0, 0, 0, 0, 0),
(992, 0, 402, 964, 6.5, 6.5, 0, 0, 0, 0, 0, 0, 0, 0, 0, 0, 0),
(993, 0, 75, 964, 3, 3, 0, 0, 0, 0, 0, 0, 0, 0, 0, 0, 0),
(994, 0, 265, 964, 3, 3, 0, 0, 0, 0, 0, 0, 0, 0, 0, 0, 0),
(995, 0, 305, 964, 4, 4, 0, 0, 0, 0, 0, 0, 0, 0, 0, 0, 0),
(996, 0, 356, 964, 3.5, 3.5, 0, 0, 0, 0, 0, 0, 0, 0, 0, 0, 0),
(997, 0, 433, 964, 0, 4, 0, 0, 0, 0, 0, 0, 0, 1, 0, 0, 0),
(998, 0, 460, 964, 2, 4, 0, 2, 0, 0, 0, 0, 0, 0, 0, 0, 0),
(999, 0, 143, 976, 5, 5, 0, 0, 0, 0, 0, 0, 0, 0, 0, 0, 0),
(1000, 0, 148, 976, 4, 5, 0, 0, 0, 0, 0, 0, 0, 0, 0, 1, 0),
(1001, 0, 164, 976, 5, 5, 0, 0, 0, 0, 0, 0, 0, 0, 0, 0, 0),
(1002, 0, 192, 976, 5, 6, 0, 0, 0, 0, 0, 0, 0, 0, 0, 1, 0),
(1003, 0, 385, 976, 5, 5, 0, 0, 0, 0, 0, 0, 0, 0, 0, 0, 0),
(1004, 0, 492, 976, 6, 6, 0, 0, 0, 0, 0, 0, 0, 0, 0, 0, 0),
(1005, 0, 501, 976, 5, 5, 0, 0, 0, 0, 0, 0, 0, 0, 0, 0, 0),
(1006, 0, 513, 976, 4, 4, 0, 0, 0, 0, 0, 0, 0, 0, 0, 0, 0),
(1007, 0, 101, 976, 5, 5, 0, 0, 0, 0, 0, 0, 0, 0, 0, 0, 0),
(1008, 0, 135, 976, 4, 4, 0, 0, 0, 0, 0, 0, 0, 0, 0, 0, 0),
(1009, 0, 273, 976, 1, 3, 0, 0, 0, 0, 0, 0, 0, 0, 0, 0, 1),
(1010, 0, 276, 976, 4, 4, 0, 0, 0, 0, 0, 0, 0, 0, 0, 0, 0),
(1011, 0, 317, 976, 4, 5, 0, 0, 0, 0, 0, 0, 0, 0, 0, 1, 0),
(1012, 0, 350, 976, 5, 6, 0, 0, 0, 0, 0, 0, 0, 0, 0, 1, 0),
(1013, 0, 381, 976, 5, 5, 0, 0, 0, 0, 0, 0, 0, 0, 0, 0, 0),
(1014, 0, 455, 976, 3, 3, 0, 0, 0, 0, 0, 0, 0, 0, 0, 0, 0),
(1015, 0, 576, 976, 5, 5, 0, 0, 0, 0, 0, 0, 0, 0, 0, 0, 0),
(1016, 0, 624, 976, 6, 6, 0, 0, 0, 0, 0, 0, 0, 0, 0, 0, 0),
(1017, 0, 145, 978, 6, 6, 0, 0, 0, 0, 0, 0, 0, 0, 0, 0, 0),
(1018, 0, 158, 978, 4, 4, 0, 0, 0, 0, 0, 0, 0, 0, 0, 0, 0),
(1019, 0, 383, 978, 5, 5, 0, 0, 0, 0, 0, 0, 0, 0, 0, 0, 0),
(1020, 0, 462, 978, 8, 6, 1, NULL, 0, 0, 0, 0, 0, 0, 0, 0, 0),
(1021, 0, 589, 978, 4, 5, 0, 0, 0, 0, 0, 0, 0, 0, 0, 1, 0),
(1022, 0, 136, 978, 4.5, 4.5, 0, NULL, NULL, 0, NULL, NULL, NULL, NULL, NULL, 0, 0),
(1023, 0, 242, 978, 5, 5, 0, NULL, NULL, 0, NULL, NULL, NULL, NULL, NULL, 0, 0),
(1024, 0, 263, 978, 4, 4, 0, NULL, NULL, 0, NULL, NULL, NULL, NULL, NULL, 0, 0),
(1025, 0, 296, 978, 4.5, 4.5, 0, NULL, NULL, 0, NULL, NULL, NULL, NULL, NULL, 0, 0),
(1026, 0, 541, 978, 5.5, 5.5, 0, NULL, NULL, 0, NULL, NULL, NULL, NULL, NULL, 0, 0),
(1027, 0, 551, 978, 5.5, 5.5, 0, NULL, NULL, 0, NULL, NULL, NULL, NULL, NULL, 0, 0),
(1028, 0, 630, 978, 5.5, 5.5, 0, NULL, NULL, 0, NULL, NULL, NULL, NULL, NULL, 0, 0),
(1029, 0, 80, 980, 6, 6, 0, 0, 0, 0, 0, 0, 0, 0, 0, 0, 0),
(1030, 0, 142, 980, 5, 5, 0, 0, 0, 0, 0, 0, 0, 0, 0, 0, 0),
(1031, 0, 410, 980, 5, 5, 0, 0, 0, 0, 0, 0, 0, 0, 0, 0, 0),
(1032, 0, 507, 980, 4.5, 4.5, 0, 0, 0, 0, 0, 0, 0, 0, 0, 0, 0),
(1033, 0, 35, 980, 6, 7, 0, 0, 0, 0, 0, 0, 0, 0, 0, 1, 0),
(1034, 0, 76, 980, 8, 6, 1, NULL, 0, 0, 0, 0, 0, 0, 0, 0, 0),
(1035, 0, 516, 980, 22, 9, 0, 0, 0, 1, 1, 0, 0, 0, 0, 0, 0),
(1036, 0, 423, 981, 9.5, 6.5, 0, 0, 0, 0, 1, 0, 0, 0, 0, 0, 0),
(1037, 0, 601, 981, 6, 7, 0, 0, 0, 0, 0, 0, 0, 0, 0, 1, 0),
(1038, 0, 602, 981, 8, 8, 0, 0, 0, 0, 0, 0, 0, 0, 0, 0, 0),
(1039, 0, 43, 981, 6, 6, 0, 0, 0, 0, 0, 0, 0, 0, 0, 0, 0),
(1040, 0, 506, 981, 5, 5, 0, 0, 0, 0, 0, 0, 0, 0, 0, 0, 0),
(1041, 0, 574, 981, 2, 5, 0, 3, 0, 0, 0, 0, 0, 0, 0, 0, 0),
(1042, 0, 257, 977, 4, 4, 0, 0, 0, 0, 0, 0, 0, 0, 0, 0, 0),
(1043, 0, 313, 977, 4, 5, 0, 0, 0, 0, 0, 0, 0, 0, 0, 1, 0),
(1044, 0, 404, 977, 1.5, 4.5, 0, 3, 0, 0, 0, 0, 0, 0, 0, 0, 0),
(1045, 0, 438, 977, 5, 5, 0, 0, 0, 0, 0, 0, 0, 0, 0, 0, 0),
(1046, 0, 556, 977, 3, 3, 0, 0, 0, 0, 0, 0, 0, 0, 0, 0, 0),
(1047, 0, 587, 977, 4.5, 4.5, 0, 0, 0, 0, 0, 0, 0, 0, 0, 0, 0),
(1048, 0, 598, 977, 10, 6, 0, 0, 0, 0, 1, 0, 0, 0, 0, 0, 0),
(1049, 0, 46, 977, 4, 5, 0, 1, 0, 0, 0, 0, 0, 0, 0, 0, 0),
(1050, 0, 61, 977, 21, 8.5, 0, 0, 0, 1, 1, 0, 0, 0, 0, 0, 0),
(1051, 0, 110, 977, 6, 6, 0, 0, 0, 0, 0, 0, 0, 0, 0, 0, 0),
(1052, 0, 227, 977, 10, 8, 0, 0, 0, 0, 1, 0, 0, 0, 0, 1, 0),
(1053, 0, 412, 977, 5.5, 5.5, 0, 0, 0, 0, 0, 0, 0, 0, 0, 0, 0),
(1054, 0, 419, 977, 5, 6, 0, 0, 0, 0, 0, 0, 0, 0, 0, 1, 0),
(1055, 0, 53, 975, 5.5, 5.5, 0, 0, 0, 0, 0, 0, 0, 0, 0, 0, 0),
(1056, 0, 465, 975, 6, 6, 0, 0, 0, 0, 0, 0, 0, 0, 0, 0, 0),
(1057, 0, 162, 975, 5, 5, 0, 0, 0, 0, 0, 0, 0, 0, 0, 0, 0),
(1058, 0, 165, 975, 4, 5, 0, 0, 0, 0, 0, 0, 0, 0, 0, 1, 0),
(1059, 0, 477, 975, 2, 3, 0, 0, 0, 0, 0, 0, 0, 0, 0, 1, 0),
(1060, 0, 505, 975, 4.5, 5.5, 0, 0, 0, 0, 0, 0, 0, 0, 0, 1, 0),
(1061, 0, 535, 975, 4.5, 4.5, 0, 0, 0, 0, 0, 0, 0, 0, 0, 0, 0),
(1062, 0, 617, 975, 6.5, 6.5, 0, 0, 0, 0, 0, 0, 0, 0, 0, 0, 0),
(1063, 0, 75, 972, 5, 5, 0, 0, 0, 0, 0, 0, 0, 0, 0, 0, 0),
(1064, 0, 265, 972, 5, 5, 0, 0, 0, 0, 0, 0, 0, 0, 0, 0, 0),
(1065, 0, 305, 972, 5, 5, 0, 0, 0, 0, 0, 0, 0, 0, 0, 0, 0),
(1066, 0, 356, 972, 4, 4, 0, 0, 0, 0, 0, 0, 0, 0, 0, 0, 0),
(1067, 0, 433, 972, 4, 4, 0, 0, 0, 0, 0, 0, 0, 0, 0, 0, 0),
(1068, 0, 460, 972, 16, 7, 1, NULL, 0, 1, 0, 0, 0, 0, 0, 0, 0),
(1069, 0, 50, 972, 5, 5, 0, 0, 0, 0, 0, 0, 0, 0, 0, 0, 0),
(1070, 0, 105, 972, 8, 6, 1, NULL, 0, 0, 0, 0, 0, 0, 0, 0, 0),
(1071, 0, 184, 972, 5, 5, 0, 0, 0, 0, 0, 0, 0, 0, 0, 0, 0),
(1072, 0, 360, 972, 4, 4, 0, 0, 0, 0, 0, 0, 0, 0, 0, 0, 0),
(1073, 0, 181, 979, 5, 5, 0, 0, 0, 0, 0, 0, 0, 0, 0, 0, 0),
(1074, 0, 188, 979, 5, 5, 0, 0, 0, 0, 0, 0, 0, 0, 0, 0, 0),
(1075, 0, 353, 979, 6.5, 6.5, 0, 0, 0, 0, 0, 0, 0, 0, 0, 0, 0),
(1076, 0, 380, 979, 5, 5, 0, 0, 0, 0, 0, 0, 0, 0, 0, 0, 0),
(1077, 0, 69, 979, 5, 5, 0, 0, 0, 0, 0, 0, 0, 0, 0, 0, 0),
(1078, 0, 222, 979, 3, 3, 0, 0, 0, 0, 0, 0, 0, 0, 0, 0, 0),
(1079, 0, 358, 979, 4.5, 4.5, 0, 0, 0, 0, 0, 0, 0, 0, 0, 0, 0),
(1080, 0, 397, 979, 5, 5, 0, 0, 0, 0, 0, 0, 0, 0, 0, 0, 0),
(1081, 0, 431, 979, 5, 5, 0, 0, 0, 0, 0, 0, 0, 0, 0, 0, 0),
(1082, 0, 446, 979, 4, 4, 0, 0, 0, 0, 0, 0, 0, 0, 0, 0, 0),
(1083, 0, 122, 973, 5.5, 5.5, 0, 0, 0, 0, 0, 0, 0, 0, 0, 0, 0),
(1084, 0, 231, 973, 6, 6, 0, 0, 0, 0, 0, 0, 0, 0, 0, 0, 0),
(1085, 0, 254, 973, 4, 4, 0, 0, 0, 0, 0, 0, 0, 0, 0, 0, 0),
(1086, 0, 293, 973, 4, 4, 0, 0, 0, 0, 0, 0, 0, 0, 0, 0, 0),
(1087, 0, 346, 973, 4.5, 5.5, 0, 1, 0, 0, 0, 0, 0, 0, 0, 0, 0),
(1088, 0, 427, 973, 4, 4, 0, 0, 0, 0, 0, 0, 0, 0, 0, 0, 0),
(1089, 0, 483, 973, 5, 5, 0, 0, 0, 0, 0, 0, 0, 0, 0, 0, 0),
(1090, 0, 510, 973, 5, 5, 0, 0, 0, 0, 0, 0, 0, 0, 0, 0, 0),
(1091, 0, 593, 973, 4.5, 4.5, 0, 0, 0, 0, 0, 0, 0, 0, 0, 0, 0),
(1092, 0, 87, 973, 13, 7, 0, 0, 0, 0, 1, 0, 0, 0, 0, 0, 0),
(1093, 0, 310, 973, 5, 5, 0, 0, 0, 0, 0, 0, 0, 0, 0, 0, 0),
(1094, 0, 402, 973, 6, 6, 0, 0, 0, 0, 0, 0, 0, 0, 0, 0, 0),
(1095, 0, 181, 986, 5.5, 6.5, 0, 0, 0, 0, 0, 0, 0, 0, 0, 1, 0),
(1096, 0, 188, 986, 6.5, 6.5, 0, 0, 0, 0, 0, 0, 0, 0, 0, 0, 0),
(1097, 0, 353, 986, 16, 8, 0, 0, 0, 1, 0, 0, 0, 0, 0, 0, 0),
(1098, 1, 380, 986, 10, 8, 0, 0, 0, 0, 0, 1, 0, 0, 0, 0, 0),
(1099, 0, 136, 986, 4, 4, 0, 0, 0, 0, 0, 0, 0, 0, 0, 0, 0),
(1100, 0, 237, 986, 3, 4, 0, 0, 0, 0, 0, 0, 0, 0, 0, 1, 0),
(1101, 0, 242, 986, 3, 4, 0, 0, 0, 0, 0, 0, 0, 0, 0, 1, 0),
(1102, 0, 296, 986, 5, 5, 0, 0, 0, 0, 0, 0, 0, 0, 0, 0, 0),
(1103, 0, 541, 986, 2.5, 5.5, 0, 3, 0, 0, 0, 0, 0, 0, 0, 0, 0),
(1104, 0, 551, 986, 3.5, 3.5, 0, 0, 0, 0, 0, 0, 0, 0, 0, 0, 0),
(1105, 0, 630, 986, 4, 4, 0, 0, 0, 0, 0, 0, 0, 0, 0, 0, 0),
(1106, 0, 93, 982, 4.5, 4.5, 0, 0, 0, 0, 0, 0, 0, 0, 0, 0, 0),
(1107, 0, 162, 982, 3, 4, 0, 0, 0, 0, 0, 0, 0, 0, 0, 1, 0),
(1108, 0, 165, 982, 4, 4, 0, 0, 0, 0, 0, 0, 0, 0, 0, 0, 0),
(1109, 0, 477, 982, 4, 4, 0, 0, 0, 0, 0, 0, 0, 0, 0, 0, 0),
(1110, 0, 505, 982, 9, 6, 0, 0, 0, 0, 1, 0, 0, 0, 0, 1, 0),
(1111, 0, 535, 982, 3.5, 3.5, 0, 0, 0, 0, 0, 0, 0, 0, 0, 0, 0),
(1112, 0, 617, 982, 4, 4, 0, 0, 0, 0, 0, 0, 0, 0, 0, 0, 0),
(1113, 0, 143, 982, 5.5, 6.5, 0, 0, 0, 0, 0, 0, 0, 0, 0, 1, 0),
(1114, 0, 148, 982, 6, 6, 0, 0, 0, 0, 0, 0, 0, 0, 0, 0, 0),
(1115, 1, 164, 982, 16, 8, 0, 0, 0, 1, 0, 0, 0, 0, 0, 0, 0),
(1116, 0, 192, 982, 6.5, 7.5, 0, 0, 0, 0, 0, 0, 0, 0, 0, 1, 0),
(1117, 1, 385, 982, 9.5, 6.5, 0, 0, 0, 0, 1, 0, 0, 0, 0, 0, 0),
(1118, 0, 492, 982, 7.5, 7.5, 0, 0, 0, 0, 0, 0, 0, 0, 0, 0, 0),
(1119, 0, 501, 982, 6, 6, 0, 0, 0, 0, 0, 0, 0, 0, 0, 0, 0),
(1120, 0, 513, 982, 6.5, 6.5, 0, 0, 0, 0, 0, 0, 0, 0, 0, 0, 0),
(1121, 1, 378, 990, 7, 8, 0, 1, 0, 0, 0, 0, 0, 0, 0, 0, 0),
(1122, 0, 479, 990, 5, 5, 0, 0, 0, 0, 0, 0, 0, 0, 0, 0, 0),
(1123, 0, 480, 990, 5, 5, 0, 0, 0, 0, 0, 0, 0, 0, 0, 0, 0),
(1124, 0, 145, 990, 13, 7, 0, 0, 0, 0, 0, 0, 1, 0, 0, 0, 0),
(1125, 0, 158, 990, 4.5, 4.5, 0, 0, 0, 0, 0, 0, 0, 0, 0, 0, 0),
(1126, 0, 383, 990, 5.5, 5.5, 0, 0, 0, 0, 0, 0, 0, 0, 0, 0, 0),
(1127, 0, 462, 990, 5, 6, 0, 1, 0, 0, 0, 0, 0, 0, 0, 0, 0),
(1128, 0, 589, 990, 5, 5, 0, 0, 0, 0, 0, 0, 0, 0, 0, 0, 0),
(1129, 0, 1, 983, 4, 4, 0, 0, 0, 0, 0, 0, 0, 0, 0, 0, 0),
(1130, 0, 217, 983, 8.5, 6.5, 0, 0, 0, 0, 1, 0, 0, 0, 0, 1, 0),
(1131, 0, 569, 983, 5, 5, 0, 0, 0, 0, 0, 0, 0, 0, 0, 0, 0),
(1132, 1, 53, 983, 2.5, 3.5, 0, 0, 0, 0, 0, 0, 0, 0, 0, 1, 0),
(1133, 1, 300, 983, 4, 5, 0, 0, 0, 0, 0, 0, 0, 0, 0, 1, 0),
(1134, 0, 403, 983, 4, 6, 0, 2, 0, 0, 0, 0, 0, 0, 0, 0, 0),
(1135, 0, 465, 983, 5, 5, 0, 0, 0, 0, 0, 0, 0, 0, 0, 0, 0),
(1136, 0, 101, 991, 5, 5, 0, 0, 0, 0, 0, 0, 0, 0, 0, 0, 0),
(1137, 0, 135, 991, 4, 4, 0, 0, 0, 0, 0, 0, 0, 0, 0, 0, 0),
(1138, 0, 317, 991, 2.5, 2.5, 0, 0, 0, 0, 0, 0, 0, 0, 0, 0, 0),
(1139, 0, 350, 991, 6, 6, 0, 0, 0, 0, 0, 0, 0, 0, 0, 0, 0),
(1140, 0, 381, 991, 13, 7, 0, 0, 0, 0, 0, 0, 1, 0, 0, 0, 0),
(1141, 0, 455, 991, 2.5, 2.5, 0, 0, 0, 0, 0, 0, 0, 0, 0, 0, 0),
(1142, 0, 576, 991, 3.5, 4.5, 0, 0, 0, 0, 0, 0, 0, 0, 0, 1, 0),
(1143, 0, 624, 991, 4, 5, 0, 0, 0, 0, 0, 0, 0, 0, 0, 1, 0),
(1144, 0, 257, 991, 5, 5, 0, 0, 0, 0, 0, 0, 0, 0, 0, 0, 0),
(1145, 1, 404, 991, 16, 9, 0, 2, 0, 1, 0, 0, 0, 0, 0, 0, 0),
(1146, 0, 438, 991, 14, 8, 0, 0, 0, 0, 2, 0, 0, 0, 0, 0, 0),
(1147, 0, 587, 991, 13.5, 7.5, 0, 0, 0, 0, 1, 0, 0, 0, 0, 0, 0),
(1148, 0, 598, 991, 5.5, 5.5, 0, 0, 0, 0, 0, 0, 0, 0, 0, 0, 0),
(1149, 0, 69, 989, 5, 5, 0, 0, 0, 0, 0, 0, 0, 0, 0, 0, 0),
(1150, 1, 222, 989, 6, 6, 0, 0, 0, 0, 0, 0, 0, 0, 0, 0, 0),
(1151, 0, 358, 989, 4.5, 5.5, 0, 0, 0, 0, 0, 0, 0, 0, 0, 1, 0),
(1152, 0, 397, 989, 4.5, 4.5, 0, 0, 0, 0, 0, 0, 0, 0, 0, 0, 0),
(1153, 0, 431, 989, 5.5, 5.5, 0, 0, 0, 0, 0, 0, 0, 0, 0, 0, 0),
(1154, 0, 446, 989, 5, 6, 0, 0, 0, 0, 0, 0, 0, 0, 0, 1, 0),
(1155, 0, 80, 989, 4.5, 5.5, 0, 0, 0, 0, 0, 0, 0, 0, 0, 1, 0),
(1156, 0, 142, 989, 20, 9, 1, NULL, 0, 1, 0, 0, 0, 0, 0, 0, 0),
(1157, 0, 250, 989, 5, 5, 0, 0, 0, 0, 0, 0, 0, 0, 0, 0, 0),
(1158, 0, 297, 989, 4.5, 4.5, 0, 0, 0, 0, 0, 0, 0, 0, 0, 0, 0),
(1159, 0, 365, 989, 3.5, 4.5, 0, 0, 0, 0, 0, 0, 0, 0, 0, 1, 0),
(1160, 0, 410, 989, 4.5, 5.5, 0, 0, 0, 0, 0, 0, 0, 0, 0, 1, 0),
(1161, 0, 507, 989, 4, 4, 0, 0, 0, 0, 0, 0, 0, 0, 0, 0, 0),
(1162, 0, 50, 985, 6, 6, 0, 0, 0, 0, 0, 0, 0, 0, 0, 0, 0),
(1163, 0, 105, 985, 8.5, 6.5, 1, NULL, 0, 0, 0, 0, 0, 0, 0, 0, 0),
(1164, 0, 184, 985, 5.5, 5.5, 0, 0, 0, 0, 0, 0, 0, 0, 0, 0, 0),
(1165, 0, 360, 985, 6.5, 6.5, 0, 0, 0, 0, 0, 0, 0, 0, 0, 0, 0),
(1166, 0, 231, 985, 5, 6, 0, 0, 0, 0, 0, 0, 0, 0, 0, 1, 0),
(1167, 0, 254, 985, 4, 4, 0, 0, 0, 0, 0, 0, 0, 0, 0, 0, 0),
(1168, 0, 293, 985, 6, 6, 0, 0, 0, 0, 0, 0, 0, 0, 0, 0, 0),
(1169, 0, 346, 985, 17, 7.5, 1, NULL, 0, 1, 0, 0, 0, 0, 0, 0, 0),
(1170, 0, 459, 985, 6.5, 6.5, 0, 0, 0, 0, 0, 0, 0, 0, 0, 0, 0),
(1171, 0, 483, 985, 5, 5, 0, 0, 0, 0, 0, 0, 0, 0, 0, 0, 0),
(1172, 0, 510, 985, 6, 6, 0, 0, 0, 0, 0, 0, 0, 0, 0, 0, 0),
(1173, 0, 593, 985, 5.5, 5.5, 0, 0, 0, 0, 0, 0, 0, 0, 0, 0, 0),
(1174, 0, 43, 987, 4, 4, 0, 0, 0, 0, 0, 0, 0, 0, 0, 0, 0),
(1175, 0, 506, 987, 4.5, 4.5, 0, 0, 0, 0, 0, 0, 0, 0, 0, 0, 0),
(1176, 0, 574, 987, 0, 3, 0, 3, 0, 0, 0, 0, 0, 0, 0, 0, 0),
(1177, 0, 87, 984, 6, 6, 0, 0, 0, 0, 0, 0, 0, 0, 0, 0, 0),
(1178, 0, 256, 984, 5, 5, 0, 0, 0, 0, 0, 0, 0, 0, 0, 0, 0),
(1179, 0, 310, 984, 5, 5, 0, 0, 0, 0, 0, 0, 0, 0, 0, 0, 0),
(1180, 0, 402, 984, 9, 6, 0, 0, 0, 0, 1, 0, 0, 0, 0, 0, 0),
(1181, 0, 78, 984, 5, 5, 0, 0, 0, 0, 0, 0, 0, 0, 0, 0, 0),
(1182, 0, 138, 984, 5.5, 5.5, 0, 0, 0, 0, 0, 0, 0, 0, 0, 0, 0),
(1183, 0, 260, 984, 5, 5, 0, 0, 0, 0, 0, 0, 0, 0, 0, 0, 0),
(1184, 0, 287, 984, 4, 4, 0, 0, 0, 0, 0, 0, 0, 0, 0, 0, 0),
(1185, 0, 75, 987, 7, 7, 0, 0, 0, 0, 0, 0, 0, 0, 0, 0, 0),
(1186, 0, 265, 987, 6, 6, 0, 0, 0, 0, 0, 0, 0, 0, 0, 0, 0),
(1187, 0, 305, 987, 6, 6, 0, 0, 0, 0, 0, 0, 0, 0, 0, 0, 0),
(1188, 0, 356, 987, 6.5, 6.5, 0, 0, 0, 0, 0, 0, 0, 0, 0, 0, 0),
(1189, 0, 433, 987, 5.5, 5.5, 0, 0, 0, 0, 0, 0, 0, 0, 0, 0, 0),
(1190, 0, 460, 987, 8, 6, 1, NULL, 0, 0, 0, 0, 0, 0, 0, 0, 0),
(1191, 0, 35, 988, 4.5, 5.5, 0, 0, 0, 0, 0, 0, 0, 0, 0, 1, 0),
(1192, 0, 47, 988, 5, 5, 0, 0, 0, 0, 0, 0, 0, 0, 0, 0, 0),
(1193, 0, 76, 988, 8.5, 6.5, 1, NULL, 0, 0, 0, 0, 0, 0, 0, 0, 0),
(1194, 0, 516, 988, 4, 5, 0, 0, 0, 0, 0, 0, 0, 0, 0, 1, 0),
(1195, 0, 423, 988, 4, 4, 0, 0, 0, 0, 0, 0, 0, 0, 0, 0, 0),
(1196, 0, 601, 988, 5.5, 5.5, 0, 0, 0, 0, 0, 0, 0, 0, 0, 0, 0),
(1197, 0, 602, 988, 5, 5, 0, 0, 0, 0, 0, 0, 0, 0, 0, 0, 0),
(1198, 0, 78, 994, 8, 5, 0, 0, 0, 0, 1, 0, 0, 0, 0, 0, 0),
(1199, 0, 83, 994, 6, 6, 0, 0, 0, 0, 0, 0, 0, 0, 0, 0, 0),
(1200, 0, 138, 994, 5, 5, 0, 0, 0, 0, 0, 0, 0, 0, 0, 0, 0),
(1201, 0, 260, 994, 11, 7, 0, 0, 0, 0, 1, 0, 0, 0, 0, 0, 0),
(1202, 0, 287, 994, 4, 4, 0, 0, 0, 0, 0, 0, 0, 0, 0, 0, 0),
(1203, 0, 50, 994, 5, 5, 0, 0, 0, 0, 0, 0, 0, 0, 0, 0, 0),
(1204, 0, 105, 994, 4, 7, 0, 3, 0, 0, 0, 0, 0, 0, 0, 0, 0),
(1205, 0, 184, 994, 5, 5, 0, 0, 0, 0, 0, 0, 0, 0, 0, 0, 0),
(1206, 0, 360, 994, 5, 5, 0, 0, 0, 0, 0, 0, 0, 0, 0, 0, 0),
(1207, 0, 300, 995, 4, 5, 0, 0, 0, 0, 0, 0, 0, 0, 0, 1, 0),
(1208, 0, 403, 995, 5, 6, 0, 1, 0, 0, 0, 0, 0, 0, 0, 0, 0),
(1209, 0, 465, 995, 5, 5, 0, 0, 0, 0, 0, 0, 0, 0, 0, 0, 0),
(1210, 0, 87, 995, 4, 5, 0, 0, 0, 0, 0, 0, 0, 0, 0, 1, 0),
(1211, 0, 256, 995, 10.5, 4.5, 0, 0, 0, 0, 0, 0, 1, 0, 0, 0, 0),
(1212, 0, 310, 995, 5.5, 5.5, 0, 0, 0, 0, 0, 0, 0, 0, 0, 0, 0),
(1213, 0, 402, 995, 6.5, 6.5, 0, 0, 0, 0, 0, 0, 0, 0, 0, 0, 0),
(1214, 0, 145, 998, 3, 3, 0, 0, 0, 0, 0, 0, 0, 0, 0, 0, 0),
(1215, 0, 158, 998, 4, 4, 0, 0, 0, 0, 0, 0, 0, 0, 0, 0, 0),
(1216, 0, 383, 998, 2, 3, 0, 0, 0, 0, 0, 0, 0, 0, 0, 1, 0),
(1217, 0, 462, 998, 3, 5, 0, 2, 0, 0, 0, 0, 0, 0, 0, 0, 0),
(1218, 0, 589, 998, 4, 4, 0, 0, 0, 0, 0, 0, 0, 0, 0, 0, 0),
(1219, 0, 101, 998, 6, 6, 0, 0, 0, 0, 0, 0, 0, 0, 0, 0, 0),
(1220, 0, 135, 998, 17, 8.5, 0, 0, 0, 1, 0, 0, 0, 0, 0, 0, 0),
(1221, 0, 317, 998, 5.5, 5.5, 0, 0, 0, 0, 0, 0, 0, 0, 0, 0, 0),
(1222, 0, 350, 998, 4, 4, 0, 0, 0, 0, 0, 0, 0, 0, 0, 0, 0),
(1223, 0, 381, 998, 7.5, 7.5, 0, 0, 0, 0, 0, 0, 0, 0, 0, 0, 0),
(1224, 0, 455, 998, 6, 6, 0, 0, 0, 0, 0, 0, 0, 0, 0, 0, 0),
(1225, 0, 576, 998, 6, 6, 0, 0, 0, 0, 0, 0, 0, 0, 0, 0, 0),
(1226, 0, 624, 998, 9.5, 6.5, 0, 0, 0, 0, 1, 0, 0, 0, 0, 1, 0),
(1227, 0, 136, 999, 20, 8, 0, 0, 0, 1, 1, 0, 0, 0, 0, 0, 0),
(1228, 0, 242, 999, 4.5, 4.5, 0, 0, 0, 0, 0, 0, 0, 0, 0, 0, 0),
(1229, 0, 296, 999, 5.5, 6.5, 0, 0, 0, 0, 0, 0, 0, 0, 0, 1, 0),
(1230, 0, 541, 999, 9.5, 7.5, 1, NULL, 0, 0, 0, 0, 0, 0, 0, 0, 0),
(1231, 0, 551, 999, 6.5, 6.5, 0, 0, 0, 0, 0, 0, 0, 0, 0, 0, 0),
(1232, 0, 630, 999, 6, 6, 0, 0, 0, 0, 0, 0, 0, 0, 0, 0, 0),
(1233, 0, 46, 999, 2.5, 4.5, 0, 2, 0, 0, 0, 0, 0, 0, 0, 0, 0),
(1234, 0, 110, 999, 5.5, 5.5, 0, 0, 0, 0, 0, 0, 0, 0, 0, 0, 0),
(1235, 0, 419, 999, 3, 4, 0, 0, 0, 0, 0, 0, 0, 0, 0, 1, 0),
(1236, 0, 479, 999, 3, 4, 0, 0, 0, 0, 0, 0, 0, 0, 0, 1, 0),
(1237, 0, 480, 999, 5, 5, 0, 0, 0, 0, 0, 0, 0, 0, 0, 0, 0),
(1238, 0, 629, 999, 4.5, 5.5, 0, 0, 0, 0, 0, 0, 0, 0, 0, 1, 0),
(1239, 0, 122, 993, 4, 4, 0, 0, 0, 0, 0, 0, 0, 0, 0, 0, 0),
(1240, 0, 293, 993, 5, 5, 0, 0, 0, 0, 0, 0, 0, 0, 0, 0, 0),
(1241, 0, 346, 993, 7, 5, 1, NULL, 0, 0, 0, 0, 0, 0, 0, 0, 0),
(1242, 0, 459, 993, 3, 4, 0, 0, 0, 0, 0, 0, 0, 0, 0, 1, 0),
(1243, 0, 483, 993, 5.5, 5.5, 0, 0, 0, 0, 0, 0, 0, 0, 0, 0, 0),
(1244, 0, 510, 993, 6, 6, 0, 0, 0, 0, 0, 0, 0, 0, 0, 0, 0),
(1245, 0, 593, 993, 5, 5, 0, 0, 0, 0, 0, 0, 0, 0, 0, 0, 0),
(1246, 0, 506, 993, 4.5, 4.5, 0, 0, 0, 0, 0, 0, 0, 0, 0, 0, 0),
(1247, 0, 75, 992, 19, 8, 0, 0, 0, 1, 1, 0, 0, 0, 0, 1, 0),
(1248, 0, 265, 992, 5, 5, 0, 0, 0, 0, 0, 0, 0, 0, 0, 0, 0),
(1249, 0, 305, 992, 6, 6, 0, 0, 0, 0, 0, 0, 0, 0, 0, 0, 0),
(1250, 0, 356, 992, 6.5, 6.5, 0, 0, 0, 0, 0, 0, 0, 0, 0, 0, 0),
(1251, 0, 433, 992, 10, 7, 0, 0, 0, 0, 1, 0, 0, 0, 0, 0, 0),
(1252, 0, 460, 992, 8, 6, 1, NULL, 0, 0, 0, 0, 0, 0, 0, 0, 0),
(1253, 0, 47, 992, 5, 5, 0, 0, 0, 0, 0, 0, 0, 0, 0, 0, 0),
(1254, 0, 76, 992, 2, 4, 0, 2, 0, 0, 0, 0, 0, 0, 0, 0, 0),
(1255, 0, 516, 992, 6, 6, 0, 0, 0, 0, 0, 0, 0, 0, 0, 0, 0),
(1256, 0, 143, 996, 5, 6, 0, 0, 0, 0, 0, 0, 0, 0, 0, 1, 0),
(1257, 0, 164, 996, 24, 9, 0, 0, 0, 1, 2, 0, 0, 0, 0, 0, 0),
(1258, 0, 192, 996, 6, 6, 0, 0, 0, 0, 0, 0, 0, 0, 0, 0, 0),
(1259, 0, 385, 996, 5.5, 5.5, 0, 0, 0, 0, 0, 0, 0, 0, 0, 0, 0),
(1260, 0, 490, 996, 5, 5, 0, 0, 0, 0, 0, 0, 0, 0, 0, 0, 0),
(1261, 0, 492, 996, 11.5, 7.5, 0, 0, 0, 0, 1, 0, 0, 0, 0, 0, 0),
(1262, 0, 501, 996, 6, 6, 0, 0, 0, 0, 0, 0, 0, 0, 0, 0, 0),
(1263, 0, 513, 996, 6, 6, 0, 0, 0, 0, 0, 0, 0, 0, 0, 0, 0),
(1264, 0, 217, 996, 4, 4, 0, 0, 0, 0, 0, 0, 0, 0, 0, 0, 0),
(1265, 0, 569, 996, 5, 5, 0, 0, 0, 0, 0, 0, 0, 0, 0, 0, 0),
(1266, 0, 423, 1001, 5, 5, 0, 0, 0, 0, 0, 0, 0, 0, 0, 0, 0),
(1267, 0, 601, 1001, 3.5, 4.5, 0, 0, 0, 0, 0, 0, 0, 0, 0, 1, 0),
(1268, 0, 602, 1001, 3, 3, 0, 0, 0, 0, 0, 0, 0, 0, 0, 0, 0),
(1269, 0, 69, 1001, 6, 6, 0, 0, 0, 0, 0, 0, 0, 0, 0, 0, 0),
(1270, 0, 358, 1001, 6, 6, 0, 0, 0, 0, 0, 0, 0, 0, 0, 0, 0),
(1271, 0, 431, 1001, 4, 4, 0, 0, 0, 0, 0, 0, 0, 0, 0, 0, 0),
(1272, 0, 446, 1001, 9.5, 6.5, 0, 0, 0, 0, 1, 0, 0, 0, 0, 1, 0),
(1273, 0, 565, 1001, 5, 5, 0, 0, 0, 0, 0, 0, 0, 0, 0, 0, 0),
(1274, 0, 257, 997, 4.5, 5.5, 0, 0, 0, 0, 0, 0, 0, 0, 0, 1, 0),
(1275, 0, 313, 997, 4, 4, 0, 0, 0, 0, 0, 0, 0, 0, 0, 0, 0),
(1276, 0, 404, 997, 4, 5, 0, 1, 0, 0, 0, 0, 0, 0, 0, 0, 0),
(1277, 0, 438, 997, 5, 5, 0, 0, 0, 0, 0, 0, 0, 0, 0, 0, 0),
(1278, 0, 587, 997, 3.5, 4.5, 0, 0, 0, 0, 0, 0, 0, 0, 0, 1, 0),
(1279, 0, 598, 997, 3, 3, 0, 0, 0, 0, 0, 0, 0, 0, 0, 0, 0),
(1280, 0, 93, 997, 6, 6, 0, 0, 0, 0, 0, 0, 0, 0, 0, 0, 0),
(1281, 0, 162, 997, 5, 5, 0, 0, 0, 0, 0, 0, 0, 0, 0, 0, 0),
(1282, 0, 165, 997, 5, 5, 0, 0, 0, 0, 0, 0, 0, 0, 0, 0, 0),
(1283, 0, 477, 997, 19, 8, 0, 0, 0, 1, 1, 0, 0, 0, 0, 0, 0),
(1284, 0, 505, 997, 5.5, 5.5, 0, 0, 0, 0, 0, 0, 0, 0, 0, 0, 0),
(1285, 0, 535, 997, 5, 6, 0, 0, 0, 0, 0, 0, 0, 0, 0, 1, 0),
(1286, 0, 617, 997, 4.5, 5.5, 0, 0, 0, 0, 0, 0, 0, 0, 0, 1, 0),
(1287, 0, 254, 993, 5, 5, 0, 0, 0, 0, 0, 0, 0, 0, 0, 0, 0),
(1288, 0, 142, 1000, 8, 6, 1, NULL, 0, 0, 0, 0, 0, 0, 0, 0, 0),
(1289, 0, 250, 1000, 5.5, 5.5, 0, 0, 0, 0, 0, 0, 0, 0, 0, 0, 0),
(1290, 0, 297, 1000, 6.5, 6.5, 0, 0, 0, 0, 0, 0, 0, 0, 0, 0, 0),
(1291, 0, 365, 1000, 6, 6, 0, 0, 0, 0, 0, 0, 0, 0, 0, 0, 0),
(1292, 0, 410, 1000, 5, 6, 0, 0, 0, 0, 0, 0, 0, 0, 0, 1, 0),
(1293, 0, 507, 1000, 4, 5, 0, 0, 0, 0, 0, 0, 0, 0, 0, 1, 0),
(1294, 0, 181, 1000, 3.5, 4.5, 0, 0, 0, 0, 0, 0, 0, 0, 0, 1, 0),
(1295, 0, 188, 1000, 5, 5, 0, 0, 0, 0, 0, 0, 0, 0, 0, 0, 0),
(1296, 0, 353, 1000, 3.5, 3.5, 0, 0, 0, 0, 0, 0, 0, 0, 0, 0, 0),
(1297, 0, 380, 1000, 5, 5, 0, 0, 0, 0, 0, 0, 0, 0, 0, 0, 0),
(1298, 0, 506, 1007, 5.5, 5.5, 0, 0, 0, 0, 0, 0, 0, 0, 0, 0, 0),
(1299, 0, 78, 1007, 3, 3, 0, 0, 0, 0, 0, 0, 0, 0, 0, 0, 0),
(1300, 0, 83, 1007, 5.5, 5.5, 0, 0, 0, 0, 0, 0, 0, 0, 0, 0, 0),
(1301, 0, 138, 1007, 4, 4, 0, 0, 0, 0, 0, 0, 0, 0, 0, 0, 0),
(1302, 0, 260, 1007, 4.5, 4.5, 0, 0, 0, 0, 0, 0, 0, 0, 0, 0, 0),
(1303, 0, 287, 1007, 3, 3, 0, 0, 0, 0, 0, 0, 0, 0, 0, 0, 0),
(1304, 0, 35, 1008, 6, 6, 0, 0, 0, 0, 0, 0, 0, 0, 0, 0, 0),
(1305, 0, 47, 1008, 2, 3, 0, 0, 0, 0, 0, 0, 0, 0, 0, 1, 0),
(1306, 0, 76, 1008, 4.5, 5.5, 0, 1, 0, 0, 0, 0, 0, 0, 0, 0, 0),
(1307, 0, 516, 1008, 5.5, 5.5, 0, 0, 0, 0, 0, 0, 0, 0, 0, 0, 0),
(1308, 0, 106, 1008, 14, 7, 0, 0, 0, 1, 0, 0, 0, 0, 0, 0, 0),
(1309, 0, 231, 1008, 10.5, 6.5, 0, 0, 0, 0, 1, 0, 0, 0, 0, 0, 0),
(1310, 0, 254, 1008, 5, 5, 0, 0, 0, 0, 0, 0, 0, 0, 0, 0, 0),
(1311, 0, 293, 1008, 5.5, 5.5, 0, 0, 0, 0, 0, 0, 0, 0, 0, 0, 0),
(1312, 0, 346, 1008, 7, 6, 1, NULL, 0, 0, 0, 0, 0, 0, 0, 1, 0),
(1313, 0, 459, 1008, 5, 5, 0, 0, 0, 0, 0, 0, 0, 0, 0, 0, 0),
(1314, 0, 483, 1008, 6, 6, 0, 0, 0, 0, 0, 0, 0, 0, 0, 0, 0),
(1315, 0, 510, 1008, 4, 4, 0, 0, 0, 0, 0, 0, 0, 0, 0, 0, 0),
(1316, 0, 50, 1005, 4, 4, 0, 0, 0, 0, 0, 0, 0, 0, 0, 0, 0),
(1317, 0, 105, 1005, 9, 7, 1, NULL, 0, 0, 0, 0, 0, 0, 0, 0, 0),
(1318, 0, 184, 1005, 6.5, 6.5, 0, 0, 0, 0, 0, 0, 0, 0, 0, 0, 0),
(1319, 0, 360, 1005, 5, 5, 0, 0, 0, 0, 0, 0, 0, 0, 0, 0, 0),
(1320, 0, 279, 1005, 4, 4, 0, 0, 0, 0, 0, 0, 0, 0, 0, 0, 0),
(1321, 0, 403, 1005, 15, 8, 0, 1, 0, 1, 0, 0, 0, 0, 0, 0, 0),
(1322, 0, 465, 1005, 3, 4, 0, 0, 0, 0, 0, 0, 0, 0, 0, 1, 0),
(1323, 0, 34, 1011, 6.5, 6.5, 0, 0, 0, 0, 0, 0, 0, 0, 0, 0, 0),
(1324, 0, 101, 1011, 6, 7, 0, 0, 0, 0, 0, 0, 0, 0, 0, 1, 0),
(1325, 0, 135, 1011, 5, 5, 0, 0, 0, 0, 0, 0, 0, 0, 0, 0, 0),
(1326, 0, 273, 1011, 8.5, 6.5, 0, 0, 0, 0, 0, 1, 0, 0, 0, 0, 0),
(1327, 0, 276, 1011, 5, 5, 0, 0, 0, 0, 0, 0, 0, 0, 0, 0, 0),
(1328, 0, 317, 1011, 6, 6, 0, 0, 0, 0, 0, 0, 0, 0, 0, 0, 0),
(1329, 0, 381, 1011, 6.5, 6.5, 0, 0, 0, 0, 0, 0, 0, 0, 0, 0, 0),
(1330, 0, 576, 1011, 6, 6, 0, 0, 0, 0, 0, 0, 0, 0, 0, 0, 0),
(1331, 0, 136, 1011, 5.5, 5.5, 0, 0, 0, 0, 0, 0, 0, 0, 0, 0, 0),
(1332, 0, 237, 1011, 5.5, 5.5, 0, 0, 0, 0, 0, 0, 0, 0, 0, 0, 0),
(1333, 0, 242, 1011, 5, 5, 0, 0, 0, 0, 0, 0, 0, 0, 0, 0, 0),
(1334, 0, 296, 1011, 4.5, 5.5, 0, 0, 0, 0, 0, 0, 0, 0, 0, 1, 0),
(1335, 0, 541, 1011, 5.5, 6.5, 0, 1, 0, 0, 0, 0, 0, 0, 0, 0, 0),
(1336, 0, 551, 1011, 4, 5, 0, 0, 0, 0, 0, 0, 0, 0, 0, 1, 0),
(1337, 0, 630, 1011, 5.5, 6.5, 0, 0, 0, 0, 0, 0, 0, 0, 0, 1, 0),
(1338, 0, 87, 1004, 13, 7, 0, 0, 0, 0, 1, 0, 0, 0, 0, 0, 0),
(1339, 0, 402, 1004, 9, 6, 0, 0, 0, 0, 1, 0, 0, 0, 0, 0, 0),
(1340, 0, 143, 1004, 18, 7, 0, 0, 0, 1, 1, 0, 0, 0, 0, 0, 0),
(1341, 0, 164, 1004, 5, 5, 0, 0, 0, 0, 0, 0, 0, 0, 0, 0, 0),
(1342, 0, 192, 1004, 10.5, 6.5, 0, 0, 0, 0, 1, 0, 0, 0, 0, 0, 0),
(1343, 0, 385, 1004, 6, 6, 0, 0, 0, 0, 0, 0, 0, 0, 0, 0, 0),
(1344, 0, 492, 1004, 4, 5, 0, 0, 0, 0, 0, 0, 0, 0, 0, 1, 0),
(1345, 0, 501, 1004, 6, 6, 0, 0, 0, 0, 0, 0, 0, 0, 0, 0, 0),
(1346, 0, 513, 1004, 5, 5, 0, 0, 0, 0, 0, 0, 0, 0, 0, 0, 0),
(1347, 0, 93, 1002, 5, 5, 0, 0, 0, 0, 0, 0, 0, 0, 0, 0, 0),
(1348, 0, 162, 1002, 5, 5, 0, 0, 0, 0, 0, 0, 0, 0, 0, 0, 0),
(1349, 0, 165, 1002, 4, 4, 0, 0, 0, 0, 0, 0, 0, 0, 0, 0, 0),
(1350, 0, 477, 1002, 3, 4, 0, 0, 0, 0, 0, 0, 0, 0, 0, 1, 0),
(1351, 0, 505, 1002, 5, 5, 0, 0, 0, 0, 0, 0, 0, 0, 0, 0, 0),
(1352, 0, 535, 1002, 4, 4, 0, 0, 0, 0, 0, 0, 0, 0, 0, 0, 0),
(1353, 0, 383, 1002, 3, 4, 0, 0, 0, 0, 0, 0, 0, 0, 0, 1, 0),
(1354, 0, 462, 1002, 18, 8, 1, NULL, 0, 1, 0, 0, 0, 0, 0, 0, 0),
(1355, 0, 589, 1002, 3, 3, 0, 0, 0, 0, 0, 0, 0, 0, 0, 0, 0),
(1356, 0, 69, 1009, 5, 5, 0, 0, 0, 0, 0, 0, 0, 0, 0, 0, 0),
(1357, 0, 358, 1009, 5, 5, 0, 0, 0, 0, 0, 0, 0, 0, 0, 0, 0),
(1358, 0, 431, 1009, 4, 4, 0, 0, 0, 0, 0, 0, 0, 0, 0, 0, 0),
(1359, 0, 446, 1009, 6, 6, 0, 0, 0, 0, 0, 0, 0, 0, 0, 0, 0),
(1360, 0, 565, 1009, 5, 5, 0, 0, 0, 0, 0, 0, 0, 0, 0, 0, 0),
(1361, 0, 75, 1009, 5, 5, 0, 0, 0, 0, 0, 0, 0, 0, 0, 0, 0),
(1362, 0, 265, 1009, 5, 5, 0, 0, 0, 0, 0, 0, 0, 0, 0, 0, 0),
(1363, 0, 305, 1009, 5, 5, 0, 0, 0, 0, 0, 0, 0, 0, 0, 0, 0),
(1364, 0, 356, 1009, 3, 4, 0, 0, 0, 0, 0, 0, 0, 0, 0, 1, 0),
(1365, 0, 433, 1009, 4, 4, 0, 0, 0, 0, 0, 0, 0, 0, 0, 0, 0),
(1366, 0, 460, 1009, 18, 8, 1, NULL, 0, 1, 0, 0, 0, 0, 0, 0, 0),
(1367, 0, 217, 1003, 3.5, 3.5, 0, 0, 0, 0, 0, 0, 0, 0, 0, 0, 0),
(1368, 0, 313, 1003, 6, 6, 0, 0, 0, 0, 0, 0, 0, 0, 0, 0, 0),
(1369, 0, 404, 1003, 8, 6, 1, NULL, 0, 0, 0, 0, 0, 0, 0, 0, 0),
(1370, 0, 438, 1003, 22, 8, 0, 0, 0, 1, 2, 0, 0, 0, 0, 0, 0),
(1371, 0, 587, 1003, 5.5, 5.5, 0, 0, 0, 0, 0, 0, 0, 0, 0, 0, 0),
(1372, 0, 598, 1003, 7, 7, 0, 0, 0, 0, 0, 0, 0, 0, 0, 0, 0),
(1373, 0, 181, 1006, 5, 5, 0, 0, 0, 0, 0, 0, 0, 0, 0, 0, 0),
(1374, 0, 188, 1006, 5, 5, 0, 0, 0, 0, 0, 0, 0, 0, 0, 0, 0),
(1375, 0, 353, 1006, 5.5, 6.5, 0, 0, 0, 0, 0, 0, 0, 0, 0, 1, 0),
(1376, 0, 380, 1006, 11.5, 7.5, 0, 0, 0, 0, 1, 0, 0, 0, 0, 0, 0),
(1377, 0, 46, 1006, 4, 5, 0, 1, 0, 0, 0, 0, 0, 0, 0, 0, 0),
(1378, 0, 61, 1006, 5.5, 5.5, 0, 0, 0, 0, 0, 0, 0, 0, 0, 0, 0),
(1379, 0, 110, 1006, 7.5, 7.5, 0, 0, 0, 0, 0, 0, 0, 0, 0, 0, 0),
(1380, 0, 227, 1006, 10, 8, 0, 0, 0, 0, 1, 0, 0, 0, 0, 1, 0),
(1381, 0, 412, 1006, 6, 6, 0, 0, 0, 0, 0, 0, 0, 0, 0, 0, 0),
(1382, 0, 479, 1006, 21, 8.5, 0, 0, 0, 1, 1, 0, 0, 0, 0, 0, 0),
(1383, 0, 80, 1010, 6.5, 6.5, 0, 0, 0, 0, 0, 0, 0, 0, 0, 0, 0),
(1384, 0, 142, 1010, 5, 6, 0, 1, 0, 0, 0, 0, 0, 0, 0, 0, 0),
(1385, 0, 250, 1010, 4, 4, 0, 0, 0, 0, 0, 0, 0, 0, 0, 0, 0),
(1386, 0, 297, 1010, 6.5, 6.5, 0, 0, 0, 0, 0, 0, 0, 0, 0, 0, 0),
(1387, 0, 365, 1010, 5, 5, 0, 0, 0, 0, 0, 0, 0, 0, 0, 0, 0),
(1388, 0, 410, 1010, 5, 5, 0, 0, 0, 0, 0, 0, 0, 0, 0, 0, 0),
(1389, 0, 391, 1010, 9, 7, 1, NULL, 0, 0, 0, 0, 0, 0, 0, 0, 0),
(1390, 0, 423, 1010, 5, 5, 0, 0, 0, 0, 0, 0, 0, 0, 0, 0, 0),
(1391, 0, 601, 1010, 6, 6, 0, 0, 0, 0, 0, 0, 0, 0, 0, 0, 0),
(1392, 0, 602, 1010, 5, 5, 0, 0, 0, 0, 0, 0, 0, 0, 0, 0, 0),
(1393, 0, 143, 1016, 6, 6, 0, 0, 0, 0, 0, 0, 0, 0, 0, 0, 0),
(1394, 0, 164, 1016, 19, 8, 0, 0, 0, 1, 1, 0, 0, 0, 0, 0, 0),
(1395, 0, 192, 1016, 7, 7, 0, 0, 0, 0, 0, 0, 0, 0, 0, 0, 0),
(1396, 0, 385, 1016, 5, 5, 0, 0, 0, 0, 0, 0, 0, 0, 0, 0, 0),
(1397, 0, 492, 1016, 6, 6, 0, 0, 0, 0, 0, 0, 0, 0, 0, 0, 0),
(1398, 0, 501, 1016, 5, 5, 0, 0, 0, 0, 0, 0, 0, 0, 0, 0, 0),
(1399, 0, 513, 1016, 6, 6, 0, 0, 0, 0, 0, 0, 0, 0, 0, 0, 0),
(1400, 0, 559, 1016, 6, 6, 0, 0, 0, 0, 0, 0, 0, 0, 0, 0, 0),
(1401, 0, 50, 1016, 5, 5, 0, 0, 0, 0, 0, 0, 0, 0, 0, 0, 0),
(1402, 0, 105, 1016, 6, 7, 0, 1, 0, 0, 0, 0, 0, 0, 0, 0, 0),
(1403, 0, 184, 1016, 5, 5, 0, 0, 0, 0, 0, 0, 0, 0, 0, 0, 0),
(1404, 0, 360, 1016, 4, 4, 0, 0, 0, 0, 0, 0, 0, 0, 0, 0, 0),
(1405, 0, 53, 1015, 4.5, 4.5, 0, 0, 0, 0, 0, 0, 0, 0, 0, 0, 0),
(1406, 0, 300, 1015, 6, 6, 0, 0, 0, 0, 0, 0, 0, 0, 0, 0, 0),
(1407, 0, 403, 1015, 6.5, 4.5, 1, NULL, 0, 0, 0, 0, 0, 0, 0, 0, 0),
(1408, 0, 465, 1015, 5, 5, 0, 0, 0, 0, 0, 0, 0, 0, 0, 0, 0),
(1409, 0, 43, 1015, 4, 4, 0, 0, 0, 0, 0, 0, 0, 0, 0, 0, 0),
(1410, 0, 506, 1015, 6, 6, 0, 0, 0, 0, 0, 0, 0, 0, 0, 0, 0),
(1411, 0, 257, 1017, 5.5, 5.5, 0, 0, 0, 0, 0, 0, 0, 0, 0, 0, 0),
(1412, 0, 313, 1017, 6, 6, 0, 0, 0, 0, 0, 0, 0, 0, 0, 0, 0),
(1413, 0, 404, 1017, 8, 6, 1, NULL, 0, 0, 0, 0, 0, 0, 0, 0, 0),
(1414, 0, 438, 1017, 7, 7, 0, 0, 0, 0, 0, 0, 0, 0, 0, 0, 0),
(1415, 0, 587, 1017, 5, 5, 0, 0, 0, 0, 0, 0, 0, 0, 0, 0, 0),
(1416, 0, 598, 1017, 19, 8, 0, 0, 0, 1, 1, 0, 0, 0, 0, 1, 0),
(1417, 0, 87, 1017, 5.5, 5.5, 0, 0, 0, 0, 0, 0, 0, 0, 0, 0, 0),
(1418, 0, 256, 1017, 4, 5, 0, 0, 0, 0, 0, 0, 0, 0, 0, 1, 0),
(1419, 0, 310, 1017, 6, 6, 0, 0, 0, 0, 0, 0, 0, 0, 0, 0, 0),
(1420, 0, 402, 1017, 6, 6, 0, 0, 0, 0, 0, 0, 0, 0, 0, 0, 0),
(1421, 0, 78, 1014, 8, 5, 0, 0, 0, 0, 1, 0, 0, 0, 0, 0, 0),
(1422, 0, 83, 1014, 5.5, 5.5, 0, 0, 0, 0, 0, 0, 0, 0, 0, 0, 0),
(1423, 0, 117, 1014, 4, 4, 0, 0, 0, 0, 0, 0, 0, 0, 0, 0, 0),
(1424, 0, 138, 1014, 11, 5, 0, 0, 0, 0, 1, 0, 0, 0, 0, 0, 0),
(1425, 0, 260, 1014, 4, 5, 0, 0, 0, 0, 0, 0, 0, 0, 0, 1, 0),
(1426, 0, 35, 1014, 4.5, 4.5, 0, 0, 0, 0, 0, 0, 0, 0, 0, 0, 0),
(1427, 0, 76, 1014, 3, 5, 0, 2, 0, 0, 0, 0, 0, 0, 0, 0, 0),
(1428, 0, 516, 1014, 7, 7, 0, 0, 0, 0, 0, 0, 0, 0, 0, 0, 0),
(1429, 0, 46, 1020, 9, 7, 1, NULL, 0, 0, 0, 0, 0, 0, 0, 0, 0),
(1430, 0, 110, 1020, 7, 7, 0, 0, 0, 0, 0, 0, 0, 0, 0, 0, 0),
(1431, 0, 412, 1020, 6, 6, 0, 0, 0, 0, 0, 0, 0, 0, 0, 0, 0),
(1432, 0, 419, 1020, 6, 6, 0, 0, 0, 0, 0, 0, 0, 0, 0, 0, 0),
(1433, 0, 479, 1020, 11, 7, 0, 0, 0, 0, 1, 0, 0, 0, 0, 0, 0),
(1434, 0, 480, 1020, 5, 5, 0, 0, 0, 0, 0, 0, 0, 0, 0, 0, 0),
(1435, 0, 101, 1020, 3, 3, 0, 0, 0, 0, 0, 0, 0, 0, 0, 0, 0),
(1436, 0, 135, 1020, 4.5, 4.5, 0, 0, 0, 0, 0, 0, 0, 0, 0, 0, 0),
(1437, 0, 273, 1020, 5, 5, 0, 0, 0, 0, 0, 0, 0, 0, 0, 0, 0),
(1438, 0, 276, 1020, 5, 5, 0, 0, 0, 0, 0, 0, 0, 0, 0, 0, 0),
(1439, 0, 317, 1020, 4, 4, 0, 0, 0, 0, 0, 0, 0, 0, 0, 0, 0),
(1440, 0, 350, 1020, 4, 4, 0, 0, 0, 0, 0, 0, 0, 0, 0, 0, 0),
(1441, 0, 381, 1020, 4, 4, 0, 0, 0, 0, 0, 0, 0, 0, 0, 0, 0),
(1442, 0, 455, 1020, 4, 4, 0, 0, 0, 0, 0, 0, 0, 0, 0, 0, 0),
(1443, 0, 576, 1020, 5, 5, 0, 0, 0, 0, 0, 0, 0, 0, 0, 0, 0),
(1444, 0, 624, 1020, 4, 4, 0, 0, 0, 0, 0, 0, 0, 0, 0, 0, 0),
(1445, 0, 136, 1019, 4.5, 4.5, 0, 0, 0, 0, 0, 0, 0, 0, 0, 0, 0),
(1446, 0, 541, 1019, 3.5, 5.5, 0, 2, 0, 0, 0, 0, 0, 0, 0, 0, 0),
(1447, 0, 551, 1019, 4, 4, 0, 0, 0, 0, 0, 0, 0, 0, 0, 0, 0),
(1448, 0, 630, 1019, 4.5, 4.5, 0, 0, 0, 0, 0, 0, 0, 0, 0, 0, 0),
(1449, 0, 162, 1019, 6, 6, 0, 0, 0, 0, 0, 0, 0, 0, 0, 0, 0),
(1450, 0, 165, 1019, 2, 4, 0, 0, 0, 0, 0, 0, 0, 0, 0, 0, 1),
(1451, 0, 477, 1019, 9.5, 6.5, 0, 0, 0, 0, 1, 0, 0, 0, 0, 0, 0),
(1452, 0, 505, 1019, 20, 8, 0, 0, 0, 1, 1, 0, 0, 0, 0, 0, 0),
(1453, 0, 535, 1019, 5.5, 5.5, 0, 0, 0, 0, 0, 0, 0, 0, 0, 0, 0),
(1454, 0, 617, 1019, 6, 7, 0, 0, 0, 0, 0, 0, 0, 0, 0, 1, 0),
(1455, 0, 391, 1021, 5, 6, 0, 1, 0, 0, 0, 0, 0, 0, 0, 0, 0),
(1456, 0, 423, 1021, 7, 5, 0, 0, 0, 0, 0, 1, 0, 0, 0, 0, 0),
(1457, 0, 602, 1021, 4, 4, 0, 0, 0, 0, 0, 0, 0, 0, 0, 0, 0),
(1458, 0, 181, 1021, 5.5, 5.5, 0, 0, 0, 0, 0, 0, 0, 0, 0, 0, 0),
(1459, 0, 188, 1021, 5, 5, 0, 0, 0, 0, 0, 0, 0, 0, 0, 0, 0),
(1460, 0, 353, 1021, 5.5, 5.5, 0, 0, 0, 0, 0, 0, 0, 0, 0, 0, 0),
(1461, 0, 380, 1021, 8.5, 6.5, 0, 0, 0, 0, 0, 1, 0, 0, 0, 0, 0),
(1462, 0, 106, 1013, 6, 7, 0, 0, 0, 0, 0, 0, 0, 0, 0, 1, 0),
(1463, 0, 122, 1013, 7, 7, 0, 0, 0, 0, 0, 0, 0, 0, 0, 0, 0),
(1464, 0, 231, 1013, 7, 7, 0, 0, 0, 0, 0, 0, 0, 0, 0, 0, 0),
(1465, 0, 254, 1013, 3.5, 4.5, 0, 0, 0, 0, 0, 0, 0, 0, 0, 1, 0),
(1466, 0, 293, 1013, 4, 4, 0, 0, 0, 0, 0, 0, 0, 0, 0, 0, 0),
(1467, 0, 427, 1013, 5, 5, 0, 0, 0, 0, 0, 0, 0, 0, 0, 0, 0),
(1468, 0, 483, 1013, 11, 7, 0, 0, 0, 0, 1, 0, 0, 0, 0, 0, 0),
(1469, 0, 510, 1013, 9.5, 6.5, 0, 0, 0, 0, 1, 0, 0, 0, 0, 0, 0),
(1470, 0, 69, 1013, 7.5, 7.5, 0, 0, 0, 0, 0, 0, 0, 0, 0, 0, 0),
(1471, 0, 222, 1013, 6, 6, 0, 0, 0, 0, 0, 0, 0, 0, 0, 0, 0),
(1472, 0, 358, 1013, 20, 8, 0, 0, 0, 1, 1, 0, 0, 0, 0, 0, 0),
(1473, 0, 397, 1013, 5.5, 5.5, 0, 0, 0, 0, 0, 0, 0, 0, 0, 0, 0),
(1474, 0, 431, 1013, 4.5, 4.5, 0, 0, 0, 0, 0, 0, 0, 0, 0, 0, 0),
(1475, 0, 446, 1013, 10, 7, 0, 0, 0, 0, 1, 0, 0, 0, 0, 1, 0),
(1476, 0, 565, 1013, 6, 6, 0, 0, 0, 0, 0, 0, 0, 0, 0, 0, 0),
(1477, 0, 75, 1012, 6.5, 6.5, 0, 0, 0, 0, 0, 0, 0, 0, 0, 0, 0),
(1478, 0, 265, 1012, 6, 6, 0, 0, 0, 0, 0, 0, 0, 0, 0, 0, 0),
(1479, 0, 305, 1012, 6, 6, 0, 0, 0, 0, 0, 0, 0, 0, 0, 0, 0),
(1480, 0, 356, 1012, 5, 5, 0, 0, 0, 0, 0, 0, 0, 0, 0, 0, 0),
(1481, 0, 433, 1012, 10, 7, 0, 0, 0, 0, 1, 0, 0, 0, 0, 0, 0),
(1482, 0, 460, 1012, 8, 6, 1, NULL, 0, 0, 0, 0, 0, 0, 0, 0, 0),
(1483, 0, 80, 1012, 4, 5, 0, 0, 0, 0, 0, 0, 0, 0, 0, 1, 0),
(1484, 0, 142, 1012, 5, 6, 0, 1, 0, 0, 0, 0, 0, 0, 0, 0, 0),
(1485, 0, 250, 1012, 4, 4, 0, 0, 0, 0, 0, 0, 0, 0, 0, 0, 0),
(1486, 0, 297, 1012, 5, 6, 0, 0, 0, 0, 0, 0, 0, 0, 0, 1, 0),
(1487, 0, 365, 1012, 5, 5, 0, 0, 0, 0, 0, 0, 0, 0, 0, 0, 0),
(1488, 0, 410, 1012, 3, 5, 0, 0, 0, 0, 0, 0, 0, 0, 0, 0, 1),
(1489, 0, 145, 1018, 22, 8.5, 0, 0, 0, 1, 2, 0, 0, 0, 0, 1, 0),
(1490, 0, 383, 1018, 5.5, 5.5, 0, 0, 0, 0, 0, 0, 0, 0, 0, 0, 0),
(1491, 0, 462, 1018, 5, 6, 0, 1, 0, 0, 0, 0, 0, 0, 0, 0, 0),
(1492, 0, 589, 1018, 5.5, 5.5, 0, 0, 0, 0, 0, 0, 0, 0, 0, 0, 0),
(1493, 0, 217, 1018, 7, 4, 0, 0, 0, 0, 1, 0, 0, 0, 0, 0, 0);

-- --------------------------------------------------------

--
-- Estructura de tabla para la tabla `playerposition`
--

CREATE TABLE IF NOT EXISTS `playerposition` (
  `id` bigint(20) NOT NULL auto_increment,
  `version` bigint(20) NOT NULL default '0',
  `name` varchar(255) NOT NULL,
  PRIMARY KEY  (`id`),
  UNIQUE KEY `UK_PlayerPosition_name` (`name`)
) ENGINE=InnoDB  DEFAULT CHARSET=latin1 AUTO_INCREMENT=5 ;

--
-- Volcar la base de datos para la tabla `playerposition`
--

INSERT INTO `playerposition` (`id`, `version`, `name`) VALUES
(1, 0, 'Arquero'),
(2, 0, 'Defensor'),
(3, 0, 'Volante'),
(4, 0, 'Delantero');

-- --------------------------------------------------------

--
-- Estructura de tabla para la tabla `playerteam`
--

CREATE TABLE IF NOT EXISTS `playerteam` (
  `id` bigint(20) NOT NULL auto_increment,
  `version` bigint(20) NOT NULL default '0',
  `player` bigint(20) NOT NULL,
  `team` bigint(20) NOT NULL,
  `isCaptain1` tinyint(1) default NULL,
  `isCaptain2` tinyint(1) default NULL,
  `isCaptain3` tinyint(1) default NULL,
  `isPrincipal` tinyint(1) default NULL,
  `isList` tinyint(1) default NULL,
  `isSubstitute` tinyint(1) default NULL,
  `number` int(11) default NULL,
  PRIMARY KEY  (`id`),
  UNIQUE KEY `UK_PlayerTeam_player_team` (`player`,`team`),
  KEY `FK_PlayerTeam_player` (`player`),
  KEY `FK_PlayerTeam_team` (`team`)
) ENGINE=InnoDB  DEFAULT CHARSET=latin1 AUTO_INCREMENT=598 ;

--
-- Volcar la base de datos para la tabla `playerteam`
--

INSERT INTO `playerteam` (`id`, `version`, `player`, `team`, `isCaptain1`, `isCaptain2`, `isCaptain3`, `isPrincipal`, `isList`, `isSubstitute`, `number`) VALUES
(2, 2, 403, 52, 0, 0, 0, 0, 0, 1, 2),
(3, 2, 346, 52, 0, 0, 0, 1, 0, 0, 1),
(8, 1, 162, 52, 0, 0, 0, 1, 0, 0, 3),
(9, 3, 135, 52, 0, 0, 0, 1, 0, 0, 4),
(11, 2, 617, 52, 1, 0, 0, 1, 0, 0, 6),
(12, 2, 353, 52, 0, 1, 0, 1, 0, 0, 7),
(13, 1, 598, 52, 0, 0, 0, 1, 0, 0, 8),
(14, 2, 310, 52, 0, 0, 1, 1, 0, 0, 9),
(15, 2, 490, 58, 1, 0, 0, 1, 0, 0, 1),
(16, 2, 593, 58, 0, 1, 0, 1, 0, 0, 2),
(17, 1, 273, 58, 0, 0, 0, 1, 0, 0, 3),
(18, 1, 46, 58, 0, 0, 0, 1, 0, 0, 4),
(19, 1, 80, 58, 0, 0, 0, 1, 0, 0, 5),
(20, 1, 350, 58, 0, 0, 0, 1, 0, 0, 6),
(21, 1, 501, 58, 0, 0, 0, 1, 0, 0, 7),
(22, 1, 135, 58, 0, 0, 0, 1, 0, 0, 8),
(24, 1, 617, 58, 0, 0, 0, 1, 0, 0, 9),
(25, 2, 273, 68, 1, 0, 0, 1, 0, 0, 1),
(26, 1, 135, 68, 0, 0, 0, 1, 0, 0, 2),
(27, 1, 46, 68, 0, 0, 0, 1, 0, 0, 3),
(28, 1, 6, 68, 0, 0, 0, 0, 0, 1, 4),
(29, 1, 87, 68, 0, 0, 0, 1, 0, 0, 5),
(30, 1, 101, 68, 0, 0, 0, 1, 0, 0, 6),
(31, 1, 305, 68, 0, 0, 0, 1, 0, 0, 7),
(32, 1, 35, 68, 0, 0, 0, 0, 0, 1, 8),
(33, 1, 143, 68, 0, 0, 0, 1, 0, 0, 9),
(34, 3, 148, 68, 0, 0, 0, 0, 0, 1, 16),
(35, 1, 506, 68, 0, 0, 0, 1, 0, 0, 11),
(36, 1, 598, 68, 0, 0, 0, 1, 0, 0, 12),
(37, 2, 397, 68, 0, 0, 0, 0, 0, 1, 14),
(38, 3, 610, 68, 0, 0, 1, 1, 0, 0, 13),
(40, 2, 479, 68, 0, 1, 0, 1, 0, 0, 10),
(41, 0, 107, 68, 0, 0, 0, 0, 1, 0, 17),
(42, 1, 138, 68, 0, 0, 0, 0, 0, 1, 18),
(43, 0, 172, 68, 0, 0, 0, 0, 1, 0, 19),
(44, 2, 63, 68, 0, 0, 0, 0, 1, 0, 23),
(46, 0, 529, 68, 0, 0, 0, 0, 1, 0, 22),
(47, 1, 551, 68, 0, 0, 0, 0, 0, 1, 20),
(48, 1, 427, 68, 0, 0, 0, 0, 0, 1, 21),
(49, 1, 46, 71, 0, 0, 0, 1, 0, 0, 1),
(50, 1, 105, 71, 0, 0, 0, 0, 0, 1, 2),
(52, 1, 80, 71, 0, 0, 0, 1, 0, 0, 4),
(53, 2, 455, 71, 0, 0, 1, 1, 0, 0, 5),
(54, 1, 602, 71, 0, 0, 0, 1, 0, 0, 6),
(55, 1, 135, 71, 0, 0, 0, 1, 0, 0, 7),
(56, 2, 143, 71, 1, 0, 0, 1, 0, 0, 8),
(57, 3, 506, 71, 0, 0, 0, 1, 0, 0, 9),
(58, 2, 242, 71, 0, 1, 0, 1, 0, 0, 10),
(59, 1, 276, 71, 0, 0, 0, 1, 0, 0, 11),
(60, 1, 310, 71, 0, 0, 0, 1, 0, 0, 12),
(61, 1, 444, 71, 0, 0, 0, 0, 0, 1, 13),
(62, 1, 184, 71, 0, 0, 0, 0, 0, 1, 14),
(63, 1, 356, 71, 0, 0, 0, 0, 0, 1, 15),
(65, 1, 158, 71, 0, 0, 0, 1, 0, 0, 17),
(66, 1, 231, 71, 0, 0, 0, 0, 0, 1, 18),
(70, 1, 47, 71, 0, 0, 0, 0, 0, 1, 21),
(72, 0, 23, 71, 0, 0, 0, 0, 1, 0, 22),
(73, 0, 175, 71, 0, 0, 0, 0, 1, 0, 23),
(74, 0, 249, 71, 0, 0, 0, 0, 1, 0, 24),
(75, 1, 181, 71, 0, 0, 0, 0, 0, 1, 25),
(76, 0, 51, 71, 0, 0, 0, 0, 1, 0, 26),
(77, 1, 371, 66, 0, 0, 0, 1, 0, 0, 1),
(78, 1, 431, 66, 0, 0, 0, 1, 0, 0, 2),
(79, 1, 305, 66, 0, 0, 0, 1, 0, 0, 3),
(81, 1, 297, 66, 0, 0, 0, 1, 0, 0, 5),
(82, 1, 158, 66, 0, 0, 0, 1, 0, 0, 6),
(83, 2, 598, 66, 1, 0, 0, 1, 0, 0, 7),
(84, 1, 222, 66, 0, 0, 0, 1, 0, 0, 8),
(85, 3, 516, 66, 0, 1, 0, 1, 0, 0, 9),
(86, 2, 164, 66, 0, 0, 1, 1, 0, 0, 10),
(87, 1, 433, 66, 0, 0, 0, 1, 0, 0, 11),
(88, 1, 460, 66, 0, 0, 0, 0, 0, 1, 12),
(89, 2, 587, 66, 0, 0, 0, 1, 0, 0, 13),
(90, 1, 630, 66, 0, 0, 0, 0, 0, 1, 14),
(91, 1, 135, 66, 0, 0, 0, 0, 0, 1, 15),
(93, 1, 365, 66, 0, 0, 0, 0, 0, 1, 17),
(94, 1, 438, 66, 0, 0, 0, 0, 0, 1, 18),
(96, 1, 559, 66, 0, 0, 0, 0, 0, 1, 20),
(97, 1, 296, 66, 0, 0, 0, 0, 0, 1, 21),
(98, 0, 145, 66, 0, 0, 0, 0, 1, 0, 22),
(99, 0, 541, 66, 0, 0, 0, 0, 1, 0, 23),
(100, 0, 188, 66, 0, 0, 0, 0, 1, 0, 24),
(101, 0, 148, 66, 0, 0, 0, 0, 1, 0, 25),
(102, 2, 46, 56, 0, 0, 0, 0, 0, 1, 15),
(103, 2, 273, 56, 1, 0, 0, 1, 0, 0, 2),
(104, 1, 254, 56, 0, 0, 0, 1, 0, 0, 3),
(105, 1, 87, 56, 0, 0, 0, 1, 0, 0, 4),
(106, 1, 535, 56, 0, 0, 0, 1, 0, 0, 5),
(107, 2, 490, 56, 0, 1, 0, 1, 0, 0, 6),
(108, 3, 565, 56, 0, 0, 0, 1, 0, 0, 7),
(109, 1, 135, 56, 0, 0, 0, 1, 0, 0, 8),
(110, 2, 617, 56, 0, 0, 1, 1, 0, 0, 9),
(111, 1, 242, 56, 0, 0, 0, 1, 0, 0, 10),
(112, 1, 624, 56, 0, 0, 0, 1, 0, 0, 11),
(113, 2, 184, 56, 0, 0, 0, 0, 0, 1, 16),
(117, 2, 76, 56, 0, 0, 0, 1, 0, 0, 1),
(118, 2, 220, 56, 0, 0, 0, 0, 0, 1, 12),
(119, 1, 598, 56, 0, 0, 0, 0, 0, 1, 17),
(121, 2, 556, 52, 0, 0, 0, 0, 0, 1, 13),
(123, 1, 297, 56, 0, 0, 0, 0, 0, 1, 19),
(126, 4, 397, 52, 0, 0, 0, 0, 0, 1, 17),
(127, 0, 459, 56, 0, 0, 0, 0, 1, 0, 22),
(128, 0, 80, 56, 0, 0, 0, 0, 1, 0, 23),
(129, 0, 346, 56, 0, 0, 0, 0, 1, 0, 24),
(130, 1, 360, 56, 0, 0, 0, 0, 0, 1, 25),
(131, 1, 43, 56, 0, 0, 0, 0, 0, 1, 26),
(132, 0, 276, 56, 0, 0, 0, 0, 1, 0, 27),
(133, 3, 46, 57, 0, 0, 0, 0, 1, 0, 14),
(134, 2, 273, 57, 1, 0, 0, 1, 0, 0, 2),
(135, 2, 135, 57, 0, 0, 1, 1, 0, 0, 3),
(136, 5, 346, 57, 0, 0, 0, 1, 0, 0, 1),
(137, 1, 483, 57, 0, 0, 0, 1, 0, 0, 5),
(138, 3, 136, 57, 0, 0, 0, 0, 0, 1, 19),
(139, 1, 617, 57, 0, 0, 0, 1, 0, 0, 7),
(140, 2, 355, 57, 0, 1, 0, 1, 0, 0, 8),
(141, 2, 629, 57, 0, 0, 0, 1, 0, 0, 6),
(142, 1, 455, 57, 0, 0, 0, 1, 0, 0, 10),
(143, 1, 293, 57, 0, 0, 0, 1, 0, 0, 11),
(144, 2, 617, 63, 0, 0, 1, 1, 0, 0, 1),
(145, 2, 505, 63, 0, 0, 0, 0, 0, 1, 9),
(146, 1, 459, 63, 0, 0, 0, 1, 0, 0, 3),
(147, 1, 393, 63, 0, 0, 0, 1, 0, 0, 4),
(148, 1, 381, 63, 0, 0, 0, 1, 0, 0, 5),
(149, 2, 273, 63, 1, 0, 0, 1, 0, 0, 6),
(150, 1, 254, 63, 0, 0, 0, 1, 0, 0, 7),
(151, 2, 250, 63, 0, 1, 0, 1, 0, 0, 8),
(152, 2, 279, 63, 0, 0, 0, 0, 0, 1, 18),
(153, 1, 360, 63, 0, 0, 0, 0, 0, 1, 10),
(154, 1, 145, 63, 0, 0, 0, 0, 0, 1, 11),
(155, 1, 313, 63, 0, 0, 0, 1, 0, 0, 12),
(156, 1, 188, 63, 0, 0, 0, 1, 0, 0, 13),
(157, 1, 46, 63, 0, 0, 0, 1, 0, 0, 14),
(158, 1, 404, 63, 0, 0, 0, 0, 0, 1, 15),
(159, 1, 87, 63, 0, 0, 0, 0, 0, 1, 16),
(160, 1, 53, 63, 0, 0, 0, 0, 0, 1, 17),
(161, 3, 135, 63, 0, 0, 0, 1, 0, 0, 2),
(162, 0, 219, 63, 0, 0, 0, 0, 1, 0, 19),
(163, 0, 101, 63, 0, 0, 0, 0, 1, 0, 20),
(164, 0, 378, 63, 0, 0, 0, 0, 1, 0, 21),
(165, 0, 339, 63, 0, 0, 0, 0, 1, 0, 22),
(166, 2, 397, 57, 0, 0, 0, 0, 0, 1, 21),
(168, 1, 541, 57, 0, 0, 0, 0, 0, 1, 4),
(169, 1, 501, 57, 0, 0, 0, 1, 0, 0, 15),
(171, 1, 465, 57, 0, 0, 0, 0, 0, 1, 16),
(172, 1, 356, 57, 0, 0, 0, 0, 0, 1, 17),
(173, 0, 553, 57, 0, 0, 0, 0, 1, 0, 18),
(174, 4, 164, 52, 0, 0, 0, 1, 0, 0, 12),
(175, 1, 431, 52, 0, 0, 0, 1, 0, 0, 14),
(176, 5, 192, 52, 0, 0, 0, 0, 0, 1, 15),
(177, 3, 287, 52, 0, 0, 0, 0, 0, 1, 20),
(179, 2, 510, 52, 0, 0, 0, 1, 0, 0, 11),
(180, 2, 143, 57, 0, 0, 0, 0, 0, 1, 9),
(181, 0, 158, 57, 0, 0, 0, 0, 1, 0, 20),
(182, 2, 242, 57, 0, 0, 0, 1, 0, 0, 12),
(183, 1, 365, 57, 0, 0, 0, 0, 0, 1, 22),
(184, 0, 164, 57, 0, 0, 0, 0, 1, 0, 23),
(185, 1, 371, 59, 0, 0, 0, 1, 0, 0, 1),
(186, 7, 80, 59, 0, 0, 0, 0, 1, 0, 28),
(187, 1, 87, 59, 0, 0, 0, 1, 0, 0, 3),
(188, 4, 501, 59, 0, 0, 0, 1, 0, 0, 15),
(190, 3, 617, 59, 0, 1, 0, 1, 0, 0, 6),
(191, 2, 629, 59, 0, 0, 1, 1, 0, 0, 7),
(193, 1, 164, 59, 0, 0, 0, 1, 0, 0, 9),
(195, 3, 444, 59, 1, 0, 0, 1, 0, 0, 11),
(196, 2, 360, 59, 0, 0, 0, 0, 0, 1, 20),
(197, 1, 142, 59, 0, 0, 0, 0, 0, 1, 13),
(198, 5, 305, 59, 0, 0, 0, 0, 0, 1, 22),
(199, 5, 24, 59, 0, 0, 0, 0, 0, 1, 25),
(201, 2, 385, 59, 0, 0, 0, 0, 0, 1, 16),
(203, 5, 393, 59, 0, 0, 0, 1, 0, 0, 8),
(205, 2, 227, 59, 0, 0, 0, 1, 0, 0, 12),
(206, 0, 46, 59, 0, 0, 0, 0, 1, 0, 21),
(208, 4, 222, 59, 0, 0, 0, 0, 1, 0, 27),
(209, 0, 423, 59, 0, 0, 0, 0, 1, 0, 24),
(211, 2, 346, 69, 0, 0, 0, 1, 0, 0, 2),
(212, 2, 46, 69, 0, 0, 0, 0, 1, 0, 23),
(213, 1, 419, 69, 0, 0, 0, 1, 0, 0, 4),
(214, 1, 293, 69, 0, 0, 0, 1, 0, 0, 5),
(215, 2, 87, 69, 0, 0, 0, 0, 1, 0, 9),
(216, 1, 188, 69, 0, 0, 0, 0, 0, 1, 7),
(217, 1, 287, 69, 0, 0, 0, 0, 0, 1, 8),
(219, 1, 256, 69, 0, 0, 0, 1, 0, 0, 6),
(220, 2, 381, 69, 0, 0, 1, 1, 0, 0, 10),
(221, 2, 273, 69, 1, 0, 0, 1, 0, 0, 11),
(222, 2, 78, 69, 0, 1, 0, 1, 0, 0, 12),
(223, 1, 598, 69, 0, 0, 0, 1, 0, 0, 13),
(224, 1, 507, 69, 0, 0, 0, 1, 0, 0, 14),
(225, 6, 148, 69, 0, 0, 0, 0, 1, 0, 22),
(226, 1, 164, 69, 0, 0, 0, 1, 0, 0, 16),
(229, 1, 46, 67, 0, 0, 0, 1, 0, 0, 1),
(230, 1, 479, 67, 0, 0, 0, 1, 0, 0, 2),
(231, 1, 101, 67, 0, 0, 0, 1, 0, 0, 3),
(232, 1, 87, 67, 0, 0, 0, 1, 0, 0, 4),
(235, 2, 227, 69, 0, 0, 0, 0, 0, 1, 17),
(236, 1, 455, 67, 0, 0, 0, 1, 0, 0, 6),
(237, 1, 617, 69, 0, 0, 0, 1, 0, 0, 15),
(238, 3, 165, 69, 0, 0, 0, 0, 0, 1, 21),
(239, 1, 135, 69, 0, 0, 0, 0, 0, 1, 20),
(241, 2, 69, 67, 0, 1, 0, 1, 0, 0, 7),
(244, 2, 629, 67, 1, 0, 0, 1, 0, 0, 9),
(246, 2, 610, 67, 0, 0, 1, 1, 0, 0, 10),
(247, 1, 402, 67, 0, 0, 0, 1, 0, 0, 11),
(248, 2, 1, 67, 0, 0, 0, 0, 0, 1, 20),
(249, 1, 541, 69, 0, 0, 0, 0, 0, 1, 3),
(250, 1, 371, 67, 0, 0, 0, 0, 0, 1, 13),
(251, 1, 513, 67, 0, 0, 0, 0, 0, 1, 14),
(252, 1, 494, 69, 0, 0, 0, 0, 0, 1, 19),
(254, 0, 510, 69, 0, 0, 0, 0, 1, 0, 24),
(255, 1, 265, 67, 0, 0, 0, 0, 0, 1, 16),
(263, 1, 310, 67, 0, 0, 0, 0, 0, 1, 22),
(264, 2, 75, 67, 0, 0, 0, 1, 0, 0, 12),
(265, 1, 50, 67, 0, 0, 0, 0, 0, 1, 26),
(266, 0, 154, 67, 0, 0, 0, 0, 1, 0, 27),
(268, 1, 589, 67, 0, 0, 0, 1, 0, 0, 8),
(269, 1, 259, 67, 0, 0, 0, 0, 0, 1, 28),
(270, 0, 344, 67, 0, 0, 0, 0, 1, 0, 29),
(271, 0, 14, 67, 0, 0, 0, 0, 1, 0, 30),
(272, 0, 462, 67, 0, 0, 0, 0, 1, 0, 31),
(274, 2, 391, 70, 1, 0, 0, 1, 0, 0, 1),
(275, 1, 346, 70, 0, 0, 0, 0, 0, 1, 2),
(276, 0, 403, 70, 0, 0, 0, 0, 1, 0, 3),
(277, 1, 419, 70, 0, 0, 0, 1, 0, 0, 4),
(278, 1, 80, 70, 0, 0, 0, 1, 0, 0, 5),
(279, 1, 317, 70, 0, 0, 0, 1, 0, 0, 6),
(280, 1, 184, 70, 0, 0, 0, 0, 0, 1, 7),
(281, 1, 35, 70, 0, 0, 0, 0, 0, 1, 8),
(282, 0, 138, 70, 0, 0, 0, 0, 1, 0, 9),
(283, 1, 93, 70, 0, 0, 0, 1, 0, 0, 10),
(284, 2, 135, 70, 0, 1, 0, 1, 0, 0, 11),
(285, 2, 576, 70, 0, 0, 1, 1, 0, 0, 12),
(286, 1, 380, 70, 0, 0, 0, 1, 0, 0, 13),
(287, 1, 257, 70, 0, 0, 0, 0, 0, 1, 14),
(288, 1, 566, 70, 0, 0, 0, 0, 0, 1, 15),
(289, 0, 153, 70, 0, 0, 0, 0, 1, 0, 16),
(290, 1, 242, 70, 0, 0, 0, 1, 0, 0, 17),
(291, 1, 164, 70, 0, 0, 0, 1, 0, 0, 18),
(292, 1, 433, 70, 0, 0, 0, 1, 0, 0, 19),
(293, 1, 263, 70, 0, 0, 0, 0, 0, 1, 20),
(294, 1, 47, 70, 0, 0, 0, 0, 0, 1, 21),
(295, 0, 530, 70, 0, 0, 0, 0, 1, 0, 22),
(296, 1, 462, 65, 0, 0, 0, 1, 0, 0, 1),
(297, 1, 87, 65, 0, 0, 0, 1, 0, 0, 2),
(298, 3, 501, 65, 0, 0, 1, 1, 0, 0, 3),
(299, 1, 602, 65, 0, 0, 0, 1, 0, 0, 4),
(300, 1, 383, 65, 0, 0, 0, 1, 0, 0, 5),
(301, 2, 117, 65, 0, 0, 0, 0, 0, 1, 17),
(302, 1, 192, 65, 0, 0, 0, 1, 0, 0, 7),
(303, 2, 135, 65, 0, 1, 0, 1, 0, 0, 8),
(304, 2, 459, 65, 0, 0, 0, 0, 0, 1, 20),
(305, 1, 242, 65, 0, 0, 0, 1, 0, 0, 10),
(307, 1, 105, 65, 0, 0, 0, 0, 0, 1, 12),
(308, 0, 316, 65, 0, 0, 0, 0, 1, 0, 13),
(310, 1, 287, 65, 0, 0, 0, 0, 0, 1, 15),
(312, 2, 260, 65, 0, 0, 0, 1, 0, 0, 6),
(313, 1, 587, 65, 0, 0, 0, 0, 0, 1, 18),
(316, 2, 576, 65, 0, 0, 0, 1, 0, 0, 9),
(317, 0, 280, 65, 0, 0, 0, 0, 1, 0, 21),
(318, 0, 356, 65, 0, 0, 0, 0, 1, 0, 22),
(320, 3, 164, 65, 1, 0, 0, 1, 0, 0, 24),
(322, 1, 379, 65, 0, 0, 0, 0, 0, 1, 26),
(324, 1, 480, 65, 0, 0, 0, 0, 0, 1, 27),
(325, 0, 43, 65, 0, 0, 0, 0, 1, 0, 28),
(326, 2, 490, 61, 1, 0, 0, 1, 0, 0, 1),
(327, 2, 164, 61, 0, 0, 1, 1, 0, 0, 2),
(362, 2, 397, 64, 0, 0, 0, 0, 0, 1, 5),
(363, 3, 391, 64, 0, 0, 0, 0, 0, 1, 6),
(364, 3, 360, 64, 0, 0, 1, 1, 0, 0, 3),
(366, 3, 242, 64, 0, 1, 0, 1, 0, 0, 1),
(367, 2, 116, 64, 0, 0, 0, 0, 1, 0, 9),
(368, 1, 346, 60, 0, 0, 0, 1, 0, 0, 1),
(374, 1, 574, 60, 0, 0, 0, 0, 0, 1, 7),
(375, 1, 87, 60, 0, 0, 0, 1, 0, 0, 8),
(377, 1, 188, 60, 0, 0, 0, 1, 0, 0, 10),
(381, 1, 350, 60, 0, 0, 0, 1, 0, 0, 9),
(382, 1, 412, 60, 0, 0, 0, 0, 0, 1, 11),
(384, 1, 455, 60, 0, 0, 0, 0, 1, 0, 13),
(389, 2, 110, 60, 0, 0, 0, 1, 0, 0, 18),
(391, 2, 135, 60, 0, 0, 0, 1, 0, 0, 16),
(393, 5, 237, 60, 0, 0, 0, 0, 0, 1, 27),
(400, 3, 506, 60, 0, 0, 1, 1, 0, 0, 20),
(404, 6, 617, 60, 0, 0, 0, 1, 0, 0, 17),
(408, 5, 276, 60, 0, 0, 0, 0, 1, 0, 36),
(409, 4, 310, 60, 0, 1, 0, 1, 0, 0, 32),
(414, 2, 438, 60, 0, 0, 0, 1, 0, 0, 33),
(415, 3, 444, 60, 1, 0, 0, 0, 0, 1, 35),
(418, 2, 164, 58, 0, 0, 1, 1, 0, 0, 10),
(419, 1, 423, 58, 0, 0, 0, 1, 0, 0, 11),
(421, 1, 397, 58, 0, 0, 0, 0, 0, 1, 13),
(422, 1, 136, 58, 0, 0, 0, 0, 0, 1, 14),
(424, 1, 297, 58, 0, 0, 0, 0, 0, 1, 16),
(426, 1, 378, 58, 0, 0, 0, 0, 0, 1, 17),
(429, 0, 46, 60, 0, 0, 0, 0, 1, 0, 38),
(430, 1, 601, 58, 0, 0, 0, 0, 0, 1, 20),
(432, 1, 35, 60, 0, 0, 0, 0, 0, 1, 12),
(434, 0, 158, 58, 0, 0, 0, 0, 1, 0, 22),
(435, 1, 300, 60, 0, 0, 0, 0, 0, 1, 22),
(436, 1, 217, 58, 0, 0, 0, 0, 0, 1, 23),
(438, 0, 276, 58, 0, 0, 0, 0, 1, 0, 24),
(439, 0, 346, 58, 0, 0, 0, 0, 1, 0, 25),
(441, 2, 297, 60, 0, 0, 0, 1, 0, 0, 21),
(444, 1, 184, 58, 0, 0, 0, 0, 0, 1, 26),
(445, 0, 455, 58, 0, 0, 0, 0, 1, 0, 27),
(446, 1, 397, 60, 0, 0, 0, 0, 0, 1, 34),
(448, 0, 459, 60, 0, 0, 0, 0, 1, 0, 39),
(449, 3, 61, 64, 0, 0, 0, 0, 0, 1, 20),
(450, 2, 617, 64, 1, 0, 0, 1, 0, 0, 8),
(451, 1, 371, 64, 0, 0, 0, 1, 0, 0, 2),
(452, 1, 501, 64, 0, 0, 0, 1, 0, 0, 10),
(453, 3, 287, 64, 0, 0, 0, 0, 0, 1, 16),
(454, 1, 358, 64, 0, 0, 0, 1, 0, 0, 12),
(455, 1, 551, 64, 0, 0, 0, 1, 0, 0, 13),
(456, 2, 419, 64, 0, 0, 0, 1, 0, 0, 14),
(457, 3, 110, 64, 0, 0, 0, 1, 0, 0, 7),
(458, 4, 256, 59, 0, 0, 0, 1, 0, 0, 2),
(459, 2, 184, 64, 0, 0, 0, 0, 1, 0, 19),
(460, 1, 136, 59, 0, 0, 0, 0, 0, 1, 23),
(461, 2, 317, 64, 0, 0, 0, 1, 0, 0, 11),
(462, 1, 87, 64, 0, 0, 0, 1, 0, 0, 4),
(463, 2, 293, 64, 0, 0, 0, 0, 0, 1, 17),
(464, 3, 231, 64, 0, 0, 0, 0, 1, 0, 21),
(465, 1, 83, 64, 0, 0, 0, 0, 0, 1, 15),
(466, 1, 164, 64, 0, 0, 0, 0, 0, 1, 22),
(467, 3, 598, 59, 0, 0, 0, 0, 0, 1, 26),
(468, 0, 444, 64, 0, 0, 0, 0, 1, 0, 23),
(469, 2, 254, 59, 0, 0, 0, 1, 0, 0, 14),
(471, 0, 616, 52, 0, 0, 0, 0, 1, 0, 18),
(472, 5, 455, 52, 0, 0, 0, 0, 0, 1, 19),
(473, 2, 317, 52, 0, 0, 0, 0, 1, 0, 26),
(475, 1, 492, 52, 0, 0, 0, 0, 0, 1, 22),
(478, 0, 432, 52, 0, 0, 0, 0, 1, 0, 24),
(480, 2, 293, 52, 0, 0, 0, 1, 0, 0, 16),
(481, 0, 427, 52, 0, 0, 0, 0, 1, 0, 27),
(482, 1, 346, 53, 0, 0, 0, 1, 0, 0, 1),
(483, 1, 460, 53, 0, 0, 0, 0, 0, 1, 2),
(484, 0, 404, 53, 0, 0, 0, 0, 1, 0, 3),
(485, 1, 465, 53, 0, 0, 0, 1, 0, 0, 4),
(486, 1, 602, 53, 0, 0, 0, 1, 0, 0, 5),
(487, 1, 305, 53, 0, 0, 0, 1, 0, 0, 6),
(488, 1, 293, 53, 0, 0, 0, 0, 0, 1, 7),
(489, 1, 630, 53, 0, 0, 0, 0, 0, 1, 8),
(490, 0, 442, 53, 0, 0, 0, 0, 1, 0, 9),
(491, 1, 410, 53, 0, 0, 0, 1, 0, 0, 10),
(492, 2, 490, 53, 0, 1, 0, 1, 0, 0, 11),
(493, 2, 617, 53, 0, 0, 1, 1, 0, 0, 12),
(494, 1, 135, 53, 0, 0, 0, 1, 0, 0, 13),
(495, 1, 136, 53, 0, 0, 0, 0, 0, 1, 14),
(496, 1, 598, 53, 0, 0, 0, 0, 0, 1, 15),
(497, 0, 280, 53, 0, 0, 0, 0, 1, 0, 16),
(498, 2, 273, 53, 1, 0, 0, 1, 0, 0, 17),
(499, 2, 444, 53, 0, 0, 0, 0, 0, 1, 20),
(500, 1, 510, 53, 0, 0, 0, 1, 0, 0, 19),
(501, 2, 242, 53, 0, 0, 0, 1, 0, 0, 18),
(502, 1, 397, 53, 0, 0, 0, 0, 0, 1, 21),
(503, 0, 360, 53, 0, 0, 0, 0, 1, 0, 22),
(504, 1, 371, 62, 0, 0, 0, 1, 0, 0, 1),
(505, 1, 105, 62, 0, 0, 0, 0, 0, 1, 2),
(506, 0, 616, 62, 0, 0, 0, 0, 1, 0, 3),
(507, 1, 87, 62, 0, 0, 0, 1, 0, 0, 4),
(508, 1, 602, 62, 0, 0, 0, 1, 0, 0, 5),
(509, 1, 501, 62, 0, 0, 0, 1, 0, 0, 6),
(510, 1, 287, 62, 0, 0, 0, 0, 0, 1, 7),
(511, 1, 305, 62, 0, 0, 0, 0, 0, 1, 8),
(512, 0, 455, 62, 0, 0, 0, 0, 1, 0, 9),
(513, 1, 617, 62, 0, 0, 0, 1, 0, 0, 10),
(514, 2, 135, 62, 1, 0, 0, 1, 0, 0, 11),
(515, 1, 506, 62, 0, 0, 0, 1, 0, 0, 12),
(516, 1, 117, 62, 0, 0, 0, 1, 0, 0, 13),
(517, 1, 598, 62, 0, 0, 0, 0, 0, 1, 14),
(518, 1, 393, 62, 0, 0, 0, 0, 0, 1, 15),
(519, 0, 353, 62, 0, 0, 0, 0, 1, 0, 16),
(520, 2, 164, 62, 0, 0, 1, 1, 0, 0, 17),
(521, 2, 444, 62, 0, 1, 0, 1, 0, 0, 18),
(522, 1, 310, 62, 0, 0, 0, 1, 0, 0, 19),
(523, 1, 360, 62, 0, 0, 0, 0, 0, 1, 20),
(524, 1, 43, 62, 0, 0, 0, 0, 0, 1, 21),
(525, 0, 276, 62, 0, 0, 0, 0, 1, 0, 22),
(526, 1, 46, 55, 0, 0, 0, 1, 0, 0, 1),
(527, 1, 350, 55, 0, 0, 0, 1, 0, 0, 2),
(528, 1, 80, 55, 0, 0, 0, 1, 0, 0, 3),
(529, 1, 465, 55, 0, 0, 0, 1, 0, 0, 4),
(530, 1, 135, 55, 0, 0, 0, 1, 0, 0, 5),
(532, 2, 353, 55, 0, 1, 0, 1, 0, 0, 7),
(533, 1, 617, 55, 0, 0, 0, 1, 0, 0, 8),
(534, 1, 483, 55, 0, 0, 0, 1, 0, 0, 9),
(535, 1, 459, 55, 0, 0, 0, 0, 0, 1, 10),
(536, 2, 273, 55, 1, 0, 0, 1, 0, 0, 11),
(538, 2, 397, 55, 0, 0, 0, 0, 0, 1, 17),
(539, 1, 122, 55, 0, 0, 0, 0, 0, 1, 14),
(540, 1, 105, 55, 0, 0, 0, 0, 0, 1, 15),
(541, 1, 184, 55, 0, 0, 0, 0, 0, 1, 16),
(542, 3, 402, 55, 0, 0, 1, 1, 0, 0, 13),
(543, 1, 143, 55, 0, 0, 0, 0, 0, 1, 18),
(544, 1, 186, 55, 0, 0, 0, 0, 0, 1, 19),
(547, 0, 507, 55, 0, 0, 0, 0, 1, 0, 21),
(548, 0, 438, 55, 0, 0, 0, 0, 1, 0, 22),
(549, 0, 462, 55, 0, 0, 0, 0, 1, 0, 23),
(550, 0, 87, 55, 0, 0, 0, 0, 1, 0, 24),
(551, 1, 629, 55, 0, 0, 0, 1, 0, 0, 6),
(552, 3, 350, 61, 0, 0, 0, 0, 1, 0, 20),
(553, 3, 276, 61, 0, 0, 0, 1, 0, 0, 5),
(554, 2, 477, 61, 0, 0, 0, 0, 0, 1, 14),
(555, 3, 105, 61, 0, 0, 0, 0, 0, 1, 7),
(556, 1, 346, 61, 0, 0, 0, 1, 0, 0, 6),
(557, 2, 365, 61, 0, 0, 0, 0, 1, 0, 15),
(558, 1, 136, 61, 0, 0, 0, 1, 0, 0, 9),
(559, 1, 346, 54, 0, 0, 0, 1, 0, 0, 1),
(560, 1, 455, 54, 0, 0, 0, 1, 0, 0, 2),
(561, 1, 87, 54, 0, 0, 0, 1, 0, 0, 3),
(562, 1, 465, 54, 0, 0, 0, 1, 0, 0, 4),
(564, 2, 406, 54, 0, 0, 0, 0, 1, 0, 22),
(565, 1, 135, 54, 0, 0, 0, 1, 0, 0, 7),
(566, 1, 380, 54, 0, 0, 0, 1, 0, 0, 8),
(567, 1, 158, 54, 0, 0, 0, 1, 0, 0, 9),
(568, 1, 505, 54, 0, 0, 0, 1, 0, 0, 10),
(569, 3, 510, 54, 0, 1, 0, 0, 0, 1, 17),
(570, 2, 242, 54, 0, 0, 1, 1, 0, 0, 12),
(571, 1, 105, 54, 0, 0, 0, 0, 0, 1, 13),
(574, 1, 181, 54, 0, 0, 0, 0, 0, 1, 14),
(575, 1, 446, 54, 0, 0, 0, 0, 0, 1, 15),
(576, 1, 164, 54, 0, 0, 0, 0, 0, 1, 16),
(577, 2, 477, 54, 0, 0, 0, 1, 0, 0, 11),
(578, 0, 46, 54, 0, 0, 0, 0, 1, 0, 18),
(580, 1, 34, 54, 0, 0, 0, 0, 0, 1, 19),
(581, 1, 569, 54, 0, 0, 0, 0, 0, 1, 20),
(582, 0, 188, 54, 0, 0, 0, 0, 1, 0, 21),
(583, 2, 617, 54, 1, 0, 0, 1, 0, 0, 6),
(584, 0, 276, 54, 0, 0, 0, 0, 1, 0, 23),
(585, 2, 381, 61, 0, 1, 0, 1, 0, 0, 10),
(586, 3, 412, 61, 0, 0, 0, 0, 0, 1, 13),
(587, 1, 293, 61, 0, 0, 0, 1, 0, 0, 12),
(588, 2, 188, 61, 0, 0, 0, 1, 0, 0, 3),
(589, 2, 78, 61, 0, 0, 0, 1, 0, 0, 4),
(590, 1, 385, 61, 0, 0, 0, 0, 0, 1, 8),
(591, 2, 87, 61, 0, 0, 0, 1, 0, 0, 11),
(592, 1, 135, 61, 0, 0, 0, 1, 0, 0, 17),
(593, 2, 551, 61, 0, 0, 0, 0, 0, 1, 19),
(594, 2, 106, 61, 0, 0, 0, 0, 0, 1, 18),
(595, 2, 184, 61, 0, 0, 0, 0, 0, 1, 16),
(596, 0, 432, 61, 0, 0, 0, 0, 1, 0, 21),
(597, 0, 460, 61, 0, 0, 0, 0, 1, 0, 22);

-- --------------------------------------------------------

--
-- Estructura de tabla para la tabla `playerteamweek`
--

CREATE TABLE IF NOT EXISTS `playerteamweek` (
  `id` bigint(20) NOT NULL auto_increment,
  `version` bigint(20) NOT NULL default '0',
  `playerteam` bigint(20) NOT NULL,
  `week` bigint(20) NOT NULL,
  `plays` tinyint(1) default NULL,
  `points` double default NULL,
  PRIMARY KEY  (`id`),
  UNIQUE KEY `UK_PlayerTeamWeek_playerteam_week` (`playerteam`,`week`),
  KEY `FK_PlayerTeamWeek_playerteam` (`playerteam`),
  KEY `FK_PlayerTeamWeek_week` (`week`)
) ENGINE=InnoDB  DEFAULT CHARSET=latin1 AUTO_INCREMENT=38106 ;

--
-- Volcar la base de datos para la tabla `playerteamweek`
--

INSERT INTO `playerteamweek` (`id`, `version`, `playerteam`, `week`, `plays`, `points`) VALUES
(1621, 0, 2, 139, 1, 8.5),
(1622, 0, 3, 139, 0, 6),
(1623, 0, 8, 139, 0, NULL),
(1624, 0, 9, 139, 1, 4.5),
(1625, 0, 11, 139, 1, 13),
(1626, 0, 12, 139, 1, 6),
(1627, 0, 13, 139, 1, 5),
(1628, 0, 14, 139, 1, 4.5),
(1629, 0, 121, 139, 0, 5),
(1630, 0, 126, 139, 0, 4.5),
(1631, 0, 174, 139, 1, 6),
(1632, 0, 175, 139, 1, 13),
(1633, 0, 176, 139, 0, 5),
(1634, 0, 177, 139, 0, 3),
(1635, 0, 179, 139, 1, 9),
(1636, 0, 471, 139, 0, NULL),
(1637, 0, 472, 139, 1, 4),
(1638, 0, 473, 139, 0, 4.5),
(1639, 0, 475, 139, 0, 4.5),
(1640, 0, 478, 139, 0, NULL),
(1641, 0, 480, 139, 1, 6),
(1642, 0, 481, 139, 0, 5),
(1643, 0, 482, 139, 1, 6),
(1644, 0, 483, 139, 0, 16),
(1645, 0, 484, 139, 0, 7),
(1646, 0, 485, 139, 1, 6),
(1647, 0, 486, 139, 1, 4),
(1648, 0, 487, 139, 1, 5),
(1649, 0, 488, 139, 0, 6),
(1650, 0, 489, 139, 0, NULL),
(1651, 0, 490, 139, 0, NULL),
(1652, 0, 491, 139, 1, 3),
(1653, 0, 492, 139, 0, NULL),
(1654, 0, 493, 139, 1, 13),
(1655, 0, 494, 139, 1, 4.5),
(1656, 0, 495, 139, 1, 6.5),
(1657, 0, 496, 139, 0, 5),
(1658, 0, 497, 139, 0, NULL),
(1659, 0, 498, 139, 0, NULL),
(1660, 0, 499, 139, 1, 3),
(1661, 0, 500, 139, 1, 9),
(1662, 0, 501, 139, 1, 5),
(1663, 0, 502, 139, 0, 4.5),
(1664, 0, 503, 139, 0, 4.5),
(1665, 0, 526, 139, 1, 4),
(1666, 0, 527, 139, 1, 3),
(1667, 0, 528, 139, 1, 6),
(1668, 0, 529, 139, 1, 6),
(1669, 0, 530, 139, 1, 4.5),
(1670, 0, 532, 139, 1, 12),
(1671, 0, 533, 139, 1, 6.5),
(1672, 0, 534, 139, 1, 10.5),
(1673, 0, 535, 139, 0, 5),
(1674, 0, 536, 139, 0, NULL),
(1675, 0, 538, 139, 0, 4.5),
(1676, 0, 539, 139, 1, 6),
(1677, 0, 540, 139, 0, 8),
(1678, 0, 541, 139, 0, 5.5),
(1679, 0, 542, 139, 1, 9),
(1680, 0, 543, 139, 0, 4),
(1681, 0, 544, 139, 0, NULL),
(1682, 0, 547, 139, 0, 4.5),
(1683, 0, 548, 139, 0, 5),
(1684, 0, 549, 139, 0, NULL),
(1685, 0, 550, 139, 0, 5.5),
(1686, 0, 551, 139, 1, 4.5),
(1687, 0, 102, 139, 1, 4),
(1688, 0, 103, 139, 0, NULL),
(1689, 0, 104, 139, 0, NULL),
(1690, 0, 105, 139, 1, 5.5),
(1691, 0, 106, 139, 1, 5.5),
(1692, 0, 107, 139, 0, NULL),
(1693, 0, 108, 139, 1, 4.5),
(1694, 0, 109, 139, 1, 4.5),
(1695, 0, 110, 139, 1, 13),
(1696, 0, 111, 139, 1, 5),
(1697, 0, 112, 139, 1, 2.5),
(1698, 0, 113, 139, 1, 5.5),
(1699, 0, 117, 139, 0, 4),
(1700, 0, 118, 139, 0, NULL),
(1701, 0, 119, 139, 1, 5),
(1702, 0, 123, 139, 0, 3),
(1703, 0, 127, 139, 0, 5),
(1704, 0, 128, 139, 0, 6),
(1705, 0, 129, 139, 0, 6),
(1706, 0, 130, 139, 1, 4.5),
(1707, 0, 131, 139, 0, 18),
(1708, 0, 132, 139, 0, 4.5),
(1709, 0, 133, 139, 0, 4),
(1710, 0, 134, 139, 0, NULL),
(1711, 0, 135, 139, 1, 4.5),
(1712, 0, 136, 139, 1, 6),
(1713, 0, 137, 139, 1, 10.5),
(1714, 0, 138, 139, 0, 6.5),
(1715, 0, 139, 139, 1, 6.5),
(1716, 0, 140, 139, 1, 10),
(1717, 0, 141, 139, 1, 4.5),
(1718, 0, 142, 139, 1, 4),
(1719, 0, 143, 139, 1, 6),
(1720, 0, 166, 139, 1, 4.5),
(1721, 0, 168, 139, 0, 24),
(1722, 0, 169, 139, 1, 6),
(1723, 0, 171, 139, 0, 6),
(1724, 0, 172, 139, 0, 5),
(1725, 0, 173, 139, 0, NULL),
(1726, 0, 180, 139, 0, 4),
(1727, 0, 181, 139, 0, 4.5),
(1728, 0, 182, 139, 1, 5),
(1729, 0, 183, 139, 0, 5.5),
(1730, 0, 184, 139, 0, 6),
(1731, 0, 15, 139, 0, NULL),
(1732, 0, 16, 139, 0, NULL),
(1733, 0, 17, 139, 0, NULL),
(1734, 0, 18, 139, 1, 4),
(1735, 0, 19, 139, 1, 6),
(1736, 0, 20, 139, 1, 3),
(1737, 0, 21, 139, 1, 6),
(1738, 0, 22, 139, 1, 4.5),
(1739, 0, 24, 139, 1, 6.5),
(1740, 0, 418, 139, 1, 12),
(1741, 0, 419, 139, 1, 5),
(1742, 0, 421, 139, 1, 4.5),
(1743, 0, 422, 139, 1, 6.5),
(1744, 0, 424, 139, 1, 3),
(1745, 0, 426, 139, 0, NULL),
(1746, 0, 430, 139, 0, 7),
(1747, 0, 434, 139, 0, 4.5),
(1748, 0, 436, 139, 0, 3),
(1749, 0, 438, 139, 0, 4.5),
(1750, 0, 439, 139, 0, 6),
(1751, 0, 444, 139, 0, 5.5),
(1752, 0, 445, 139, 0, 4),
(1753, 0, 185, 139, 1, 4),
(1754, 0, 186, 139, 0, 6),
(1755, 0, 187, 139, 1, 5.5),
(1756, 0, 188, 139, 1, 6),
(1757, 0, 190, 139, 1, 6.5),
(1758, 0, 191, 139, 1, 4.5),
(1759, 0, 193, 139, 1, 6),
(1760, 0, 195, 139, 1, 6),
(1761, 0, 196, 139, 0, 4.5),
(1762, 0, 197, 139, 0, NULL),
(1763, 0, 198, 139, 1, 5),
(1764, 0, 199, 139, 1, 5),
(1765, 0, 201, 139, 0, 6),
(1766, 0, 203, 139, 0, NULL),
(1767, 0, 205, 139, 1, 4.5),
(1768, 0, 206, 139, 0, 4),
(1769, 0, 208, 139, 0, 4.5),
(1770, 0, 209, 139, 0, 5),
(1771, 0, 458, 139, 0, NULL),
(1772, 0, 460, 139, 1, 6.5),
(1773, 0, 467, 139, 0, 5),
(1774, 0, 469, 139, 0, NULL),
(1775, 0, 368, 139, 1, 6),
(1776, 0, 374, 139, 0, 11),
(1777, 0, 375, 139, 1, 5.5),
(1778, 0, 377, 139, 1, 13),
(1779, 0, 381, 139, 1, 3),
(1780, 0, 382, 139, 0, 5),
(1781, 0, 384, 139, 0, 4),
(1782, 0, 389, 139, 1, 6.5),
(1783, 0, 391, 139, 1, 4.5),
(1784, 0, 393, 139, 0, NULL),
(1785, 0, 400, 139, 1, 11.5),
(1786, 0, 404, 139, 0, 6.5),
(1787, 0, 408, 139, 0, 4.5),
(1788, 0, 409, 139, 1, 4.5),
(1789, 0, 414, 139, 0, 5),
(1790, 0, 415, 139, 1, 6),
(1791, 0, 429, 139, 0, 4),
(1792, 0, 432, 139, 0, 5),
(1793, 0, 435, 139, 1, 5),
(1794, 0, 441, 139, 1, 3),
(1795, 0, 446, 139, 0, 4.5),
(1796, 0, 448, 139, 0, 5),
(1797, 0, 326, 139, 0, NULL),
(1798, 0, 327, 139, 1, 6),
(1799, 0, 552, 139, 1, 3),
(1800, 0, 553, 139, 1, 4.5),
(1801, 0, 554, 139, 1, 9),
(1802, 0, 555, 139, 0, 8),
(1803, 0, 556, 139, 1, 6),
(1804, 0, 557, 139, 1, 5.5),
(1805, 0, 558, 139, 0, 6.5),
(1806, 0, 504, 139, 1, 4),
(1807, 0, 505, 139, 0, 8),
(1808, 0, 506, 139, 0, NULL),
(1809, 0, 507, 139, 1, 5.5),
(1810, 0, 508, 139, 1, 4),
(1811, 0, 509, 139, 1, 6),
(1812, 0, 510, 139, 0, 3),
(1813, 0, 511, 139, 0, 5),
(1814, 0, 512, 139, 0, 4),
(1815, 0, 513, 139, 1, 6.5),
(1816, 0, 514, 139, 1, 9),
(1817, 0, 515, 139, 1, 11.5),
(1818, 0, 516, 139, 1, 5),
(1819, 0, 517, 139, 0, 5),
(1820, 0, 518, 139, 0, NULL),
(1821, 0, 519, 139, 0, 6),
(1822, 0, 520, 139, 1, 6),
(1823, 0, 521, 139, 1, 3),
(1824, 0, 522, 139, 1, 4.5),
(1825, 0, 523, 139, 0, 4.5),
(1826, 0, 524, 139, 0, 18),
(1827, 0, 525, 139, 0, 4.5),
(1828, 0, 144, 139, 1, 6.5),
(1829, 0, 145, 139, 1, 15),
(1830, 0, 146, 139, 1, 5),
(1831, 0, 147, 139, 0, NULL),
(1832, 0, 148, 139, 1, 6),
(1833, 0, 149, 139, 0, NULL),
(1834, 0, 150, 139, 0, NULL),
(1835, 0, 151, 139, 1, 12),
(1836, 0, 152, 139, 0, 4),
(1837, 0, 153, 139, 1, 4.5),
(1838, 0, 154, 139, 0, NULL),
(1839, 0, 155, 139, 1, 5.5),
(1840, 0, 156, 139, 1, 13),
(1841, 0, 157, 139, 1, 4),
(1842, 0, 158, 139, 0, 7),
(1843, 0, 159, 139, 1, 5.5),
(1844, 0, 160, 139, 0, 4),
(1845, 0, 161, 139, 1, 4.5),
(1846, 0, 162, 139, 0, NULL),
(1847, 0, 163, 139, 0, 5.5),
(1848, 0, 164, 139, 0, NULL),
(1849, 0, 165, 139, 0, NULL),
(1850, 0, 362, 139, 0, 4.5),
(1851, 0, 363, 139, 0, NULL),
(1852, 0, 364, 139, 1, 4.5),
(1853, 0, 366, 139, 1, 5),
(1854, 0, 367, 139, 0, NULL),
(1855, 0, 449, 139, 0, NULL),
(1856, 0, 450, 139, 1, 13),
(1857, 0, 451, 139, 1, 4),
(1858, 0, 452, 139, 1, 6),
(1859, 0, 453, 139, 0, 3),
(1860, 0, 454, 139, 1, 5.5),
(1861, 0, 455, 139, 1, 5),
(1862, 0, 456, 139, 1, 4.5),
(1863, 0, 457, 139, 1, 6.5),
(1864, 0, 459, 139, 0, 5.5),
(1865, 0, 461, 139, 1, 4.5),
(1866, 0, 462, 139, 1, 5.5),
(1867, 0, 463, 139, 0, 6),
(1868, 0, 464, 139, 0, 6),
(1869, 0, 465, 139, 0, NULL),
(1870, 0, 466, 139, 0, 6),
(1871, 0, 468, 139, 0, 3),
(1872, 0, 296, 139, 0, NULL),
(1873, 0, 297, 139, 1, 5.5),
(1874, 0, 298, 139, 1, 6),
(1875, 0, 299, 139, 1, 4),
(1876, 0, 300, 139, 1, 3),
(1877, 0, 301, 139, 1, 5),
(1878, 0, 302, 139, 1, 5),
(1879, 0, 303, 139, 1, 4.5),
(1880, 0, 304, 139, 1, 5),
(1881, 0, 305, 139, 1, 5),
(1882, 0, 307, 139, 1, 8),
(1883, 0, 308, 139, 0, NULL),
(1884, 0, 310, 139, 0, 3),
(1885, 0, 312, 139, 0, 9.5),
(1886, 0, 313, 139, 0, 5),
(1887, 0, 316, 139, 0, 5),
(1888, 0, 317, 139, 0, NULL),
(1889, 0, 318, 139, 0, 5),
(1890, 0, 320, 139, 1, 12),
(1891, 0, 322, 139, 0, 5),
(1892, 0, 324, 139, 0, NULL),
(1893, 0, 325, 139, 0, 18),
(1894, 0, 77, 139, 1, 4),
(1895, 0, 78, 139, 1, 13),
(1896, 0, 79, 139, 1, 5),
(1897, 0, 81, 139, 1, 3),
(1898, 0, 82, 139, 1, 4.5),
(1899, 0, 83, 139, 1, 10),
(1900, 0, 84, 139, 1, 4.5),
(1901, 0, 85, 139, 1, 4),
(1902, 0, 86, 139, 1, 6),
(1903, 0, 87, 139, 0, NULL),
(1904, 0, 88, 139, 0, 16),
(1905, 0, 89, 139, 1, 5),
(1906, 0, 90, 139, 0, NULL),
(1907, 0, 91, 139, 0, 4.5),
(1908, 0, 93, 139, 1, 5.5),
(1909, 0, 94, 139, 0, 5),
(1910, 0, 96, 139, 0, NULL),
(1911, 0, 97, 139, 0, 6),
(1912, 0, 98, 139, 0, NULL),
(1913, 0, 99, 139, 0, 24),
(1914, 0, 100, 139, 0, 13),
(1915, 0, 101, 139, 0, NULL),
(1916, 0, 229, 139, 1, 4),
(1917, 0, 230, 139, 0, NULL),
(1918, 0, 231, 139, 1, 5.5),
(1919, 0, 232, 139, 1, 5.5),
(1920, 0, 236, 139, 1, 4),
(1921, 0, 241, 139, 1, 3.5),
(1922, 0, 244, 139, 1, 9),
(1923, 0, 246, 139, 1, 6),
(1924, 0, 247, 139, 1, 9),
(1925, 0, 248, 139, 0, NULL),
(1926, 0, 250, 139, 0, 4),
(1927, 0, 251, 139, 1, 5),
(1928, 0, 255, 139, 0, 6),
(1929, 0, 263, 139, 0, 4.5),
(1930, 0, 264, 139, 1, 6),
(1931, 0, 265, 139, 0, NULL),
(1932, 0, 266, 139, 0, NULL),
(1933, 0, 268, 139, 1, 5),
(1934, 0, 269, 139, 0, 3),
(1935, 0, 270, 139, 0, NULL),
(1936, 0, 271, 139, 0, NULL),
(1937, 0, 272, 139, 0, NULL),
(1938, 0, 25, 139, 0, NULL),
(1939, 0, 26, 139, 1, 4.5),
(1940, 0, 27, 139, 1, 4),
(1941, 0, 28, 139, 0, NULL),
(1942, 0, 29, 139, 1, 5.5),
(1943, 0, 30, 139, 1, 5.5),
(1944, 0, 31, 139, 1, 5),
(1945, 0, 32, 139, 0, 5),
(1946, 0, 33, 139, 1, 4),
(1947, 0, 34, 139, 0, NULL),
(1948, 0, 35, 139, 1, 11.5),
(1949, 0, 36, 139, 1, 5),
(1950, 0, 37, 139, 1, 4.5),
(1951, 0, 38, 139, 1, 12),
(1952, 0, 40, 139, 0, NULL),
(1953, 0, 41, 139, 0, NULL),
(1954, 0, 42, 139, 0, NULL),
(1955, 0, 43, 139, 0, NULL),
(1956, 0, 44, 139, 0, NULL),
(1957, 0, 46, 139, 0, NULL),
(1958, 0, 47, 139, 1, 5),
(1959, 0, 48, 139, 0, 5),
(1960, 0, 211, 139, 1, 6),
(1961, 0, 212, 139, 0, 4),
(1962, 0, 213, 139, 1, 4.5),
(1963, 0, 214, 139, 1, 6),
(1964, 0, 215, 139, 0, 5.5),
(1965, 0, 216, 139, 1, 13),
(1966, 0, 217, 139, 0, 3),
(1967, 0, 219, 139, 0, NULL),
(1968, 0, 220, 139, 1, 6),
(1969, 0, 221, 139, 0, NULL),
(1970, 0, 222, 139, 1, 10),
(1971, 0, 223, 139, 1, 5),
(1972, 0, 224, 139, 1, 4.5),
(1973, 0, 225, 139, 0, NULL),
(1974, 0, 226, 139, 1, 6),
(1975, 0, 235, 139, 1, 4.5),
(1976, 0, 237, 139, 1, 6.5),
(1977, 0, 238, 139, 0, NULL),
(1978, 0, 239, 139, 0, 4.5),
(1979, 0, 249, 139, 0, 24),
(1980, 0, 252, 139, 0, 5),
(1981, 0, 254, 139, 0, 9),
(1982, 0, 274, 139, 0, NULL),
(1983, 0, 275, 139, 1, 6),
(1984, 0, 276, 139, 0, 8.5),
(1985, 0, 277, 139, 1, 4.5),
(1986, 0, 278, 139, 1, 6),
(1987, 0, 279, 139, 1, 4.5),
(1988, 0, 280, 139, 0, 5.5),
(1989, 0, 281, 139, 0, 5),
(1990, 0, 282, 139, 0, NULL),
(1991, 0, 283, 139, 1, 5.5),
(1992, 0, 284, 139, 1, 9),
(1993, 0, 285, 139, 1, 5),
(1994, 0, 286, 139, 1, 7.5),
(1995, 0, 287, 139, 0, NULL),
(1996, 0, 288, 139, 0, 5),
(1997, 0, 289, 139, 0, NULL),
(1998, 0, 290, 139, 1, 5),
(1999, 0, 291, 139, 1, 6),
(2000, 0, 292, 139, 0, NULL),
(2001, 0, 293, 139, 1, 5.5),
(2002, 0, 294, 139, 0, 0),
(2003, 0, 295, 139, 0, NULL),
(2004, 0, 49, 139, 1, 4),
(2005, 0, 50, 139, 0, 8),
(2006, 0, 52, 139, 1, 6),
(2007, 0, 53, 139, 1, 4),
(2008, 0, 54, 139, 1, 4),
(2009, 0, 55, 139, 1, 4.5),
(2010, 0, 56, 139, 1, 8),
(2011, 0, 57, 139, 1, 11.5),
(2012, 0, 58, 139, 1, 5),
(2013, 0, 59, 139, 1, 4.5),
(2014, 0, 60, 139, 1, 4.5),
(2015, 0, 61, 139, 0, 3),
(2016, 0, 62, 139, 0, 5.5),
(2017, 0, 63, 139, 0, 5),
(2018, 0, 65, 139, 1, 4.5),
(2019, 0, 66, 139, 0, 6),
(2020, 0, 70, 139, 0, 0),
(2021, 0, 72, 139, 0, NULL),
(2022, 0, 73, 139, 0, NULL),
(2023, 0, 74, 139, 0, NULL),
(2024, 0, 75, 139, 0, 5),
(2025, 0, 76, 139, 0, NULL),
(6866, 0, 2, 140, 1, 0.5),
(6867, 0, 3, 140, 0, 10),
(6868, 0, 8, 140, 1, 13),
(6869, 0, 9, 140, 1, 5),
(6870, 0, 11, 140, 1, 24),
(6871, 0, 12, 140, 1, 20),
(6872, 0, 13, 140, 1, 8),
(6873, 0, 14, 140, 0, NULL),
(6874, 0, 121, 140, 1, 6.5),
(6875, 0, 126, 140, 0, 4),
(6876, 0, 174, 140, 1, 6),
(6877, 0, 175, 140, 1, 5),
(6878, 0, 176, 140, 0, 11),
(6879, 0, 177, 140, 0, NULL),
(6880, 0, 179, 140, 1, 5),
(6881, 0, 471, 140, 0, NULL),
(6882, 0, 472, 140, 0, 6),
(6883, 0, 473, 140, 0, 6.5),
(6884, 0, 475, 140, 0, 5),
(6885, 0, 478, 140, 0, NULL),
(6886, 0, 480, 140, 1, 6),
(6887, 0, 481, 140, 0, 10),
(6888, 0, 482, 140, 1, 10),
(6889, 0, 483, 140, 0, 5),
(6890, 0, 484, 140, 0, 8.5),
(6891, 0, 485, 140, 1, 4.5),
(6892, 0, 486, 140, 1, 4),
(6893, 0, 487, 140, 1, 6),
(6894, 0, 488, 140, 0, 6),
(6895, 0, 489, 140, 0, 4.5),
(6896, 0, 490, 140, 0, NULL),
(6897, 0, 491, 140, 0, NULL),
(6898, 0, 492, 140, 1, 15),
(6899, 0, 493, 140, 1, 12),
(6900, 0, 494, 140, 1, 5),
(6901, 0, 495, 140, 1, 6),
(6902, 0, 496, 140, 0, 8),
(6903, 0, 497, 140, 0, NULL),
(6904, 0, 498, 140, 1, 18),
(6905, 0, 499, 140, 1, 4),
(6906, 0, 500, 140, 1, 5),
(6907, 0, 501, 140, 0, 5),
(6908, 0, 502, 140, 0, 4),
(6909, 0, 503, 140, 0, 4),
(6910, 0, 559, 140, 1, 10),
(6911, 0, 560, 140, 1, 6),
(6912, 0, 561, 140, 1, 6),
(6913, 0, 562, 140, 1, 4.5),
(6914, 0, 564, 140, 0, NULL),
(6915, 0, 565, 140, 1, 5),
(6916, 0, 566, 140, 1, 8),
(6917, 0, 567, 140, 1, 6),
(6918, 0, 568, 140, 1, 17),
(6919, 0, 569, 140, 1, 5),
(6920, 0, 570, 140, 1, 5),
(6921, 0, 571, 140, 0, -3),
(6922, 0, 574, 140, 0, 5),
(6923, 0, 575, 140, 0, 5.5),
(6924, 0, 576, 140, 0, 6),
(6925, 0, 577, 140, 0, 14),
(6926, 0, 578, 140, 0, 5.5),
(6927, 0, 580, 140, 0, 6),
(6928, 0, 581, 140, 0, 5),
(6929, 0, 582, 140, 0, 5.5),
(6930, 0, 583, 140, 1, 24),
(6931, 0, 584, 140, 0, 5),
(6932, 0, 526, 140, 1, 5.5),
(6933, 0, 527, 140, 0, NULL),
(6934, 0, 528, 140, 1, 5),
(6935, 0, 529, 140, 1, 4.5),
(6936, 0, 530, 140, 1, 5),
(6937, 0, 532, 140, 1, 20),
(6938, 0, 533, 140, 1, 12),
(6939, 0, 534, 140, 1, 21),
(6940, 0, 535, 140, 0, 6.5),
(6941, 0, 536, 140, 1, 18),
(6942, 0, 538, 140, 0, 4),
(6943, 0, 539, 140, 0, NULL),
(6944, 0, 540, 140, 0, -3),
(6945, 0, 541, 140, 1, 7),
(6946, 0, 542, 140, 1, 6),
(6947, 0, 543, 140, 0, 5.5),
(6948, 0, 544, 140, 0, 6),
(6949, 0, 547, 140, 0, 5),
(6950, 0, 548, 140, 0, 22),
(6951, 0, 549, 140, 0, NULL),
(6952, 0, 550, 140, 0, 6),
(6953, 0, 551, 140, 1, 6.5),
(6954, 0, 102, 140, 1, 5.5),
(6955, 0, 103, 140, 1, 18),
(6956, 0, 104, 140, 0, NULL),
(6957, 0, 105, 140, 1, 6),
(6958, 0, 106, 140, 1, 6),
(6959, 0, 107, 140, 1, 15),
(6960, 0, 108, 140, 1, 6),
(6961, 0, 109, 140, 1, 5),
(6962, 0, 110, 140, 1, 12),
(6963, 0, 111, 140, 1, 5),
(6964, 0, 112, 140, 1, 6.5),
(6965, 0, 113, 140, 1, 7),
(6966, 0, 117, 140, 0, 20),
(6967, 0, 118, 140, 0, NULL),
(6968, 0, 119, 140, 0, 8),
(6969, 0, 123, 140, 0, 5),
(6970, 0, 127, 140, 0, 6.5),
(6971, 0, 128, 140, 0, 5),
(6972, 0, 129, 140, 0, 10),
(6973, 0, 130, 140, 0, 4),
(6974, 0, 131, 140, 0, 4.5),
(6975, 0, 132, 140, 0, 5),
(6976, 0, 133, 140, 0, 5.5),
(6977, 0, 134, 140, 1, 18),
(6978, 0, 135, 140, 1, 5),
(6979, 0, 136, 140, 1, 10),
(6980, 0, 137, 140, 1, 21),
(6981, 0, 138, 140, 0, 6),
(6982, 0, 139, 140, 1, 12),
(6983, 0, 140, 140, 1, 5.5),
(6984, 0, 141, 140, 1, 6.5),
(6985, 0, 142, 140, 1, 6),
(6986, 0, 143, 140, 1, 6),
(6987, 0, 166, 140, 1, 4),
(6988, 0, 168, 140, 0, 8.5),
(6989, 0, 169, 140, 1, 6.5),
(6990, 0, 171, 140, 0, 4.5),
(6991, 0, 172, 140, 0, 6),
(6992, 0, 173, 140, 0, NULL),
(6993, 0, 180, 140, 0, 5.5),
(6994, 0, 181, 140, 0, 6),
(6995, 0, 182, 140, 0, 5),
(6996, 0, 183, 140, 0, 5),
(6997, 0, 184, 140, 0, 6),
(6998, 0, 15, 140, 1, 30),
(6999, 0, 16, 140, 1, 9.5),
(7000, 0, 17, 140, 1, 9),
(7001, 0, 18, 140, 1, 5.5),
(7002, 0, 19, 140, 1, 5),
(7003, 0, 20, 140, 0, NULL),
(7004, 0, 21, 140, 1, 6.5),
(7005, 0, 22, 140, 1, 5),
(7006, 0, 24, 140, 1, 12),
(7007, 0, 418, 140, 1, 6),
(7008, 0, 419, 140, 1, 4),
(7009, 0, 421, 140, 0, 4),
(7010, 0, 422, 140, 0, 6),
(7011, 0, 424, 140, 0, 5),
(7012, 0, 426, 140, 0, NULL),
(7013, 0, 430, 140, 0, NULL),
(7014, 0, 434, 140, 0, 6),
(7015, 0, 436, 140, 0, 5),
(7016, 0, 438, 140, 0, 5),
(7017, 0, 439, 140, 0, 10),
(7018, 0, 444, 140, 1, 7),
(7019, 0, 445, 140, 0, 6),
(7020, 0, 185, 140, 1, 0),
(7021, 0, 186, 140, 0, 5),
(7022, 0, 187, 140, 1, 6),
(7023, 0, 188, 140, 1, 6.5),
(7024, 0, 190, 140, 1, 12),
(7025, 0, 191, 140, 1, 6.5),
(7026, 0, 193, 140, 1, 6),
(7027, 0, 195, 140, 1, 8),
(7028, 0, 196, 140, 0, 4),
(7029, 0, 197, 140, 0, NULL),
(7030, 0, 198, 140, 1, 6),
(7031, 0, 199, 140, 0, 6),
(7032, 0, 201, 140, 0, NULL),
(7033, 0, 203, 140, 0, NULL),
(7034, 0, 205, 140, 1, 4.5),
(7035, 0, 206, 140, 0, 5.5),
(7036, 0, 208, 140, 0, 3.5),
(7037, 0, 209, 140, 0, 4),
(7038, 0, 458, 140, 1, 6),
(7039, 0, 460, 140, 1, 6),
(7040, 0, 467, 140, 0, 8),
(7041, 0, 469, 140, 0, NULL),
(7042, 0, 368, 140, 1, 10),
(7043, 0, 374, 140, 0, 6.5),
(7044, 0, 375, 140, 1, 6),
(7045, 0, 377, 140, 1, 5.5),
(7046, 0, 381, 140, 0, NULL),
(7047, 0, 382, 140, 1, 6),
(7048, 0, 384, 140, 0, 6),
(7049, 0, 389, 140, 1, 3),
(7050, 0, 391, 140, 1, 5),
(7051, 0, 393, 140, 1, 5),
(7052, 0, 400, 140, 1, 5),
(7053, 0, 404, 140, 0, 12),
(7054, 0, 408, 140, 0, 5),
(7055, 0, 409, 140, 0, NULL),
(7056, 0, 414, 140, 0, 22),
(7057, 0, 415, 140, 1, 8),
(7058, 0, 429, 140, 0, 5.5),
(7059, 0, 432, 140, 0, 5.5),
(7060, 0, 435, 140, 0, 5),
(7061, 0, 441, 140, 1, 5),
(7062, 0, 446, 140, 1, 4),
(7063, 0, 448, 140, 0, 6.5),
(7064, 0, 326, 140, 1, 30),
(7065, 0, 327, 140, 1, 6),
(7066, 0, 552, 140, 0, NULL),
(7067, 0, 553, 140, 1, 5),
(7068, 0, 554, 140, 0, 14),
(7069, 0, 555, 140, 0, -3),
(7070, 0, 556, 140, 1, 10),
(7071, 0, 557, 140, 0, 5),
(7072, 0, 558, 140, 1, 6),
(7073, 0, 585, 140, 1, 6.5),
(7074, 0, 586, 140, 0, 6),
(7075, 0, 587, 140, 1, 6),
(7076, 0, 588, 140, 1, 5.5),
(7077, 0, 589, 140, 1, 3),
(7078, 0, 590, 140, 0, NULL),
(7079, 0, 591, 140, 1, 6),
(7080, 0, 592, 140, 1, 5),
(7081, 0, 593, 140, 0, 4.5),
(7082, 0, 594, 140, 0, 8),
(7083, 0, 595, 140, 0, 7),
(7084, 0, 596, 140, 0, NULL),
(7085, 0, 597, 140, 0, 5),
(7086, 0, 504, 140, 1, 0),
(7087, 0, 505, 140, 0, -3),
(7088, 0, 506, 140, 0, NULL),
(7089, 0, 507, 140, 1, 6),
(7090, 0, 508, 140, 1, 4),
(7091, 0, 509, 140, 1, 6.5),
(7092, 0, 510, 140, 0, NULL),
(7093, 0, 511, 140, 0, 6),
(7094, 0, 512, 140, 0, 6),
(7095, 0, 513, 140, 1, 12),
(7096, 0, 514, 140, 1, 10),
(7097, 0, 515, 140, 1, 5),
(7098, 0, 516, 140, 0, NULL),
(7099, 0, 517, 140, 1, 8),
(7100, 0, 518, 140, 0, NULL),
(7101, 0, 519, 140, 0, 20),
(7102, 0, 520, 140, 1, 6),
(7103, 0, 521, 140, 1, 4),
(7104, 0, 522, 140, 0, NULL),
(7105, 0, 523, 140, 1, 4),
(7106, 0, 524, 140, 0, 4.5),
(7107, 0, 525, 140, 0, 5),
(7108, 0, 144, 140, 1, 12),
(7109, 0, 145, 140, 1, 17),
(7110, 0, 146, 140, 1, 6.5),
(7111, 0, 147, 140, 0, NULL),
(7112, 0, 148, 140, 1, 6.5),
(7113, 0, 149, 140, 1, 18),
(7114, 0, 150, 140, 0, NULL),
(7115, 0, 151, 140, 1, 9),
(7116, 0, 152, 140, 0, 5),
(7117, 0, 153, 140, 0, 4),
(7118, 0, 154, 140, 0, NULL),
(7119, 0, 155, 140, 1, 6),
(7120, 0, 156, 140, 1, 5.5),
(7121, 0, 157, 140, 1, 5.5),
(7122, 0, 158, 140, 0, 8.5),
(7123, 0, 159, 140, 1, 6),
(7124, 0, 160, 140, 0, 4),
(7125, 0, 161, 140, 1, 5),
(7126, 0, 162, 140, 0, NULL),
(7127, 0, 163, 140, 0, 6),
(7128, 0, 164, 140, 0, NULL),
(7129, 0, 165, 140, 0, NULL),
(7130, 0, 362, 140, 0, 4),
(7131, 0, 363, 140, 0, NULL),
(7132, 0, 364, 140, 1, 4),
(7133, 0, 366, 140, 1, 5),
(7134, 0, 367, 140, 0, NULL),
(7135, 0, 449, 140, 0, 4),
(7136, 0, 450, 140, 1, 24),
(7137, 0, 451, 140, 1, 0),
(7138, 0, 452, 140, 1, 6.5),
(7139, 0, 453, 140, 0, NULL),
(7140, 0, 454, 140, 1, 4),
(7141, 0, 455, 140, 1, 4.5),
(7142, 0, 456, 140, 1, 3.5),
(7143, 0, 457, 140, 1, 3),
(7144, 0, 459, 140, 0, 7),
(7145, 0, 461, 140, 1, 6.5),
(7146, 0, 462, 140, 1, 6),
(7147, 0, 463, 140, 0, 6),
(7148, 0, 464, 140, 0, 6),
(7149, 0, 465, 140, 0, NULL),
(7150, 0, 466, 140, 0, 6),
(7151, 0, 468, 140, 0, 4),
(7152, 0, 296, 140, 0, NULL),
(7153, 0, 297, 140, 1, 6),
(7154, 0, 298, 140, 1, 6.5),
(7155, 0, 299, 140, 1, 4),
(7156, 0, 300, 140, 0, NULL),
(7157, 0, 301, 140, 0, NULL),
(7158, 0, 302, 140, 1, 11),
(7159, 0, 303, 140, 1, 5),
(7160, 0, 304, 140, 1, 6.5),
(7161, 0, 305, 140, 1, 5),
(7162, 0, 307, 140, 1, -3),
(7163, 0, 308, 140, 0, NULL),
(7164, 0, 310, 140, 0, NULL),
(7165, 0, 312, 140, 1, 4),
(7166, 0, 313, 140, 0, 4.5),
(7167, 0, 316, 140, 1, 4),
(7168, 0, 317, 140, 0, NULL),
(7169, 0, 318, 140, 0, 6),
(7170, 0, 320, 140, 1, 12),
(7171, 0, 322, 140, 0, NULL),
(7172, 0, 324, 140, 0, 5),
(7173, 0, 325, 140, 0, 4.5),
(7174, 0, 77, 140, 1, 0),
(7175, 0, 78, 140, 1, 5),
(7176, 0, 79, 140, 1, 6),
(7177, 0, 81, 140, 1, 5),
(7178, 0, 82, 140, 1, 6),
(7179, 0, 83, 140, 1, 16),
(7180, 0, 84, 140, 1, 3.5),
(7181, 0, 85, 140, 1, 11),
(7182, 0, 86, 140, 1, 6),
(7183, 0, 87, 140, 0, NULL),
(7184, 0, 88, 140, 0, 5),
(7185, 0, 89, 140, 1, 4.5),
(7186, 0, 90, 140, 0, 4.5),
(7187, 0, 91, 140, 0, 5),
(7188, 0, 93, 140, 1, 5),
(7189, 0, 94, 140, 0, 22),
(7190, 0, 96, 140, 0, NULL),
(7191, 0, 97, 140, 0, 5),
(7192, 0, 98, 140, 0, NULL),
(7193, 0, 99, 140, 0, 8.5),
(7194, 0, 100, 140, 0, 5.5),
(7195, 0, 101, 140, 0, NULL),
(7196, 0, 229, 140, 1, 5.5),
(7197, 0, 230, 140, 1, 4.5),
(7198, 0, 231, 140, 1, 6),
(7199, 0, 232, 140, 1, 6),
(7200, 0, 236, 140, 1, 6),
(7201, 0, 241, 140, 1, 6),
(7202, 0, 244, 140, 1, 13),
(7203, 0, 246, 140, 1, 6),
(7204, 0, 247, 140, 1, 6),
(7205, 0, 248, 140, 1, 6.5),
(7206, 0, 250, 140, 0, 0),
(7207, 0, 251, 140, 0, 5),
(7208, 0, 255, 140, 0, 5),
(7209, 0, 263, 140, 0, NULL),
(7210, 0, 264, 140, 0, NULL),
(7211, 0, 265, 140, 0, NULL),
(7212, 0, 266, 140, 0, NULL),
(7213, 0, 268, 140, 1, 4.5),
(7214, 0, 269, 140, 0, 5),
(7215, 0, 270, 140, 0, NULL),
(7216, 0, 271, 140, 0, NULL),
(7217, 0, 272, 140, 0, NULL),
(7218, 0, 25, 140, 1, 18),
(7219, 0, 26, 140, 1, 5),
(7220, 0, 27, 140, 1, 5.5),
(7221, 0, 28, 140, 0, NULL),
(7222, 0, 29, 140, 1, 6),
(7223, 0, 30, 140, 1, 6),
(7224, 0, 31, 140, 1, 6),
(7225, 0, 32, 140, 0, 5.5),
(7226, 0, 33, 140, 1, 5.5),
(7227, 0, 34, 140, 0, NULL),
(7228, 0, 35, 140, 1, 5),
(7229, 0, 36, 140, 1, 8),
(7230, 0, 37, 140, 0, 4),
(7231, 0, 38, 140, 1, 6),
(7232, 0, 40, 140, 1, 4.5),
(7233, 0, 41, 140, 0, NULL),
(7234, 0, 42, 140, 0, 4),
(7235, 0, 43, 140, 0, NULL),
(7236, 0, 44, 140, 0, NULL),
(7237, 0, 46, 140, 0, NULL),
(7238, 0, 47, 140, 0, 4.5),
(7239, 0, 48, 140, 0, 10),
(7240, 0, 211, 140, 1, 10),
(7241, 0, 212, 140, 0, 5.5),
(7242, 0, 213, 140, 1, 3.5),
(7243, 0, 214, 140, 1, 6),
(7244, 0, 215, 140, 0, 6),
(7245, 0, 216, 140, 0, 5.5),
(7246, 0, 217, 140, 0, NULL),
(7247, 0, 219, 140, 1, 6),
(7248, 0, 220, 140, 1, 6.5),
(7249, 0, 221, 140, 1, 18),
(7250, 0, 222, 140, 1, 3),
(7251, 0, 223, 140, 1, 8),
(7252, 0, 224, 140, 1, 5),
(7253, 0, 225, 140, 0, NULL),
(7254, 0, 226, 140, 1, 6),
(7255, 0, 235, 140, 0, 4.5),
(7256, 0, 237, 140, 1, 12),
(7257, 0, 238, 140, 0, NULL),
(7258, 0, 239, 140, 0, 5),
(7259, 0, 249, 140, 0, 8.5),
(7260, 0, 252, 140, 0, 3),
(7261, 0, 254, 140, 0, 5),
(7262, 0, 274, 140, 0, NULL),
(7263, 0, 275, 140, 1, 10),
(7264, 0, 276, 140, 0, 0.5),
(7265, 0, 277, 140, 1, 3.5),
(7266, 0, 278, 140, 1, 5),
(7267, 0, 279, 140, 1, 6.5),
(7268, 0, 280, 140, 0, 7),
(7269, 0, 281, 140, 0, 5.5),
(7270, 0, 282, 140, 0, 4),
(7271, 0, 283, 140, 1, 7),
(7272, 0, 284, 140, 1, 10),
(7273, 0, 285, 140, 1, 4),
(7274, 0, 286, 140, 1, 8),
(7275, 0, 287, 140, 0, NULL),
(7276, 0, 288, 140, 0, 3),
(7277, 0, 289, 140, 0, NULL),
(7278, 0, 290, 140, 1, 5),
(7279, 0, 291, 140, 1, 6),
(7280, 0, 292, 140, 0, NULL),
(7281, 0, 293, 140, 1, 14),
(7282, 0, 294, 140, 0, 7),
(7283, 0, 295, 140, 0, NULL),
(7284, 0, 49, 140, 1, 5.5),
(7285, 0, 50, 140, 0, -3),
(7286, 0, 52, 140, 1, 5),
(7287, 0, 53, 140, 1, 6),
(7288, 0, 54, 140, 1, 4),
(7289, 0, 55, 140, 1, 5),
(7290, 0, 56, 140, 1, 11),
(7291, 0, 57, 140, 1, 5),
(7292, 0, 58, 140, 1, 5),
(7293, 0, 59, 140, 1, 5),
(7294, 0, 60, 140, 0, NULL),
(7295, 0, 61, 140, 1, 4),
(7296, 0, 62, 140, 0, 7),
(7297, 0, 63, 140, 0, 6),
(7298, 0, 65, 140, 1, 6),
(7299, 0, 66, 140, 0, 6),
(7300, 0, 70, 140, 0, 7),
(7301, 0, 72, 140, 0, NULL),
(7302, 0, 73, 140, 0, NULL),
(7303, 0, 74, 140, 0, NULL),
(7304, 0, 75, 140, 0, 5),
(7305, 0, 76, 140, 0, NULL),
(9946, 0, 2, 141, 1, -1),
(9947, 0, 3, 141, 0, 3),
(9948, 0, 8, 141, 1, 5),
(9949, 0, 9, 141, 0, NULL),
(9950, 0, 11, 141, 1, 11),
(9951, 0, 12, 141, 1, 6),
(9952, 0, 13, 141, 1, 14),
(9953, 0, 14, 141, 0, NULL),
(9954, 0, 121, 141, 1, 5),
(9955, 0, 126, 141, 1, 2),
(9956, 0, 174, 141, 0, NULL),
(9957, 0, 175, 141, 1, 6),
(9958, 0, 176, 141, 1, 12),
(9959, 0, 177, 141, 0, NULL),
(9960, 0, 179, 141, 1, 4),
(9961, 0, 471, 141, 0, NULL),
(9962, 0, 472, 141, 0, 5),
(9963, 0, 473, 141, 0, 3),
(9964, 0, 475, 141, 0, 6),
(9965, 0, 478, 141, 0, NULL),
(9966, 0, 480, 141, 1, 5),
(9967, 0, 481, 141, 0, NULL),
(9968, 0, 482, 141, 1, 3),
(9969, 0, 483, 141, 0, 4),
(9970, 0, 484, 141, 0, 8.5),
(9971, 0, 485, 141, 1, 4),
(9972, 0, 486, 141, 1, 5),
(9973, 0, 487, 141, 1, 5),
(9974, 0, 488, 141, 0, 5),
(9975, 0, 489, 141, 0, NULL),
(9976, 0, 490, 141, 0, NULL),
(9977, 0, 491, 141, 0, NULL),
(9978, 0, 492, 141, 1, 18),
(9979, 0, 493, 141, 1, 5.5),
(9980, 0, 494, 141, 0, NULL),
(9981, 0, 495, 141, 1, 8),
(9982, 0, 496, 141, 1, 14),
(9983, 0, 497, 141, 0, NULL),
(9984, 0, 498, 141, 1, 8),
(9985, 0, 499, 141, 1, 3),
(9986, 0, 500, 141, 1, 4),
(9987, 0, 501, 141, 0, 11),
(9988, 0, 502, 141, 0, 2),
(9989, 0, 503, 141, 0, 4),
(9990, 0, 559, 141, 1, 3),
(9991, 0, 560, 141, 1, 5),
(9992, 0, 561, 141, 1, 11.5),
(9993, 0, 562, 141, 1, 4),
(9994, 0, 564, 141, 0, NULL),
(9995, 0, 565, 141, 0, NULL),
(9996, 0, 566, 141, 1, 16),
(9997, 0, 567, 141, 1, 3.5),
(9998, 0, 568, 141, 1, 5),
(9999, 0, 569, 141, 1, 4),
(10000, 0, 570, 141, 1, 11),
(10001, 0, 571, 141, 0, 5),
(10002, 0, 574, 141, 1, 5),
(10003, 0, 575, 141, 0, 4),
(10004, 0, 576, 141, 0, NULL),
(10005, 0, 577, 141, 0, NULL),
(10006, 0, 578, 141, 0, 5),
(10007, 0, 580, 141, 0, NULL),
(10008, 0, 581, 141, 0, 7),
(10009, 0, 582, 141, 0, 12.5),
(10010, 0, 583, 141, 1, 11),
(10011, 0, 584, 141, 0, 4.5),
(10012, 0, 526, 141, 1, 5),
(10013, 0, 527, 141, 1, 6),
(10014, 0, 528, 141, 1, 2),
(10015, 0, 529, 141, 1, 4),
(10016, 0, 530, 141, 0, NULL),
(10017, 0, 532, 141, 1, 6),
(10018, 0, 533, 141, 1, 5.5),
(10019, 0, 534, 141, 1, 4),
(10020, 0, 535, 141, 1, 4),
(10021, 0, 536, 141, 1, 8),
(10022, 0, 538, 141, 0, 2),
(10023, 0, 539, 141, 0, NULL),
(10024, 0, 540, 141, 0, 5),
(10025, 0, 541, 141, 0, NULL),
(10026, 0, 542, 141, 1, 4),
(10027, 0, 543, 141, 1, 5),
(10028, 0, 544, 141, 0, NULL),
(10029, 0, 547, 141, 0, 6),
(10030, 0, 548, 141, 0, 4),
(10031, 0, 549, 141, 0, 9.5),
(10032, 0, 550, 141, 0, 11.5),
(10033, 0, 551, 141, 0, NULL),
(10034, 0, 102, 141, 1, 5),
(10035, 0, 103, 141, 1, 8),
(10036, 0, 104, 141, 0, NULL),
(10037, 0, 105, 141, 1, 11.5),
(10038, 0, 106, 141, 1, 22),
(10039, 0, 107, 141, 1, 18),
(10040, 0, 108, 141, 1, 4.5),
(10041, 0, 109, 141, 0, NULL),
(10042, 0, 110, 141, 1, 5.5),
(10043, 0, 111, 141, 1, 11),
(10044, 0, 112, 141, 1, 5.5),
(10045, 0, 113, 141, 0, NULL),
(10046, 0, 117, 141, 0, 11.5),
(10047, 0, 118, 141, 0, NULL),
(10048, 0, 119, 141, 1, 14),
(10049, 0, 123, 141, 1, 5),
(10050, 0, 127, 141, 0, 4),
(10051, 0, 128, 141, 0, 2),
(10052, 0, 129, 141, 0, 3),
(10053, 0, 130, 141, 0, 4),
(10054, 0, 131, 141, 0, 6),
(10055, 0, 132, 141, 0, 4.5),
(10056, 0, 133, 141, 0, 5),
(10057, 0, 134, 141, 1, 8),
(10058, 0, 135, 141, 0, NULL),
(10059, 0, 136, 141, 1, 3),
(10060, 0, 137, 141, 1, 4),
(10061, 0, 138, 141, 1, 8),
(10062, 0, 139, 141, 1, 5.5),
(10063, 0, 140, 141, 0, NULL),
(10064, 0, 141, 141, 0, NULL),
(10065, 0, 142, 141, 1, 5),
(10066, 0, 143, 141, 1, 5),
(10067, 0, 166, 141, 1, 2),
(10068, 0, 168, 141, 0, 6),
(10069, 0, 169, 141, 1, 6),
(10070, 0, 171, 141, 0, 4),
(10071, 0, 172, 141, 0, 5),
(10072, 0, 173, 141, 0, NULL),
(10073, 0, 180, 141, 1, 5),
(10074, 0, 181, 141, 0, 3.5),
(10075, 0, 182, 141, 1, 11),
(10076, 0, 183, 141, 0, 5),
(10077, 0, 184, 141, 0, NULL),
(10078, 0, 15, 141, 1, 36),
(10079, 0, 16, 141, 1, 5),
(10080, 0, 17, 141, 1, 4),
(10081, 0, 18, 141, 1, 5),
(10082, 0, 19, 141, 1, 2),
(10083, 0, 20, 141, 1, 6),
(10084, 0, 21, 141, 1, 6),
(10085, 0, 22, 141, 0, NULL),
(10086, 0, 24, 141, 1, 5.5),
(10087, 0, 418, 141, 0, NULL),
(10088, 0, 419, 141, 1, 4.5),
(10089, 0, 421, 141, 1, 2),
(10090, 0, 422, 141, 1, 8),
(10091, 0, 424, 141, 0, 5),
(10092, 0, 426, 141, 0, NULL),
(10093, 0, 430, 141, 0, 6.5),
(10094, 0, 434, 141, 0, 3.5),
(10095, 0, 436, 141, 0, 6.5),
(10096, 0, 438, 141, 0, 4.5),
(10097, 0, 439, 141, 0, 3),
(10098, 0, 444, 141, 0, NULL),
(10099, 0, 445, 141, 0, 5),
(10100, 0, 185, 141, 1, 1),
(10101, 0, 186, 141, 0, 2),
(10102, 0, 187, 141, 1, 11.5),
(10103, 0, 188, 141, 1, 6),
(10104, 0, 190, 141, 1, 5.5),
(10105, 0, 191, 141, 0, NULL),
(10106, 0, 193, 141, 0, NULL),
(10107, 0, 195, 141, 1, 6),
(10108, 0, 196, 141, 1, 4),
(10109, 0, 197, 141, 0, NULL),
(10110, 0, 198, 141, 1, 5),
(10111, 0, 199, 141, 0, 4),
(10112, 0, 201, 141, 1, 6),
(10113, 0, 203, 141, 0, NULL),
(10114, 0, 205, 141, 0, NULL),
(10115, 0, 206, 141, 0, 5),
(10116, 0, 208, 141, 0, 4),
(10117, 0, 209, 141, 0, 4.5),
(10118, 0, 458, 141, 1, 5),
(10119, 0, 460, 141, 1, 8),
(10120, 0, 467, 141, 1, 14),
(10121, 0, 469, 141, 0, NULL),
(10122, 0, 368, 141, 1, 3),
(10123, 0, 374, 141, 0, 3),
(10124, 0, 375, 141, 1, 11.5),
(10125, 0, 377, 141, 1, 12.5),
(10126, 0, 381, 141, 1, 6),
(10127, 0, 382, 141, 0, 5),
(10128, 0, 384, 141, 0, 5),
(10129, 0, 389, 141, 1, 14),
(10130, 0, 391, 141, 0, NULL),
(10131, 0, 393, 141, 0, NULL),
(10132, 0, 400, 141, 1, 7.5),
(10133, 0, 404, 141, 1, 5.5),
(10134, 0, 408, 141, 0, 4.5),
(10135, 0, 409, 141, 0, NULL),
(10136, 0, 414, 141, 0, 4),
(10137, 0, 415, 141, 1, 6),
(10138, 0, 429, 141, 0, 5),
(10139, 0, 432, 141, 0, 5.5),
(10140, 0, 435, 141, 1, 3),
(10141, 0, 441, 141, 1, 5),
(10142, 0, 446, 141, 1, 2),
(10143, 0, 448, 141, 0, 4),
(10144, 0, 326, 141, 1, 36),
(10145, 0, 327, 141, 0, NULL),
(10146, 0, 552, 141, 0, 6),
(10147, 0, 553, 141, 1, 4.5),
(10148, 0, 554, 141, 0, NULL),
(10149, 0, 555, 141, 0, 5),
(10150, 0, 556, 141, 1, 3),
(10151, 0, 557, 141, 0, 5),
(10152, 0, 558, 141, 1, 8),
(10153, 0, 585, 141, 1, 13),
(10154, 0, 586, 141, 0, 5),
(10155, 0, 587, 141, 1, 5),
(10156, 0, 588, 141, 1, 12.5),
(10157, 0, 589, 141, 0, NULL),
(10158, 0, 590, 141, 1, 6),
(10159, 0, 591, 141, 1, 11.5),
(10160, 0, 592, 141, 0, NULL),
(10161, 0, 593, 141, 1, 6),
(10162, 0, 594, 141, 1, 5),
(10163, 0, 595, 141, 0, NULL),
(10164, 0, 596, 141, 0, NULL),
(10165, 0, 597, 141, 0, 4),
(10166, 0, 504, 141, 1, 1),
(10167, 0, 505, 141, 0, 5),
(10168, 0, 506, 141, 0, NULL),
(10169, 0, 507, 141, 1, 11.5),
(10170, 0, 508, 141, 1, 5),
(10171, 0, 509, 141, 1, 6),
(10172, 0, 510, 141, 0, NULL),
(10173, 0, 511, 141, 1, 5),
(10174, 0, 512, 141, 0, 5),
(10175, 0, 513, 141, 1, 5.5),
(10176, 0, 514, 141, 0, NULL),
(10177, 0, 515, 141, 1, 7.5),
(10178, 0, 516, 141, 0, NULL),
(10179, 0, 517, 141, 1, 14),
(10180, 0, 518, 141, 0, NULL),
(10181, 0, 519, 141, 0, 6),
(10182, 0, 520, 141, 0, NULL),
(10183, 0, 521, 141, 1, 6),
(10184, 0, 522, 141, 0, NULL),
(10185, 0, 523, 141, 1, 4),
(10186, 0, 524, 141, 1, 6),
(10187, 0, 525, 141, 0, 4.5),
(10188, 0, 144, 141, 1, 5.5),
(10189, 0, 145, 141, 1, 5),
(10190, 0, 146, 141, 1, 4),
(10191, 0, 147, 141, 0, NULL),
(10192, 0, 148, 141, 1, 13),
(10193, 0, 149, 141, 1, 8),
(10194, 0, 150, 141, 0, NULL),
(10195, 0, 151, 141, 1, 4),
(10196, 0, 152, 141, 0, NULL),
(10197, 0, 153, 141, 0, 4),
(10198, 0, 154, 141, 0, NULL),
(10199, 0, 155, 141, 1, 6),
(10200, 0, 156, 141, 1, 12.5),
(10201, 0, 157, 141, 1, 5),
(10202, 0, 158, 141, 0, 8.5),
(10203, 0, 159, 141, 1, 11.5),
(10204, 0, 160, 141, 1, 12),
(10205, 0, 161, 141, 0, NULL),
(10206, 0, 162, 141, 0, NULL),
(10207, 0, 163, 141, 0, 6.5),
(10208, 0, 164, 141, 0, NULL),
(10209, 0, 165, 141, 0, NULL),
(10210, 0, 362, 141, 0, 2),
(10211, 0, 363, 141, 0, NULL),
(10212, 0, 364, 141, 1, 4),
(10213, 0, 366, 141, 1, 11),
(10214, 0, 367, 141, 0, NULL),
(10215, 0, 449, 141, 0, 5.5),
(10216, 0, 450, 141, 1, 11),
(10217, 0, 451, 141, 1, 1),
(10218, 0, 452, 141, 1, 6),
(10219, 0, 453, 141, 0, NULL),
(10220, 0, 454, 141, 0, NULL),
(10221, 0, 455, 141, 1, 6),
(10222, 0, 456, 141, 0, NULL),
(10223, 0, 457, 141, 1, 14),
(10224, 0, 459, 141, 0, NULL),
(10225, 0, 461, 141, 1, 3),
(10226, 0, 462, 141, 1, 11.5),
(10227, 0, 463, 141, 1, 5),
(10228, 0, 464, 141, 0, 5),
(10229, 0, 465, 141, 1, 6.5),
(10230, 0, 466, 141, 0, NULL),
(10231, 0, 468, 141, 0, 3),
(10232, 0, 296, 141, 1, 9.5),
(10233, 0, 297, 141, 1, 11.5),
(10234, 0, 298, 141, 1, 12),
(10235, 0, 299, 141, 1, 5),
(10236, 0, 300, 141, 1, 5),
(10237, 0, 301, 141, 0, NULL),
(10238, 0, 302, 141, 1, 12),
(10239, 0, 303, 141, 0, NULL),
(10240, 0, 304, 141, 1, 4),
(10241, 0, 305, 141, 1, 11),
(10242, 0, 307, 141, 0, 5),
(10243, 0, 308, 141, 0, NULL),
(10244, 0, 310, 141, 0, NULL),
(10245, 0, 312, 141, 0, NULL),
(10246, 0, 313, 141, 1, 6),
(10247, 0, 316, 141, 1, 5),
(10248, 0, 317, 141, 0, NULL),
(10249, 0, 318, 141, 0, 5),
(10250, 0, 320, 141, 0, NULL),
(10251, 0, 322, 141, 1, 3),
(10252, 0, 324, 141, 0, 3.5),
(10253, 0, 325, 141, 0, 6),
(10254, 0, 77, 141, 1, 1),
(10255, 0, 78, 141, 1, 6),
(10256, 0, 79, 141, 1, 5),
(10257, 0, 81, 141, 1, 5),
(10258, 0, 82, 141, 1, 3.5),
(10259, 0, 83, 141, 1, 28),
(10260, 0, 84, 141, 1, 4),
(10261, 0, 85, 141, 1, 6),
(10262, 0, 86, 141, 0, NULL),
(10263, 0, 87, 141, 0, NULL),
(10264, 0, 88, 141, 0, 4),
(10265, 0, 89, 141, 1, 6),
(10266, 0, 90, 141, 0, NULL),
(10267, 0, 91, 141, 0, NULL),
(10268, 0, 93, 141, 1, 5),
(10269, 0, 94, 141, 1, 4),
(10270, 0, 96, 141, 0, NULL),
(10271, 0, 97, 141, 0, 6),
(10272, 0, 98, 141, 0, NULL),
(10273, 0, 99, 141, 0, 6),
(10274, 0, 100, 141, 0, 12.5),
(10275, 0, 101, 141, 0, NULL),
(10276, 0, 229, 141, 1, 5),
(10277, 0, 230, 141, 1, 4),
(10278, 0, 231, 141, 1, 6.5),
(10279, 0, 232, 141, 1, 11.5),
(10280, 0, 236, 141, 1, 5),
(10281, 0, 241, 141, 1, 8),
(10282, 0, 244, 141, 0, NULL),
(10283, 0, 246, 141, 1, 10),
(10284, 0, 247, 141, 1, 4),
(10285, 0, 248, 141, 1, 6.5),
(10286, 0, 250, 141, 0, 1),
(10287, 0, 251, 141, 0, 5),
(10288, 0, 255, 141, 0, 6),
(10289, 0, 263, 141, 0, NULL),
(10290, 0, 264, 141, 1, 4),
(10291, 0, 265, 141, 0, NULL),
(10292, 0, 266, 141, 0, NULL),
(10293, 0, 268, 141, 1, 5),
(10294, 0, 269, 141, 0, NULL),
(10295, 0, 270, 141, 0, NULL),
(10296, 0, 271, 141, 0, NULL),
(10297, 0, 272, 141, 0, 9.5),
(10298, 0, 25, 141, 1, 8),
(10299, 0, 26, 141, 0, NULL),
(10300, 0, 27, 141, 1, 5),
(10301, 0, 28, 141, 0, NULL),
(10302, 0, 29, 141, 1, 11.5),
(10303, 0, 30, 141, 1, 6.5),
(10304, 0, 31, 141, 1, 5),
(10305, 0, 32, 141, 0, 5.5),
(10306, 0, 33, 141, 1, 5),
(10307, 0, 34, 141, 0, NULL),
(10308, 0, 35, 141, 1, 7.5),
(10309, 0, 36, 141, 1, 14),
(10310, 0, 37, 141, 0, 2),
(10311, 0, 38, 141, 1, 10),
(10312, 0, 40, 141, 1, 4),
(10313, 0, 41, 141, 0, NULL),
(10314, 0, 42, 141, 0, 4),
(10315, 0, 43, 141, 0, NULL),
(10316, 0, 44, 141, 0, NULL),
(10317, 0, 46, 141, 0, NULL),
(10318, 0, 47, 141, 1, 6),
(10319, 0, 48, 141, 0, NULL),
(10320, 0, 211, 141, 1, 3),
(10321, 0, 212, 141, 0, 5),
(10322, 0, 213, 141, 0, NULL),
(10323, 0, 214, 141, 1, 5),
(10324, 0, 215, 141, 0, 11.5),
(10325, 0, 216, 141, 1, 12.5),
(10326, 0, 217, 141, 0, NULL),
(10327, 0, 219, 141, 1, 5),
(10328, 0, 220, 141, 1, 13),
(10329, 0, 221, 141, 1, 8),
(10330, 0, 222, 141, 0, NULL),
(10331, 0, 223, 141, 1, 14),
(10332, 0, 224, 141, 1, 6),
(10333, 0, 225, 141, 0, NULL),
(10334, 0, 226, 141, 0, NULL),
(10335, 0, 235, 141, 0, NULL),
(10336, 0, 237, 141, 1, 5.5),
(10337, 0, 238, 141, 0, NULL),
(10338, 0, 239, 141, 0, NULL),
(10339, 0, 249, 141, 0, 6),
(10340, 0, 252, 141, 0, NULL),
(10341, 0, 254, 141, 0, 4),
(10342, 0, 274, 141, 0, NULL),
(10343, 0, 275, 141, 1, 3),
(10344, 0, 276, 141, 0, -1),
(10345, 0, 277, 141, 0, NULL),
(10346, 0, 278, 141, 1, 2),
(10347, 0, 279, 141, 1, 3),
(10348, 0, 280, 141, 0, NULL),
(10349, 0, 281, 141, 1, 5.5),
(10350, 0, 282, 141, 0, 4),
(10351, 0, 283, 141, 1, 4.5),
(10352, 0, 284, 141, 0, NULL),
(10353, 0, 285, 141, 1, 10),
(10354, 0, 286, 141, 1, 16),
(10355, 0, 287, 141, 0, NULL),
(10356, 0, 288, 141, 0, NULL),
(10357, 0, 289, 141, 0, NULL),
(10358, 0, 290, 141, 1, 11),
(10359, 0, 291, 141, 0, NULL),
(10360, 0, 292, 141, 0, NULL),
(10361, 0, 293, 141, 1, 20),
(10362, 0, 294, 141, 1, 3.5),
(10363, 0, 295, 141, 0, NULL),
(10364, 0, 49, 141, 1, 5),
(10365, 0, 50, 141, 0, 5),
(10366, 0, 52, 141, 1, 2),
(10367, 0, 53, 141, 1, 5),
(10368, 0, 54, 141, 1, 5),
(10369, 0, 55, 141, 0, NULL),
(10370, 0, 56, 141, 1, 10),
(10371, 0, 57, 141, 1, 7.5),
(10372, 0, 58, 141, 1, 11),
(10373, 0, 59, 141, 1, 4.5),
(10374, 0, 60, 141, 0, NULL),
(10375, 0, 61, 141, 1, 3),
(10376, 0, 62, 141, 0, NULL),
(10377, 0, 63, 141, 0, 5),
(10378, 0, 65, 141, 1, 3.5),
(10379, 0, 66, 141, 1, 5),
(10380, 0, 70, 141, 0, 3.5),
(10381, 0, 72, 141, 0, NULL),
(10382, 0, 73, 141, 0, NULL),
(10383, 0, 74, 141, 0, NULL),
(10384, 0, 75, 141, 0, 5),
(10385, 0, 76, 141, 0, NULL),
(12146, 0, 2, 142, 1, 3),
(12147, 0, 3, 142, 0, 8),
(12148, 0, 8, 142, 0, NULL),
(12149, 0, 9, 142, 0, NULL),
(12150, 0, 11, 142, 1, 10),
(12151, 0, 12, 142, 1, 6.5),
(12152, 0, 13, 142, 1, 14),
(12153, 0, 14, 142, 0, NULL),
(12154, 0, 121, 142, 0, NULL),
(12155, 0, 126, 142, 1, 3),
(12156, 0, 174, 142, 0, NULL),
(12157, 0, 175, 142, 1, 6),
(12158, 0, 176, 142, 1, 6),
(12159, 0, 177, 142, 0, NULL),
(12160, 0, 179, 142, 1, 4.5),
(12161, 0, 471, 142, 0, NULL),
(12162, 0, 472, 142, 0, NULL),
(12163, 0, 473, 142, 0, 6),
(12164, 0, 475, 142, 1, 6.5),
(12165, 0, 478, 142, 0, NULL),
(12166, 0, 480, 142, 1, 3),
(12167, 0, 481, 142, 0, NULL),
(12168, 0, 482, 142, 1, 8),
(12169, 0, 483, 142, 0, 7),
(12170, 0, 484, 142, 0, 7),
(12171, 0, 485, 142, 1, 4.5),
(12172, 0, 486, 142, 0, NULL),
(12173, 0, 487, 142, 1, 4.5),
(12174, 0, 488, 142, 1, 3),
(12175, 0, 489, 142, 0, 5.5),
(12176, 0, 490, 142, 0, NULL),
(12177, 0, 491, 142, 0, NULL),
(12178, 0, 492, 142, 1, 18),
(12179, 0, 493, 142, 1, 5),
(12180, 0, 494, 142, 0, NULL),
(12181, 0, 495, 142, 1, 10.5),
(12182, 0, 496, 142, 1, 14),
(12183, 0, 497, 142, 0, NULL),
(12184, 0, 498, 142, 1, 21),
(12185, 0, 499, 142, 1, 4),
(12186, 0, 500, 142, 1, 4.5),
(12187, 0, 501, 142, 0, 4),
(12188, 0, 502, 142, 0, 3),
(12189, 0, 503, 142, 0, NULL),
(12190, 0, 559, 142, 1, 8),
(12191, 0, 560, 142, 0, NULL),
(12192, 0, 561, 142, 1, 4),
(12193, 0, 562, 142, 1, 4.5),
(12194, 0, 564, 142, 0, NULL),
(12195, 0, 565, 142, 0, NULL),
(12196, 0, 566, 142, 1, 6),
(12197, 0, 567, 142, 1, 4),
(12198, 0, 568, 142, 1, 6),
(12199, 0, 569, 142, 1, 4.5),
(12200, 0, 570, 142, 1, 4),
(12201, 0, 571, 142, 0, 5.5),
(12202, 0, 574, 142, 1, 7),
(12203, 0, 575, 142, 0, 2),
(12204, 0, 576, 142, 0, NULL),
(12205, 0, 577, 142, 0, 3),
(12206, 0, 578, 142, 0, 4),
(12207, 0, 580, 142, 0, NULL),
(12208, 0, 581, 142, 1, 4),
(12209, 0, 582, 142, 0, 5),
(12210, 0, 583, 142, 1, 10),
(12211, 0, 584, 142, 0, 4),
(12212, 0, 526, 142, 1, 4),
(12213, 0, 527, 142, 1, 5),
(12214, 0, 528, 142, 1, 5),
(12215, 0, 529, 142, 1, 4.5),
(12216, 0, 530, 142, 0, NULL),
(12217, 0, 532, 142, 1, 6.5),
(12218, 0, 533, 142, 1, 5),
(12219, 0, 534, 142, 1, 7),
(12220, 0, 535, 142, 0, NULL),
(12221, 0, 536, 142, 1, 21),
(12222, 0, 538, 142, 0, 3),
(12223, 0, 539, 142, 0, 4),
(12224, 0, 540, 142, 0, 5.5),
(12225, 0, 541, 142, 1, 6),
(12226, 0, 542, 142, 1, 4),
(12227, 0, 543, 142, 0, NULL),
(12228, 0, 544, 142, 0, NULL),
(12229, 0, 547, 142, 0, 6),
(12230, 0, 548, 142, 0, 6),
(12231, 0, 549, 142, 0, 16),
(12232, 0, 550, 142, 0, 4),
(12233, 0, 551, 142, 1, 5.5),
(12234, 0, 102, 142, 1, 4),
(12235, 0, 103, 142, 1, 21),
(12236, 0, 104, 142, 0, NULL),
(12237, 0, 105, 142, 1, 4),
(12238, 0, 106, 142, 1, 5),
(12239, 0, 107, 142, 1, 18),
(12240, 0, 108, 142, 1, 4),
(12241, 0, 109, 142, 0, NULL),
(12242, 0, 110, 142, 1, 5),
(12243, 0, 111, 142, 1, 4),
(12244, 0, 112, 142, 1, 4),
(12245, 0, 113, 142, 1, 6),
(12246, 0, 117, 142, 0, 15),
(12247, 0, 118, 142, 0, NULL),
(12248, 0, 119, 142, 1, 14),
(12249, 0, 123, 142, 0, 9),
(12250, 0, 127, 142, 0, NULL),
(12251, 0, 128, 142, 0, 5),
(12252, 0, 129, 142, 0, 8),
(12253, 0, 130, 142, 0, NULL),
(12254, 0, 131, 142, 0, 5),
(12255, 0, 132, 142, 0, 4),
(12256, 0, 133, 142, 0, 4),
(12257, 0, 134, 142, 1, 21),
(12258, 0, 135, 142, 0, NULL),
(12259, 0, 136, 142, 1, 8),
(12260, 0, 137, 142, 1, 7),
(12261, 0, 138, 142, 1, 10.5),
(12262, 0, 139, 142, 1, 5),
(12263, 0, 140, 142, 0, NULL),
(12264, 0, 141, 142, 1, 5.5),
(12265, 0, 142, 142, 0, NULL),
(12266, 0, 143, 142, 1, 3),
(12267, 0, 166, 142, 1, 3),
(12268, 0, 168, 142, 0, 1),
(12269, 0, 169, 142, 1, 14),
(12270, 0, 171, 142, 1, 4.5),
(12271, 0, 172, 142, 0, NULL),
(12272, 0, 173, 142, 0, NULL),
(12273, 0, 180, 142, 0, NULL),
(12274, 0, 181, 142, 0, 4),
(12275, 0, 182, 142, 1, 4),
(12276, 0, 183, 142, 0, 4),
(12277, 0, 184, 142, 0, NULL),
(12278, 0, 15, 142, 1, 36),
(12279, 0, 16, 142, 1, 4),
(12280, 0, 17, 142, 1, 10.5),
(12281, 0, 18, 142, 1, 4),
(12282, 0, 19, 142, 1, 5),
(12283, 0, 20, 142, 1, 5),
(12284, 0, 21, 142, 1, 14),
(12285, 0, 22, 142, 0, NULL),
(12286, 0, 24, 142, 1, 5),
(12287, 0, 418, 142, 0, NULL),
(12288, 0, 419, 142, 1, 4),
(12289, 0, 421, 142, 1, 3),
(12290, 0, 422, 142, 1, 10.5),
(12291, 0, 424, 142, 0, 9),
(12292, 0, 426, 142, 0, NULL),
(12293, 0, 430, 142, 0, 5),
(12294, 0, 434, 142, 0, 4),
(12295, 0, 436, 142, 0, 4),
(12296, 0, 438, 142, 0, 4),
(12297, 0, 439, 142, 0, 8),
(12298, 0, 444, 142, 0, 6),
(12299, 0, 445, 142, 0, NULL),
(12300, 0, 185, 142, 1, 15),
(12301, 0, 186, 142, 0, 5),
(12302, 0, 187, 142, 1, 4),
(12303, 0, 188, 142, 1, 14),
(12304, 0, 190, 142, 1, 5),
(12305, 0, 191, 142, 1, 5.5),
(12306, 0, 193, 142, 0, NULL),
(12307, 0, 195, 142, 1, 8),
(12308, 0, 196, 142, 0, NULL),
(12309, 0, 197, 142, 0, NULL),
(12310, 0, 198, 142, 1, 4.5),
(12311, 0, 199, 142, 0, 4.5),
(12312, 0, 201, 142, 1, 5.5),
(12313, 0, 203, 142, 0, NULL),
(12314, 0, 205, 142, 0, NULL),
(12315, 0, 206, 142, 0, 4),
(12316, 0, 208, 142, 0, 4),
(12317, 0, 209, 142, 0, 4),
(12318, 0, 458, 142, 1, 4),
(12319, 0, 460, 142, 1, 10.5),
(12320, 0, 467, 142, 1, 14),
(12321, 0, 469, 142, 0, NULL),
(12322, 0, 368, 142, 1, 8),
(12323, 0, 374, 142, 0, 5),
(12324, 0, 375, 142, 1, 4),
(12325, 0, 377, 142, 1, 5),
(12326, 0, 381, 142, 1, 5),
(12327, 0, 382, 142, 0, NULL),
(12328, 0, 384, 142, 0, NULL),
(12329, 0, 389, 142, 1, 6),
(12330, 0, 391, 142, 0, NULL),
(12331, 0, 393, 142, 1, 4),
(12332, 0, 400, 142, 1, 19),
(12333, 0, 404, 142, 0, 5),
(12334, 0, 408, 142, 0, 4),
(12335, 0, 409, 142, 0, NULL),
(12336, 0, 414, 142, 0, 6),
(12337, 0, 415, 142, 1, 8),
(12338, 0, 429, 142, 0, 4),
(12339, 0, 432, 142, 0, 5),
(12340, 0, 435, 142, 1, 5),
(12341, 0, 441, 142, 1, 9),
(12342, 0, 446, 142, 1, 3),
(12343, 0, 448, 142, 0, NULL),
(12344, 0, 326, 142, 1, 36),
(12345, 0, 327, 142, 0, NULL),
(12346, 0, 552, 142, 0, 5),
(12347, 0, 553, 142, 1, 4),
(12348, 0, 554, 142, 1, 3),
(12349, 0, 555, 142, 0, 5.5),
(12350, 0, 556, 142, 1, 8),
(12351, 0, 557, 142, 0, 4),
(12352, 0, 558, 142, 1, 10.5),
(12353, 0, 585, 142, 1, 8.5),
(12354, 0, 586, 142, 0, NULL),
(12355, 0, 587, 142, 1, 3),
(12356, 0, 588, 142, 1, 5),
(12357, 0, 589, 142, 0, NULL),
(12358, 0, 590, 142, 1, 5.5),
(12359, 0, 591, 142, 1, 4),
(12360, 0, 592, 142, 0, NULL),
(12361, 0, 593, 142, 0, 5.5),
(12362, 0, 594, 142, 1, 4),
(12363, 0, 595, 142, 0, 6),
(12364, 0, 596, 142, 0, NULL),
(12365, 0, 597, 142, 0, 7),
(12366, 0, 504, 142, 1, 15),
(12367, 0, 505, 142, 0, 5.5),
(12368, 0, 506, 142, 0, NULL),
(12369, 0, 507, 142, 1, 4),
(12370, 0, 508, 142, 0, NULL),
(12371, 0, 509, 142, 1, 14),
(12372, 0, 510, 142, 0, NULL),
(12373, 0, 511, 142, 1, 4.5),
(12374, 0, 512, 142, 0, NULL),
(12375, 0, 513, 142, 1, 5),
(12376, 0, 514, 142, 0, NULL),
(12377, 0, 515, 142, 1, 19),
(12378, 0, 516, 142, 0, NULL),
(12379, 0, 517, 142, 1, 14),
(12380, 0, 518, 142, 0, NULL),
(12381, 0, 519, 142, 0, 6.5),
(12382, 0, 520, 142, 0, NULL),
(12383, 0, 521, 142, 1, 8),
(12384, 0, 522, 142, 0, NULL),
(12385, 0, 523, 142, 0, NULL),
(12386, 0, 524, 142, 1, 5),
(12387, 0, 525, 142, 0, 4),
(12388, 0, 144, 142, 1, 5),
(12389, 0, 145, 142, 1, 6),
(12390, 0, 146, 142, 0, NULL),
(12391, 0, 147, 142, 0, NULL),
(12392, 0, 148, 142, 1, 8.5),
(12393, 0, 149, 142, 1, 21),
(12394, 0, 150, 142, 0, NULL),
(12395, 0, 151, 142, 1, 5),
(12396, 0, 152, 142, 1, 5),
(12397, 0, 153, 142, 0, NULL),
(12398, 0, 154, 142, 0, NULL),
(12399, 0, 155, 142, 1, 6),
(12400, 0, 156, 142, 1, 5),
(12401, 0, 157, 142, 1, 4),
(12402, 0, 158, 142, 0, 7),
(12403, 0, 159, 142, 1, 4),
(12404, 0, 160, 142, 1, 2),
(12405, 0, 161, 142, 0, NULL),
(12406, 0, 162, 142, 0, NULL),
(12407, 0, 163, 142, 0, 6.5),
(12408, 0, 164, 142, 0, NULL),
(12409, 0, 165, 142, 0, NULL),
(12410, 0, 362, 142, 1, 3),
(12411, 0, 363, 142, 0, NULL),
(12412, 0, 364, 142, 0, NULL),
(12413, 0, 366, 142, 1, 4),
(12414, 0, 367, 142, 0, NULL),
(12415, 0, 449, 142, 0, 4.5),
(12416, 0, 450, 142, 1, 10),
(12417, 0, 451, 142, 1, 15),
(12418, 0, 452, 142, 1, 14),
(12419, 0, 453, 142, 0, NULL),
(12420, 0, 454, 142, 0, NULL),
(12421, 0, 455, 142, 1, 5.5),
(12422, 0, 456, 142, 1, 4.5),
(12423, 0, 457, 142, 1, 6),
(12424, 0, 459, 142, 0, 6),
(12425, 0, 461, 142, 1, 6),
(12426, 0, 462, 142, 1, 4),
(12427, 0, 463, 142, 0, 3),
(12428, 0, 464, 142, 0, 4.5),
(12429, 0, 465, 142, 1, 5.5),
(12430, 0, 466, 142, 0, NULL),
(12431, 0, 468, 142, 0, 4),
(12432, 0, 296, 142, 1, 16),
(12433, 0, 297, 142, 1, 4),
(12434, 0, 298, 142, 1, 28),
(12435, 0, 299, 142, 0, NULL),
(12436, 0, 300, 142, 1, 3.5),
(12437, 0, 301, 142, 0, NULL),
(12438, 0, 302, 142, 1, 6),
(12439, 0, 303, 142, 0, NULL),
(12440, 0, 304, 142, 0, NULL),
(12441, 0, 305, 142, 1, 4),
(12442, 0, 307, 142, 0, 5.5),
(12443, 0, 308, 142, 0, NULL),
(12444, 0, 310, 142, 0, NULL),
(12445, 0, 312, 142, 1, 4),
(12446, 0, 313, 142, 1, 5),
(12447, 0, 316, 142, 1, 4),
(12448, 0, 317, 142, 0, NULL),
(12449, 0, 318, 142, 0, NULL),
(12450, 0, 320, 142, 0, NULL),
(12451, 0, 322, 142, 1, 3),
(12452, 0, 324, 142, 0, NULL),
(12453, 0, 325, 142, 0, 5),
(12454, 0, 77, 142, 1, 15),
(12455, 0, 78, 142, 1, 6),
(12456, 0, 79, 142, 1, 4.5),
(12457, 0, 81, 142, 1, 9),
(12458, 0, 82, 142, 1, 4),
(12459, 0, 83, 142, 1, 28),
(12460, 0, 84, 142, 1, 4),
(12461, 0, 85, 142, 1, 7),
(12462, 0, 86, 142, 0, NULL),
(12463, 0, 87, 142, 0, NULL),
(12464, 0, 88, 142, 0, 7),
(12465, 0, 89, 142, 1, 5),
(12466, 0, 90, 142, 0, 5.5),
(12467, 0, 91, 142, 0, NULL),
(12468, 0, 93, 142, 1, 4),
(12469, 0, 94, 142, 1, 6),
(12470, 0, 96, 142, 0, NULL),
(12471, 0, 97, 142, 0, 4),
(12472, 0, 98, 142, 0, NULL),
(12473, 0, 99, 142, 0, 1),
(12474, 0, 100, 142, 0, 5),
(12475, 0, 101, 142, 0, 5),
(12476, 0, 229, 142, 1, 4),
(12477, 0, 230, 142, 1, 4.5),
(12478, 0, 231, 142, 1, 6.5),
(12479, 0, 232, 142, 1, 4),
(12480, 0, 236, 142, 0, NULL),
(12481, 0, 241, 142, 1, 7),
(12482, 0, 244, 142, 1, 11),
(12483, 0, 246, 142, 1, 4),
(12484, 0, 247, 142, 1, 4),
(12485, 0, 248, 142, 1, 4.5),
(12486, 0, 250, 142, 0, 15),
(12487, 0, 251, 142, 1, 5),
(12488, 0, 255, 142, 0, 5),
(12489, 0, 263, 142, 0, NULL),
(12490, 0, 264, 142, 0, NULL),
(12491, 0, 265, 142, 0, NULL),
(12492, 0, 266, 142, 0, NULL),
(12493, 0, 268, 142, 1, 4),
(12494, 0, 269, 142, 0, 4.5),
(12495, 0, 270, 142, 0, NULL),
(12496, 0, 271, 142, 0, NULL),
(12497, 0, 272, 142, 0, 16),
(12498, 0, 25, 142, 1, 21),
(12499, 0, 26, 142, 0, NULL),
(12500, 0, 27, 142, 1, 4),
(12501, 0, 28, 142, 0, NULL),
(12502, 0, 29, 142, 1, 4),
(12503, 0, 30, 142, 1, 6.5),
(12504, 0, 31, 142, 1, 4.5),
(12505, 0, 32, 142, 0, 5),
(12506, 0, 33, 142, 0, NULL),
(12507, 0, 34, 142, 1, 5),
(12508, 0, 35, 142, 1, 19),
(12509, 0, 36, 142, 1, 14),
(12510, 0, 37, 142, 0, 3),
(12511, 0, 38, 142, 1, 4),
(12512, 0, 40, 142, 1, 4.5),
(12513, 0, 41, 142, 0, NULL),
(12514, 0, 42, 142, 0, NULL),
(12515, 0, 43, 142, 0, NULL),
(12516, 0, 44, 142, 0, NULL),
(12517, 0, 46, 142, 0, NULL),
(12518, 0, 47, 142, 1, 5.5),
(12519, 0, 48, 142, 0, NULL),
(12520, 0, 211, 142, 1, 8),
(12521, 0, 212, 142, 0, 4),
(12522, 0, 213, 142, 1, 4.5),
(12523, 0, 214, 142, 1, 3),
(12524, 0, 215, 142, 0, 4),
(12525, 0, 216, 142, 1, 5),
(12526, 0, 217, 142, 0, NULL),
(12527, 0, 219, 142, 1, 4),
(12528, 0, 220, 142, 1, 8.5),
(12529, 0, 221, 142, 1, 21),
(12530, 0, 222, 142, 0, NULL),
(12531, 0, 223, 142, 1, 14),
(12532, 0, 224, 142, 1, 6),
(12533, 0, 225, 142, 0, 5),
(12534, 0, 226, 142, 0, NULL),
(12535, 0, 235, 142, 0, NULL),
(12536, 0, 237, 142, 1, 5),
(12537, 0, 238, 142, 0, NULL),
(12538, 0, 239, 142, 0, NULL),
(12539, 0, 249, 142, 0, 1),
(12540, 0, 252, 142, 0, NULL),
(12541, 0, 254, 142, 0, 4.5),
(12542, 0, 274, 142, 0, NULL),
(12543, 0, 275, 142, 1, 8),
(12544, 0, 276, 142, 0, 3),
(12545, 0, 277, 142, 1, 4.5),
(12546, 0, 278, 142, 1, 5),
(12547, 0, 279, 142, 1, 6),
(12548, 0, 280, 142, 0, 6),
(12549, 0, 281, 142, 0, 5),
(12550, 0, 282, 142, 0, NULL),
(12551, 0, 283, 142, 1, 5),
(12552, 0, 284, 142, 0, NULL),
(12553, 0, 285, 142, 1, 8),
(12554, 0, 286, 142, 1, 6),
(12555, 0, 287, 142, 1, 5.5),
(12556, 0, 288, 142, 1, 6),
(12557, 0, 289, 142, 0, NULL),
(12558, 0, 290, 142, 1, 4),
(12559, 0, 291, 142, 0, NULL),
(12560, 0, 292, 142, 0, NULL),
(12561, 0, 293, 142, 1, 5),
(12562, 0, 294, 142, 0, NULL),
(12563, 0, 295, 142, 0, NULL),
(12564, 0, 49, 142, 1, 4),
(12565, 0, 50, 142, 0, 5.5),
(12566, 0, 52, 142, 1, 5),
(12567, 0, 53, 142, 0, NULL),
(12568, 0, 54, 142, 0, NULL),
(12569, 0, 55, 142, 0, NULL),
(12570, 0, 56, 142, 0, NULL),
(12571, 0, 57, 142, 1, 19),
(12572, 0, 58, 142, 1, 8),
(12573, 0, 59, 142, 1, 4),
(12574, 0, 60, 142, 0, NULL),
(12575, 0, 61, 142, 1, 4),
(12576, 0, 62, 142, 1, 6),
(12577, 0, 63, 142, 0, NULL),
(12578, 0, 65, 142, 1, 4),
(12579, 0, 66, 142, 1, 4.5),
(12580, 0, 70, 142, 0, NULL),
(12581, 0, 72, 142, 0, NULL),
(12582, 0, 73, 142, 0, NULL),
(12583, 0, 74, 142, 0, NULL),
(12584, 0, 75, 142, 1, 7),
(12585, 0, 76, 142, 0, NULL),
(15226, 0, 2, 143, 0, NULL),
(15227, 0, 3, 143, 1, 5),
(15228, 0, 8, 143, 1, 5),
(15229, 0, 9, 143, 0, NULL),
(15230, 0, 11, 143, 0, NULL),
(15231, 0, 12, 143, 1, 40),
(15232, 0, 13, 143, 1, 6.5),
(15233, 0, 14, 143, 1, 5.5),
(15234, 0, 121, 143, 0, NULL),
(15235, 0, 126, 143, 1, 4),
(15236, 0, 174, 143, 0, NULL),
(15237, 0, 175, 143, 1, 3.5),
(15238, 0, 176, 143, 1, 4.5),
(15239, 0, 177, 143, 0, NULL),
(15240, 0, 179, 143, 0, NULL),
(15241, 0, 471, 143, 0, NULL),
(15242, 0, 472, 143, 1, 5),
(15243, 0, 473, 143, 0, 6),
(15244, 0, 475, 143, 1, 5.5),
(15245, 0, 478, 143, 0, NULL),
(15246, 0, 480, 143, 1, 5),
(15247, 0, 481, 143, 0, NULL),
(15248, 0, 482, 143, 1, 5),
(15249, 0, 483, 143, 0, 5),
(15250, 0, 484, 143, 0, 18),
(15251, 0, 485, 143, 1, 6),
(15252, 0, 486, 143, 1, 4),
(15253, 0, 487, 143, 1, 13),
(15254, 0, 488, 143, 1, 5),
(15255, 0, 489, 143, 0, 6),
(15256, 0, 490, 143, 0, NULL),
(15257, 0, 491, 143, 0, NULL),
(15258, 0, 492, 143, 1, 6.5),
(15259, 0, 493, 143, 0, NULL),
(15260, 0, 494, 143, 0, NULL),
(15261, 0, 495, 143, 1, 6),
(15262, 0, 496, 143, 1, 6.5),
(15263, 0, 497, 143, 0, NULL),
(15264, 0, 498, 143, 1, 10),
(15265, 0, 499, 143, 1, 2),
(15266, 0, 500, 143, 0, NULL),
(15267, 0, 501, 143, 1, 9),
(15268, 0, 502, 143, 0, 4),
(15269, 0, 503, 143, 0, 9),
(15270, 0, 559, 143, 1, 5),
(15271, 0, 560, 143, 1, 5),
(15272, 0, 561, 143, 1, 6),
(15273, 0, 562, 143, 1, 6),
(15274, 0, 564, 143, 0, NULL),
(15275, 0, 565, 143, 0, NULL),
(15276, 0, 566, 143, 1, 6),
(15277, 0, 567, 143, 1, 4.5),
(15278, 0, 568, 143, 1, 5),
(15279, 0, 569, 143, 0, NULL),
(15280, 0, 570, 143, 1, 18),
(15281, 0, 571, 143, 0, 6),
(15282, 0, 574, 143, 1, 5),
(15283, 0, 575, 143, 0, NULL),
(15284, 0, 576, 143, 0, NULL),
(15285, 0, 577, 143, 0, NULL),
(15286, 0, 578, 143, 0, 9),
(15287, 0, 580, 143, 0, NULL),
(15288, 0, 581, 143, 1, 5.5),
(15289, 0, 582, 143, 0, 5),
(15290, 0, 583, 143, 0, NULL),
(15291, 0, 584, 143, 0, 6),
(15292, 0, 526, 143, 1, 9),
(15293, 0, 527, 143, 1, 5),
(15294, 0, 528, 143, 1, 6),
(15295, 0, 529, 143, 1, 6),
(15296, 0, 530, 143, 0, NULL),
(15297, 0, 532, 143, 1, 20),
(15298, 0, 533, 143, 0, NULL),
(15299, 0, 534, 143, 1, 6.5),
(15300, 0, 535, 143, 1, 5),
(15301, 0, 536, 143, 1, 10),
(15302, 0, 538, 143, 0, 4),
(15303, 0, 539, 143, 0, NULL),
(15304, 0, 540, 143, 0, 6),
(15305, 0, 541, 143, 1, 6.5),
(15306, 0, 542, 143, 1, 5),
(15307, 0, 543, 143, 1, 6),
(15308, 0, 544, 143, 0, NULL),
(15309, 0, 547, 143, 0, 3),
(15310, 0, 548, 143, 0, 5),
(15311, 0, 549, 143, 0, NULL),
(15312, 0, 550, 143, 0, 6),
(15313, 0, 551, 143, 0, NULL),
(15314, 0, 102, 143, 1, 9),
(15315, 0, 103, 143, 1, 10),
(15316, 0, 104, 143, 0, NULL),
(15317, 0, 105, 143, 1, 6),
(15318, 0, 106, 143, 1, 5),
(15319, 0, 107, 143, 1, 6.5),
(15320, 0, 108, 143, 1, 5.5),
(15321, 0, 109, 143, 0, NULL),
(15322, 0, 110, 143, 0, NULL),
(15323, 0, 111, 143, 1, 9),
(15324, 0, 112, 143, 1, 4),
(15325, 0, 113, 143, 1, 6.5),
(15326, 0, 117, 143, 0, 18),
(15327, 0, 118, 143, 0, NULL),
(15328, 0, 119, 143, 1, 6.5),
(15329, 0, 123, 143, 1, 5),
(15330, 0, 127, 143, 0, 5),
(15331, 0, 128, 143, 0, 6),
(15332, 0, 129, 143, 0, 5),
(15333, 0, 130, 143, 0, 9),
(15334, 0, 131, 143, 0, 4.5),
(15335, 0, 132, 143, 0, 6),
(15336, 0, 133, 143, 0, 9),
(15337, 0, 134, 143, 1, 10),
(15338, 0, 135, 143, 0, NULL),
(15339, 0, 136, 143, 1, 5),
(15340, 0, 137, 143, 1, 6.5),
(15341, 0, 138, 143, 1, 6),
(15342, 0, 139, 143, 0, NULL),
(15343, 0, 140, 143, 0, NULL),
(15344, 0, 141, 143, 0, NULL),
(15345, 0, 142, 143, 1, 5),
(15346, 0, 143, 143, 1, 5),
(15347, 0, 166, 143, 1, 4),
(15348, 0, 168, 143, 0, 2.5),
(15349, 0, 169, 143, 1, 5),
(15350, 0, 171, 143, 1, 6),
(15351, 0, 172, 143, 0, 5),
(15352, 0, 173, 143, 0, NULL),
(15353, 0, 180, 143, 1, 6),
(15354, 0, 181, 143, 0, 4.5),
(15355, 0, 182, 143, 1, 9),
(15356, 0, 183, 143, 0, NULL),
(15357, 0, 184, 143, 0, NULL),
(15358, 0, 15, 143, 1, 13),
(15359, 0, 16, 143, 1, 4.5),
(15360, 0, 17, 143, 1, 5),
(15361, 0, 18, 143, 1, 9),
(15362, 0, 19, 143, 1, 6),
(15363, 0, 20, 143, 1, 5),
(15364, 0, 21, 143, 1, 5),
(15365, 0, 22, 143, 0, NULL),
(15366, 0, 24, 143, 0, NULL),
(15367, 0, 418, 143, 0, NULL),
(15368, 0, 419, 143, 1, 3),
(15369, 0, 421, 143, 1, 4),
(15370, 0, 422, 143, 1, 6),
(15371, 0, 424, 143, 1, 5),
(15372, 0, 426, 143, 0, NULL),
(15373, 0, 430, 143, 0, 6),
(15374, 0, 434, 143, 0, 4.5),
(15375, 0, 436, 143, 0, 4),
(15376, 0, 438, 143, 0, 6),
(15377, 0, 439, 143, 0, 5),
(15378, 0, 444, 143, 0, 6.5);
INSERT INTO `playerteamweek` (`id`, `version`, `playerteam`, `week`, `plays`, `points`) VALUES
(15379, 0, 445, 143, 0, 5),
(15380, 0, 185, 143, 1, 16),
(15381, 0, 186, 143, 0, 6),
(15382, 0, 187, 143, 1, 6),
(15383, 0, 188, 143, 1, 5),
(15384, 0, 190, 143, 0, NULL),
(15385, 0, 191, 143, 0, NULL),
(15386, 0, 193, 143, 0, NULL),
(15387, 0, 195, 143, 1, 4),
(15388, 0, 196, 143, 1, 9),
(15389, 0, 197, 143, 0, NULL),
(15390, 0, 198, 143, 1, 13),
(15391, 0, 199, 143, 1, 5.5),
(15392, 0, 201, 143, 1, 6),
(15393, 0, 203, 143, 1, 5),
(15394, 0, 205, 143, 0, NULL),
(15395, 0, 206, 143, 0, 9),
(15396, 0, 208, 143, 0, 4),
(15397, 0, 209, 143, 0, 3),
(15398, 0, 458, 143, 0, NULL),
(15399, 0, 460, 143, 1, 6),
(15400, 0, 467, 143, 1, 6.5),
(15401, 0, 469, 143, 0, NULL),
(15402, 0, 368, 143, 1, 5),
(15403, 0, 374, 143, 0, 5),
(15404, 0, 375, 143, 1, 6),
(15405, 0, 377, 143, 1, 5),
(15406, 0, 381, 143, 1, 5),
(15407, 0, 382, 143, 1, 6),
(15408, 0, 384, 143, 0, 5),
(15409, 0, 389, 143, 1, 6.5),
(15410, 0, 391, 143, 0, NULL),
(15411, 0, 393, 143, 0, NULL),
(15412, 0, 400, 143, 1, 24),
(15413, 0, 404, 143, 0, NULL),
(15414, 0, 408, 143, 0, 6),
(15415, 0, 409, 143, 1, 5.5),
(15416, 0, 414, 143, 0, 5),
(15417, 0, 415, 143, 1, 4),
(15418, 0, 429, 143, 0, 9),
(15419, 0, 432, 143, 0, 6),
(15420, 0, 435, 143, 1, 6),
(15421, 0, 441, 143, 1, 5),
(15422, 0, 446, 143, 0, 4),
(15423, 0, 448, 143, 0, 5),
(15424, 0, 326, 143, 1, 13),
(15425, 0, 327, 143, 0, NULL),
(15426, 0, 552, 143, 0, 5),
(15427, 0, 553, 143, 1, 6),
(15428, 0, 554, 143, 0, NULL),
(15429, 0, 555, 143, 0, 6),
(15430, 0, 556, 143, 1, 5),
(15431, 0, 557, 143, 0, NULL),
(15432, 0, 558, 143, 1, 6),
(15433, 0, 585, 143, 1, 4),
(15434, 0, 586, 143, 0, 6),
(15435, 0, 587, 143, 1, 5),
(15436, 0, 588, 143, 1, 5),
(15437, 0, 589, 143, 0, NULL),
(15438, 0, 590, 143, 1, 6),
(15439, 0, 591, 143, 1, 6),
(15440, 0, 592, 143, 0, NULL),
(15441, 0, 593, 143, 1, 6),
(15442, 0, 594, 143, 1, 14),
(15443, 0, 595, 143, 0, 6.5),
(15444, 0, 596, 143, 0, NULL),
(15445, 0, 597, 143, 0, 5),
(15446, 0, 504, 143, 1, 16),
(15447, 0, 505, 143, 0, 6),
(15448, 0, 506, 143, 0, NULL),
(15449, 0, 507, 143, 1, 6),
(15450, 0, 508, 143, 1, 4),
(15451, 0, 509, 143, 1, 5),
(15452, 0, 510, 143, 0, NULL),
(15453, 0, 511, 143, 1, 13),
(15454, 0, 512, 143, 0, 5),
(15455, 0, 513, 143, 0, NULL),
(15456, 0, 514, 143, 0, NULL),
(15457, 0, 515, 143, 1, 24),
(15458, 0, 516, 143, 0, NULL),
(15459, 0, 517, 143, 1, 6.5),
(15460, 0, 518, 143, 1, 5),
(15461, 0, 519, 143, 0, 20),
(15462, 0, 520, 143, 0, NULL),
(15463, 0, 521, 143, 1, 4),
(15464, 0, 522, 143, 1, 5.5),
(15465, 0, 523, 143, 1, 9),
(15466, 0, 524, 143, 0, 4.5),
(15467, 0, 525, 143, 0, 6),
(15468, 0, 144, 143, 0, NULL),
(15469, 0, 145, 143, 1, 5),
(15470, 0, 146, 143, 1, 5),
(15471, 0, 147, 143, 1, 5),
(15472, 0, 148, 143, 1, 4),
(15473, 0, 149, 143, 1, 10),
(15474, 0, 150, 143, 0, NULL),
(15475, 0, 151, 143, 1, 4),
(15476, 0, 152, 143, 0, NULL),
(15477, 0, 153, 143, 1, 9),
(15478, 0, 154, 143, 0, NULL),
(15479, 0, 155, 143, 1, 4.5),
(15480, 0, 156, 143, 1, 5),
(15481, 0, 157, 143, 1, 9),
(15482, 0, 158, 143, 0, 18),
(15483, 0, 159, 143, 1, 6),
(15484, 0, 160, 143, 0, NULL),
(15485, 0, 161, 143, 0, NULL),
(15486, 0, 162, 143, 0, NULL),
(15487, 0, 163, 143, 0, 6),
(15488, 0, 164, 143, 0, NULL),
(15489, 0, 165, 143, 0, NULL),
(15490, 0, 362, 143, 0, 4),
(15491, 0, 363, 143, 0, 3),
(15492, 0, 364, 143, 1, 9),
(15493, 0, 366, 143, 1, 18),
(15494, 0, 367, 143, 0, NULL),
(15495, 0, 449, 143, 0, 6),
(15496, 0, 450, 143, 0, NULL),
(15497, 0, 451, 143, 1, 16),
(15498, 0, 452, 143, 1, 5),
(15499, 0, 453, 143, 0, NULL),
(15500, 0, 454, 143, 1, 4),
(15501, 0, 455, 143, 1, 6),
(15502, 0, 456, 143, 1, 6),
(15503, 0, 457, 143, 1, 6.5),
(15504, 0, 459, 143, 0, 6.5),
(15505, 0, 461, 143, 1, 6),
(15506, 0, 462, 143, 1, 6),
(15507, 0, 463, 143, 0, 5),
(15508, 0, 464, 143, 0, 6),
(15509, 0, 465, 143, 1, 6),
(15510, 0, 466, 143, 0, NULL),
(15511, 0, 468, 143, 0, 2),
(15512, 0, 296, 143, 0, NULL),
(15513, 0, 297, 143, 1, 6),
(15514, 0, 298, 143, 1, 10),
(15515, 0, 299, 143, 1, 4),
(15516, 0, 300, 143, 1, 4),
(15517, 0, 301, 143, 0, NULL),
(15518, 0, 302, 143, 1, 4.5),
(15519, 0, 303, 143, 0, NULL),
(15520, 0, 304, 143, 1, 5),
(15521, 0, 305, 143, 1, 9),
(15522, 0, 307, 143, 1, 6),
(15523, 0, 308, 143, 0, NULL),
(15524, 0, 310, 143, 0, NULL),
(15525, 0, 312, 143, 0, NULL),
(15526, 0, 313, 143, 1, 5),
(15527, 0, 316, 143, 1, 5),
(15528, 0, 317, 143, 0, NULL),
(15529, 0, 318, 143, 0, 5),
(15530, 0, 320, 143, 0, NULL),
(15531, 0, 322, 143, 1, 5),
(15532, 0, 324, 143, 0, 18),
(15533, 0, 325, 143, 0, 4.5),
(15534, 0, 77, 143, 1, 16),
(15535, 0, 78, 143, 1, 3.5),
(15536, 0, 79, 143, 1, 13),
(15537, 0, 81, 143, 1, 5),
(15538, 0, 82, 143, 1, 4.5),
(15539, 0, 83, 143, 1, 13),
(15540, 0, 84, 143, 1, 4),
(15541, 0, 85, 143, 1, 6.5),
(15542, 0, 86, 143, 0, NULL),
(15543, 0, 87, 143, 0, NULL),
(15544, 0, 88, 143, 0, 5),
(15545, 0, 89, 143, 1, 5),
(15546, 0, 90, 143, 1, 6),
(15547, 0, 91, 143, 0, NULL),
(15548, 0, 93, 143, 0, NULL),
(15549, 0, 94, 143, 1, 5),
(15550, 0, 96, 143, 0, NULL),
(15551, 0, 97, 143, 0, NULL),
(15552, 0, 98, 143, 0, NULL),
(15553, 0, 99, 143, 0, 2.5),
(15554, 0, 100, 143, 0, 5),
(15555, 0, 101, 143, 0, 5),
(15556, 0, 229, 143, 1, 9),
(15557, 0, 230, 143, 0, NULL),
(15558, 0, 231, 143, 1, 6),
(15559, 0, 232, 143, 1, 6),
(15560, 0, 236, 143, 1, 5),
(15561, 0, 241, 143, 1, 14),
(15562, 0, 244, 143, 0, NULL),
(15563, 0, 246, 143, 1, 4.5),
(15564, 0, 247, 143, 1, 5),
(15565, 0, 248, 143, 1, 6),
(15566, 0, 250, 143, 0, 16),
(15567, 0, 251, 143, 1, 5),
(15568, 0, 255, 143, 1, 5),
(15569, 0, 263, 143, 0, 5.5),
(15570, 0, 264, 143, 0, NULL),
(15571, 0, 265, 143, 0, NULL),
(15572, 0, 266, 143, 0, NULL),
(15573, 0, 268, 143, 1, 4),
(15574, 0, 269, 143, 0, 5.5),
(15575, 0, 270, 143, 0, NULL),
(15576, 0, 271, 143, 0, NULL),
(15577, 0, 272, 143, 0, NULL),
(15578, 0, 25, 143, 1, 10),
(15579, 0, 26, 143, 0, NULL),
(15580, 0, 27, 143, 1, 9),
(15581, 0, 28, 143, 0, NULL),
(15582, 0, 29, 143, 1, 6),
(15583, 0, 30, 143, 1, 6),
(15584, 0, 31, 143, 1, 13),
(15585, 0, 32, 143, 0, 6),
(15586, 0, 33, 143, 1, 6),
(15587, 0, 34, 143, 1, 5),
(15588, 0, 35, 143, 1, 24),
(15589, 0, 36, 143, 1, 6.5),
(15590, 0, 37, 143, 0, 4),
(15591, 0, 38, 143, 1, 4.5),
(15592, 0, 40, 143, 0, NULL),
(15593, 0, 41, 143, 0, NULL),
(15594, 0, 42, 143, 0, 2.5),
(15595, 0, 43, 143, 0, NULL),
(15596, 0, 44, 143, 0, NULL),
(15597, 0, 46, 143, 0, NULL),
(15598, 0, 47, 143, 1, 6),
(15599, 0, 48, 143, 0, NULL),
(15600, 0, 211, 143, 1, 5),
(15601, 0, 212, 143, 0, 9),
(15602, 0, 213, 143, 1, 6),
(15603, 0, 214, 143, 1, 5),
(15604, 0, 215, 143, 0, 6),
(15605, 0, 216, 143, 1, 5),
(15606, 0, 217, 143, 0, NULL),
(15607, 0, 219, 143, 0, NULL),
(15608, 0, 220, 143, 1, 4),
(15609, 0, 221, 143, 1, 10),
(15610, 0, 222, 143, 0, NULL),
(15611, 0, 223, 143, 1, 6.5),
(15612, 0, 224, 143, 1, 3),
(15613, 0, 225, 143, 0, 5),
(15614, 0, 226, 143, 0, NULL),
(15615, 0, 235, 143, 0, NULL),
(15616, 0, 237, 143, 0, NULL),
(15617, 0, 238, 143, 1, 4),
(15618, 0, 239, 143, 0, NULL),
(15619, 0, 249, 143, 0, 2.5),
(15620, 0, 252, 143, 0, NULL),
(15621, 0, 254, 143, 0, NULL),
(15622, 0, 274, 143, 1, 6),
(15623, 0, 275, 143, 0, 5),
(15624, 0, 276, 143, 0, NULL),
(15625, 0, 277, 143, 1, 6),
(15626, 0, 278, 143, 1, 6),
(15627, 0, 279, 143, 1, 6),
(15628, 0, 280, 143, 0, 6.5),
(15629, 0, 281, 143, 0, 6),
(15630, 0, 282, 143, 0, 2.5),
(15631, 0, 283, 143, 1, 5),
(15632, 0, 284, 143, 0, NULL),
(15633, 0, 285, 143, 1, 5),
(15634, 0, 286, 143, 1, 6),
(15635, 0, 287, 143, 1, 6),
(15636, 0, 288, 143, 0, 6),
(15637, 0, 289, 143, 0, NULL),
(15638, 0, 290, 143, 1, 9),
(15639, 0, 291, 143, 0, NULL),
(15640, 0, 292, 143, 0, NULL),
(15641, 0, 293, 143, 1, 5),
(15642, 0, 294, 143, 1, 9),
(15643, 0, 295, 143, 0, NULL),
(15644, 0, 49, 143, 1, 9),
(15645, 0, 50, 143, 0, 6),
(15646, 0, 52, 143, 1, 6),
(15647, 0, 53, 143, 1, 5),
(15648, 0, 54, 143, 1, 4),
(15649, 0, 55, 143, 0, NULL),
(15650, 0, 56, 143, 1, 12),
(15651, 0, 57, 143, 1, 24),
(15652, 0, 58, 143, 1, 9),
(15653, 0, 59, 143, 1, 6),
(15654, 0, 60, 143, 1, 5.5),
(15655, 0, 61, 143, 0, 2),
(15656, 0, 62, 143, 0, 6.5),
(15657, 0, 63, 143, 0, 5),
(15658, 0, 65, 143, 1, 4.5),
(15659, 0, 66, 143, 1, 6),
(15660, 0, 70, 143, 0, 9),
(15661, 0, 72, 143, 0, NULL),
(15662, 0, 73, 143, 0, NULL),
(15663, 0, 74, 143, 0, NULL),
(15664, 0, 75, 143, 0, 5),
(15665, 0, 76, 143, 0, NULL),
(16986, 0, 2, 144, 0, NULL),
(16987, 0, 3, 144, 1, 3),
(16988, 0, 8, 144, 1, 5.5),
(16989, 0, 9, 144, 0, NULL),
(16990, 0, 11, 144, 1, 13),
(16991, 0, 12, 144, 1, 5.5),
(16992, 0, 13, 144, 1, 5.5),
(16993, 0, 14, 144, 1, 5.5),
(16994, 0, 121, 144, 0, NULL),
(16995, 0, 126, 144, 1, 4),
(16996, 0, 174, 144, 0, NULL),
(16997, 0, 175, 144, 1, 4),
(16998, 0, 176, 144, 1, 5),
(16999, 0, 177, 144, 0, NULL),
(17000, 0, 179, 144, 0, NULL),
(17001, 0, 471, 144, 0, NULL),
(17002, 0, 472, 144, 0, NULL),
(17003, 0, 473, 144, 0, 5),
(17004, 0, 475, 144, 1, 6),
(17005, 0, 478, 144, 0, NULL),
(17006, 0, 480, 144, 1, 1.5),
(17007, 0, 481, 144, 0, 5),
(17008, 0, 482, 144, 1, 3),
(17009, 0, 483, 144, 0, 4),
(17010, 0, 484, 144, 0, 1),
(17011, 0, 485, 144, 1, 3.5),
(17012, 0, 486, 144, 1, 3.5),
(17013, 0, 487, 144, 1, 4),
(17014, 0, 488, 144, 0, 1.5),
(17015, 0, 489, 144, 0, 5),
(17016, 0, 490, 144, 0, NULL),
(17017, 0, 491, 144, 1, 3),
(17018, 0, 492, 144, 1, 14),
(17019, 0, 493, 144, 1, 6.5),
(17020, 0, 494, 144, 0, NULL),
(17021, 0, 495, 144, 1, 6.5),
(17022, 0, 496, 144, 0, 5.5),
(17023, 0, 497, 144, 0, NULL),
(17024, 0, 498, 144, 1, 8),
(17025, 0, 499, 144, 0, NULL),
(17026, 0, 500, 144, 0, NULL),
(17027, 0, 501, 144, 1, 5),
(17028, 0, 502, 144, 1, 4),
(17029, 0, 503, 144, 0, 4.5),
(17030, 0, 559, 144, 1, 3),
(17031, 0, 560, 144, 0, NULL),
(17032, 0, 561, 144, 1, 6),
(17033, 0, 562, 144, 1, 3.5),
(17034, 0, 564, 144, 0, NULL),
(17035, 0, 565, 144, 0, NULL),
(17036, 0, 566, 144, 1, 2),
(17037, 0, 567, 144, 1, 2.5),
(17038, 0, 568, 144, 1, 5),
(17039, 0, 569, 144, 0, NULL),
(17040, 0, 570, 144, 1, 5),
(17041, 0, 571, 144, 0, 3),
(17042, 0, 574, 144, 1, 5),
(17043, 0, 575, 144, 0, 3.5),
(17044, 0, 576, 144, 0, NULL),
(17045, 0, 577, 144, 1, 9),
(17046, 0, 578, 144, 0, 7.5),
(17047, 0, 580, 144, 0, NULL),
(17048, 0, 581, 144, 1, 6),
(17049, 0, 582, 144, 0, 5),
(17050, 0, 583, 144, 1, 13),
(17051, 0, 584, 144, 0, 9),
(17052, 0, 526, 144, 1, 7.5),
(17053, 0, 527, 144, 1, 3.5),
(17054, 0, 528, 144, 1, 4),
(17055, 0, 529, 144, 1, 3.5),
(17056, 0, 530, 144, 0, NULL),
(17057, 0, 532, 144, 1, 5.5),
(17058, 0, 533, 144, 1, 6.5),
(17059, 0, 534, 144, 1, 6),
(17060, 0, 535, 144, 0, NULL),
(17061, 0, 536, 144, 1, 8),
(17062, 0, 538, 144, 1, 4),
(17063, 0, 539, 144, 0, NULL),
(17064, 0, 540, 144, 0, 3),
(17065, 0, 541, 144, 1, 5),
(17066, 0, 542, 144, 1, 19),
(17067, 0, 543, 144, 0, NULL),
(17068, 0, 544, 144, 0, NULL),
(17069, 0, 547, 144, 0, 3),
(17070, 0, 548, 144, 0, 5),
(17071, 0, 549, 144, 0, NULL),
(17072, 0, 550, 144, 0, 6),
(17073, 0, 551, 144, 0, NULL),
(17074, 0, 102, 144, 0, 7.5),
(17075, 0, 103, 144, 1, 8),
(17076, 0, 104, 144, 1, 4.5),
(17077, 0, 105, 144, 1, 6),
(17078, 0, 106, 144, 1, 4),
(17079, 0, 107, 144, 1, 14),
(17080, 0, 108, 144, 1, 3.5),
(17081, 0, 109, 144, 0, NULL),
(17082, 0, 110, 144, 1, 6.5),
(17083, 0, 111, 144, 1, 5),
(17084, 0, 112, 144, 1, 3.5),
(17085, 0, 113, 144, 0, 5),
(17086, 0, 117, 144, 1, 15),
(17087, 0, 118, 144, 0, NULL),
(17088, 0, 119, 144, 1, 5.5),
(17089, 0, 123, 144, 0, 5),
(17090, 0, 127, 144, 0, NULL),
(17091, 0, 128, 144, 0, 4),
(17092, 0, 129, 144, 0, 3),
(17093, 0, 130, 144, 0, 4.5),
(17094, 0, 131, 144, 0, NULL),
(17095, 0, 132, 144, 0, 9),
(17096, 0, 133, 144, 0, 7.5),
(17097, 0, 134, 144, 1, 8),
(17098, 0, 135, 144, 0, NULL),
(17099, 0, 136, 144, 1, 3),
(17100, 0, 137, 144, 1, 6),
(17101, 0, 138, 144, 1, 6.5),
(17102, 0, 139, 144, 1, 6.5),
(17103, 0, 140, 144, 1, 6.5),
(17104, 0, 141, 144, 0, NULL),
(17105, 0, 142, 144, 0, NULL),
(17106, 0, 143, 144, 1, 1.5),
(17107, 0, 166, 144, 0, 4),
(17108, 0, 168, 144, 0, 5),
(17109, 0, 169, 144, 1, 6),
(17110, 0, 171, 144, 1, 3.5),
(17111, 0, 172, 144, 1, 4),
(17112, 0, 173, 144, 0, NULL),
(17113, 0, 180, 144, 0, NULL),
(17114, 0, 181, 144, 0, 2.5),
(17115, 0, 182, 144, 1, 5),
(17116, 0, 183, 144, 0, NULL),
(17117, 0, 184, 144, 0, NULL),
(17118, 0, 15, 144, 1, 28),
(17119, 0, 16, 144, 1, 5),
(17120, 0, 17, 144, 1, 4),
(17121, 0, 18, 144, 1, 7.5),
(17122, 0, 19, 144, 1, 4),
(17123, 0, 20, 144, 1, 3.5),
(17124, 0, 21, 144, 1, 6),
(17125, 0, 22, 144, 0, NULL),
(17126, 0, 24, 144, 1, 6.5),
(17127, 0, 418, 144, 0, NULL),
(17128, 0, 419, 144, 1, 10),
(17129, 0, 421, 144, 1, 4),
(17130, 0, 422, 144, 1, 6.5),
(17131, 0, 424, 144, 0, 5),
(17132, 0, 426, 144, 0, NULL),
(17133, 0, 430, 144, 0, 5),
(17134, 0, 434, 144, 0, 2.5),
(17135, 0, 436, 144, 0, 14),
(17136, 0, 438, 144, 0, 9),
(17137, 0, 439, 144, 0, 3),
(17138, 0, 444, 144, 0, 5),
(17139, 0, 445, 144, 0, NULL),
(17140, 0, 185, 144, 0, NULL),
(17141, 0, 186, 144, 0, 4),
(17142, 0, 187, 144, 1, 6),
(17143, 0, 188, 144, 1, 6),
(17144, 0, 190, 144, 1, 13),
(17145, 0, 191, 144, 0, NULL),
(17146, 0, 193, 144, 0, NULL),
(17147, 0, 195, 144, 0, NULL),
(17148, 0, 196, 144, 1, 4.5),
(17149, 0, 197, 144, 1, 3.5),
(17150, 0, 198, 144, 1, 4),
(17151, 0, 199, 144, 0, 5),
(17152, 0, 201, 144, 1, 3.5),
(17153, 0, 203, 144, 0, NULL),
(17154, 0, 205, 144, 0, NULL),
(17155, 0, 206, 144, 0, 7.5),
(17156, 0, 208, 144, 0, 4),
(17157, 0, 209, 144, 0, 10),
(17158, 0, 458, 144, 1, 6),
(17159, 0, 460, 144, 1, 6.5),
(17160, 0, 467, 144, 1, 5.5),
(17161, 0, 469, 144, 1, 4.5),
(17162, 0, 368, 144, 1, 3),
(17163, 0, 374, 144, 0, 9),
(17164, 0, 375, 144, 1, 6),
(17165, 0, 377, 144, 1, 5),
(17166, 0, 381, 144, 1, 3.5),
(17167, 0, 382, 144, 0, 6),
(17168, 0, 384, 144, 0, NULL),
(17169, 0, 389, 144, 1, 15),
(17170, 0, 391, 144, 0, NULL),
(17171, 0, 393, 144, 1, 7.5),
(17172, 0, 400, 144, 1, 5),
(17173, 0, 404, 144, 0, 6.5),
(17174, 0, 408, 144, 0, 9),
(17175, 0, 409, 144, 1, 11),
(17176, 0, 414, 144, 1, 5),
(17177, 0, 415, 144, 0, NULL),
(17178, 0, 429, 144, 0, 7.5),
(17179, 0, 432, 144, 0, 5.5),
(17180, 0, 435, 144, 1, 6),
(17181, 0, 441, 144, 1, 5),
(17182, 0, 446, 144, 0, 4),
(17183, 0, 448, 144, 0, NULL),
(17184, 0, 326, 144, 1, 28),
(17185, 0, 327, 144, 0, NULL),
(17186, 0, 552, 144, 0, 3.5),
(17187, 0, 553, 144, 1, 9),
(17188, 0, 554, 144, 1, 9),
(17189, 0, 555, 144, 0, 3),
(17190, 0, 556, 144, 1, 3),
(17191, 0, 557, 144, 0, NULL),
(17192, 0, 558, 144, 1, 6.5),
(17193, 0, 585, 144, 1, 3),
(17194, 0, 586, 144, 0, 6),
(17195, 0, 587, 144, 1, 1.5),
(17196, 0, 588, 144, 1, 5),
(17197, 0, 589, 144, 0, NULL),
(17198, 0, 590, 144, 1, 3.5),
(17199, 0, 591, 144, 1, 6),
(17200, 0, 592, 144, 0, NULL),
(17201, 0, 593, 144, 0, 7.5),
(17202, 0, 594, 144, 1, 6),
(17203, 0, 595, 144, 0, 5),
(17204, 0, 596, 144, 0, NULL),
(17205, 0, 597, 144, 0, 4),
(17206, 0, 504, 144, 0, NULL),
(17207, 0, 505, 144, 1, 3),
(17208, 0, 506, 144, 0, NULL),
(17209, 0, 507, 144, 1, 6),
(17210, 0, 508, 144, 1, 3.5),
(17211, 0, 509, 144, 1, 6),
(17212, 0, 510, 144, 0, NULL),
(17213, 0, 511, 144, 1, 4),
(17214, 0, 512, 144, 0, NULL),
(17215, 0, 513, 144, 1, 6.5),
(17216, 0, 514, 144, 0, NULL),
(17217, 0, 515, 144, 1, 5),
(17218, 0, 516, 144, 0, NULL),
(17219, 0, 517, 144, 1, 5.5),
(17220, 0, 518, 144, 0, NULL),
(17221, 0, 519, 144, 0, 5.5),
(17222, 0, 520, 144, 0, NULL),
(17223, 0, 521, 144, 0, NULL),
(17224, 0, 522, 144, 1, 5.5),
(17225, 0, 523, 144, 1, 4.5),
(17226, 0, 524, 144, 0, NULL),
(17227, 0, 525, 144, 0, 9),
(17228, 0, 144, 144, 1, 6.5),
(17229, 0, 145, 144, 1, 5),
(17230, 0, 146, 144, 0, NULL),
(17231, 0, 147, 144, 0, NULL),
(17232, 0, 148, 144, 1, 3),
(17233, 0, 149, 144, 1, 8),
(17234, 0, 150, 144, 1, 4.5),
(17235, 0, 151, 144, 1, 4),
(17236, 0, 152, 144, 1, 5),
(17237, 0, 153, 144, 0, 4.5),
(17238, 0, 154, 144, 0, NULL),
(17239, 0, 155, 144, 1, 3.5),
(17240, 0, 156, 144, 1, 5),
(17241, 0, 157, 144, 1, 7.5),
(17242, 0, 158, 144, 0, 1),
(17243, 0, 159, 144, 1, 6),
(17244, 0, 160, 144, 0, NULL),
(17245, 0, 161, 144, 0, NULL),
(17246, 0, 162, 144, 0, NULL),
(17247, 0, 163, 144, 0, 5),
(17248, 0, 164, 144, 0, NULL),
(17249, 0, 165, 144, 0, NULL),
(17250, 0, 362, 144, 0, 4),
(17251, 0, 363, 144, 0, NULL),
(17252, 0, 364, 144, 1, 4.5),
(17253, 0, 366, 144, 1, 5),
(17254, 0, 367, 144, 0, NULL),
(17255, 0, 449, 144, 0, 6),
(17256, 0, 450, 144, 1, 13),
(17257, 0, 451, 144, 0, NULL),
(17258, 0, 452, 144, 1, 6),
(17259, 0, 453, 144, 0, NULL),
(17260, 0, 454, 144, 1, 5),
(17261, 0, 455, 144, 1, 7.5),
(17262, 0, 456, 144, 0, NULL),
(17263, 0, 457, 144, 1, 15),
(17264, 0, 459, 144, 0, 5),
(17265, 0, 461, 144, 1, 5),
(17266, 0, 462, 144, 1, 6),
(17267, 0, 463, 144, 1, 1.5),
(17268, 0, 464, 144, 0, 4.5),
(17269, 0, 465, 144, 0, 10.5),
(17270, 0, 466, 144, 0, NULL),
(17271, 0, 468, 144, 0, NULL),
(17272, 0, 296, 144, 0, NULL),
(17273, 0, 297, 144, 1, 6),
(17274, 0, 298, 144, 1, 12),
(17275, 0, 299, 144, 1, 3.5),
(17276, 0, 300, 144, 1, 3.5),
(17277, 0, 301, 144, 0, NULL),
(17278, 0, 302, 144, 1, 5),
(17279, 0, 303, 144, 0, NULL),
(17280, 0, 304, 144, 0, NULL),
(17281, 0, 305, 144, 1, 5),
(17282, 0, 307, 144, 1, 3),
(17283, 0, 308, 144, 0, NULL),
(17284, 0, 310, 144, 0, NULL),
(17285, 0, 312, 144, 1, 5.5),
(17286, 0, 313, 144, 1, 5),
(17287, 0, 316, 144, 0, NULL),
(17288, 0, 317, 144, 0, NULL),
(17289, 0, 318, 144, 0, 4),
(17290, 0, 320, 144, 0, NULL),
(17291, 0, 322, 144, 1, 9),
(17292, 0, 324, 144, 1, 4.5),
(17293, 0, 325, 144, 0, NULL),
(17294, 0, 77, 144, 0, NULL),
(17295, 0, 78, 144, 1, 4),
(17296, 0, 79, 144, 1, 4),
(17297, 0, 81, 144, 1, 5),
(17298, 0, 82, 144, 1, 2.5),
(17299, 0, 83, 144, 1, 11),
(17300, 0, 84, 144, 1, 4),
(17301, 0, 85, 144, 1, 7),
(17302, 0, 86, 144, 0, NULL),
(17303, 0, 87, 144, 1, 4),
(17304, 0, 88, 144, 1, 4),
(17305, 0, 89, 144, 1, 5),
(17306, 0, 90, 144, 0, 5),
(17307, 0, 91, 144, 0, NULL),
(17308, 0, 93, 144, 0, NULL),
(17309, 0, 94, 144, 1, 5),
(17310, 0, 96, 144, 0, NULL),
(17311, 0, 97, 144, 0, NULL),
(17312, 0, 98, 144, 0, NULL),
(17313, 0, 99, 144, 0, 5),
(17314, 0, 100, 144, 0, 5),
(17315, 0, 101, 144, 0, 5),
(17316, 0, 229, 144, 1, 7.5),
(17317, 0, 230, 144, 0, NULL),
(17318, 0, 231, 144, 1, 5),
(17319, 0, 232, 144, 1, 6),
(17320, 0, 236, 144, 0, NULL),
(17321, 0, 241, 144, 1, 10),
(17322, 0, 244, 144, 0, NULL),
(17323, 0, 246, 144, 1, 4.5),
(17324, 0, 247, 144, 1, 19),
(17325, 0, 248, 144, 1, 5.5),
(17326, 0, 250, 144, 0, NULL),
(17327, 0, 251, 144, 1, 6),
(17328, 0, 255, 144, 1, 4),
(17329, 0, 263, 144, 1, 5.5),
(17330, 0, 264, 144, 0, NULL),
(17331, 0, 265, 144, 0, NULL),
(17332, 0, 266, 144, 0, NULL),
(17333, 0, 268, 144, 1, 5),
(17334, 0, 269, 144, 0, 3),
(17335, 0, 270, 144, 0, NULL),
(17336, 0, 271, 144, 0, NULL),
(17337, 0, 272, 144, 0, NULL),
(17338, 0, 25, 144, 1, 8),
(17339, 0, 26, 144, 0, NULL),
(17340, 0, 27, 144, 1, 7.5),
(17341, 0, 28, 144, 0, NULL),
(17342, 0, 29, 144, 1, 6),
(17343, 0, 30, 144, 1, 5),
(17344, 0, 31, 144, 1, 4),
(17345, 0, 32, 144, 1, 5.5),
(17346, 0, 33, 144, 0, NULL),
(17347, 0, 34, 144, 1, 5),
(17348, 0, 35, 144, 1, 5),
(17349, 0, 36, 144, 1, 5.5),
(17350, 0, 37, 144, 0, 4),
(17351, 0, 38, 144, 1, 4.5),
(17352, 0, 40, 144, 0, NULL),
(17353, 0, 41, 144, 0, NULL),
(17354, 0, 42, 144, 0, NULL),
(17355, 0, 43, 144, 0, NULL),
(17356, 0, 44, 144, 0, NULL),
(17357, 0, 46, 144, 0, NULL),
(17358, 0, 47, 144, 1, 7.5),
(17359, 0, 48, 144, 0, 5),
(17360, 0, 211, 144, 1, 3),
(17361, 0, 212, 144, 0, 7.5),
(17362, 0, 213, 144, 0, NULL),
(17363, 0, 214, 144, 1, 1.5),
(17364, 0, 215, 144, 0, 6),
(17365, 0, 216, 144, 1, 5),
(17366, 0, 217, 144, 0, NULL),
(17367, 0, 219, 144, 1, 6),
(17368, 0, 220, 144, 1, 3),
(17369, 0, 221, 144, 1, 8),
(17370, 0, 222, 144, 0, NULL),
(17371, 0, 223, 144, 1, 5.5),
(17372, 0, 224, 144, 1, 3),
(17373, 0, 225, 144, 0, 5),
(17374, 0, 226, 144, 0, NULL),
(17375, 0, 235, 144, 0, NULL),
(17376, 0, 237, 144, 1, 6.5),
(17377, 0, 238, 144, 1, 5.5),
(17378, 0, 239, 144, 0, NULL),
(17379, 0, 249, 144, 0, 5),
(17380, 0, 252, 144, 0, NULL),
(17381, 0, 254, 144, 0, NULL),
(17382, 0, 274, 144, 0, NULL),
(17383, 0, 275, 144, 1, 3),
(17384, 0, 276, 144, 0, NULL),
(17385, 0, 277, 144, 0, NULL),
(17386, 0, 278, 144, 1, 4),
(17387, 0, 279, 144, 1, 5),
(17388, 0, 280, 144, 1, 5),
(17389, 0, 281, 144, 1, 5.5),
(17390, 0, 282, 144, 0, NULL),
(17391, 0, 283, 144, 0, NULL),
(17392, 0, 284, 144, 0, NULL),
(17393, 0, 285, 144, 0, NULL),
(17394, 0, 286, 144, 1, 2),
(17395, 0, 287, 144, 1, 4.5),
(17396, 0, 288, 144, 1, 4.5),
(17397, 0, 289, 144, 0, NULL),
(17398, 0, 290, 144, 1, 5),
(17399, 0, 291, 144, 0, NULL),
(17400, 0, 292, 144, 1, 4),
(17401, 0, 293, 144, 1, 19),
(17402, 0, 294, 144, 0, 6),
(17403, 0, 295, 144, 0, NULL),
(17404, 0, 49, 144, 1, 7.5),
(17405, 0, 50, 144, 0, 3),
(17406, 0, 52, 144, 1, 4),
(17407, 0, 53, 144, 0, NULL),
(17408, 0, 54, 144, 1, 3.5),
(17409, 0, 55, 144, 0, NULL),
(17410, 0, 56, 144, 0, NULL),
(17411, 0, 57, 144, 1, 5),
(17412, 0, 58, 144, 1, 10),
(17413, 0, 59, 144, 1, 9),
(17414, 0, 60, 144, 1, 5.5),
(17415, 0, 61, 144, 0, NULL),
(17416, 0, 62, 144, 1, 5),
(17417, 0, 63, 144, 0, 4),
(17418, 0, 65, 144, 1, 2.5),
(17419, 0, 66, 144, 1, 4.5),
(17420, 0, 70, 144, 0, 6),
(17421, 0, 72, 144, 0, NULL),
(17422, 0, 73, 144, 0, NULL),
(17423, 0, 74, 144, 0, NULL),
(17424, 0, 75, 144, 1, 5),
(17425, 0, 76, 144, 0, NULL),
(18746, 0, 2, 145, 0, NULL),
(18747, 0, 3, 145, 1, 3.5),
(18748, 0, 8, 145, 0, NULL),
(18749, 0, 9, 145, 0, NULL),
(18750, 0, 11, 145, 1, 11),
(18751, 0, 12, 145, 1, 6),
(18752, 0, 13, 145, 1, 3),
(18753, 0, 14, 145, 1, 5),
(18754, 0, 121, 145, 0, NULL),
(18755, 0, 126, 145, 1, 4),
(18756, 0, 174, 145, 1, 6),
(18757, 0, 175, 145, 1, 5),
(18758, 0, 176, 145, 1, 5),
(18759, 0, 177, 145, 0, NULL),
(18760, 0, 179, 145, 0, NULL),
(18761, 0, 471, 145, 0, NULL),
(18762, 0, 472, 145, 1, 6),
(18763, 0, 473, 145, 0, 6),
(18764, 0, 475, 145, 1, 5),
(18765, 0, 478, 145, 0, NULL),
(18766, 0, 480, 145, 0, NULL),
(18767, 0, 481, 145, 0, 2),
(18768, 0, 482, 145, 1, 3.5),
(18769, 0, 483, 145, 0, 9),
(18770, 0, 484, 145, 0, 17),
(18771, 0, 485, 145, 1, 4),
(18772, 0, 486, 145, 1, 5),
(18773, 0, 487, 145, 1, 6),
(18774, 0, 488, 145, 0, NULL),
(18775, 0, 489, 145, 0, 4),
(18776, 0, 490, 145, 0, NULL),
(18777, 0, 491, 145, 1, 5),
(18778, 0, 492, 145, 1, 10),
(18779, 0, 493, 145, 1, 5.5),
(18780, 0, 494, 145, 0, NULL),
(18781, 0, 495, 145, 1, 4),
(18782, 0, 496, 145, 0, 3),
(18783, 0, 497, 145, 0, NULL),
(18784, 0, 498, 145, 0, NULL),
(18785, 0, 499, 145, 1, 10),
(18786, 0, 500, 145, 0, NULL),
(18787, 0, 501, 145, 1, 4.5),
(18788, 0, 502, 145, 1, 4),
(18789, 0, 503, 145, 0, 5),
(18790, 0, 559, 145, 1, 3.5),
(18791, 0, 560, 145, 1, 6),
(18792, 0, 561, 145, 1, 3),
(18793, 0, 562, 145, 1, 4),
(18794, 0, 564, 145, 0, NULL),
(18795, 0, 565, 145, 0, NULL),
(18796, 0, 566, 145, 1, 4),
(18797, 0, 567, 145, 1, 4),
(18798, 0, 568, 145, 1, 6),
(18799, 0, 569, 145, 0, NULL),
(18800, 0, 570, 145, 1, 4.5),
(18801, 0, 571, 145, 0, 4),
(18802, 0, 574, 145, 1, 6),
(18803, 0, 575, 145, 0, 4.5),
(18804, 0, 576, 145, 1, 6),
(18805, 0, 577, 145, 0, 9.5),
(18806, 0, 578, 145, 0, 4),
(18807, 0, 580, 145, 0, NULL),
(18808, 0, 581, 145, 0, 5),
(18809, 0, 582, 145, 0, 4),
(18810, 0, 583, 145, 1, 11),
(18811, 0, 584, 145, 0, 5),
(18812, 0, 526, 145, 1, 4),
(18813, 0, 527, 145, 1, 5),
(18814, 0, 528, 145, 1, 5),
(18815, 0, 529, 145, 1, 4),
(18816, 0, 530, 145, 0, NULL),
(18817, 0, 532, 145, 1, 12),
(18818, 0, 533, 145, 1, 5.5),
(18819, 0, 534, 145, 0, NULL),
(18820, 0, 535, 145, 1, 0),
(18821, 0, 536, 145, 0, NULL),
(18822, 0, 538, 145, 1, 4),
(18823, 0, 539, 145, 0, NULL),
(18824, 0, 540, 145, 0, 4),
(18825, 0, 541, 145, 1, 6),
(18826, 0, 542, 145, 1, 4),
(18827, 0, 543, 145, 0, NULL),
(18828, 0, 544, 145, 0, NULL),
(18829, 0, 547, 145, 0, 4.5),
(18830, 0, 548, 145, 0, 4),
(18831, 0, 549, 145, 0, 7),
(18832, 0, 550, 145, 0, 3),
(18833, 0, 551, 145, 0, NULL),
(18834, 0, 102, 145, 0, 4),
(18835, 0, 103, 145, 0, NULL),
(18836, 0, 104, 145, 1, 4),
(18837, 0, 105, 145, 1, 3),
(18838, 0, 106, 145, 1, 5),
(18839, 0, 107, 145, 1, 10),
(18840, 0, 108, 145, 1, 4),
(18841, 0, 109, 145, 0, NULL),
(18842, 0, 110, 145, 1, 5.5),
(18843, 0, 111, 145, 1, 4.5),
(18844, 0, 112, 145, 1, 5),
(18845, 0, 113, 145, 0, 6),
(18846, 0, 117, 145, 1, 4),
(18847, 0, 118, 145, 0, NULL),
(18848, 0, 119, 145, 1, 3),
(18849, 0, 123, 145, 0, 4),
(18850, 0, 127, 145, 0, 0),
(18851, 0, 128, 145, 0, 5),
(18852, 0, 129, 145, 0, 3.5),
(18853, 0, 130, 145, 1, 5),
(18854, 0, 131, 145, 0, NULL),
(18855, 0, 132, 145, 0, 5),
(18856, 0, 133, 145, 0, 4),
(18857, 0, 134, 145, 0, NULL),
(18858, 0, 135, 145, 0, NULL),
(18859, 0, 136, 145, 1, 3.5),
(18860, 0, 137, 145, 0, NULL),
(18861, 0, 138, 145, 1, 4),
(18862, 0, 139, 145, 1, 5.5),
(18863, 0, 140, 145, 0, NULL),
(18864, 0, 141, 145, 0, NULL),
(18865, 0, 142, 145, 1, 6),
(18866, 0, 143, 145, 0, NULL),
(18867, 0, 166, 145, 1, 4),
(18868, 0, 168, 145, 0, 1),
(18869, 0, 169, 145, 1, 6),
(18870, 0, 171, 145, 1, 4),
(18871, 0, 172, 145, 1, 4),
(18872, 0, 173, 145, 0, NULL),
(18873, 0, 180, 145, 0, NULL),
(18874, 0, 181, 145, 0, 4),
(18875, 0, 182, 145, 1, 4.5),
(18876, 0, 183, 145, 0, NULL),
(18877, 0, 184, 145, 0, 6),
(18878, 0, 15, 145, 1, 10),
(18879, 0, 16, 145, 1, 7),
(18880, 0, 17, 145, 0, NULL),
(18881, 0, 18, 145, 1, 4),
(18882, 0, 19, 145, 1, 5),
(18883, 0, 20, 145, 1, 5),
(18884, 0, 21, 145, 1, 6),
(18885, 0, 22, 145, 0, NULL),
(18886, 0, 24, 145, 1, 5.5),
(18887, 0, 418, 145, 1, 6),
(18888, 0, 419, 145, 1, 3.5),
(18889, 0, 421, 145, 1, 4),
(18890, 0, 422, 145, 1, 4),
(18891, 0, 424, 145, 0, 4),
(18892, 0, 426, 145, 0, NULL),
(18893, 0, 430, 145, 0, 5),
(18894, 0, 434, 145, 0, 4),
(18895, 0, 436, 145, 0, 5.5),
(18896, 0, 438, 145, 0, 5),
(18897, 0, 439, 145, 0, 3.5),
(18898, 0, 444, 145, 0, 6),
(18899, 0, 445, 145, 0, 6),
(18900, 0, 185, 145, 0, NULL),
(18901, 0, 186, 145, 0, 5),
(18902, 0, 187, 145, 1, 3),
(18903, 0, 188, 145, 1, 6),
(18904, 0, 190, 145, 1, 5.5),
(18905, 0, 191, 145, 0, NULL),
(18906, 0, 193, 145, 1, 6),
(18907, 0, 195, 145, 1, 20),
(18908, 0, 196, 145, 0, 5),
(18909, 0, 197, 145, 1, 8),
(18910, 0, 198, 145, 1, 6),
(18911, 0, 199, 145, 0, 4),
(18912, 0, 201, 145, 0, NULL),
(18913, 0, 203, 145, 1, 5.5),
(18914, 0, 205, 145, 1, 4),
(18915, 0, 206, 145, 0, 4),
(18916, 0, 208, 145, 0, NULL),
(18917, 0, 209, 145, 0, 3.5),
(18918, 0, 458, 145, 0, NULL),
(18919, 0, 460, 145, 1, 4),
(18920, 0, 467, 145, 0, 3),
(18921, 0, 469, 145, 1, 4),
(18922, 0, 368, 145, 1, 3.5),
(18923, 0, 374, 145, 0, 5.5),
(18924, 0, 375, 145, 1, 3),
(18925, 0, 377, 145, 1, 4),
(18926, 0, 381, 145, 1, 5),
(18927, 0, 382, 145, 1, 5),
(18928, 0, 384, 145, 0, 6),
(18929, 0, 389, 145, 1, 20),
(18930, 0, 391, 145, 0, NULL),
(18931, 0, 393, 145, 0, NULL),
(18932, 0, 400, 145, 1, 5.5),
(18933, 0, 404, 145, 1, 5.5),
(18934, 0, 408, 145, 0, 5),
(18935, 0, 409, 145, 1, 10),
(18936, 0, 414, 145, 1, 4),
(18937, 0, 415, 145, 0, 10),
(18938, 0, 429, 145, 0, 4),
(18939, 0, 432, 145, 0, 5),
(18940, 0, 435, 145, 0, NULL),
(18941, 0, 441, 145, 1, 4),
(18942, 0, 446, 145, 0, 4),
(18943, 0, 448, 145, 0, 0),
(18944, 0, 326, 145, 1, 10),
(18945, 0, 327, 145, 1, 6),
(18946, 0, 552, 145, 0, 5),
(18947, 0, 553, 145, 1, 5),
(18948, 0, 554, 145, 0, 9.5),
(18949, 0, 555, 145, 0, 4),
(18950, 0, 556, 145, 1, 3.5),
(18951, 0, 557, 145, 0, NULL),
(18952, 0, 558, 145, 1, 4),
(18953, 0, 585, 145, 1, 4.5),
(18954, 0, 586, 145, 1, 5),
(18955, 0, 587, 145, 0, NULL),
(18956, 0, 588, 145, 1, 4),
(18957, 0, 589, 145, 1, 9),
(18958, 0, 590, 145, 0, NULL),
(18959, 0, 591, 145, 1, 3),
(18960, 0, 592, 145, 0, NULL),
(18961, 0, 593, 145, 0, NULL),
(18962, 0, 594, 145, 1, 5),
(18963, 0, 595, 145, 0, 6),
(18964, 0, 596, 145, 0, NULL),
(18965, 0, 597, 145, 0, 9),
(18966, 0, 504, 145, 0, NULL),
(18967, 0, 505, 145, 1, 4),
(18968, 0, 506, 145, 0, NULL),
(18969, 0, 507, 145, 1, 3),
(18970, 0, 508, 145, 1, 5),
(18971, 0, 509, 145, 1, 6),
(18972, 0, 510, 145, 0, NULL),
(18973, 0, 511, 145, 0, 6),
(18974, 0, 512, 145, 0, 6),
(18975, 0, 513, 145, 1, 5.5),
(18976, 0, 514, 145, 0, NULL),
(18977, 0, 515, 145, 1, 5.5),
(18978, 0, 516, 145, 1, 6),
(18979, 0, 517, 145, 1, 3),
(18980, 0, 518, 145, 0, 5.5),
(18981, 0, 519, 145, 0, 6),
(18982, 0, 520, 145, 1, 6),
(18983, 0, 521, 145, 1, 20),
(18984, 0, 522, 145, 1, 5),
(18985, 0, 523, 145, 0, 5),
(18986, 0, 524, 145, 0, NULL),
(18987, 0, 525, 145, 0, 5),
(18988, 0, 144, 145, 1, 5.5),
(18989, 0, 145, 145, 1, 6),
(18990, 0, 146, 145, 1, 0),
(18991, 0, 147, 145, 1, 5.5),
(18992, 0, 148, 145, 1, 4.5),
(18993, 0, 149, 145, 0, NULL),
(18994, 0, 150, 145, 1, 4),
(18995, 0, 151, 145, 1, 8),
(18996, 0, 152, 145, 0, NULL),
(18997, 0, 153, 145, 1, 5),
(18998, 0, 154, 145, 0, NULL),
(18999, 0, 155, 145, 0, NULL),
(19000, 0, 156, 145, 1, 4),
(19001, 0, 157, 145, 1, 4),
(19002, 0, 158, 145, 0, 17),
(19003, 0, 159, 145, 1, 3),
(19004, 0, 160, 145, 0, 4),
(19005, 0, 161, 145, 0, NULL),
(19006, 0, 162, 145, 0, NULL),
(19007, 0, 163, 145, 0, 6),
(19008, 0, 164, 145, 0, NULL),
(19009, 0, 165, 145, 0, NULL),
(19010, 0, 362, 145, 0, 4),
(19011, 0, 363, 145, 0, NULL),
(19012, 0, 364, 145, 1, 5),
(19013, 0, 366, 145, 1, 4.5),
(19014, 0, 367, 145, 0, NULL),
(19015, 0, 449, 145, 0, NULL),
(19016, 0, 450, 145, 1, 11),
(19017, 0, 451, 145, 0, NULL),
(19018, 0, 452, 145, 1, 6),
(19019, 0, 453, 145, 0, NULL),
(19020, 0, 454, 145, 1, 5),
(19021, 0, 455, 145, 0, NULL),
(19022, 0, 456, 145, 1, 4),
(19023, 0, 457, 145, 1, 20),
(19024, 0, 459, 145, 0, 6),
(19025, 0, 461, 145, 1, 6),
(19026, 0, 462, 145, 1, 3),
(19027, 0, 463, 145, 0, NULL),
(19028, 0, 464, 145, 0, 4.5),
(19029, 0, 465, 145, 1, 7.5),
(19030, 0, 466, 145, 0, 6),
(19031, 0, 468, 145, 0, 10),
(19032, 0, 296, 145, 1, 7),
(19033, 0, 297, 145, 1, 3),
(19034, 0, 298, 145, 1, 6),
(19035, 0, 299, 145, 1, 5),
(19036, 0, 300, 145, 0, NULL),
(19037, 0, 301, 145, 1, 6),
(19038, 0, 302, 145, 1, 5),
(19039, 0, 303, 145, 0, NULL),
(19040, 0, 304, 145, 1, 0),
(19041, 0, 305, 145, 1, 4.5),
(19042, 0, 307, 145, 0, 4),
(19043, 0, 308, 145, 0, NULL),
(19044, 0, 310, 145, 0, NULL),
(19045, 0, 312, 145, 1, 5),
(19046, 0, 313, 145, 1, 5),
(19047, 0, 316, 145, 0, NULL),
(19048, 0, 317, 145, 0, NULL),
(19049, 0, 318, 145, 0, 4),
(19050, 0, 320, 145, 1, 12),
(19051, 0, 322, 145, 0, 3),
(19052, 0, 324, 145, 0, NULL),
(19053, 0, 325, 145, 0, NULL),
(19054, 0, 77, 145, 0, NULL),
(19055, 0, 78, 145, 1, 5),
(19056, 0, 79, 145, 1, 6),
(19057, 0, 81, 145, 1, 4),
(19058, 0, 82, 145, 1, 4),
(19059, 0, 83, 145, 1, 6),
(19060, 0, 84, 145, 0, NULL),
(19061, 0, 85, 145, 1, 8),
(19062, 0, 86, 145, 1, 6),
(19063, 0, 87, 145, 1, 4),
(19064, 0, 88, 145, 1, 9),
(19065, 0, 89, 145, 1, 5),
(19066, 0, 90, 145, 0, 4),
(19067, 0, 91, 145, 0, NULL),
(19068, 0, 93, 145, 0, NULL),
(19069, 0, 94, 145, 0, 4),
(19070, 0, 96, 145, 0, NULL),
(19071, 0, 97, 145, 1, 4),
(19072, 0, 98, 145, 0, NULL),
(19073, 0, 99, 145, 0, 1),
(19074, 0, 100, 145, 0, 4),
(19075, 0, 101, 145, 0, NULL),
(19076, 0, 229, 145, 1, 4),
(19077, 0, 230, 145, 1, 6),
(19078, 0, 231, 145, 1, 6),
(19079, 0, 232, 145, 1, 3),
(19080, 0, 236, 145, 1, 6),
(19081, 0, 241, 145, 1, 2),
(19082, 0, 244, 145, 0, NULL),
(19083, 0, 246, 145, 1, 4),
(19084, 0, 247, 145, 1, 4),
(19085, 0, 248, 145, 1, 4.5),
(19086, 0, 250, 145, 0, NULL),
(19087, 0, 251, 145, 1, 4),
(19088, 0, 255, 145, 0, 6),
(19089, 0, 263, 145, 0, 5),
(19090, 0, 264, 145, 1, 4),
(19091, 0, 265, 145, 0, 5),
(19092, 0, 266, 145, 0, NULL),
(19093, 0, 268, 145, 0, NULL),
(19094, 0, 269, 145, 0, 5),
(19095, 0, 270, 145, 0, NULL),
(19096, 0, 271, 145, 0, NULL),
(19097, 0, 272, 145, 0, 7),
(19098, 0, 25, 145, 0, NULL),
(19099, 0, 26, 145, 0, NULL),
(19100, 0, 27, 145, 1, 4),
(19101, 0, 28, 145, 0, NULL),
(19102, 0, 29, 145, 1, 3),
(19103, 0, 30, 145, 1, 6),
(19104, 0, 31, 145, 1, 6),
(19105, 0, 32, 145, 1, 5),
(19106, 0, 33, 145, 0, NULL),
(19107, 0, 34, 145, 0, NULL),
(19108, 0, 35, 145, 1, 5.5),
(19109, 0, 36, 145, 1, 3),
(19110, 0, 37, 145, 1, 4),
(19111, 0, 38, 145, 1, 4),
(19112, 0, 40, 145, 1, 12),
(19113, 0, 41, 145, 0, NULL),
(19114, 0, 42, 145, 0, NULL),
(19115, 0, 43, 145, 0, NULL),
(19116, 0, 44, 145, 0, NULL),
(19117, 0, 46, 145, 0, NULL),
(19118, 0, 47, 145, 0, NULL),
(19119, 0, 48, 145, 1, 2),
(19120, 0, 211, 145, 1, 3.5),
(19121, 0, 212, 145, 0, 4),
(19122, 0, 213, 145, 1, 4),
(19123, 0, 214, 145, 0, NULL),
(19124, 0, 215, 145, 0, 3),
(19125, 0, 216, 145, 1, 4),
(19126, 0, 217, 145, 0, NULL),
(19127, 0, 219, 145, 0, NULL),
(19128, 0, 220, 145, 1, 4.5),
(19129, 0, 221, 145, 0, NULL),
(19130, 0, 222, 145, 1, 18),
(19131, 0, 223, 145, 1, 3),
(19132, 0, 224, 145, 1, 4.5),
(19133, 0, 225, 145, 0, NULL),
(19134, 0, 226, 145, 1, 6),
(19135, 0, 235, 145, 1, 4),
(19136, 0, 237, 145, 1, 5.5),
(19137, 0, 238, 145, 1, 4),
(19138, 0, 239, 145, 0, NULL),
(19139, 0, 249, 145, 0, 1),
(19140, 0, 252, 145, 0, NULL),
(19141, 0, 254, 145, 0, NULL),
(19142, 0, 274, 145, 0, NULL),
(19143, 0, 275, 145, 1, 3.5),
(19144, 0, 276, 145, 0, NULL),
(19145, 0, 277, 145, 1, 4),
(19146, 0, 278, 145, 1, 5),
(19147, 0, 279, 145, 1, 6),
(19148, 0, 280, 145, 1, 6),
(19149, 0, 281, 145, 1, 5),
(19150, 0, 282, 145, 0, NULL),
(19151, 0, 283, 145, 1, 4),
(19152, 0, 284, 145, 0, NULL),
(19153, 0, 285, 145, 0, NULL),
(19154, 0, 286, 145, 1, 4),
(19155, 0, 287, 145, 0, NULL),
(19156, 0, 288, 145, 0, NULL),
(19157, 0, 289, 145, 0, NULL),
(19158, 0, 290, 145, 1, 4.5),
(19159, 0, 291, 145, 1, 6),
(19160, 0, 292, 145, 1, 4),
(19161, 0, 293, 145, 0, 4),
(19162, 0, 294, 145, 0, 3.5),
(19163, 0, 295, 145, 0, NULL),
(19164, 0, 49, 145, 1, 4),
(19165, 0, 50, 145, 0, 4),
(19166, 0, 52, 145, 1, 5),
(19167, 0, 53, 145, 1, 6),
(19168, 0, 54, 145, 1, 5),
(19169, 0, 55, 145, 0, NULL),
(19170, 0, 56, 145, 0, NULL),
(19171, 0, 57, 145, 1, 5.5),
(19172, 0, 58, 145, 1, 9),
(19173, 0, 59, 145, 1, 5),
(19174, 0, 60, 145, 1, 5),
(19175, 0, 61, 145, 0, 10),
(19176, 0, 62, 145, 0, 6),
(19177, 0, 63, 145, 0, 4),
(19178, 0, 65, 145, 1, 4),
(19179, 0, 66, 145, 1, 4.5),
(19180, 0, 70, 145, 0, 3.5),
(19181, 0, 72, 145, 0, NULL),
(19182, 0, 73, 145, 0, NULL),
(19183, 0, 74, 145, 0, NULL),
(19184, 0, 75, 145, 1, 6),
(19185, 0, 76, 145, 0, NULL),
(22266, 0, 2, 146, 0, NULL),
(22267, 0, 3, 146, 1, 17),
(22268, 0, 8, 146, 0, NULL),
(22269, 0, 9, 146, 0, NULL),
(22270, 0, 11, 146, 1, 8),
(22271, 0, 12, 146, 1, 4),
(22272, 0, 13, 146, 1, 14),
(22273, 0, 14, 146, 0, NULL),
(22274, 0, 121, 146, 0, NULL),
(22275, 0, 126, 146, 1, 5),
(22276, 0, 174, 146, 0, NULL),
(22277, 0, 175, 146, 1, 4.5),
(22278, 0, 176, 146, 1, 8.5),
(22279, 0, 177, 146, 0, NULL),
(22280, 0, 179, 146, 0, NULL),
(22281, 0, 471, 146, 0, NULL),
(22282, 0, 472, 146, 1, 5),
(22283, 0, 473, 146, 0, 5),
(22284, 0, 475, 146, 1, 6.5),
(22285, 0, 478, 146, 0, NULL),
(22286, 0, 480, 146, 1, 2),
(22287, 0, 481, 146, 0, 3),
(22288, 0, 482, 146, 1, 17),
(22289, 0, 483, 146, 0, 4),
(22290, 0, 484, 146, 0, 8),
(22291, 0, 485, 146, 1, 2),
(22292, 0, 486, 146, 0, NULL),
(22293, 0, 487, 146, 1, 5),
(22294, 0, 488, 146, 1, 2),
(22295, 0, 489, 146, 0, 6),
(22296, 0, 490, 146, 0, NULL),
(22297, 0, 491, 146, 1, 4.5),
(22298, 0, 492, 146, 0, NULL),
(22299, 0, 493, 146, 1, 4),
(22300, 0, 494, 146, 0, NULL),
(22301, 0, 495, 146, 1, 6.5),
(22302, 0, 496, 146, 1, 14),
(22303, 0, 497, 146, 0, NULL),
(22304, 0, 498, 146, 1, 10),
(22305, 0, 499, 146, 1, 6),
(22306, 0, 500, 146, 0, NULL),
(22307, 0, 501, 146, 1, 9.5),
(22308, 0, 502, 146, 0, 5),
(22309, 0, 503, 146, 0, 6),
(22310, 0, 559, 146, 1, 17),
(22311, 0, 560, 146, 1, 5),
(22312, 0, 561, 146, 0, NULL),
(22313, 0, 562, 146, 1, 2),
(22314, 0, 564, 146, 0, NULL),
(22315, 0, 565, 146, 0, NULL),
(22316, 0, 566, 146, 1, 5.5),
(22317, 0, 567, 146, 0, NULL),
(22318, 0, 568, 146, 1, 4),
(22319, 0, 569, 146, 0, NULL),
(22320, 0, 570, 146, 1, 9.5),
(22321, 0, 571, 146, 0, 5.5),
(22322, 0, 574, 146, 0, NULL),
(22323, 0, 575, 146, 0, NULL),
(22324, 0, 576, 146, 0, NULL),
(22325, 0, 577, 146, 1, 24),
(22326, 0, 578, 146, 0, 9),
(22327, 0, 580, 146, 0, NULL),
(22328, 0, 581, 146, 1, 5),
(22329, 0, 582, 146, 0, 3),
(22330, 0, 583, 146, 1, 8),
(22331, 0, 584, 146, 0, 8),
(22332, 0, 526, 146, 1, 9),
(22333, 0, 527, 146, 1, 6),
(22334, 0, 528, 146, 1, 5.5),
(22335, 0, 529, 146, 1, 2),
(22336, 0, 530, 146, 0, NULL),
(22337, 0, 532, 146, 1, 4),
(22338, 0, 533, 146, 1, 4),
(22339, 0, 534, 146, 1, 6),
(22340, 0, 535, 146, 1, 6),
(22341, 0, 536, 146, 1, 10),
(22342, 0, 538, 146, 0, 5),
(22343, 0, 539, 146, 0, NULL),
(22344, 0, 540, 146, 0, 5.5),
(22345, 0, 541, 146, 0, NULL),
(22346, 0, 542, 146, 1, 6),
(22347, 0, 543, 146, 0, 8),
(22348, 0, 544, 146, 0, NULL),
(22349, 0, 547, 146, 0, 5),
(22350, 0, 548, 146, 0, 5.5),
(22351, 0, 549, 146, 0, 2),
(22352, 0, 550, 146, 0, NULL),
(22353, 0, 551, 146, 1, 14),
(22354, 0, 102, 146, 0, 9),
(22355, 0, 103, 146, 1, 10),
(22356, 0, 104, 146, 1, 5),
(22357, 0, 105, 146, 0, NULL),
(22358, 0, 106, 146, 1, 3),
(22359, 0, 107, 146, 0, NULL),
(22360, 0, 108, 146, 1, 4),
(22361, 0, 109, 146, 0, NULL),
(22362, 0, 110, 146, 1, 4),
(22363, 0, 111, 146, 1, 9.5),
(22364, 0, 112, 146, 0, NULL),
(22365, 0, 113, 146, 0, NULL),
(22366, 0, 117, 146, 1, 22),
(22367, 0, 118, 146, 0, NULL),
(22368, 0, 119, 146, 1, 14),
(22369, 0, 123, 146, 1, 4),
(22370, 0, 127, 146, 0, 6),
(22371, 0, 128, 146, 0, 5.5),
(22372, 0, 129, 146, 0, 17),
(22373, 0, 130, 146, 1, 6),
(22374, 0, 131, 146, 1, 4),
(22375, 0, 132, 146, 0, 8),
(22376, 0, 133, 146, 0, 9),
(22377, 0, 134, 146, 1, 10),
(22378, 0, 135, 146, 0, NULL),
(22379, 0, 136, 146, 1, 17),
(22380, 0, 137, 146, 1, 6),
(22381, 0, 138, 146, 0, 6.5),
(22382, 0, 139, 146, 1, 4),
(22383, 0, 140, 146, 0, NULL),
(22384, 0, 141, 146, 1, 14),
(22385, 0, 142, 146, 1, 5),
(22386, 0, 143, 146, 1, 2),
(22387, 0, 166, 146, 1, 5),
(22388, 0, 168, 146, 0, 6),
(22389, 0, 169, 146, 1, 6.5),
(22390, 0, 171, 146, 0, 2),
(22391, 0, 172, 146, 0, 4),
(22392, 0, 173, 146, 0, NULL),
(22393, 0, 180, 146, 1, 8),
(22394, 0, 181, 146, 0, NULL),
(22395, 0, 182, 146, 1, 9.5),
(22396, 0, 183, 146, 0, 4.5),
(22397, 0, 184, 146, 0, NULL),
(22398, 0, 15, 146, 0, NULL),
(22399, 0, 16, 146, 1, 13),
(22400, 0, 17, 146, 1, 5),
(22401, 0, 18, 146, 1, 9),
(22402, 0, 19, 146, 1, 5.5),
(22403, 0, 20, 146, 1, 6),
(22404, 0, 21, 146, 1, 6.5),
(22405, 0, 22, 146, 0, NULL),
(22406, 0, 24, 146, 1, 4),
(22407, 0, 418, 146, 0, NULL),
(22408, 0, 419, 146, 1, 4),
(22409, 0, 421, 146, 1, 5),
(22410, 0, 422, 146, 1, 6.5),
(22411, 0, 424, 146, 1, 4),
(22412, 0, 426, 146, 0, NULL),
(22413, 0, 430, 146, 0, 1),
(22414, 0, 434, 146, 0, NULL),
(22415, 0, 436, 146, 0, 24),
(22416, 0, 438, 146, 0, 8),
(22417, 0, 439, 146, 0, 17),
(22418, 0, 444, 146, 0, NULL),
(22419, 0, 445, 146, 0, 5),
(22420, 0, 185, 146, 1, 4),
(22421, 0, 186, 146, 0, 5.5),
(22422, 0, 187, 146, 0, NULL),
(22423, 0, 188, 146, 1, 6.5),
(22424, 0, 190, 146, 1, 4),
(22425, 0, 191, 146, 1, 14),
(22426, 0, 193, 146, 0, NULL),
(22427, 0, 195, 146, 1, 12),
(22428, 0, 196, 146, 0, 6),
(22429, 0, 197, 146, 0, NULL),
(22430, 0, 198, 146, 1, 5),
(22431, 0, 199, 146, 0, 4),
(22432, 0, 201, 146, 1, 9),
(22433, 0, 203, 146, 0, NULL),
(22434, 0, 205, 146, 1, 4),
(22435, 0, 206, 146, 0, 9),
(22436, 0, 208, 146, 0, 5),
(22437, 0, 209, 146, 0, 4),
(22438, 0, 458, 146, 1, 20),
(22439, 0, 460, 146, 1, 6.5),
(22440, 0, 467, 146, 0, 14),
(22441, 0, 469, 146, 1, 5),
(22442, 0, 368, 146, 1, 17),
(22443, 0, 374, 146, 0, 3.5),
(22444, 0, 375, 146, 0, NULL),
(22445, 0, 377, 146, 1, 3),
(22446, 0, 381, 146, 1, 6),
(22447, 0, 382, 146, 1, 6),
(22448, 0, 384, 146, 0, 5),
(22449, 0, 389, 146, 1, 5),
(22450, 0, 391, 146, 0, NULL),
(22451, 0, 393, 146, 0, NULL),
(22452, 0, 400, 146, 1, 2),
(22453, 0, 404, 146, 1, 4),
(22454, 0, 408, 146, 0, 8),
(22455, 0, 409, 146, 0, NULL),
(22456, 0, 414, 146, 1, 5.5),
(22457, 0, 415, 146, 0, 6),
(22458, 0, 429, 146, 0, 9),
(22459, 0, 432, 146, 1, 14),
(22460, 0, 435, 146, 0, NULL),
(22461, 0, 441, 146, 1, 4),
(22462, 0, 446, 146, 1, 5),
(22463, 0, 448, 146, 0, 6),
(22464, 0, 326, 146, 0, NULL),
(22465, 0, 327, 146, 0, NULL),
(22466, 0, 552, 146, 0, 6),
(22467, 0, 553, 146, 1, 8),
(22468, 0, 554, 146, 0, 24),
(22469, 0, 555, 146, 0, 5.5),
(22470, 0, 556, 146, 1, 17),
(22471, 0, 557, 146, 0, 4.5),
(22472, 0, 558, 146, 1, 6.5),
(22473, 0, 585, 146, 1, 14),
(22474, 0, 586, 146, 1, 6),
(22475, 0, 587, 146, 1, 2),
(22476, 0, 588, 146, 1, 3),
(22477, 0, 589, 146, 1, 3.5),
(22478, 0, 590, 146, 1, 9),
(22479, 0, 591, 146, 0, NULL),
(22480, 0, 592, 146, 0, NULL),
(22481, 0, 593, 146, 1, 5.5),
(22482, 0, 594, 146, 1, -2),
(22483, 0, 595, 146, 0, NULL),
(22484, 0, 596, 146, 0, NULL),
(22485, 0, 597, 146, 0, 4),
(22486, 0, 504, 146, 1, 4),
(22487, 0, 505, 146, 0, 5.5),
(22488, 0, 506, 146, 0, NULL),
(22489, 0, 507, 146, 0, NULL),
(22490, 0, 508, 146, 0, NULL),
(22491, 0, 509, 146, 1, 6.5),
(22492, 0, 510, 146, 0, NULL),
(22493, 0, 511, 146, 1, 5),
(22494, 0, 512, 146, 0, 5),
(22495, 0, 513, 146, 1, 4),
(22496, 0, 514, 146, 0, NULL),
(22497, 0, 515, 146, 1, 1),
(22498, 0, 516, 146, 0, NULL),
(22499, 0, 517, 146, 1, 14),
(22500, 0, 518, 146, 0, NULL),
(22501, 0, 519, 146, 0, 4),
(22502, 0, 520, 146, 0, NULL),
(22503, 0, 521, 146, 1, 12),
(22504, 0, 522, 146, 0, NULL),
(22505, 0, 523, 146, 1, 6),
(22506, 0, 524, 146, 1, 4),
(22507, 0, 525, 146, 0, 8),
(22508, 0, 144, 146, 1, 4),
(22509, 0, 145, 146, 1, 4),
(22510, 0, 146, 146, 1, 6),
(22511, 0, 147, 146, 0, NULL),
(22512, 0, 148, 146, 1, 7),
(22513, 0, 149, 146, 1, 10),
(22514, 0, 150, 146, 1, 5),
(22515, 0, 151, 146, 1, 4),
(22516, 0, 152, 146, 1, 1),
(22517, 0, 153, 146, 0, 6),
(22518, 0, 154, 146, 0, NULL),
(22519, 0, 155, 146, 1, 6),
(22520, 0, 156, 146, 1, 3),
(22521, 0, 157, 146, 1, 9),
(22522, 0, 158, 146, 0, 8),
(22523, 0, 159, 146, 0, NULL),
(22524, 0, 160, 146, 0, 3.5),
(22525, 0, 161, 146, 0, NULL),
(22526, 0, 162, 146, 0, NULL),
(22527, 0, 163, 146, 0, 6.5),
(22528, 0, 164, 146, 0, NULL),
(22529, 0, 165, 146, 0, NULL),
(22530, 0, 362, 146, 0, 5),
(22531, 0, 363, 146, 0, NULL),
(22532, 0, 364, 146, 1, 6),
(22533, 0, 366, 146, 1, 9.5),
(22534, 0, 367, 146, 0, NULL),
(22535, 0, 449, 146, 0, NULL),
(22536, 0, 450, 146, 1, 8),
(22537, 0, 451, 146, 1, 4),
(22538, 0, 452, 146, 1, 6.5),
(22539, 0, 453, 146, 0, NULL),
(22540, 0, 454, 146, 1, 5),
(22541, 0, 455, 146, 1, 5.5),
(22542, 0, 456, 146, 1, 4.5),
(22543, 0, 457, 146, 1, 5),
(22544, 0, 459, 146, 0, NULL),
(22545, 0, 461, 146, 1, 5),
(22546, 0, 462, 146, 0, NULL),
(22547, 0, 463, 146, 1, 2),
(22548, 0, 464, 146, 0, 6),
(22549, 0, 465, 146, 0, 5),
(22550, 0, 466, 146, 0, NULL),
(22551, 0, 468, 146, 0, 6),
(22552, 0, 296, 146, 1, 2),
(22553, 0, 297, 146, 0, NULL),
(22554, 0, 298, 146, 1, 13),
(22555, 0, 299, 146, 0, NULL),
(22556, 0, 300, 146, 1, 4),
(22557, 0, 301, 146, 0, NULL),
(22558, 0, 302, 146, 1, 8.5),
(22559, 0, 303, 146, 0, NULL),
(22560, 0, 304, 146, 1, 6),
(22561, 0, 305, 146, 1, 9.5),
(22562, 0, 307, 146, 0, 5.5),
(22563, 0, 308, 146, 0, NULL),
(22564, 0, 310, 146, 0, NULL),
(22565, 0, 312, 146, 1, 5),
(22566, 0, 313, 146, 1, 5.5),
(22567, 0, 316, 146, 1, 2),
(22568, 0, 317, 146, 0, NULL),
(22569, 0, 318, 146, 0, 4),
(22570, 0, 320, 146, 0, NULL),
(22571, 0, 322, 146, 0, NULL),
(22572, 0, 324, 146, 1, 5),
(22573, 0, 325, 146, 0, 4),
(22574, 0, 77, 146, 1, 4),
(22575, 0, 78, 146, 1, 4.5),
(22576, 0, 79, 146, 1, 5),
(22577, 0, 81, 146, 1, 4),
(22578, 0, 82, 146, 0, NULL),
(22579, 0, 83, 146, 1, 28),
(22580, 0, 84, 146, 1, 5),
(22581, 0, 85, 146, 1, 6),
(22582, 0, 86, 146, 0, NULL),
(22583, 0, 87, 146, 1, 10),
(22584, 0, 88, 146, 0, 4),
(22585, 0, 89, 146, 1, 5.5),
(22586, 0, 90, 146, 0, 6),
(22587, 0, 91, 146, 0, NULL),
(22588, 0, 93, 146, 1, 4.5),
(22589, 0, 94, 146, 0, 5.5),
(22590, 0, 96, 146, 0, NULL),
(22591, 0, 97, 146, 1, 5.5),
(22592, 0, 98, 146, 0, NULL),
(22593, 0, 99, 146, 0, 6),
(22594, 0, 100, 146, 0, 3),
(22595, 0, 101, 146, 0, 6),
(22596, 0, 229, 146, 1, 9),
(22597, 0, 230, 146, 1, 10),
(22598, 0, 231, 146, 1, 6.5),
(22599, 0, 232, 146, 0, NULL),
(22600, 0, 236, 146, 1, 5),
(22601, 0, 241, 146, 0, NULL),
(22602, 0, 244, 146, 1, 28),
(22603, 0, 246, 146, 0, NULL),
(22604, 0, 247, 146, 1, 6),
(22605, 0, 248, 146, 1, 10.5),
(22606, 0, 250, 146, 0, 4),
(22607, 0, 251, 146, 1, 6),
(22608, 0, 255, 146, 0, 5),
(22609, 0, 263, 146, 0, NULL),
(22610, 0, 264, 146, 1, 5),
(22611, 0, 265, 146, 0, 0),
(22612, 0, 266, 146, 0, NULL),
(22613, 0, 268, 146, 1, 4),
(22614, 0, 269, 146, 1, 4),
(22615, 0, 270, 146, 0, NULL),
(22616, 0, 271, 146, 0, NULL),
(22617, 0, 272, 146, 0, 2),
(22618, 0, 25, 146, 1, 10),
(22619, 0, 26, 146, 0, NULL),
(22620, 0, 27, 146, 1, 9),
(22621, 0, 28, 146, 0, NULL),
(22622, 0, 29, 146, 0, NULL),
(22623, 0, 30, 146, 1, 6.5),
(22624, 0, 31, 146, 1, 5),
(22625, 0, 32, 146, 1, 14),
(22626, 0, 33, 146, 1, 8),
(22627, 0, 34, 146, 1, 6),
(22628, 0, 35, 146, 1, 1),
(22629, 0, 36, 146, 1, 14),
(22630, 0, 37, 146, 1, 5),
(22631, 0, 38, 146, 0, NULL),
(22632, 0, 40, 146, 1, 10),
(22633, 0, 41, 146, 0, NULL),
(22634, 0, 42, 146, 0, NULL),
(22635, 0, 43, 146, 0, NULL),
(22636, 0, 44, 146, 0, NULL),
(22637, 0, 46, 146, 0, NULL),
(22638, 0, 47, 146, 0, 5.5),
(22639, 0, 48, 146, 0, 3),
(22640, 0, 211, 146, 1, 17),
(22641, 0, 212, 146, 0, 9),
(22642, 0, 213, 146, 1, 4.5),
(22643, 0, 214, 146, 1, 2),
(22644, 0, 215, 146, 0, NULL),
(22645, 0, 216, 146, 0, 3),
(22646, 0, 217, 146, 0, NULL),
(22647, 0, 219, 146, 1, 20),
(22648, 0, 220, 146, 1, 7),
(22649, 0, 221, 146, 1, 10),
(22650, 0, 222, 146, 1, 3.5),
(22651, 0, 223, 146, 1, 14),
(22652, 0, 224, 146, 1, 5),
(22653, 0, 225, 146, 0, 6),
(22654, 0, 226, 146, 0, NULL),
(22655, 0, 235, 146, 1, 4),
(22656, 0, 237, 146, 1, 4),
(22657, 0, 238, 146, 0, 5),
(22658, 0, 239, 146, 0, NULL),
(22659, 0, 249, 146, 0, 6),
(22660, 0, 252, 146, 0, NULL),
(22661, 0, 254, 146, 0, NULL),
(22662, 0, 274, 146, 0, NULL),
(22663, 0, 275, 146, 1, 17),
(22664, 0, 276, 146, 0, NULL),
(22665, 0, 277, 146, 1, 4.5),
(22666, 0, 278, 146, 1, 5.5),
(22667, 0, 279, 146, 1, 5),
(22668, 0, 280, 146, 0, NULL),
(22669, 0, 281, 146, 1, 14),
(22670, 0, 282, 146, 0, NULL),
(22671, 0, 283, 146, 0, NULL),
(22672, 0, 284, 146, 0, NULL),
(22673, 0, 285, 146, 1, 4),
(22674, 0, 286, 146, 1, 5.5),
(22675, 0, 287, 146, 0, NULL),
(22676, 0, 288, 146, 0, NULL),
(22677, 0, 289, 146, 0, NULL),
(22678, 0, 290, 146, 1, 9.5),
(22679, 0, 291, 146, 0, NULL),
(22680, 0, 292, 146, 1, 10),
(22681, 0, 293, 146, 1, 19),
(22682, 0, 294, 146, 0, NULL),
(22683, 0, 295, 146, 0, NULL),
(22684, 0, 49, 146, 1, 9),
(22685, 0, 50, 146, 0, 5.5),
(22686, 0, 52, 146, 1, 5.5),
(22687, 0, 53, 146, 1, 5),
(22688, 0, 54, 146, 0, NULL),
(22689, 0, 55, 146, 0, NULL),
(22690, 0, 56, 146, 1, 16),
(22691, 0, 57, 146, 1, 1),
(22692, 0, 58, 146, 1, 9.5),
(22693, 0, 59, 146, 1, 8),
(22694, 0, 60, 146, 0, NULL),
(22695, 0, 61, 146, 1, 6),
(22696, 0, 62, 146, 0, NULL),
(22697, 0, 63, 146, 1, 4),
(22698, 0, 65, 146, 0, NULL),
(22699, 0, 66, 146, 1, 6),
(22700, 0, 70, 146, 0, NULL),
(22701, 0, 72, 146, 0, NULL),
(22702, 0, 73, 146, 0, NULL),
(22703, 0, 74, 146, 0, NULL),
(22704, 0, 75, 146, 0, NULL),
(22705, 0, 76, 146, 0, NULL),
(23586, 0, 2, 147, 0, NULL),
(23587, 0, 3, 147, 1, 5),
(23588, 0, 8, 147, 0, NULL),
(23589, 0, 9, 147, 0, NULL),
(23590, 0, 11, 147, 1, 10),
(23591, 0, 12, 147, 1, 4.5),
(23592, 0, 13, 147, 0, NULL),
(23593, 0, 14, 147, 0, NULL),
(23594, 0, 121, 147, 1, 5),
(23595, 0, 126, 147, 0, NULL),
(23596, 0, 174, 147, 0, NULL),
(23597, 0, 175, 147, 1, 4),
(23598, 0, 176, 147, 1, 7),
(23599, 0, 177, 147, 0, NULL),
(23600, 0, 179, 147, 1, 7.5),
(23601, 0, 471, 147, 0, NULL),
(23602, 0, 472, 147, 1, 4),
(23603, 0, 473, 147, 0, 5),
(23604, 0, 475, 147, 1, 7),
(23605, 0, 478, 147, 0, NULL),
(23606, 0, 480, 147, 0, NULL),
(23607, 0, 481, 147, 0, 4),
(23608, 0, 482, 147, 1, 5),
(23609, 0, 483, 147, 0, 4),
(23610, 0, 484, 147, 0, 4),
(23611, 0, 485, 147, 1, 5),
(23612, 0, 486, 147, 0, NULL),
(23613, 0, 487, 147, 1, 6),
(23614, 0, 488, 147, 0, NULL),
(23615, 0, 489, 147, 1, 3),
(23616, 0, 490, 147, 0, NULL),
(23617, 0, 491, 147, 0, NULL),
(23618, 0, 492, 147, 0, NULL),
(23619, 0, 493, 147, 1, 5),
(23620, 0, 494, 147, 0, NULL),
(23621, 0, 495, 147, 1, 12),
(23622, 0, 496, 147, 0, NULL),
(23623, 0, 497, 147, 0, NULL),
(23624, 0, 498, 147, 1, 8),
(23625, 0, 499, 147, 1, 5),
(23626, 0, 500, 147, 1, 7.5),
(23627, 0, 501, 147, 1, 5),
(23628, 0, 502, 147, 0, NULL),
(23629, 0, 503, 147, 0, NULL),
(23630, 0, 559, 147, 1, 5),
(23631, 0, 560, 147, 1, 4),
(23632, 0, 561, 147, 0, NULL),
(23633, 0, 562, 147, 1, 5),
(23634, 0, 564, 147, 0, NULL),
(23635, 0, 565, 147, 0, NULL),
(23636, 0, 566, 147, 1, 7),
(23637, 0, 567, 147, 1, 6),
(23638, 0, 568, 147, 1, 5.5),
(23639, 0, 569, 147, 1, 7.5),
(23640, 0, 570, 147, 1, 5),
(23641, 0, 571, 147, 0, NULL),
(23642, 0, 574, 147, 1, 6.5),
(23643, 0, 575, 147, 0, 5),
(23644, 0, 576, 147, 0, NULL),
(23645, 0, 577, 147, 0, 5),
(23646, 0, 578, 147, 0, 2),
(23647, 0, 580, 147, 0, NULL),
(23648, 0, 581, 147, 1, 4),
(23649, 0, 582, 147, 0, 5.5),
(23650, 0, 583, 147, 1, 10),
(23651, 0, 584, 147, 0, 4),
(23652, 0, 526, 147, 1, 2),
(23653, 0, 527, 147, 1, 4.5),
(23654, 0, 528, 147, 0, NULL),
(23655, 0, 529, 147, 1, 5),
(23656, 0, 530, 147, 0, NULL),
(23657, 0, 532, 147, 1, 4.5),
(23658, 0, 533, 147, 1, 5),
(23659, 0, 534, 147, 1, 19),
(23660, 0, 535, 147, 1, 1),
(23661, 0, 536, 147, 1, 8),
(23662, 0, 538, 147, 0, NULL),
(23663, 0, 539, 147, 0, NULL),
(23664, 0, 540, 147, 0, NULL),
(23665, 0, 541, 147, 0, NULL),
(23666, 0, 542, 147, 1, 5),
(23667, 0, 543, 147, 1, 20),
(23668, 0, 544, 147, 0, NULL),
(23669, 0, 547, 147, 0, NULL),
(23670, 0, 548, 147, 0, 4.5),
(23671, 0, 549, 147, 0, 8),
(23672, 0, 550, 147, 0, NULL),
(23673, 0, 551, 147, 1, 4.5),
(23674, 0, 102, 147, 0, 2),
(23675, 0, 103, 147, 1, 8),
(23676, 0, 104, 147, 1, 13),
(23677, 0, 105, 147, 0, NULL),
(23678, 0, 106, 147, 1, 5),
(23679, 0, 107, 147, 0, NULL),
(23680, 0, 108, 147, 0, NULL),
(23681, 0, 109, 147, 0, NULL),
(23682, 0, 110, 147, 1, 5),
(23683, 0, 111, 147, 1, 5),
(23684, 0, 112, 147, 1, 3),
(23685, 0, 113, 147, 0, NULL),
(23686, 0, 117, 147, 1, 16),
(23687, 0, 118, 147, 0, NULL),
(23688, 0, 119, 147, 0, NULL),
(23689, 0, 123, 147, 0, NULL),
(23690, 0, 127, 147, 0, 1),
(23691, 0, 128, 147, 0, NULL),
(23692, 0, 129, 147, 0, 5),
(23693, 0, 130, 147, 0, NULL),
(23694, 0, 131, 147, 1, 6),
(23695, 0, 132, 147, 0, 4),
(23696, 0, 133, 147, 0, 2),
(23697, 0, 134, 147, 1, 8),
(23698, 0, 135, 147, 0, NULL),
(23699, 0, 136, 147, 1, 5),
(23700, 0, 137, 147, 1, 19),
(23701, 0, 138, 147, 0, 12),
(23702, 0, 139, 147, 1, 5),
(23703, 0, 140, 147, 1, 4),
(23704, 0, 141, 147, 1, 4.5),
(23705, 0, 142, 147, 1, 4),
(23706, 0, 143, 147, 0, NULL),
(23707, 0, 166, 147, 0, NULL),
(23708, 0, 168, 147, 0, 1),
(23709, 0, 169, 147, 1, 5),
(23710, 0, 171, 147, 1, 5),
(23711, 0, 172, 147, 0, 4),
(23712, 0, 173, 147, 0, NULL),
(23713, 0, 180, 147, 1, 20),
(23714, 0, 181, 147, 0, 6),
(23715, 0, 182, 147, 1, 5),
(23716, 0, 183, 147, 0, NULL),
(23717, 0, 184, 147, 0, NULL),
(23718, 0, 15, 147, 0, NULL),
(23719, 0, 16, 147, 1, 10),
(23720, 0, 17, 147, 1, 4),
(23721, 0, 18, 147, 1, 2),
(23722, 0, 19, 147, 0, NULL),
(23723, 0, 20, 147, 1, 4.5),
(23724, 0, 21, 147, 1, 5),
(23725, 0, 22, 147, 0, NULL),
(23726, 0, 24, 147, 1, 5),
(23727, 0, 418, 147, 0, NULL),
(23728, 0, 419, 147, 1, 4.5),
(23729, 0, 421, 147, 0, NULL),
(23730, 0, 422, 147, 1, 12),
(23731, 0, 424, 147, 0, NULL),
(23732, 0, 426, 147, 0, 5),
(23733, 0, 430, 147, 1, 5),
(23734, 0, 434, 147, 0, 6),
(23735, 0, 436, 147, 1, 5),
(23736, 0, 438, 147, 0, 4),
(23737, 0, 439, 147, 0, 5),
(23738, 0, 444, 147, 0, NULL),
(23739, 0, 445, 147, 0, 4),
(23740, 0, 185, 147, 0, NULL),
(23741, 0, 186, 147, 0, NULL),
(23742, 0, 187, 147, 0, NULL),
(23743, 0, 188, 147, 1, 5),
(23744, 0, 190, 147, 1, 5),
(23745, 0, 191, 147, 1, 4.5),
(23746, 0, 193, 147, 0, NULL),
(23747, 0, 195, 147, 1, 10),
(23748, 0, 196, 147, 0, NULL),
(23749, 0, 197, 147, 0, NULL),
(23750, 0, 198, 147, 1, 6),
(23751, 0, 199, 147, 1, 6),
(23752, 0, 201, 147, 1, 6),
(23753, 0, 203, 147, 0, NULL),
(23754, 0, 205, 147, 1, 9),
(23755, 0, 206, 147, 0, 2),
(23756, 0, 208, 147, 0, NULL),
(23757, 0, 209, 147, 0, 4.5),
(23758, 0, 458, 147, 0, NULL),
(23759, 0, 460, 147, 1, 12),
(23760, 0, 467, 147, 0, NULL),
(23761, 0, 469, 147, 1, 13),
(23762, 0, 368, 147, 1, 5),
(23763, 0, 374, 147, 0, 2.5),
(23764, 0, 375, 147, 0, NULL),
(23765, 0, 377, 147, 1, 5.5),
(23766, 0, 381, 147, 1, 4.5),
(23767, 0, 382, 147, 0, NULL),
(23768, 0, 384, 147, 0, 4),
(23769, 0, 389, 147, 0, NULL),
(23770, 0, 391, 147, 0, NULL),
(23771, 0, 393, 147, 0, NULL),
(23772, 0, 400, 147, 1, 10),
(23773, 0, 404, 147, 1, 5),
(23774, 0, 408, 147, 0, 4),
(23775, 0, 409, 147, 0, NULL),
(23776, 0, 414, 147, 1, 4.5),
(23777, 0, 415, 147, 1, 10),
(23778, 0, 429, 147, 0, 2),
(23779, 0, 432, 147, 1, 12),
(23780, 0, 435, 147, 0, NULL),
(23781, 0, 441, 147, 0, NULL),
(23782, 0, 446, 147, 0, NULL),
(23783, 0, 448, 147, 0, 1),
(23784, 0, 326, 147, 0, NULL),
(23785, 0, 327, 147, 0, NULL),
(23786, 0, 552, 147, 0, 4.5),
(23787, 0, 553, 147, 1, 4),
(23788, 0, 554, 147, 1, 5),
(23789, 0, 555, 147, 0, NULL),
(23790, 0, 556, 147, 1, 5),
(23791, 0, 557, 147, 0, NULL),
(23792, 0, 558, 147, 1, 12),
(23793, 0, 585, 147, 1, 6),
(23794, 0, 586, 147, 0, NULL),
(23795, 0, 587, 147, 0, NULL),
(23796, 0, 588, 147, 1, 5.5),
(23797, 0, 589, 147, 1, 3),
(23798, 0, 590, 147, 1, 6),
(23799, 0, 591, 147, 0, NULL),
(23800, 0, 592, 147, 0, NULL),
(23801, 0, 593, 147, 1, 4),
(23802, 0, 594, 147, 0, NULL),
(23803, 0, 595, 147, 0, NULL),
(23804, 0, 596, 147, 0, NULL),
(23805, 0, 597, 147, 0, 4),
(23806, 0, 504, 147, 0, NULL),
(23807, 0, 505, 147, 0, NULL),
(23808, 0, 506, 147, 0, NULL),
(23809, 0, 507, 147, 0, NULL),
(23810, 0, 508, 147, 0, NULL),
(23811, 0, 509, 147, 1, 5),
(23812, 0, 510, 147, 0, NULL),
(23813, 0, 511, 147, 1, 6),
(23814, 0, 512, 147, 0, 4),
(23815, 0, 513, 147, 1, 5);
INSERT INTO `playerteamweek` (`id`, `version`, `playerteam`, `week`, `plays`, `points`) VALUES
(23816, 0, 514, 147, 0, NULL),
(23817, 0, 515, 147, 1, 10),
(23818, 0, 516, 147, 0, NULL),
(23819, 0, 517, 147, 0, NULL),
(23820, 0, 518, 147, 0, NULL),
(23821, 0, 519, 147, 0, 4.5),
(23822, 0, 520, 147, 0, NULL),
(23823, 0, 521, 147, 1, 10),
(23824, 0, 522, 147, 0, NULL),
(23825, 0, 523, 147, 0, NULL),
(23826, 0, 524, 147, 1, 6),
(23827, 0, 525, 147, 0, 4),
(23828, 0, 144, 147, 1, 5),
(23829, 0, 145, 147, 1, 5.5),
(23830, 0, 146, 147, 1, 1),
(23831, 0, 147, 147, 0, NULL),
(23832, 0, 148, 147, 1, 3),
(23833, 0, 149, 147, 1, 8),
(23834, 0, 150, 147, 1, 13),
(23835, 0, 151, 147, 0, NULL),
(23836, 0, 152, 147, 0, NULL),
(23837, 0, 153, 147, 0, NULL),
(23838, 0, 154, 147, 1, 5),
(23839, 0, 155, 147, 1, 5.5),
(23840, 0, 156, 147, 1, 5.5),
(23841, 0, 157, 147, 1, 2),
(23842, 0, 158, 147, 0, 4),
(23843, 0, 159, 147, 0, NULL),
(23844, 0, 160, 147, 1, 5),
(23845, 0, 161, 147, 0, NULL),
(23846, 0, 162, 147, 0, NULL),
(23847, 0, 163, 147, 0, 14),
(23848, 0, 164, 147, 0, 5),
(23849, 0, 165, 147, 0, NULL),
(23850, 0, 362, 147, 0, NULL),
(23851, 0, 363, 147, 0, NULL),
(23852, 0, 364, 147, 0, NULL),
(23853, 0, 366, 147, 1, 5),
(23854, 0, 367, 147, 0, NULL),
(23855, 0, 449, 147, 1, 5),
(23856, 0, 450, 147, 1, 10),
(23857, 0, 451, 147, 0, NULL),
(23858, 0, 452, 147, 1, 5),
(23859, 0, 453, 147, 0, NULL),
(23860, 0, 454, 147, 1, 13),
(23861, 0, 455, 147, 1, 4),
(23862, 0, 456, 147, 1, 6),
(23863, 0, 457, 147, 0, NULL),
(23864, 0, 459, 147, 0, NULL),
(23865, 0, 461, 147, 1, 5),
(23866, 0, 462, 147, 0, NULL),
(23867, 0, 463, 147, 0, NULL),
(23868, 0, 464, 147, 0, 5.5),
(23869, 0, 465, 147, 1, 1),
(23870, 0, 466, 147, 0, NULL),
(23871, 0, 468, 147, 0, 5),
(23872, 0, 296, 147, 1, 8),
(23873, 0, 297, 147, 0, NULL),
(23874, 0, 298, 147, 1, 10),
(23875, 0, 299, 147, 0, NULL),
(23876, 0, 300, 147, 1, 4.5),
(23877, 0, 301, 147, 0, NULL),
(23878, 0, 302, 147, 1, 7),
(23879, 0, 303, 147, 0, NULL),
(23880, 0, 304, 147, 1, 1),
(23881, 0, 305, 147, 1, 5),
(23882, 0, 307, 147, 0, NULL),
(23883, 0, 308, 147, 0, NULL),
(23884, 0, 310, 147, 0, NULL),
(23885, 0, 312, 147, 1, 6.5),
(23886, 0, 313, 147, 1, 4.5),
(23887, 0, 316, 147, 0, NULL),
(23888, 0, 317, 147, 0, NULL),
(23889, 0, 318, 147, 0, 4),
(23890, 0, 320, 147, 0, NULL),
(23891, 0, 322, 147, 0, NULL),
(23892, 0, 324, 147, 1, 5.5),
(23893, 0, 325, 147, 0, 6),
(23894, 0, 77, 147, 0, NULL),
(23895, 0, 78, 147, 1, 4),
(23896, 0, 79, 147, 1, 6),
(23897, 0, 81, 147, 0, NULL),
(23898, 0, 82, 147, 1, 6),
(23899, 0, 83, 147, 0, NULL),
(23900, 0, 84, 147, 0, NULL),
(23901, 0, 85, 147, 1, 10),
(23902, 0, 86, 147, 0, NULL),
(23903, 0, 87, 147, 1, 8),
(23904, 0, 88, 147, 1, 4),
(23905, 0, 89, 147, 1, 4.5),
(23906, 0, 90, 147, 1, 3),
(23907, 0, 91, 147, 0, NULL),
(23908, 0, 93, 147, 0, NULL),
(23909, 0, 94, 147, 1, 4.5),
(23910, 0, 96, 147, 0, NULL),
(23911, 0, 97, 147, 1, 5),
(23912, 0, 98, 147, 0, 5),
(23913, 0, 99, 147, 0, 1),
(23914, 0, 100, 147, 0, 5.5),
(23915, 0, 101, 147, 0, 5),
(23916, 0, 229, 147, 1, 2),
(23917, 0, 230, 147, 0, NULL),
(23918, 0, 231, 147, 1, 14),
(23919, 0, 232, 147, 0, NULL),
(23920, 0, 236, 147, 1, 4),
(23921, 0, 241, 147, 1, 5),
(23922, 0, 244, 147, 1, 9),
(23923, 0, 246, 147, 0, NULL),
(23924, 0, 247, 147, 1, 5),
(23925, 0, 248, 147, 0, NULL),
(23926, 0, 250, 147, 0, NULL),
(23927, 0, 251, 147, 1, 6),
(23928, 0, 255, 147, 1, 6),
(23929, 0, 263, 147, 0, NULL),
(23930, 0, 264, 147, 1, 13),
(23931, 0, 265, 147, 0, NULL),
(23932, 0, 266, 147, 0, NULL),
(23933, 0, 268, 147, 1, 5),
(23934, 0, 269, 147, 1, 4),
(23935, 0, 270, 147, 0, NULL),
(23936, 0, 271, 147, 0, NULL),
(23937, 0, 272, 147, 0, 8),
(23938, 0, 25, 147, 1, 8),
(23939, 0, 26, 147, 0, NULL),
(23940, 0, 27, 147, 1, 2),
(23941, 0, 28, 147, 0, NULL),
(23942, 0, 29, 147, 0, NULL),
(23943, 0, 30, 147, 1, 14),
(23944, 0, 31, 147, 1, 6),
(23945, 0, 32, 147, 1, 12),
(23946, 0, 33, 147, 1, 20),
(23947, 0, 34, 147, 1, 5),
(23948, 0, 35, 147, 1, 10),
(23949, 0, 36, 147, 0, NULL),
(23950, 0, 37, 147, 0, NULL),
(23951, 0, 38, 147, 0, NULL),
(23952, 0, 40, 147, 0, NULL),
(23953, 0, 41, 147, 0, NULL),
(23954, 0, 42, 147, 0, NULL),
(23955, 0, 43, 147, 0, NULL),
(23956, 0, 44, 147, 0, NULL),
(23957, 0, 46, 147, 0, NULL),
(23958, 0, 47, 147, 1, 4),
(23959, 0, 48, 147, 1, 4),
(23960, 0, 211, 147, 1, 5),
(23961, 0, 212, 147, 0, 2),
(23962, 0, 213, 147, 1, 6),
(23963, 0, 214, 147, 0, NULL),
(23964, 0, 215, 147, 0, NULL),
(23965, 0, 216, 147, 1, 5.5),
(23966, 0, 217, 147, 0, NULL),
(23967, 0, 219, 147, 0, NULL),
(23968, 0, 220, 147, 1, 3),
(23969, 0, 221, 147, 1, 8),
(23970, 0, 222, 147, 1, 3),
(23971, 0, 223, 147, 0, NULL),
(23972, 0, 224, 147, 0, NULL),
(23973, 0, 225, 147, 0, 5),
(23974, 0, 226, 147, 0, NULL),
(23975, 0, 235, 147, 1, 9),
(23976, 0, 237, 147, 1, 5),
(23977, 0, 238, 147, 1, 4),
(23978, 0, 239, 147, 0, NULL),
(23979, 0, 249, 147, 0, 1),
(23980, 0, 252, 147, 0, NULL),
(23981, 0, 254, 147, 0, 7.5),
(23982, 0, 274, 147, 0, NULL),
(23983, 0, 275, 147, 1, 5),
(23984, 0, 276, 147, 0, NULL),
(23985, 0, 277, 147, 1, 6),
(23986, 0, 278, 147, 0, NULL),
(23987, 0, 279, 147, 1, 5),
(23988, 0, 280, 147, 0, NULL),
(23989, 0, 281, 147, 1, 12),
(23990, 0, 282, 147, 0, NULL),
(23991, 0, 283, 147, 0, NULL),
(23992, 0, 284, 147, 0, NULL),
(23993, 0, 285, 147, 0, NULL),
(23994, 0, 286, 147, 1, 7),
(23995, 0, 287, 147, 0, NULL),
(23996, 0, 288, 147, 0, NULL),
(23997, 0, 289, 147, 0, NULL),
(23998, 0, 290, 147, 1, 5),
(23999, 0, 291, 147, 0, NULL),
(24000, 0, 292, 147, 1, 8),
(24001, 0, 293, 147, 1, 4),
(24002, 0, 294, 147, 0, NULL),
(24003, 0, 295, 147, 0, NULL),
(24004, 0, 49, 147, 1, 2),
(24005, 0, 50, 147, 0, NULL),
(24006, 0, 52, 147, 0, NULL),
(24007, 0, 53, 147, 1, 4),
(24008, 0, 54, 147, 0, NULL),
(24009, 0, 55, 147, 0, NULL),
(24010, 0, 56, 147, 1, 40),
(24011, 0, 57, 147, 1, 10),
(24012, 0, 58, 147, 1, 5),
(24013, 0, 59, 147, 1, 4),
(24014, 0, 60, 147, 0, NULL),
(24015, 0, 61, 147, 1, 5),
(24016, 0, 62, 147, 0, NULL),
(24017, 0, 63, 147, 1, 4),
(24018, 0, 65, 147, 1, 6),
(24019, 0, 66, 147, 1, 5.5),
(24020, 0, 70, 147, 0, NULL),
(24021, 0, 72, 147, 0, NULL),
(24022, 0, 73, 147, 0, NULL),
(24023, 0, 74, 147, 0, NULL),
(24024, 0, 75, 147, 1, 6.5),
(24025, 0, 76, 147, 0, NULL),
(25346, 0, 2, 148, 0, NULL),
(25347, 0, 3, 148, 1, 6),
(25348, 0, 8, 148, 1, 5),
(25349, 0, 9, 148, 1, 5),
(25350, 0, 11, 148, 1, 32),
(25351, 0, 12, 148, 0, NULL),
(25352, 0, 13, 148, 1, 5),
(25353, 0, 14, 148, 1, 5.5),
(25354, 0, 121, 148, 1, 4.5),
(25355, 0, 126, 148, 0, 5),
(25356, 0, 174, 148, 0, NULL),
(25357, 0, 175, 148, 0, NULL),
(25358, 0, 176, 148, 1, 5.5),
(25359, 0, 177, 148, 0, NULL),
(25360, 0, 179, 148, 1, 5),
(25361, 0, 471, 148, 0, NULL),
(25362, 0, 472, 148, 1, 16),
(25363, 0, 473, 148, 0, 5),
(25364, 0, 475, 148, 0, NULL),
(25365, 0, 478, 148, 0, NULL),
(25366, 0, 480, 148, 1, 14),
(25367, 0, 481, 148, 0, 19),
(25368, 0, 482, 148, 1, 6),
(25369, 0, 483, 148, 0, 2),
(25370, 0, 484, 148, 0, 8),
(25371, 0, 485, 148, 1, 5),
(25372, 0, 486, 148, 1, 4),
(25373, 0, 487, 148, 1, 4),
(25374, 0, 488, 148, 0, 14),
(25375, 0, 489, 148, 0, 5),
(25376, 0, 490, 148, 0, NULL),
(25377, 0, 491, 148, 0, NULL),
(25378, 0, 492, 148, 0, NULL),
(25379, 0, 493, 148, 1, 16),
(25380, 0, 494, 148, 1, 5),
(25381, 0, 495, 148, 1, 3),
(25382, 0, 496, 148, 1, 5),
(25383, 0, 497, 148, 0, NULL),
(25384, 0, 498, 148, 1, 10),
(25385, 0, 499, 148, 0, NULL),
(25386, 0, 500, 148, 1, 5),
(25387, 0, 501, 148, 1, 5),
(25388, 0, 502, 148, 0, 5),
(25389, 0, 503, 148, 0, 22),
(25390, 0, 559, 148, 1, 6),
(25391, 0, 560, 148, 1, 16),
(25392, 0, 561, 148, 0, NULL),
(25393, 0, 562, 148, 1, 5),
(25394, 0, 564, 148, 0, NULL),
(25395, 0, 565, 148, 1, 5),
(25396, 0, 566, 148, 1, 5),
(25397, 0, 567, 148, 1, 4.5),
(25398, 0, 568, 148, 1, 9),
(25399, 0, 569, 148, 1, 5),
(25400, 0, 570, 148, 1, 5),
(25401, 0, 571, 148, 0, 3),
(25402, 0, 574, 148, 0, 5.5),
(25403, 0, 575, 148, 0, 4.5),
(25404, 0, 576, 148, 0, NULL),
(25405, 0, 577, 148, 0, 9),
(25406, 0, 578, 148, 0, NULL),
(25407, 0, 580, 148, 0, NULL),
(25408, 0, 581, 148, 1, 4),
(25409, 0, 582, 148, 0, 5),
(25410, 0, 583, 148, 1, 32),
(25411, 0, 584, 148, 0, 4),
(25412, 0, 526, 148, 0, NULL),
(25413, 0, 527, 148, 1, 6.5),
(25414, 0, 528, 148, 1, 4),
(25415, 0, 529, 148, 1, 5),
(25416, 0, 530, 148, 1, 5),
(25417, 0, 532, 148, 0, NULL),
(25418, 0, 533, 148, 1, 16),
(25419, 0, 534, 148, 1, 6),
(25420, 0, 535, 148, 1, 5.5),
(25421, 0, 536, 148, 1, 10),
(25422, 0, 538, 148, 0, 5),
(25423, 0, 539, 148, 0, NULL),
(25424, 0, 540, 148, 1, 3),
(25425, 0, 541, 148, 0, 4),
(25426, 0, 542, 148, 1, 6.5),
(25427, 0, 543, 148, 0, 5.5),
(25428, 0, 544, 148, 0, NULL),
(25429, 0, 547, 148, 0, NULL),
(25430, 0, 548, 148, 0, 6),
(25431, 0, 549, 148, 0, 3),
(25432, 0, 550, 148, 0, NULL),
(25433, 0, 551, 148, 1, 5.5),
(25434, 0, 102, 148, 0, NULL),
(25435, 0, 103, 148, 1, 10),
(25436, 0, 104, 148, 1, 1.5),
(25437, 0, 105, 148, 0, NULL),
(25438, 0, 106, 148, 1, 6),
(25439, 0, 107, 148, 0, NULL),
(25440, 0, 108, 148, 0, NULL),
(25441, 0, 109, 148, 1, 5),
(25442, 0, 110, 148, 1, 16),
(25443, 0, 111, 148, 1, 5),
(25444, 0, 112, 148, 1, 6),
(25445, 0, 113, 148, 1, 4),
(25446, 0, 117, 148, 1, 7.5),
(25447, 0, 118, 148, 0, NULL),
(25448, 0, 119, 148, 1, 5),
(25449, 0, 123, 148, 1, 8),
(25450, 0, 127, 148, 0, 5.5),
(25451, 0, 128, 148, 0, 4),
(25452, 0, 129, 148, 0, 6),
(25453, 0, 130, 148, 0, 22),
(25454, 0, 131, 148, 0, 4),
(25455, 0, 132, 148, 0, 4),
(25456, 0, 133, 148, 0, NULL),
(25457, 0, 134, 148, 1, 10),
(25458, 0, 135, 148, 1, 5),
(25459, 0, 136, 148, 1, 6),
(25460, 0, 137, 148, 1, 6),
(25461, 0, 138, 148, 0, 3),
(25462, 0, 139, 148, 1, 16),
(25463, 0, 140, 148, 1, 5),
(25464, 0, 141, 148, 1, 5.5),
(25465, 0, 142, 148, 1, 16),
(25466, 0, 143, 148, 1, 14),
(25467, 0, 166, 148, 0, 5),
(25468, 0, 168, 148, 0, 22),
(25469, 0, 169, 148, 1, 5.5),
(25470, 0, 171, 148, 0, 5),
(25471, 0, 172, 148, 0, 3.5),
(25472, 0, 173, 148, 0, NULL),
(25473, 0, 180, 148, 0, 5.5),
(25474, 0, 181, 148, 0, 4.5),
(25475, 0, 182, 148, 1, 5),
(25476, 0, 183, 148, 0, NULL),
(25477, 0, 184, 148, 0, NULL),
(25478, 0, 15, 148, 0, NULL),
(25479, 0, 16, 148, 1, 12),
(25480, 0, 17, 148, 1, 5),
(25481, 0, 18, 148, 0, NULL),
(25482, 0, 19, 148, 1, 4),
(25483, 0, 20, 148, 1, 6.5),
(25484, 0, 21, 148, 1, 5.5),
(25485, 0, 22, 148, 1, 5),
(25486, 0, 24, 148, 1, 16),
(25487, 0, 418, 148, 0, NULL),
(25488, 0, 419, 148, 1, 4.5),
(25489, 0, 421, 148, 1, 5),
(25490, 0, 422, 148, 1, 3),
(25491, 0, 424, 148, 0, 8),
(25492, 0, 426, 148, 1, 21),
(25493, 0, 430, 148, 0, NULL),
(25494, 0, 434, 148, 0, 4.5),
(25495, 0, 436, 148, 0, 2),
(25496, 0, 438, 148, 0, 4),
(25497, 0, 439, 148, 0, 6),
(25498, 0, 444, 148, 0, 4),
(25499, 0, 445, 148, 0, 16),
(25500, 0, 185, 148, 1, 16),
(25501, 0, 186, 148, 0, 4),
(25502, 0, 187, 148, 0, NULL),
(25503, 0, 188, 148, 1, 5.5),
(25504, 0, 190, 148, 1, 32),
(25505, 0, 191, 148, 1, 5.5),
(25506, 0, 193, 148, 0, NULL),
(25507, 0, 195, 148, 0, NULL),
(25508, 0, 196, 148, 1, 22),
(25509, 0, 197, 148, 0, NULL),
(25510, 0, 198, 148, 1, 4),
(25511, 0, 199, 148, 0, NULL),
(25512, 0, 201, 148, 1, 4),
(25513, 0, 203, 148, 0, NULL),
(25514, 0, 205, 148, 1, 3.5),
(25515, 0, 206, 148, 0, NULL),
(25516, 0, 208, 148, 0, 3),
(25517, 0, 209, 148, 0, 4.5),
(25518, 0, 458, 148, 1, 4.5),
(25519, 0, 460, 148, 1, 3),
(25520, 0, 467, 148, 0, 5),
(25521, 0, 469, 148, 1, 1.5),
(25522, 0, 368, 148, 1, 6),
(25523, 0, 374, 148, 0, 5),
(25524, 0, 375, 148, 0, NULL),
(25525, 0, 377, 148, 1, 5),
(25526, 0, 381, 148, 1, 6.5),
(25527, 0, 382, 148, 1, 6),
(25528, 0, 384, 148, 0, 16),
(25529, 0, 389, 148, 1, 4.5),
(25530, 0, 391, 148, 1, 5),
(25531, 0, 393, 148, 0, NULL),
(25532, 0, 400, 148, 1, 6),
(25533, 0, 404, 148, 0, 16),
(25534, 0, 408, 148, 0, 4),
(25535, 0, 409, 148, 1, 11),
(25536, 0, 414, 148, 1, 6),
(25537, 0, 415, 148, 0, NULL),
(25538, 0, 429, 148, 0, NULL),
(25539, 0, 432, 148, 0, 6),
(25540, 0, 435, 148, 1, 5),
(25541, 0, 441, 148, 1, 8),
(25542, 0, 446, 148, 0, 5),
(25543, 0, 448, 148, 0, 5.5),
(25544, 0, 326, 148, 0, NULL),
(25545, 0, 327, 148, 0, NULL),
(25546, 0, 552, 148, 0, 6.5),
(25547, 0, 553, 148, 1, 4),
(25548, 0, 554, 148, 0, 9),
(25549, 0, 555, 148, 0, 3),
(25550, 0, 556, 148, 1, 6),
(25551, 0, 557, 148, 0, NULL),
(25552, 0, 558, 148, 1, 3),
(25553, 0, 585, 148, 1, 20),
(25554, 0, 586, 148, 1, 6),
(25555, 0, 587, 148, 1, 14),
(25556, 0, 588, 148, 1, 5),
(25557, 0, 589, 148, 1, 5),
(25558, 0, 590, 148, 1, 4),
(25559, 0, 591, 148, 0, NULL),
(25560, 0, 592, 148, 1, 5),
(25561, 0, 593, 148, 1, 5),
(25562, 0, 594, 148, 0, NULL),
(25563, 0, 595, 148, 0, 4),
(25564, 0, 596, 148, 0, NULL),
(25565, 0, 597, 148, 0, 2),
(25566, 0, 504, 148, 1, 16),
(25567, 0, 505, 148, 0, 3),
(25568, 0, 506, 148, 0, NULL),
(25569, 0, 507, 148, 0, NULL),
(25570, 0, 508, 148, 1, 4),
(25571, 0, 509, 148, 1, 5.5),
(25572, 0, 510, 148, 0, NULL),
(25573, 0, 511, 148, 1, 4),
(25574, 0, 512, 148, 0, 16),
(25575, 0, 513, 148, 1, 16),
(25576, 0, 514, 148, 1, 10),
(25577, 0, 515, 148, 1, 6),
(25578, 0, 516, 148, 1, 5),
(25579, 0, 517, 148, 0, 5),
(25580, 0, 518, 148, 0, NULL),
(25581, 0, 519, 148, 0, NULL),
(25582, 0, 520, 148, 0, NULL),
(25583, 0, 521, 148, 0, NULL),
(25584, 0, 522, 148, 1, 5.5),
(25585, 0, 523, 148, 1, 22),
(25586, 0, 524, 148, 1, 4),
(25587, 0, 525, 148, 0, 4),
(25588, 0, 144, 148, 1, 16),
(25589, 0, 145, 148, 1, 9),
(25590, 0, 146, 148, 1, 5.5),
(25591, 0, 147, 148, 0, NULL),
(25592, 0, 148, 148, 1, 10),
(25593, 0, 149, 148, 1, 10),
(25594, 0, 150, 148, 1, 1.5),
(25595, 0, 151, 148, 0, NULL),
(25596, 0, 152, 148, 0, NULL),
(25597, 0, 153, 148, 1, 22),
(25598, 0, 154, 148, 0, 5),
(25599, 0, 155, 148, 1, 4.5),
(25600, 0, 156, 148, 1, 5),
(25601, 0, 157, 148, 0, NULL),
(25602, 0, 158, 148, 1, 8),
(25603, 0, 159, 148, 0, NULL),
(25604, 0, 160, 148, 0, 4),
(25605, 0, 161, 148, 1, 5),
(25606, 0, 162, 148, 0, NULL),
(25607, 0, 163, 148, 0, NULL),
(25608, 0, 164, 148, 0, 21),
(25609, 0, 165, 148, 0, NULL),
(25610, 0, 362, 148, 0, 5),
(25611, 0, 363, 148, 0, NULL),
(25612, 0, 364, 148, 1, 22),
(25613, 0, 366, 148, 1, 5),
(25614, 0, 367, 148, 0, NULL),
(25615, 0, 449, 148, 1, 4.5),
(25616, 0, 450, 148, 1, 32),
(25617, 0, 451, 148, 1, 16),
(25618, 0, 452, 148, 1, 5.5),
(25619, 0, 453, 148, 0, NULL),
(25620, 0, 454, 148, 0, NULL),
(25621, 0, 455, 148, 1, 5),
(25622, 0, 456, 148, 1, 5),
(25623, 0, 457, 148, 1, 4.5),
(25624, 0, 459, 148, 0, 4),
(25625, 0, 461, 148, 1, 5),
(25626, 0, 462, 148, 0, NULL),
(25627, 0, 463, 148, 1, 14),
(25628, 0, 464, 148, 0, 7.5),
(25629, 0, 465, 148, 0, NULL),
(25630, 0, 466, 148, 0, NULL),
(25631, 0, 468, 148, 0, NULL),
(25632, 0, 296, 148, 1, 3),
(25633, 0, 297, 148, 0, NULL),
(25634, 0, 298, 148, 1, 5.5),
(25635, 0, 299, 148, 1, 4),
(25636, 0, 300, 148, 1, 10),
(25637, 0, 301, 148, 1, 5),
(25638, 0, 302, 148, 1, 5.5),
(25639, 0, 303, 148, 1, 10),
(25640, 0, 304, 148, 0, 5.5),
(25641, 0, 305, 148, 1, 5),
(25642, 0, 307, 148, 0, 3),
(25643, 0, 308, 148, 0, NULL),
(25644, 0, 310, 148, 0, NULL),
(25645, 0, 312, 148, 1, 5),
(25646, 0, 313, 148, 1, 5.5),
(25647, 0, 316, 148, 1, 5),
(25648, 0, 317, 148, 0, NULL),
(25649, 0, 318, 148, 0, 3.5),
(25650, 0, 320, 148, 0, NULL),
(25651, 0, 322, 148, 0, NULL),
(25652, 0, 324, 148, 0, NULL),
(25653, 0, 325, 148, 0, 4),
(25654, 0, 77, 148, 1, 16),
(25655, 0, 78, 148, 0, NULL),
(25656, 0, 79, 148, 1, 4),
(25657, 0, 81, 148, 1, 8),
(25658, 0, 82, 148, 1, 4.5),
(25659, 0, 83, 148, 1, 10),
(25660, 0, 84, 148, 1, 3),
(25661, 0, 85, 148, 1, 5),
(25662, 0, 86, 148, 0, NULL),
(25663, 0, 87, 148, 1, 0),
(25664, 0, 88, 148, 0, 2),
(25665, 0, 89, 148, 1, 5.5),
(25666, 0, 90, 148, 1, 5),
(25667, 0, 91, 148, 0, 5),
(25668, 0, 93, 148, 0, NULL),
(25669, 0, 94, 148, 1, 6),
(25670, 0, 96, 148, 0, 4.5),
(25671, 0, 97, 148, 0, 5),
(25672, 0, 98, 148, 0, 5),
(25673, 0, 99, 148, 0, 22),
(25674, 0, 100, 148, 0, 5),
(25675, 0, 101, 148, 0, 5),
(25676, 0, 229, 148, 0, NULL),
(25677, 0, 230, 148, 1, 4),
(25678, 0, 231, 148, 0, NULL),
(25679, 0, 232, 148, 0, NULL),
(25680, 0, 236, 148, 1, 16),
(25681, 0, 241, 148, 1, 6),
(25682, 0, 244, 148, 1, 11),
(25683, 0, 246, 148, 0, NULL),
(25684, 0, 247, 148, 1, 6.5),
(25685, 0, 248, 148, 0, NULL),
(25686, 0, 250, 148, 1, 16),
(25687, 0, 251, 148, 1, 5),
(25688, 0, 255, 148, 1, 3),
(25689, 0, 263, 148, 1, 5.5),
(25690, 0, 264, 148, 1, 3),
(25691, 0, 265, 148, 0, NULL),
(25692, 0, 266, 148, 0, NULL),
(25693, 0, 268, 148, 0, NULL),
(25694, 0, 269, 148, 1, 5),
(25695, 0, 270, 148, 0, NULL),
(25696, 0, 271, 148, 0, NULL),
(25697, 0, 272, 148, 0, 3),
(25698, 0, 25, 148, 1, 10),
(25699, 0, 26, 148, 1, 5),
(25700, 0, 27, 148, 0, NULL),
(25701, 0, 28, 148, 0, NULL),
(25702, 0, 29, 148, 0, NULL),
(25703, 0, 30, 148, 0, NULL),
(25704, 0, 31, 148, 1, 4),
(25705, 0, 32, 148, 1, 6),
(25706, 0, 33, 148, 1, 5.5),
(25707, 0, 34, 148, 1, 5),
(25708, 0, 35, 148, 1, 6),
(25709, 0, 36, 148, 1, 5),
(25710, 0, 37, 148, 1, 5),
(25711, 0, 38, 148, 0, NULL),
(25712, 0, 40, 148, 1, 4),
(25713, 0, 41, 148, 0, NULL),
(25714, 0, 42, 148, 0, NULL),
(25715, 0, 43, 148, 0, NULL),
(25716, 0, 44, 148, 0, NULL),
(25717, 0, 46, 148, 0, NULL),
(25718, 0, 47, 148, 0, 5),
(25719, 0, 48, 148, 0, 19),
(25720, 0, 211, 148, 1, 6),
(25721, 0, 212, 148, 0, NULL),
(25722, 0, 213, 148, 1, 5),
(25723, 0, 214, 148, 1, 14),
(25724, 0, 215, 148, 0, NULL),
(25725, 0, 216, 148, 0, 5),
(25726, 0, 217, 148, 0, NULL),
(25727, 0, 219, 148, 1, 4.5),
(25728, 0, 220, 148, 1, 10),
(25729, 0, 221, 148, 1, 10),
(25730, 0, 222, 148, 1, 5),
(25731, 0, 223, 148, 1, 5),
(25732, 0, 224, 148, 0, NULL),
(25733, 0, 225, 148, 0, 5),
(25734, 0, 226, 148, 0, NULL),
(25735, 0, 235, 148, 1, 3.5),
(25736, 0, 237, 148, 1, 16),
(25737, 0, 238, 148, 0, NULL),
(25738, 0, 239, 148, 1, 5),
(25739, 0, 249, 148, 0, 22),
(25740, 0, 252, 148, 0, NULL),
(25741, 0, 254, 148, 0, 5),
(25742, 0, 274, 148, 0, NULL),
(25743, 0, 275, 148, 1, 6),
(25744, 0, 276, 148, 0, NULL),
(25745, 0, 277, 148, 1, 5),
(25746, 0, 278, 148, 1, 4),
(25747, 0, 279, 148, 1, 5),
(25748, 0, 280, 148, 0, 4),
(25749, 0, 281, 148, 0, 6),
(25750, 0, 282, 148, 0, NULL),
(25751, 0, 283, 148, 0, NULL),
(25752, 0, 284, 148, 1, 10),
(25753, 0, 285, 148, 1, 5),
(25754, 0, 286, 148, 1, 5),
(25755, 0, 287, 148, 1, 6),
(25756, 0, 288, 148, 0, 4),
(25757, 0, 289, 148, 0, NULL),
(25758, 0, 290, 148, 1, 5),
(25759, 0, 291, 148, 0, NULL),
(25760, 0, 292, 148, 1, 0),
(25761, 0, 293, 148, 1, 4),
(25762, 0, 294, 148, 0, 8.5),
(25763, 0, 295, 148, 0, NULL),
(25764, 0, 49, 148, 0, NULL),
(25765, 0, 50, 148, 1, 3),
(25766, 0, 52, 148, 1, 4),
(25767, 0, 53, 148, 1, 16),
(25768, 0, 54, 148, 1, 4),
(25769, 0, 55, 148, 1, 5),
(25770, 0, 56, 148, 1, 11),
(25771, 0, 57, 148, 1, 6),
(25772, 0, 58, 148, 1, 5),
(25773, 0, 59, 148, 1, 4),
(25774, 0, 60, 148, 1, 5.5),
(25775, 0, 61, 148, 0, NULL),
(25776, 0, 62, 148, 0, 4),
(25777, 0, 63, 148, 0, 3.5),
(25778, 0, 65, 148, 1, 4.5),
(25779, 0, 66, 148, 0, 7.5),
(25780, 0, 70, 148, 0, 8.5),
(25781, 0, 72, 148, 0, NULL),
(25782, 0, 73, 148, 0, NULL),
(25783, 0, 74, 148, 0, NULL),
(25784, 0, 75, 148, 0, 5.5),
(25785, 0, 76, 148, 0, NULL),
(27106, 0, 2, 149, 0, NULL),
(27107, 0, 3, 149, 1, 4.5),
(27108, 0, 8, 149, 1, 5),
(27109, 0, 9, 149, 1, 4),
(27110, 0, 11, 149, 1, 13),
(27111, 0, 12, 149, 1, 6.5),
(27112, 0, 13, 149, 1, 10),
(27113, 0, 14, 149, 1, 5),
(27114, 0, 121, 149, 0, 3),
(27115, 0, 126, 149, 0, 5),
(27116, 0, 174, 149, 1, 5),
(27117, 0, 175, 149, 1, 5),
(27118, 0, 176, 149, 0, 5),
(27119, 0, 177, 149, 0, NULL),
(27120, 0, 179, 149, 1, 5),
(27121, 0, 471, 149, 0, NULL),
(27122, 0, 472, 149, 0, 3),
(27123, 0, 473, 149, 0, 4),
(27124, 0, 475, 149, 0, 6),
(27125, 0, 478, 149, 0, NULL),
(27126, 0, 480, 149, 1, 4),
(27127, 0, 481, 149, 0, 4),
(27128, 0, 482, 149, 1, 4.5),
(27129, 0, 483, 149, 0, 16),
(27130, 0, 484, 149, 0, 1.5),
(27131, 0, 485, 149, 1, 6),
(27132, 0, 486, 149, 1, 8),
(27133, 0, 487, 149, 1, 5),
(27134, 0, 488, 149, 0, 4),
(27135, 0, 489, 149, 0, 5.5),
(27136, 0, 490, 149, 0, NULL),
(27137, 0, 491, 149, 1, 5),
(27138, 0, 492, 149, 0, NULL),
(27139, 0, 493, 149, 1, 6.5),
(27140, 0, 494, 149, 1, 4),
(27141, 0, 495, 149, 1, 4.5),
(27142, 0, 496, 149, 0, 10),
(27143, 0, 497, 149, 0, NULL),
(27144, 0, 498, 149, 1, 2),
(27145, 0, 499, 149, 0, NULL),
(27146, 0, 500, 149, 1, 5),
(27147, 0, 501, 149, 1, 5),
(27148, 0, 502, 149, 0, 5),
(27149, 0, 503, 149, 0, 4),
(27150, 0, 559, 149, 1, 4.5),
(27151, 0, 560, 149, 1, 3),
(27152, 0, 561, 149, 1, 13),
(27153, 0, 562, 149, 1, 6),
(27154, 0, 564, 149, 0, NULL),
(27155, 0, 565, 149, 1, 4),
(27156, 0, 566, 149, 1, 5),
(27157, 0, 567, 149, 1, 4),
(27158, 0, 568, 149, 1, 4.5),
(27159, 0, 569, 149, 1, 5),
(27160, 0, 570, 149, 1, 5),
(27161, 0, 571, 149, 0, 8),
(27162, 0, 574, 149, 0, 5),
(27163, 0, 575, 149, 0, 4),
(27164, 0, 576, 149, 0, 5),
(27165, 0, 577, 149, 0, 2),
(27166, 0, 578, 149, 0, 4),
(27167, 0, 580, 149, 0, NULL),
(27168, 0, 581, 149, 0, NULL),
(27169, 0, 582, 149, 0, 5),
(27170, 0, 583, 149, 1, 13),
(27171, 0, 584, 149, 0, 4),
(27172, 0, 526, 149, 1, 4),
(27173, 0, 527, 149, 1, 5),
(27174, 0, 528, 149, 1, 6),
(27175, 0, 529, 149, 1, 6),
(27176, 0, 530, 149, 1, 4),
(27177, 0, 532, 149, 1, 6.5),
(27178, 0, 533, 149, 1, 6.5),
(27179, 0, 534, 149, 1, 5),
(27180, 0, 535, 149, 0, NULL),
(27181, 0, 536, 149, 1, 2),
(27182, 0, 538, 149, 0, 5),
(27183, 0, 539, 149, 0, 5.5),
(27184, 0, 540, 149, 0, 8),
(27185, 0, 541, 149, 0, 5),
(27186, 0, 542, 149, 1, 6),
(27187, 0, 543, 149, 1, 5),
(27188, 0, 544, 149, 0, NULL),
(27189, 0, 547, 149, 0, 4.5),
(27190, 0, 548, 149, 0, 5),
(27191, 0, 549, 149, 0, 8),
(27192, 0, 550, 149, 0, 13),
(27193, 0, 551, 149, 0, NULL),
(27194, 0, 102, 149, 0, 4),
(27195, 0, 103, 149, 1, 2),
(27196, 0, 104, 149, 1, 4),
(27197, 0, 105, 149, 1, 13),
(27198, 0, 106, 149, 1, 4.5),
(27199, 0, 107, 149, 0, NULL),
(27200, 0, 108, 149, 0, NULL),
(27201, 0, 109, 149, 1, 4),
(27202, 0, 110, 149, 1, 6.5),
(27203, 0, 111, 149, 1, 5),
(27204, 0, 112, 149, 1, 6),
(27205, 0, 113, 149, 1, 5),
(27206, 0, 117, 149, 1, 8),
(27207, 0, 118, 149, 0, NULL),
(27208, 0, 119, 149, 1, 10),
(27209, 0, 123, 149, 0, NULL),
(27210, 0, 127, 149, 0, NULL),
(27211, 0, 128, 149, 0, 6),
(27212, 0, 129, 149, 0, 4.5),
(27213, 0, 130, 149, 0, 4),
(27214, 0, 131, 149, 0, 6),
(27215, 0, 132, 149, 0, 4),
(27216, 0, 133, 149, 0, 4),
(27217, 0, 134, 149, 1, 2),
(27218, 0, 135, 149, 1, 4),
(27219, 0, 136, 149, 1, 4.5),
(27220, 0, 137, 149, 1, 5),
(27221, 0, 138, 149, 0, 4.5),
(27222, 0, 139, 149, 1, 6.5),
(27223, 0, 140, 149, 0, NULL),
(27224, 0, 141, 149, 0, NULL),
(27225, 0, 142, 149, 1, 3),
(27226, 0, 143, 149, 1, 4),
(27227, 0, 166, 149, 1, 5),
(27228, 0, 168, 149, 0, 5.5),
(27229, 0, 169, 149, 1, 5),
(27230, 0, 171, 149, 0, 6),
(27231, 0, 172, 149, 0, 4),
(27232, 0, 173, 149, 0, NULL),
(27233, 0, 180, 149, 1, 5),
(27234, 0, 181, 149, 0, 4),
(27235, 0, 182, 149, 1, 5),
(27236, 0, 183, 149, 0, NULL),
(27237, 0, 184, 149, 0, 5),
(27238, 0, 15, 149, 0, NULL),
(27239, 0, 16, 149, 1, 9),
(27240, 0, 17, 149, 1, 1),
(27241, 0, 18, 149, 1, 4),
(27242, 0, 19, 149, 1, 6),
(27243, 0, 20, 149, 1, 5),
(27244, 0, 21, 149, 1, 5),
(27245, 0, 22, 149, 1, 4),
(27246, 0, 24, 149, 1, 6.5),
(27247, 0, 418, 149, 1, 5),
(27248, 0, 419, 149, 1, 9.5),
(27249, 0, 421, 149, 0, 5),
(27250, 0, 422, 149, 1, 4.5),
(27251, 0, 424, 149, 0, NULL),
(27252, 0, 426, 149, 0, NULL),
(27253, 0, 430, 149, 0, 6),
(27254, 0, 434, 149, 0, 4),
(27255, 0, 436, 149, 0, NULL),
(27256, 0, 438, 149, 0, 4),
(27257, 0, 439, 149, 0, 4.5),
(27258, 0, 444, 149, 0, 5),
(27259, 0, 445, 149, 0, 3),
(27260, 0, 185, 149, 0, NULL),
(27261, 0, 186, 149, 0, 6),
(27262, 0, 187, 149, 1, 13),
(27263, 0, 188, 149, 1, 5),
(27264, 0, 190, 149, 1, 13),
(27265, 0, 191, 149, 0, NULL),
(27266, 0, 193, 149, 1, 5),
(27267, 0, 195, 149, 0, NULL),
(27268, 0, 196, 149, 0, 4),
(27269, 0, 197, 149, 1, 5),
(27270, 0, 198, 149, 1, 5),
(27271, 0, 199, 149, 0, NULL),
(27272, 0, 201, 149, 1, 5),
(27273, 0, 203, 149, 0, NULL),
(27274, 0, 205, 149, 1, 10),
(27275, 0, 206, 149, 0, 4),
(27276, 0, 208, 149, 0, 3),
(27277, 0, 209, 149, 0, 9.5),
(27278, 0, 458, 149, 0, NULL),
(27279, 0, 460, 149, 1, 4.5),
(27280, 0, 467, 149, 1, 10),
(27281, 0, 469, 149, 1, 4),
(27282, 0, 368, 149, 1, 4.5),
(27283, 0, 374, 149, 0, 2),
(27284, 0, 375, 149, 1, 13),
(27285, 0, 377, 149, 1, 5),
(27286, 0, 381, 149, 1, 5),
(27287, 0, 382, 149, 1, 5.5),
(27288, 0, 384, 149, 0, 3),
(27289, 0, 389, 149, 1, 6),
(27290, 0, 391, 149, 1, 4),
(27291, 0, 393, 149, 0, NULL),
(27292, 0, 400, 149, 1, 5),
(27293, 0, 404, 149, 1, 6.5),
(27294, 0, 408, 149, 0, 4),
(27295, 0, 409, 149, 1, 10),
(27296, 0, 414, 149, 1, 5),
(27297, 0, 415, 149, 0, NULL),
(27298, 0, 429, 149, 0, 4),
(27299, 0, 432, 149, 0, 6),
(27300, 0, 435, 149, 0, NULL),
(27301, 0, 441, 149, 0, NULL),
(27302, 0, 446, 149, 0, 5),
(27303, 0, 448, 149, 0, NULL),
(27304, 0, 326, 149, 0, NULL),
(27305, 0, 327, 149, 1, 5),
(27306, 0, 552, 149, 0, 5),
(27307, 0, 553, 149, 1, 4),
(27308, 0, 554, 149, 0, 2),
(27309, 0, 555, 149, 0, 8),
(27310, 0, 556, 149, 1, 4.5),
(27311, 0, 557, 149, 0, NULL),
(27312, 0, 558, 149, 1, 4.5),
(27313, 0, 585, 149, 1, 10),
(27314, 0, 586, 149, 0, 5.5),
(27315, 0, 587, 149, 1, 4),
(27316, 0, 588, 149, 1, 5),
(27317, 0, 589, 149, 0, NULL),
(27318, 0, 590, 149, 1, 5),
(27319, 0, 591, 149, 1, 13),
(27320, 0, 592, 149, 1, 4),
(27321, 0, 593, 149, 1, 5.5),
(27322, 0, 594, 149, 0, NULL),
(27323, 0, 595, 149, 0, 5),
(27324, 0, 596, 149, 0, NULL),
(27325, 0, 597, 149, 0, 16),
(27326, 0, 504, 149, 0, NULL),
(27327, 0, 505, 149, 1, 8),
(27328, 0, 506, 149, 0, NULL),
(27329, 0, 507, 149, 1, 13),
(27330, 0, 508, 149, 1, 8),
(27331, 0, 509, 149, 1, 5),
(27332, 0, 510, 149, 0, NULL),
(27333, 0, 511, 149, 0, 5),
(27334, 0, 512, 149, 0, 3),
(27335, 0, 513, 149, 1, 6.5),
(27336, 0, 514, 149, 1, 8),
(27337, 0, 515, 149, 1, 5),
(27338, 0, 516, 149, 0, NULL),
(27339, 0, 517, 149, 1, 10),
(27340, 0, 518, 149, 0, NULL),
(27341, 0, 519, 149, 0, 6.5),
(27342, 0, 520, 149, 1, 5),
(27343, 0, 521, 149, 0, NULL),
(27344, 0, 522, 149, 1, 5),
(27345, 0, 523, 149, 1, 4),
(27346, 0, 524, 149, 0, 6),
(27347, 0, 525, 149, 0, 4),
(27348, 0, 144, 149, 1, 6.5),
(27349, 0, 145, 149, 1, 4.5),
(27350, 0, 146, 149, 0, NULL),
(27351, 0, 147, 149, 0, NULL),
(27352, 0, 148, 149, 1, 5),
(27353, 0, 149, 149, 1, 2),
(27354, 0, 150, 149, 1, 4),
(27355, 0, 151, 149, 0, NULL),
(27356, 0, 152, 149, 0, NULL),
(27357, 0, 153, 149, 1, 4),
(27358, 0, 154, 149, 0, 6),
(27359, 0, 155, 149, 1, 4),
(27360, 0, 156, 149, 1, 5),
(27361, 0, 157, 149, 1, 4),
(27362, 0, 158, 149, 0, 1.5),
(27363, 0, 159, 149, 1, 13),
(27364, 0, 160, 149, 0, 5.5),
(27365, 0, 161, 149, 1, 4),
(27366, 0, 162, 149, 0, NULL),
(27367, 0, 163, 149, 0, 5),
(27368, 0, 164, 149, 0, NULL),
(27369, 0, 165, 149, 0, NULL),
(27370, 0, 362, 149, 0, 5),
(27371, 0, 363, 149, 0, NULL),
(27372, 0, 364, 149, 1, 4),
(27373, 0, 366, 149, 1, 5),
(27374, 0, 367, 149, 0, NULL),
(27375, 0, 449, 149, 0, 21),
(27376, 0, 450, 149, 1, 13),
(27377, 0, 451, 149, 0, NULL),
(27378, 0, 452, 149, 1, 5),
(27379, 0, 453, 149, 0, NULL),
(27380, 0, 454, 149, 1, 4.5),
(27381, 0, 455, 149, 1, 5.5),
(27382, 0, 456, 149, 1, 5),
(27383, 0, 457, 149, 1, 6),
(27384, 0, 459, 149, 0, 5),
(27385, 0, 461, 149, 1, 4),
(27386, 0, 462, 149, 1, 13),
(27387, 0, 463, 149, 0, 4),
(27388, 0, 464, 149, 0, 6),
(27389, 0, 465, 149, 0, NULL),
(27390, 0, 466, 149, 0, 5),
(27391, 0, 468, 149, 0, NULL),
(27392, 0, 296, 149, 1, 8),
(27393, 0, 297, 149, 1, 13),
(27394, 0, 298, 149, 1, 5),
(27395, 0, 299, 149, 1, 8),
(27396, 0, 300, 149, 1, 5),
(27397, 0, 301, 149, 0, NULL),
(27398, 0, 302, 149, 1, 5),
(27399, 0, 303, 149, 1, 4),
(27400, 0, 304, 149, 0, NULL),
(27401, 0, 305, 149, 1, 5),
(27402, 0, 307, 149, 0, 8),
(27403, 0, 308, 149, 0, NULL),
(27404, 0, 310, 149, 0, NULL),
(27405, 0, 312, 149, 0, NULL),
(27406, 0, 313, 149, 1, 4.5),
(27407, 0, 316, 149, 1, 5),
(27408, 0, 317, 149, 0, NULL),
(27409, 0, 318, 149, 0, 4),
(27410, 0, 320, 149, 1, 10),
(27411, 0, 322, 149, 0, NULL),
(27412, 0, 324, 149, 0, NULL),
(27413, 0, 325, 149, 0, 6),
(27414, 0, 77, 149, 0, NULL),
(27415, 0, 78, 149, 1, 5),
(27416, 0, 79, 149, 1, 5),
(27417, 0, 81, 149, 0, NULL),
(27418, 0, 82, 149, 1, 4),
(27419, 0, 83, 149, 1, 20),
(27420, 0, 84, 149, 1, 3),
(27421, 0, 85, 149, 1, 22),
(27422, 0, 86, 149, 1, 5),
(27423, 0, 87, 149, 1, 4),
(27424, 0, 88, 149, 1, 16),
(27425, 0, 89, 149, 1, 4.5),
(27426, 0, 90, 149, 0, 5.5),
(27427, 0, 91, 149, 1, 4),
(27428, 0, 93, 149, 0, NULL),
(27429, 0, 94, 149, 0, 5),
(27430, 0, 96, 149, 0, NULL),
(27431, 0, 97, 149, 0, 4.5),
(27432, 0, 98, 149, 0, 6),
(27433, 0, 99, 149, 0, 5.5),
(27434, 0, 100, 149, 0, 5),
(27435, 0, 101, 149, 0, 4),
(27436, 0, 229, 149, 1, 4),
(27437, 0, 230, 149, 0, NULL),
(27438, 0, 231, 149, 1, 5),
(27439, 0, 232, 149, 1, 13),
(27440, 0, 236, 149, 1, 3),
(27441, 0, 241, 149, 1, 10),
(27442, 0, 244, 149, 0, NULL),
(27443, 0, 246, 149, 0, NULL),
(27444, 0, 247, 149, 1, 6),
(27445, 0, 248, 149, 0, NULL),
(27446, 0, 250, 149, 0, NULL),
(27447, 0, 251, 149, 1, 4),
(27448, 0, 255, 149, 0, 5),
(27449, 0, 263, 149, 1, 5),
(27450, 0, 264, 149, 1, 5),
(27451, 0, 265, 149, 1, 5),
(27452, 0, 266, 149, 0, NULL),
(27453, 0, 268, 149, 1, 4),
(27454, 0, 269, 149, 0, NULL),
(27455, 0, 270, 149, 0, NULL),
(27456, 0, 271, 149, 0, NULL),
(27457, 0, 272, 149, 0, 8),
(27458, 0, 25, 149, 1, 2),
(27459, 0, 26, 149, 1, 4),
(27460, 0, 27, 149, 1, 4),
(27461, 0, 28, 149, 0, NULL),
(27462, 0, 29, 149, 1, 13),
(27463, 0, 30, 149, 1, 5),
(27464, 0, 31, 149, 1, 5),
(27465, 0, 32, 149, 0, 6),
(27466, 0, 33, 149, 1, 5),
(27467, 0, 34, 149, 1, 4),
(27468, 0, 35, 149, 1, 5),
(27469, 0, 36, 149, 1, 10),
(27470, 0, 37, 149, 1, 5),
(27471, 0, 38, 149, 0, NULL),
(27472, 0, 40, 149, 0, NULL),
(27473, 0, 41, 149, 0, NULL),
(27474, 0, 42, 149, 0, NULL),
(27475, 0, 43, 149, 0, NULL),
(27476, 0, 44, 149, 0, NULL),
(27477, 0, 46, 149, 0, NULL),
(27478, 0, 47, 149, 0, 5.5),
(27479, 0, 48, 149, 0, 4),
(27480, 0, 211, 149, 1, 4.5),
(27481, 0, 212, 149, 0, 4),
(27482, 0, 213, 149, 1, 5),
(27483, 0, 214, 149, 1, 4),
(27484, 0, 215, 149, 0, 13),
(27485, 0, 216, 149, 1, 5),
(27486, 0, 217, 149, 0, NULL),
(27487, 0, 219, 149, 0, NULL),
(27488, 0, 220, 149, 1, 5),
(27489, 0, 221, 149, 1, 2),
(27490, 0, 222, 149, 0, NULL),
(27491, 0, 223, 149, 1, 10),
(27492, 0, 224, 149, 1, 4.5),
(27493, 0, 225, 149, 0, 4),
(27494, 0, 226, 149, 1, 5),
(27495, 0, 235, 149, 1, 10),
(27496, 0, 237, 149, 1, 6.5),
(27497, 0, 238, 149, 0, 4),
(27498, 0, 239, 149, 0, 4),
(27499, 0, 249, 149, 0, 5.5),
(27500, 0, 252, 149, 0, NULL),
(27501, 0, 254, 149, 0, 5),
(27502, 0, 274, 149, 0, NULL),
(27503, 0, 275, 149, 1, 4.5),
(27504, 0, 276, 149, 0, NULL),
(27505, 0, 277, 149, 1, 5),
(27506, 0, 278, 149, 1, 6),
(27507, 0, 279, 149, 1, 4),
(27508, 0, 280, 149, 0, 5),
(27509, 0, 281, 149, 0, 6),
(27510, 0, 282, 149, 0, NULL),
(27511, 0, 283, 149, 0, NULL),
(27512, 0, 284, 149, 1, 8),
(27513, 0, 285, 149, 1, 5),
(27514, 0, 286, 149, 1, 5),
(27515, 0, 287, 149, 1, 4),
(27516, 0, 288, 149, 0, NULL),
(27517, 0, 289, 149, 0, NULL),
(27518, 0, 290, 149, 1, 5),
(27519, 0, 291, 149, 1, 5),
(27520, 0, 292, 149, 1, 4),
(27521, 0, 293, 149, 0, 4),
(27522, 0, 294, 149, 0, NULL),
(27523, 0, 295, 149, 0, NULL),
(27524, 0, 49, 149, 1, 4),
(27525, 0, 50, 149, 0, 8),
(27526, 0, 52, 149, 1, 6),
(27527, 0, 53, 149, 1, 3),
(27528, 0, 54, 149, 1, 8),
(27529, 0, 55, 149, 1, 4),
(27530, 0, 56, 149, 1, 10),
(27531, 0, 57, 149, 1, 5),
(27532, 0, 58, 149, 1, 5),
(27533, 0, 59, 149, 1, 4),
(27534, 0, 60, 149, 1, 5),
(27535, 0, 61, 149, 0, NULL),
(27536, 0, 62, 149, 0, 5),
(27537, 0, 63, 149, 0, 4),
(27538, 0, 65, 149, 1, 4),
(27539, 0, 66, 149, 0, 6),
(27540, 0, 70, 149, 0, NULL),
(27541, 0, 72, 149, 0, NULL),
(27542, 0, 73, 149, 0, NULL),
(27543, 0, 74, 149, 0, NULL),
(27544, 0, 75, 149, 0, 5),
(27545, 0, 76, 149, 0, NULL),
(31066, 0, 2, 150, 0, 4),
(31067, 0, 3, 150, 1, 17),
(31068, 0, 8, 150, 1, 3),
(31069, 0, 9, 150, 1, 4),
(31070, 0, 11, 150, 1, 8),
(31071, 0, 12, 150, 1, 16),
(31072, 0, 13, 150, 1, 5.5),
(31073, 0, 14, 150, 1, 5),
(31074, 0, 121, 150, 0, NULL),
(31075, 0, 126, 150, 0, 4.5),
(31076, 0, 174, 150, 1, 16),
(31077, 0, 175, 150, 1, 5.5),
(31078, 0, 176, 150, 0, 6.5),
(31079, 0, 177, 150, 0, 4),
(31080, 0, 179, 150, 1, 6),
(31081, 0, 471, 150, 0, NULL),
(31082, 0, 472, 150, 0, 2.5),
(31083, 0, 473, 150, 0, 2.5),
(31084, 0, 475, 150, 0, 7.5),
(31085, 0, 478, 150, 0, NULL),
(31086, 0, 480, 150, 1, 6),
(31087, 0, 481, 150, 0, NULL),
(31088, 0, 482, 150, 1, 17),
(31089, 0, 483, 150, 0, 8),
(31090, 0, 484, 150, 0, 16),
(31091, 0, 485, 150, 1, 5),
(31092, 0, 486, 150, 1, 5),
(31093, 0, 487, 150, 1, 6),
(31094, 0, 488, 150, 0, 6),
(31095, 0, 489, 150, 0, 4),
(31096, 0, 490, 150, 0, NULL),
(31097, 0, 491, 150, 1, 4.5),
(31098, 0, 492, 150, 0, NULL),
(31099, 0, 493, 150, 1, 8),
(31100, 0, 494, 150, 1, 4),
(31101, 0, 495, 150, 1, 4),
(31102, 0, 496, 150, 0, 5.5),
(31103, 0, 497, 150, 0, NULL),
(31104, 0, 498, 150, 0, NULL),
(31105, 0, 499, 150, 0, NULL),
(31106, 0, 500, 150, 1, 6),
(31107, 0, 501, 150, 1, 3),
(31108, 0, 502, 150, 1, 4.5),
(31109, 0, 503, 150, 0, 6.5),
(31110, 0, 559, 150, 1, 17),
(31111, 0, 560, 150, 1, 2.5),
(31112, 0, 561, 150, 1, 6),
(31113, 0, 562, 150, 1, 5),
(31114, 0, 564, 150, 0, NULL),
(31115, 0, 565, 150, 1, 4),
(31116, 0, 566, 150, 1, 10),
(31117, 0, 567, 150, 1, 4.5),
(31118, 0, 568, 150, 1, 9),
(31119, 0, 569, 150, 1, 6),
(31120, 0, 570, 150, 1, 3),
(31121, 0, 571, 150, 0, 8.5),
(31122, 0, 574, 150, 0, 5.5),
(31123, 0, 575, 150, 0, 5),
(31124, 0, 576, 150, 0, 16),
(31125, 0, 577, 150, 0, 4),
(31126, 0, 578, 150, 0, NULL),
(31127, 0, 580, 150, 0, NULL),
(31128, 0, 581, 150, 0, 5),
(31129, 0, 582, 150, 0, 6.5),
(31130, 0, 583, 150, 1, 8),
(31131, 0, 584, 150, 0, NULL),
(31132, 0, 526, 150, 0, NULL),
(31133, 0, 527, 150, 1, 6),
(31134, 0, 528, 150, 1, 4.5),
(31135, 0, 529, 150, 1, 5),
(31136, 0, 530, 150, 1, 4),
(31137, 0, 532, 150, 1, 32),
(31138, 0, 533, 150, 1, 4),
(31139, 0, 534, 150, 1, 5),
(31140, 0, 535, 150, 1, 6.5),
(31141, 0, 536, 150, 0, NULL),
(31142, 0, 538, 150, 1, 4.5),
(31143, 0, 539, 150, 0, NULL),
(31144, 0, 540, 150, 1, 8.5),
(31145, 0, 541, 150, 0, 5.5),
(31146, 0, 542, 150, 1, 9),
(31147, 0, 543, 150, 0, 5.5),
(31148, 0, 544, 150, 0, NULL),
(31149, 0, 547, 150, 0, 4),
(31150, 0, 548, 150, 0, 14),
(31151, 0, 549, 150, 0, 5),
(31152, 0, 550, 150, 0, 6),
(31153, 0, 551, 150, 0, NULL),
(31154, 0, 102, 150, 0, NULL),
(31155, 0, 103, 150, 0, NULL),
(31156, 0, 104, 150, 1, 4),
(31157, 0, 105, 150, 1, 6),
(31158, 0, 106, 150, 1, 3.5),
(31159, 0, 107, 150, 0, NULL),
(31160, 0, 108, 150, 0, NULL),
(31161, 0, 109, 150, 1, 4),
(31162, 0, 110, 150, 1, 8),
(31163, 0, 111, 150, 1, 3),
(31164, 0, 112, 150, 1, 4),
(31165, 0, 113, 150, 0, 5.5),
(31166, 0, 117, 150, 1, 8.5),
(31167, 0, 118, 150, 0, NULL),
(31168, 0, 119, 150, 1, 5.5),
(31169, 0, 123, 150, 1, 4.5),
(31170, 0, 127, 150, 0, 6.5),
(31171, 0, 128, 150, 0, 4.5),
(31172, 0, 129, 150, 0, 17),
(31173, 0, 130, 150, 1, 6.5),
(31174, 0, 131, 150, 0, 4),
(31175, 0, 132, 150, 0, NULL),
(31176, 0, 133, 150, 0, NULL),
(31177, 0, 134, 150, 0, NULL),
(31178, 0, 135, 150, 1, 8),
(31179, 0, 136, 150, 1, 17),
(31180, 0, 137, 150, 1, 5),
(31181, 0, 138, 150, 0, 4),
(31182, 0, 139, 150, 1, 4),
(31183, 0, 140, 150, 0, NULL),
(31184, 0, 141, 150, 0, NULL),
(31185, 0, 142, 150, 1, 2.5),
(31186, 0, 143, 150, 1, 6),
(31187, 0, 166, 150, 1, 4.5),
(31188, 0, 168, 150, 0, 2.5),
(31189, 0, 169, 150, 1, 6),
(31190, 0, 171, 150, 0, 5),
(31191, 0, 172, 150, 0, 6.5),
(31192, 0, 173, 150, 0, NULL),
(31193, 0, 180, 150, 1, 5.5),
(31194, 0, 181, 150, 0, 4.5),
(31195, 0, 182, 150, 1, 3),
(31196, 0, 183, 150, 1, 3.5),
(31197, 0, 184, 150, 0, 16),
(31198, 0, 15, 150, 0, NULL),
(31199, 0, 16, 150, 1, 11),
(31200, 0, 17, 150, 0, NULL),
(31201, 0, 18, 150, 0, NULL),
(31202, 0, 19, 150, 1, 4.5),
(31203, 0, 20, 150, 1, 6),
(31204, 0, 21, 150, 1, 6),
(31205, 0, 22, 150, 1, 4),
(31206, 0, 24, 150, 1, 4),
(31207, 0, 418, 150, 1, 16),
(31208, 0, 419, 150, 1, 4),
(31209, 0, 421, 150, 1, 4.5),
(31210, 0, 422, 150, 1, 4),
(31211, 0, 424, 150, 0, 4.5),
(31212, 0, 426, 150, 1, 7),
(31213, 0, 430, 150, 0, 5.5),
(31214, 0, 434, 150, 0, 4.5),
(31215, 0, 436, 150, 0, 8.5),
(31216, 0, 438, 150, 0, NULL),
(31217, 0, 439, 150, 0, 17),
(31218, 0, 444, 150, 0, 5.5),
(31219, 0, 445, 150, 0, 2.5),
(31220, 0, 185, 150, 0, NULL),
(31221, 0, 186, 150, 0, 4.5),
(31222, 0, 187, 150, 1, 6),
(31223, 0, 188, 150, 1, 6),
(31224, 0, 190, 150, 1, 8),
(31225, 0, 191, 150, 0, NULL),
(31226, 0, 193, 150, 1, 16),
(31227, 0, 195, 150, 0, NULL),
(31228, 0, 196, 150, 1, 6.5),
(31229, 0, 197, 150, 1, 20),
(31230, 0, 198, 150, 0, 6),
(31231, 0, 199, 150, 0, NULL),
(31232, 0, 201, 150, 1, 9.5),
(31233, 0, 203, 150, 0, NULL),
(31234, 0, 205, 150, 0, NULL),
(31235, 0, 206, 150, 0, NULL),
(31236, 0, 208, 150, 0, 6),
(31237, 0, 209, 150, 0, 4),
(31238, 0, 458, 150, 1, 5),
(31239, 0, 460, 150, 1, 4),
(31240, 0, 467, 150, 1, 5.5),
(31241, 0, 469, 150, 1, 4),
(31242, 0, 368, 150, 1, 17),
(31243, 0, 374, 150, 0, 0),
(31244, 0, 375, 150, 1, 6),
(31245, 0, 377, 150, 1, 6.5),
(31246, 0, 381, 150, 1, 6),
(31247, 0, 382, 150, 0, NULL),
(31248, 0, 384, 150, 0, 2.5),
(31249, 0, 389, 150, 0, NULL),
(31250, 0, 391, 150, 1, 4),
(31251, 0, 393, 150, 1, 3),
(31252, 0, 400, 150, 1, 4.5),
(31253, 0, 404, 150, 0, 4),
(31254, 0, 408, 150, 0, NULL),
(31255, 0, 409, 150, 1, 10),
(31256, 0, 414, 150, 1, 14),
(31257, 0, 415, 150, 0, NULL),
(31258, 0, 429, 150, 0, NULL),
(31259, 0, 432, 150, 0, 4.5),
(31260, 0, 435, 150, 1, 4),
(31261, 0, 441, 150, 1, 4.5),
(31262, 0, 446, 150, 0, 4.5),
(31263, 0, 448, 150, 0, 6.5),
(31264, 0, 326, 150, 0, NULL),
(31265, 0, 327, 150, 1, 16),
(31266, 0, 552, 150, 0, 6),
(31267, 0, 553, 150, 0, NULL),
(31268, 0, 554, 150, 0, 4),
(31269, 0, 555, 150, 0, 8.5),
(31270, 0, 556, 150, 1, 17),
(31271, 0, 557, 150, 0, 3.5),
(31272, 0, 558, 150, 1, 4),
(31273, 0, 585, 150, 1, 26),
(31274, 0, 586, 150, 0, NULL),
(31275, 0, 587, 150, 1, 6),
(31276, 0, 588, 150, 1, 6.5),
(31277, 0, 589, 150, 1, 5),
(31278, 0, 590, 150, 1, 9.5),
(31279, 0, 591, 150, 1, 6),
(31280, 0, 592, 150, 1, 4),
(31281, 0, 593, 150, 1, 3.5),
(31282, 0, 594, 150, 0, NULL),
(31283, 0, 595, 150, 0, 5.5),
(31284, 0, 596, 150, 0, NULL),
(31285, 0, 597, 150, 0, 8),
(31286, 0, 504, 150, 0, NULL),
(31287, 0, 505, 150, 1, 8.5),
(31288, 0, 506, 150, 0, NULL),
(31289, 0, 507, 150, 1, 6),
(31290, 0, 508, 150, 1, 5),
(31291, 0, 509, 150, 1, 6),
(31292, 0, 510, 150, 0, 4),
(31293, 0, 511, 150, 0, 6),
(31294, 0, 512, 150, 0, 2.5),
(31295, 0, 513, 150, 1, 4),
(31296, 0, 514, 150, 1, 8),
(31297, 0, 515, 150, 1, 4.5),
(31298, 0, 516, 150, 0, NULL),
(31299, 0, 517, 150, 1, 5.5),
(31300, 0, 518, 150, 0, NULL),
(31301, 0, 519, 150, 0, 16),
(31302, 0, 520, 150, 1, 16),
(31303, 0, 521, 150, 0, NULL),
(31304, 0, 522, 150, 1, 5),
(31305, 0, 523, 150, 1, 6.5),
(31306, 0, 524, 150, 0, 4),
(31307, 0, 525, 150, 0, NULL),
(31308, 0, 144, 150, 1, 4),
(31309, 0, 145, 150, 1, 9),
(31310, 0, 146, 150, 1, 6.5),
(31311, 0, 147, 150, 0, NULL),
(31312, 0, 148, 150, 1, 13),
(31313, 0, 149, 150, 0, NULL),
(31314, 0, 150, 150, 1, 4),
(31315, 0, 151, 150, 1, 10),
(31316, 0, 152, 150, 0, NULL),
(31317, 0, 153, 150, 1, 6.5),
(31318, 0, 154, 150, 0, 13),
(31319, 0, 155, 150, 0, NULL),
(31320, 0, 156, 150, 1, 6.5),
(31321, 0, 157, 150, 0, NULL),
(31322, 0, 158, 150, 1, 16),
(31323, 0, 159, 150, 1, 6),
(31324, 0, 160, 150, 0, 2.5),
(31325, 0, 161, 150, 1, 4),
(31326, 0, 162, 150, 0, NULL),
(31327, 0, 163, 150, 0, 5),
(31328, 0, 164, 150, 0, 7),
(31329, 0, 165, 150, 0, NULL),
(31330, 0, 362, 150, 0, 4.5),
(31331, 0, 363, 150, 0, NULL),
(31332, 0, 364, 150, 1, 6.5),
(31333, 0, 366, 150, 1, 3),
(31334, 0, 367, 150, 0, NULL),
(31335, 0, 449, 150, 0, NULL),
(31336, 0, 450, 150, 1, 8),
(31337, 0, 451, 150, 0, NULL),
(31338, 0, 452, 150, 1, 6),
(31339, 0, 453, 150, 1, 4),
(31340, 0, 454, 150, 1, 4.5),
(31341, 0, 455, 150, 1, 3.5),
(31342, 0, 456, 150, 0, NULL),
(31343, 0, 457, 150, 0, NULL),
(31344, 0, 459, 150, 0, 5.5),
(31345, 0, 461, 150, 1, 2.5),
(31346, 0, 462, 150, 1, 6),
(31347, 0, 463, 150, 1, 6),
(31348, 0, 464, 150, 0, 5),
(31349, 0, 465, 150, 0, NULL),
(31350, 0, 466, 150, 0, 16),
(31351, 0, 468, 150, 0, NULL),
(31352, 0, 296, 150, 1, 5),
(31353, 0, 297, 150, 1, 6),
(31354, 0, 298, 150, 1, 6),
(31355, 0, 299, 150, 1, 5),
(31356, 0, 300, 150, 1, 5.5),
(31357, 0, 301, 150, 0, NULL),
(31358, 0, 302, 150, 1, 6.5),
(31359, 0, 303, 150, 1, 4),
(31360, 0, 304, 150, 0, 6.5),
(31361, 0, 305, 150, 1, 3),
(31362, 0, 307, 150, 0, 8.5),
(31363, 0, 308, 150, 0, NULL),
(31364, 0, 310, 150, 0, 4),
(31365, 0, 312, 150, 1, 5),
(31366, 0, 313, 150, 0, 13.5),
(31367, 0, 316, 150, 1, 3.5),
(31368, 0, 317, 150, 0, NULL),
(31369, 0, 318, 150, 0, 6.5),
(31370, 0, 320, 150, 1, 32),
(31371, 0, 322, 150, 0, NULL),
(31372, 0, 324, 150, 0, 5),
(31373, 0, 325, 150, 0, 4),
(31374, 0, 77, 150, 0, NULL),
(31375, 0, 78, 150, 1, 5.5),
(31376, 0, 79, 150, 1, 6),
(31377, 0, 81, 150, 1, 4.5),
(31378, 0, 82, 150, 1, 4.5),
(31379, 0, 83, 150, 1, 11),
(31380, 0, 84, 150, 1, 6),
(31381, 0, 85, 150, 1, 4),
(31382, 0, 86, 150, 1, 16),
(31383, 0, 87, 150, 1, 5.5),
(31384, 0, 88, 150, 1, 8),
(31385, 0, 89, 150, 1, 13.5),
(31386, 0, 90, 150, 0, 4),
(31387, 0, 91, 150, 0, 4),
(31388, 0, 93, 150, 0, 3.5),
(31389, 0, 94, 150, 0, 14),
(31390, 0, 96, 150, 0, NULL),
(31391, 0, 97, 150, 0, 5),
(31392, 0, 98, 150, 0, 13),
(31393, 0, 99, 150, 0, 2.5),
(31394, 0, 100, 150, 0, 6.5),
(31395, 0, 101, 150, 0, 6),
(31396, 0, 229, 150, 0, NULL),
(31397, 0, 230, 150, 1, 5),
(31398, 0, 231, 150, 1, 5),
(31399, 0, 232, 150, 1, 6),
(31400, 0, 236, 150, 1, 2.5),
(31401, 0, 241, 150, 1, 10),
(31402, 0, 244, 150, 0, NULL),
(31403, 0, 246, 150, 0, NULL),
(31404, 0, 247, 150, 1, 9),
(31405, 0, 248, 150, 1, 4),
(31406, 0, 250, 150, 0, NULL),
(31407, 0, 251, 150, 0, 6.5),
(31408, 0, 255, 150, 0, 6),
(31409, 0, 263, 150, 1, 5),
(31410, 0, 264, 150, 1, 7),
(31411, 0, 265, 150, 0, 6),
(31412, 0, 266, 150, 0, NULL),
(31413, 0, 268, 150, 1, 5),
(31414, 0, 269, 150, 0, NULL),
(31415, 0, 270, 150, 0, NULL),
(31416, 0, 271, 150, 0, NULL),
(31417, 0, 272, 150, 0, 5),
(31418, 0, 25, 150, 0, NULL),
(31419, 0, 26, 150, 1, 4),
(31420, 0, 27, 150, 0, NULL),
(31421, 0, 28, 150, 0, NULL),
(31422, 0, 29, 150, 1, 6),
(31423, 0, 30, 150, 1, 5),
(31424, 0, 31, 150, 1, 6),
(31425, 0, 32, 150, 0, 4.5),
(31426, 0, 33, 150, 1, 5.5),
(31427, 0, 34, 150, 1, 6),
(31428, 0, 35, 150, 1, 4.5),
(31429, 0, 36, 150, 1, 5.5),
(31430, 0, 37, 150, 1, 4.5),
(31431, 0, 38, 150, 0, NULL),
(31432, 0, 40, 150, 1, 10),
(31433, 0, 41, 150, 0, NULL),
(31434, 0, 42, 150, 0, 5.5),
(31435, 0, 43, 150, 0, NULL),
(31436, 0, 44, 150, 0, NULL),
(31437, 0, 46, 150, 0, NULL),
(31438, 0, 47, 150, 0, 3.5),
(31439, 0, 48, 150, 0, NULL),
(31440, 0, 211, 150, 1, 17),
(31441, 0, 212, 150, 0, NULL),
(31442, 0, 213, 150, 0, NULL),
(31443, 0, 214, 150, 1, 6),
(31444, 0, 215, 150, 0, 6),
(31445, 0, 216, 150, 1, 6.5),
(31446, 0, 217, 150, 0, 4),
(31447, 0, 219, 150, 1, 5),
(31448, 0, 220, 150, 1, 13),
(31449, 0, 221, 150, 0, NULL),
(31450, 0, 222, 150, 1, 10),
(31451, 0, 223, 150, 1, 5.5),
(31452, 0, 224, 150, 1, 4),
(31453, 0, 225, 150, 0, 6),
(31454, 0, 226, 150, 1, 16),
(31455, 0, 235, 150, 0, NULL),
(31456, 0, 237, 150, 1, 4),
(31457, 0, 238, 150, 0, 4),
(31458, 0, 239, 150, 1, 4),
(31459, 0, 249, 150, 0, 2.5),
(31460, 0, 252, 150, 0, NULL),
(31461, 0, 254, 150, 0, 6),
(31462, 0, 274, 150, 0, NULL),
(31463, 0, 275, 150, 1, 17),
(31464, 0, 276, 150, 0, 4),
(31465, 0, 277, 150, 0, NULL),
(31466, 0, 278, 150, 1, 4.5),
(31467, 0, 279, 150, 1, 2.5),
(31468, 0, 280, 150, 1, 5.5),
(31469, 0, 281, 150, 0, 4.5),
(31470, 0, 282, 150, 0, 5.5),
(31471, 0, 283, 150, 1, 4.5),
(31472, 0, 284, 150, 1, 8),
(31473, 0, 285, 150, 1, 3.5),
(31474, 0, 286, 150, 1, 10),
(31475, 0, 287, 150, 0, 5),
(31476, 0, 288, 150, 0, NULL),
(31477, 0, 289, 150, 0, NULL),
(31478, 0, 290, 150, 1, 3),
(31479, 0, 291, 150, 1, 16),
(31480, 0, 292, 150, 1, 5.5),
(31481, 0, 293, 150, 0, NULL),
(31482, 0, 294, 150, 0, 5),
(31483, 0, 295, 150, 0, NULL),
(31484, 0, 49, 150, 0, NULL),
(31485, 0, 50, 150, 1, 8.5),
(31486, 0, 52, 150, 1, 4.5),
(31487, 0, 53, 150, 1, 2.5),
(31488, 0, 54, 150, 1, 5),
(31489, 0, 55, 150, 1, 4),
(31490, 0, 56, 150, 1, 11),
(31491, 0, 57, 150, 1, 4.5),
(31492, 0, 58, 150, 1, 3),
(31493, 0, 59, 150, 0, NULL),
(31494, 0, 60, 150, 1, 5),
(31495, 0, 61, 150, 0, NULL),
(31496, 0, 62, 150, 0, 5.5),
(31497, 0, 63, 150, 0, 6.5),
(31498, 0, 65, 150, 1, 4.5),
(31499, 0, 66, 150, 0, 5),
(31500, 0, 70, 150, 1, 5),
(31501, 0, 72, 150, 0, NULL),
(31502, 0, 73, 150, 0, NULL),
(31503, 0, 74, 150, 0, NULL),
(31504, 0, 75, 150, 0, 5.5),
(31505, 0, 76, 150, 0, NULL),
(34146, 0, 2, 151, 0, 5),
(34147, 0, 3, 151, 1, 7),
(34148, 0, 8, 151, 1, 5),
(34149, 0, 9, 151, 1, 17),
(34150, 0, 11, 151, 1, 9),
(34151, 0, 12, 151, 1, 3.5),
(34152, 0, 13, 151, 1, 3),
(34153, 0, 14, 151, 1, 5.5),
(34154, 0, 121, 151, 0, NULL),
(34155, 0, 126, 151, 0, NULL),
(34156, 0, 174, 151, 1, 24),
(34157, 0, 175, 151, 1, 4),
(34158, 0, 176, 151, 0, 6),
(34159, 0, 177, 151, 0, 4),
(34160, 0, 179, 151, 1, 6),
(34161, 0, 471, 151, 0, NULL),
(34162, 0, 472, 151, 0, 6),
(34163, 0, 473, 151, 0, 5.5),
(34164, 0, 475, 151, 0, 11.5),
(34165, 0, 478, 151, 0, NULL),
(34166, 0, 480, 151, 1, 5),
(34167, 0, 481, 151, 0, NULL),
(34168, 0, 482, 151, 1, 7),
(34169, 0, 483, 151, 0, 8),
(34170, 0, 484, 151, 0, 4),
(34171, 0, 485, 151, 1, 5),
(34172, 0, 486, 151, 1, 3),
(34173, 0, 487, 151, 1, 6),
(34174, 0, 488, 151, 0, 5),
(34175, 0, 489, 151, 0, 6),
(34176, 0, 490, 151, 0, NULL),
(34177, 0, 491, 151, 1, 5),
(34178, 0, 492, 151, 1, 10),
(34179, 0, 493, 151, 1, 4.5),
(34180, 0, 494, 151, 1, 17),
(34181, 0, 495, 151, 1, 20),
(34182, 0, 496, 151, 0, 3),
(34183, 0, 497, 151, 0, NULL),
(34184, 0, 498, 151, 0, NULL),
(34185, 0, 499, 151, 0, NULL),
(34186, 0, 500, 151, 1, 6),
(34187, 0, 501, 151, 1, 4.5),
(34188, 0, 502, 151, 0, NULL),
(34189, 0, 503, 151, 0, 5),
(34190, 0, 559, 151, 1, 7),
(34191, 0, 560, 151, 1, 6),
(34192, 0, 561, 151, 1, 4),
(34193, 0, 562, 151, 1, 5),
(34194, 0, 564, 151, 0, NULL),
(34195, 0, 565, 151, 1, 17),
(34196, 0, 566, 151, 1, 5),
(34197, 0, 567, 151, 1, 4),
(34198, 0, 568, 151, 1, 5.5),
(34199, 0, 569, 151, 1, 6),
(34200, 0, 570, 151, 1, 4.5),
(34201, 0, 571, 151, 0, 4),
(34202, 0, 574, 151, 0, 3.5),
(34203, 0, 575, 151, 0, 9.5),
(34204, 0, 576, 151, 0, 24),
(34205, 0, 577, 151, 0, 19),
(34206, 0, 578, 151, 0, 2.5),
(34207, 0, 580, 151, 0, NULL),
(34208, 0, 581, 151, 0, 5),
(34209, 0, 582, 151, 0, 5),
(34210, 0, 583, 151, 1, 9),
(34211, 0, 584, 151, 0, NULL),
(34212, 0, 526, 151, 1, 2.5),
(34213, 0, 527, 151, 1, 4),
(34214, 0, 528, 151, 0, NULL),
(34215, 0, 529, 151, 1, 5),
(34216, 0, 530, 151, 1, 17),
(34217, 0, 532, 151, 1, 7),
(34218, 0, 533, 151, 1, 4.5),
(34219, 0, 534, 151, 1, 5.5),
(34220, 0, 535, 151, 0, 3),
(34221, 0, 536, 151, 0, NULL),
(34222, 0, 538, 151, 0, NULL),
(34223, 0, 539, 151, 1, 4),
(34224, 0, 540, 151, 0, 4),
(34225, 0, 541, 151, 1, 5),
(34226, 0, 542, 151, 1, 6.5),
(34227, 0, 543, 151, 0, 5),
(34228, 0, 544, 151, 0, NULL),
(34229, 0, 547, 151, 0, 4),
(34230, 0, 548, 151, 0, 5),
(34231, 0, 549, 151, 0, 3),
(34232, 0, 550, 151, 0, 4),
(34233, 0, 551, 151, 1, 4.5),
(34234, 0, 102, 151, 0, 2.5),
(34235, 0, 103, 151, 0, NULL),
(34236, 0, 104, 151, 1, 5),
(34237, 0, 105, 151, 1, 4),
(34238, 0, 106, 151, 1, 5),
(34239, 0, 107, 151, 1, 10),
(34240, 0, 108, 151, 1, 5),
(34241, 0, 109, 151, 1, 17),
(34242, 0, 110, 151, 1, 4.5),
(34243, 0, 111, 151, 1, 4.5),
(34244, 0, 112, 151, 1, 9.5),
(34245, 0, 113, 151, 0, 5),
(34246, 0, 117, 151, 1, 2),
(34247, 0, 118, 151, 0, NULL),
(34248, 0, 119, 151, 0, 3),
(34249, 0, 123, 151, 0, 6.5),
(34250, 0, 127, 151, 0, 3),
(34251, 0, 128, 151, 0, NULL),
(34252, 0, 129, 151, 0, 7),
(34253, 0, 130, 151, 1, 5),
(34254, 0, 131, 151, 0, NULL),
(34255, 0, 132, 151, 0, NULL),
(34256, 0, 133, 151, 0, 2.5),
(34257, 0, 134, 151, 0, NULL),
(34258, 0, 135, 151, 1, 34),
(34259, 0, 136, 151, 1, 7),
(34260, 0, 137, 151, 1, 5.5),
(34261, 0, 138, 151, 0, 20),
(34262, 0, 139, 151, 1, 4.5),
(34263, 0, 140, 151, 0, NULL),
(34264, 0, 141, 151, 1, 4.5),
(34265, 0, 142, 151, 1, 6),
(34266, 0, 143, 151, 1, 5),
(34267, 0, 166, 151, 0, NULL),
(34268, 0, 168, 151, 0, 9.5),
(34269, 0, 169, 151, 1, 6),
(34270, 0, 171, 151, 0, 5),
(34271, 0, 172, 151, 0, 6.5),
(34272, 0, 173, 151, 0, NULL),
(34273, 0, 180, 151, 1, 5),
(34274, 0, 181, 151, 0, 4),
(34275, 0, 182, 151, 1, 4.5),
(34276, 0, 183, 151, 1, 6),
(34277, 0, 184, 151, 0, 24),
(34278, 0, 15, 151, 1, 10),
(34279, 0, 16, 151, 1, 5),
(34280, 0, 17, 151, 0, NULL),
(34281, 0, 18, 151, 1, 2.5),
(34282, 0, 19, 151, 0, NULL),
(34283, 0, 20, 151, 1, 4),
(34284, 0, 21, 151, 1, 6),
(34285, 0, 22, 151, 1, 17),
(34286, 0, 24, 151, 1, 4.5),
(34287, 0, 418, 151, 1, 24),
(34288, 0, 419, 151, 1, 5),
(34289, 0, 421, 151, 0, NULL),
(34290, 0, 422, 151, 0, 20),
(34291, 0, 424, 151, 0, 6.5),
(34292, 0, 426, 151, 0, NULL),
(34293, 0, 430, 151, 1, 3.5),
(34294, 0, 434, 151, 0, 4),
(34295, 0, 436, 151, 1, 4),
(34296, 0, 438, 151, 0, NULL),
(34297, 0, 439, 151, 0, 7),
(34298, 0, 444, 151, 0, 5),
(34299, 0, 445, 151, 0, 6),
(34300, 0, 185, 151, 0, NULL),
(34301, 0, 186, 151, 0, NULL),
(34302, 0, 187, 151, 1, 4),
(34303, 0, 188, 151, 1, 6),
(34304, 0, 190, 151, 1, 9),
(34305, 0, 191, 151, 1, 4.5),
(34306, 0, 193, 151, 1, 24),
(34307, 0, 195, 151, 0, NULL),
(34308, 0, 196, 151, 1, 5),
(34309, 0, 197, 151, 1, 8),
(34310, 0, 198, 151, 0, 6),
(34311, 0, 199, 151, 0, NULL),
(34312, 0, 201, 151, 1, 5.5),
(34313, 0, 203, 151, 0, NULL),
(34314, 0, 205, 151, 0, NULL),
(34315, 0, 206, 151, 0, 2.5),
(34316, 0, 208, 151, 0, NULL),
(34317, 0, 209, 151, 0, 5),
(34318, 0, 458, 151, 1, 10.5),
(34319, 0, 460, 151, 1, 20),
(34320, 0, 467, 151, 0, 3),
(34321, 0, 469, 151, 1, 5),
(34322, 0, 368, 151, 1, 7),
(34323, 0, 374, 151, 0, NULL),
(34324, 0, 375, 151, 1, 4),
(34325, 0, 377, 151, 1, 5),
(34326, 0, 381, 151, 1, 4),
(34327, 0, 382, 151, 0, NULL),
(34328, 0, 384, 151, 0, 6),
(34329, 0, 389, 151, 1, 5.5),
(34330, 0, 391, 151, 1, 17),
(34331, 0, 393, 151, 0, NULL),
(34332, 0, 400, 151, 1, 4.5),
(34333, 0, 404, 151, 0, 4.5),
(34334, 0, 408, 151, 0, NULL),
(34335, 0, 409, 151, 1, 11),
(34336, 0, 414, 151, 1, 5),
(34337, 0, 415, 151, 0, NULL),
(34338, 0, 429, 151, 0, 2.5),
(34339, 0, 432, 151, 0, NULL),
(34340, 0, 435, 151, 1, 4),
(34341, 0, 441, 151, 1, 6.5),
(34342, 0, 446, 151, 0, NULL),
(34343, 0, 448, 151, 0, 3),
(34344, 0, 326, 151, 1, 10),
(34345, 0, 327, 151, 1, 24),
(34346, 0, 552, 151, 0, 4),
(34347, 0, 553, 151, 0, NULL),
(34348, 0, 554, 151, 0, 19),
(34349, 0, 555, 151, 0, 4),
(34350, 0, 556, 151, 1, 7),
(34351, 0, 557, 151, 0, 6),
(34352, 0, 558, 151, 1, 20),
(34353, 0, 585, 151, 1, 7.5),
(34354, 0, 586, 151, 0, NULL),
(34355, 0, 587, 151, 1, 5),
(34356, 0, 588, 151, 1, 5),
(34357, 0, 589, 151, 1, 8),
(34358, 0, 590, 151, 1, 5.5),
(34359, 0, 591, 151, 1, 4),
(34360, 0, 592, 151, 1, 17),
(34361, 0, 593, 151, 0, 6.5),
(34362, 0, 594, 151, 0, NULL),
(34363, 0, 595, 151, 0, 5),
(34364, 0, 596, 151, 0, NULL),
(34365, 0, 597, 151, 0, 8),
(34366, 0, 504, 151, 0, NULL),
(34367, 0, 505, 151, 1, 4),
(34368, 0, 506, 151, 0, NULL),
(34369, 0, 507, 151, 1, 4),
(34370, 0, 508, 151, 1, 3),
(34371, 0, 509, 151, 1, 6),
(34372, 0, 510, 151, 0, 4),
(34373, 0, 511, 151, 0, 6),
(34374, 0, 512, 151, 0, 6),
(34375, 0, 513, 151, 1, 4.5),
(34376, 0, 514, 151, 1, 34),
(34377, 0, 515, 151, 1, 4.5),
(34378, 0, 516, 151, 0, NULL),
(34379, 0, 517, 151, 1, 3),
(34380, 0, 518, 151, 0, NULL),
(34381, 0, 519, 151, 0, 3.5),
(34382, 0, 520, 151, 1, 24),
(34383, 0, 521, 151, 0, NULL),
(34384, 0, 522, 151, 1, 5.5),
(34385, 0, 523, 151, 1, 5),
(34386, 0, 524, 151, 0, NULL),
(34387, 0, 525, 151, 0, NULL),
(34388, 0, 144, 151, 1, 4.5),
(34389, 0, 145, 151, 1, 5.5),
(34390, 0, 146, 151, 1, 3),
(34391, 0, 147, 151, 0, NULL),
(34392, 0, 148, 151, 1, 7.5),
(34393, 0, 149, 151, 0, NULL),
(34394, 0, 150, 151, 1, 5),
(34395, 0, 151, 151, 1, 11),
(34396, 0, 152, 151, 0, NULL),
(34397, 0, 153, 151, 1, 5),
(34398, 0, 154, 151, 0, 3),
(34399, 0, 155, 151, 1, 4),
(34400, 0, 156, 151, 1, 5),
(34401, 0, 157, 151, 1, 2.5),
(34402, 0, 158, 151, 0, 4),
(34403, 0, 159, 151, 0, 4),
(34404, 0, 160, 151, 0, NULL),
(34405, 0, 161, 151, 1, 17),
(34406, 0, 162, 151, 0, NULL),
(34407, 0, 163, 151, 0, 6),
(34408, 0, 164, 151, 0, NULL),
(34409, 0, 165, 151, 0, NULL),
(34410, 0, 362, 151, 0, NULL),
(34411, 0, 363, 151, 0, NULL),
(34412, 0, 364, 151, 1, 5),
(34413, 0, 366, 151, 1, 4.5),
(34414, 0, 367, 151, 0, NULL),
(34415, 0, 449, 151, 0, NULL),
(34416, 0, 450, 151, 1, 9),
(34417, 0, 451, 151, 0, NULL),
(34418, 0, 452, 151, 1, 6),
(34419, 0, 453, 151, 0, 4),
(34420, 0, 454, 151, 1, 6),
(34421, 0, 455, 151, 1, 6.5),
(34422, 0, 456, 151, 1, 3),
(34423, 0, 457, 151, 1, 5.5),
(34424, 0, 459, 151, 0, 5),
(34425, 0, 461, 151, 1, 5.5),
(34426, 0, 462, 151, 1, 4),
(34427, 0, 463, 151, 0, 5),
(34428, 0, 464, 151, 0, NULL),
(34429, 0, 465, 151, 0, 6),
(34430, 0, 466, 151, 0, 24),
(34431, 0, 468, 151, 0, NULL),
(34432, 0, 296, 151, 1, 3),
(34433, 0, 297, 151, 1, 4),
(34434, 0, 298, 151, 1, 6),
(34435, 0, 299, 151, 1, 3),
(34436, 0, 300, 151, 1, 2),
(34437, 0, 301, 151, 0, NULL),
(34438, 0, 302, 151, 1, 6),
(34439, 0, 303, 151, 1, 17),
(34440, 0, 304, 151, 0, 3),
(34441, 0, 305, 151, 1, 4.5),
(34442, 0, 307, 151, 0, 4),
(34443, 0, 308, 151, 0, NULL),
(34444, 0, 310, 151, 0, 4),
(34445, 0, 312, 151, 1, 11),
(34446, 0, 313, 151, 0, 3.5),
(34447, 0, 316, 151, 1, 6),
(34448, 0, 317, 151, 0, NULL),
(34449, 0, 318, 151, 0, 6.5),
(34450, 0, 320, 151, 1, 48),
(34451, 0, 322, 151, 0, NULL),
(34452, 0, 324, 151, 0, 5),
(34453, 0, 325, 151, 0, NULL),
(34454, 0, 77, 151, 0, NULL),
(34455, 0, 78, 151, 1, 4);
INSERT INTO `playerteamweek` (`id`, `version`, `playerteam`, `week`, `plays`, `points`) VALUES
(34456, 0, 79, 151, 1, 6),
(34457, 0, 81, 151, 1, 6.5),
(34458, 0, 82, 151, 1, 4),
(34459, 0, 83, 151, 1, 6),
(34460, 0, 84, 151, 0, NULL),
(34461, 0, 85, 151, 1, 6),
(34462, 0, 86, 151, 1, 24),
(34463, 0, 87, 151, 1, 10),
(34464, 0, 88, 151, 1, 8),
(34465, 0, 89, 151, 1, 3.5),
(34466, 0, 90, 151, 0, 6),
(34467, 0, 91, 151, 1, 17),
(34468, 0, 93, 151, 0, 6),
(34469, 0, 94, 151, 0, 5),
(34470, 0, 96, 151, 0, NULL),
(34471, 0, 97, 151, 0, 5.5),
(34472, 0, 98, 151, 0, 3),
(34473, 0, 99, 151, 0, 9.5),
(34474, 0, 100, 151, 0, 5),
(34475, 0, 101, 151, 0, NULL),
(34476, 0, 229, 151, 1, 2.5),
(34477, 0, 230, 151, 1, 3),
(34478, 0, 231, 151, 1, 6),
(34479, 0, 232, 151, 1, 4),
(34480, 0, 236, 151, 1, 6),
(34481, 0, 241, 151, 1, 6),
(34482, 0, 244, 151, 1, 9),
(34483, 0, 246, 151, 0, NULL),
(34484, 0, 247, 151, 1, 6.5),
(34485, 0, 248, 151, 0, NULL),
(34486, 0, 250, 151, 0, NULL),
(34487, 0, 251, 151, 0, 6),
(34488, 0, 255, 151, 0, 5),
(34489, 0, 263, 151, 1, 5.5),
(34490, 0, 264, 151, 1, 19),
(34491, 0, 265, 151, 0, 5),
(34492, 0, 266, 151, 0, NULL),
(34493, 0, 268, 151, 1, 4),
(34494, 0, 269, 151, 0, NULL),
(34495, 0, 270, 151, 0, NULL),
(34496, 0, 271, 151, 0, NULL),
(34497, 0, 272, 151, 0, 3),
(34498, 0, 25, 151, 0, NULL),
(34499, 0, 26, 151, 1, 17),
(34500, 0, 27, 151, 1, 2.5),
(34501, 0, 28, 151, 0, NULL),
(34502, 0, 29, 151, 1, 4),
(34503, 0, 30, 151, 1, 6),
(34504, 0, 31, 151, 1, 6),
(34505, 0, 32, 151, 0, NULL),
(34506, 0, 33, 151, 1, 5),
(34507, 0, 34, 151, 0, NULL),
(34508, 0, 35, 151, 1, 4.5),
(34509, 0, 36, 151, 1, 3),
(34510, 0, 37, 151, 0, NULL),
(34511, 0, 38, 151, 0, NULL),
(34512, 0, 40, 151, 1, 6),
(34513, 0, 41, 151, 0, NULL),
(34514, 0, 42, 151, 1, 5),
(34515, 0, 43, 151, 0, NULL),
(34516, 0, 44, 151, 0, NULL),
(34517, 0, 46, 151, 0, NULL),
(34518, 0, 47, 151, 1, 6.5),
(34519, 0, 48, 151, 0, NULL),
(34520, 0, 211, 151, 1, 7),
(34521, 0, 212, 151, 0, 2.5),
(34522, 0, 213, 151, 1, 3),
(34523, 0, 214, 151, 1, 5),
(34524, 0, 215, 151, 0, 4),
(34525, 0, 216, 151, 0, 5),
(34526, 0, 217, 151, 0, 4),
(34527, 0, 219, 151, 1, 10.5),
(34528, 0, 220, 151, 1, 7.5),
(34529, 0, 221, 151, 0, NULL),
(34530, 0, 222, 151, 1, 16),
(34531, 0, 223, 151, 1, 3),
(34532, 0, 224, 151, 1, 4),
(34533, 0, 225, 151, 0, NULL),
(34534, 0, 226, 151, 1, 24),
(34535, 0, 235, 151, 0, NULL),
(34536, 0, 237, 151, 1, 4.5),
(34537, 0, 238, 151, 0, 5),
(34538, 0, 239, 151, 1, 17),
(34539, 0, 249, 151, 0, 9.5),
(34540, 0, 252, 151, 0, NULL),
(34541, 0, 254, 151, 0, 6),
(34542, 0, 274, 151, 0, NULL),
(34543, 0, 275, 151, 1, 7),
(34544, 0, 276, 151, 0, 5),
(34545, 0, 277, 151, 1, 3),
(34546, 0, 278, 151, 0, NULL),
(34547, 0, 279, 151, 1, 5.5),
(34548, 0, 280, 151, 1, 5),
(34549, 0, 281, 151, 0, NULL),
(34550, 0, 282, 151, 0, 5),
(34551, 0, 283, 151, 1, 6),
(34552, 0, 284, 151, 1, 34),
(34553, 0, 285, 151, 1, 6),
(34554, 0, 286, 151, 1, 5),
(34555, 0, 287, 151, 0, 4.5),
(34556, 0, 288, 151, 0, NULL),
(34557, 0, 289, 151, 0, NULL),
(34558, 0, 290, 151, 1, 4.5),
(34559, 0, 291, 151, 1, 24),
(34560, 0, 292, 151, 1, 10),
(34561, 0, 293, 151, 0, NULL),
(34562, 0, 294, 151, 0, 5),
(34563, 0, 295, 151, 0, NULL),
(34564, 0, 49, 151, 1, 2.5),
(34565, 0, 50, 151, 0, 4),
(34566, 0, 52, 151, 0, NULL),
(34567, 0, 53, 151, 1, 6),
(34568, 0, 54, 151, 1, 3),
(34569, 0, 55, 151, 1, 17),
(34570, 0, 56, 151, 1, 10),
(34571, 0, 57, 151, 1, 4.5),
(34572, 0, 58, 151, 1, 4.5),
(34573, 0, 59, 151, 0, NULL),
(34574, 0, 60, 151, 1, 5.5),
(34575, 0, 61, 151, 0, NULL),
(34576, 0, 62, 151, 1, 5),
(34577, 0, 63, 151, 0, 6.5),
(34578, 0, 65, 151, 1, 4),
(34579, 0, 66, 151, 0, NULL),
(34580, 0, 70, 151, 1, 5),
(34581, 0, 72, 151, 0, NULL),
(34582, 0, 73, 151, 0, NULL),
(34583, 0, 74, 151, 0, NULL),
(34584, 0, 75, 151, 0, 3.5),
(34585, 0, 76, 151, 0, NULL),
(35906, 0, 2, 152, 0, 15),
(35907, 0, 3, 152, 1, 7),
(35908, 0, 8, 152, 1, 5),
(35909, 0, 9, 152, 1, 5),
(35910, 0, 11, 152, 0, NULL),
(35911, 0, 12, 152, 1, 11),
(35912, 0, 13, 152, 1, 7),
(35913, 0, 14, 152, 0, NULL),
(35914, 0, 121, 152, 0, NULL),
(35915, 0, 126, 152, 0, NULL),
(35916, 0, 174, 152, 1, 5),
(35917, 0, 175, 152, 1, 4),
(35918, 0, 176, 152, 1, 10.5),
(35919, 0, 177, 152, 0, 3),
(35920, 0, 179, 152, 1, 4),
(35921, 0, 471, 152, 0, NULL),
(35922, 0, 472, 152, 0, NULL),
(35923, 0, 473, 152, 0, 6),
(35924, 0, 475, 152, 1, 4),
(35925, 0, 478, 152, 0, NULL),
(35926, 0, 480, 152, 1, 5.5),
(35927, 0, 481, 152, 0, NULL),
(35928, 0, 482, 152, 1, 7),
(35929, 0, 483, 152, 0, 18),
(35930, 0, 484, 152, 0, 8),
(35931, 0, 485, 152, 1, 3),
(35932, 0, 486, 152, 1, 5),
(35933, 0, 487, 152, 1, 5),
(35934, 0, 488, 152, 0, 5.5),
(35935, 0, 489, 152, 0, 5.5),
(35936, 0, 490, 152, 0, NULL),
(35937, 0, 491, 152, 1, 5),
(35938, 0, 492, 152, 0, NULL),
(35939, 0, 493, 152, 0, NULL),
(35940, 0, 494, 152, 1, 5),
(35941, 0, 495, 152, 1, 5.5),
(35942, 0, 496, 152, 1, 7),
(35943, 0, 497, 152, 0, NULL),
(35944, 0, 498, 152, 1, 17),
(35945, 0, 499, 152, 0, NULL),
(35946, 0, 500, 152, 1, 4),
(35947, 0, 501, 152, 1, 5),
(35948, 0, 502, 152, 0, NULL),
(35949, 0, 503, 152, 0, 5),
(35950, 0, 559, 152, 1, 7),
(35951, 0, 560, 152, 0, NULL),
(35952, 0, 561, 152, 1, 13),
(35953, 0, 562, 152, 1, 3),
(35954, 0, 564, 152, 0, NULL),
(35955, 0, 565, 152, 1, 5),
(35956, 0, 566, 152, 1, 11.5),
(35957, 0, 567, 152, 0, NULL),
(35958, 0, 568, 152, 1, 5),
(35959, 0, 569, 152, 0, 4),
(35960, 0, 570, 152, 1, 10),
(35961, 0, 571, 152, 0, 9),
(35962, 0, 574, 152, 1, 5),
(35963, 0, 575, 152, 1, 6),
(35964, 0, 576, 152, 0, 5),
(35965, 0, 577, 152, 1, 3),
(35966, 0, 578, 152, 0, 4),
(35967, 0, 580, 152, 1, 6.5),
(35968, 0, 581, 152, 0, NULL),
(35969, 0, 582, 152, 0, 5),
(35970, 0, 583, 152, 0, NULL),
(35971, 0, 584, 152, 0, 5),
(35972, 0, 526, 152, 1, 4),
(35973, 0, 527, 152, 0, NULL),
(35974, 0, 528, 152, 1, 6.5),
(35975, 0, 529, 152, 1, 3),
(35976, 0, 530, 152, 1, 5),
(35977, 0, 532, 152, 1, 5.5),
(35978, 0, 533, 152, 0, NULL),
(35979, 0, 534, 152, 1, 6),
(35980, 0, 535, 152, 1, 5),
(35981, 0, 536, 152, 1, 17),
(35982, 0, 538, 152, 0, NULL),
(35983, 0, 539, 152, 0, NULL),
(35984, 0, 540, 152, 0, 9),
(35985, 0, 541, 152, 1, 6.5),
(35986, 0, 542, 152, 1, 9),
(35987, 0, 543, 152, 1, 18),
(35988, 0, 544, 152, 0, NULL),
(35989, 0, 547, 152, 0, NULL),
(35990, 0, 548, 152, 0, 22),
(35991, 0, 549, 152, 0, 18),
(35992, 0, 550, 152, 0, 13),
(35993, 0, 551, 152, 0, NULL),
(35994, 0, 102, 152, 0, 4),
(35995, 0, 103, 152, 1, 17),
(35996, 0, 104, 152, 1, 5),
(35997, 0, 105, 152, 1, 13),
(35998, 0, 106, 152, 1, 4),
(35999, 0, 107, 152, 0, NULL),
(36000, 0, 108, 152, 1, 5),
(36001, 0, 109, 152, 1, 5),
(36002, 0, 110, 152, 0, NULL),
(36003, 0, 111, 152, 1, 5),
(36004, 0, 112, 152, 0, NULL),
(36005, 0, 113, 152, 1, 6.5),
(36006, 0, 117, 152, 1, 4.5),
(36007, 0, 118, 152, 0, NULL),
(36008, 0, 119, 152, 1, 7),
(36009, 0, 123, 152, 1, 6.5),
(36010, 0, 127, 152, 0, 5),
(36011, 0, 128, 152, 0, 6.5),
(36012, 0, 129, 152, 0, 7),
(36013, 0, 130, 152, 0, 5),
(36014, 0, 131, 152, 0, NULL),
(36015, 0, 132, 152, 0, 5),
(36016, 0, 133, 152, 0, 4),
(36017, 0, 134, 152, 1, 17),
(36018, 0, 135, 152, 1, 5),
(36019, 0, 136, 152, 1, 7),
(36020, 0, 137, 152, 1, 6),
(36021, 0, 138, 152, 1, 5.5),
(36022, 0, 139, 152, 0, NULL),
(36023, 0, 140, 152, 0, NULL),
(36024, 0, 141, 152, 0, NULL),
(36025, 0, 142, 152, 0, NULL),
(36026, 0, 143, 152, 1, 5.5),
(36027, 0, 166, 152, 0, NULL),
(36028, 0, 168, 152, 0, 5.5),
(36029, 0, 169, 152, 1, 6),
(36030, 0, 171, 152, 1, 3),
(36031, 0, 172, 152, 0, 3),
(36032, 0, 173, 152, 0, NULL),
(36033, 0, 180, 152, 1, 18),
(36034, 0, 181, 152, 0, NULL),
(36035, 0, 182, 152, 1, 5),
(36036, 0, 183, 152, 1, 5),
(36037, 0, 184, 152, 0, 5),
(36038, 0, 15, 152, 0, NULL),
(36039, 0, 16, 152, 0, NULL),
(36040, 0, 17, 152, 1, 8.5),
(36041, 0, 18, 152, 1, 4),
(36042, 0, 19, 152, 1, 6.5),
(36043, 0, 20, 152, 0, NULL),
(36044, 0, 21, 152, 1, 6),
(36045, 0, 22, 152, 1, 5),
(36046, 0, 24, 152, 0, NULL),
(36047, 0, 418, 152, 1, 10),
(36048, 0, 419, 152, 1, 5),
(36049, 0, 421, 152, 0, NULL),
(36050, 0, 422, 152, 1, 5.5),
(36051, 0, 424, 152, 1, 6.5),
(36052, 0, 426, 152, 0, NULL),
(36053, 0, 430, 152, 1, 6),
(36054, 0, 434, 152, 0, NULL),
(36055, 0, 436, 152, 0, 3.5),
(36056, 0, 438, 152, 0, 5),
(36057, 0, 439, 152, 0, 7),
(36058, 0, 444, 152, 1, 6.5),
(36059, 0, 445, 152, 0, NULL),
(36060, 0, 185, 152, 0, NULL),
(36061, 0, 186, 152, 0, 6.5),
(36062, 0, 187, 152, 1, 13),
(36063, 0, 188, 152, 1, 6),
(36064, 0, 190, 152, 0, NULL),
(36065, 0, 191, 152, 0, NULL),
(36066, 0, 193, 152, 1, 5),
(36067, 0, 195, 152, 0, NULL),
(36068, 0, 196, 152, 1, 5),
(36069, 0, 197, 152, 1, 5),
(36070, 0, 198, 152, 1, 5),
(36071, 0, 199, 152, 0, NULL),
(36072, 0, 201, 152, 1, 6),
(36073, 0, 203, 152, 0, NULL),
(36074, 0, 205, 152, 1, 10),
(36075, 0, 206, 152, 0, 4),
(36076, 0, 208, 152, 0, NULL),
(36077, 0, 209, 152, 0, 5),
(36078, 0, 458, 152, 0, NULL),
(36079, 0, 460, 152, 1, 5.5),
(36080, 0, 467, 152, 1, 7),
(36081, 0, 469, 152, 1, 5),
(36082, 0, 368, 152, 1, 7),
(36083, 0, 374, 152, 0, NULL),
(36084, 0, 375, 152, 1, 13),
(36085, 0, 377, 152, 1, 5),
(36086, 0, 381, 152, 0, NULL),
(36087, 0, 382, 152, 1, 6),
(36088, 0, 384, 152, 0, NULL),
(36089, 0, 389, 152, 1, 7.5),
(36090, 0, 391, 152, 1, 5),
(36091, 0, 393, 152, 1, 5.5),
(36092, 0, 400, 152, 1, 11),
(36093, 0, 404, 152, 0, NULL),
(36094, 0, 408, 152, 0, 5),
(36095, 0, 409, 152, 0, NULL),
(36096, 0, 414, 152, 1, 22),
(36097, 0, 415, 152, 0, NULL),
(36098, 0, 429, 152, 0, 4),
(36099, 0, 432, 152, 1, 6),
(36100, 0, 435, 152, 0, NULL),
(36101, 0, 441, 152, 1, 6.5),
(36102, 0, 446, 152, 0, NULL),
(36103, 0, 448, 152, 0, 5),
(36104, 0, 326, 152, 0, NULL),
(36105, 0, 327, 152, 1, 5),
(36106, 0, 552, 152, 0, NULL),
(36107, 0, 553, 152, 1, 5),
(36108, 0, 554, 152, 0, 3),
(36109, 0, 555, 152, 0, 9),
(36110, 0, 556, 152, 1, 7),
(36111, 0, 557, 152, 0, 5),
(36112, 0, 558, 152, 1, 5.5),
(36113, 0, 585, 152, 1, 13),
(36114, 0, 586, 152, 0, 6),
(36115, 0, 587, 152, 1, 5.5),
(36116, 0, 588, 152, 1, 5),
(36117, 0, 589, 152, 1, 3),
(36118, 0, 590, 152, 0, 6),
(36119, 0, 591, 152, 1, 13),
(36120, 0, 592, 152, 1, 5),
(36121, 0, 593, 152, 0, 4),
(36122, 0, 594, 152, 1, 14),
(36123, 0, 595, 152, 0, 6.5),
(36124, 0, 596, 152, 0, NULL),
(36125, 0, 597, 152, 0, 18),
(36126, 0, 504, 152, 0, NULL),
(36127, 0, 505, 152, 1, 9),
(36128, 0, 506, 152, 0, NULL),
(36129, 0, 507, 152, 1, 13),
(36130, 0, 508, 152, 1, 5),
(36131, 0, 509, 152, 1, 6),
(36132, 0, 510, 152, 1, 3),
(36133, 0, 511, 152, 1, 5),
(36134, 0, 512, 152, 0, NULL),
(36135, 0, 513, 152, 0, NULL),
(36136, 0, 514, 152, 1, 10),
(36137, 0, 515, 152, 1, 5.5),
(36138, 0, 516, 152, 0, NULL),
(36139, 0, 517, 152, 1, 7),
(36140, 0, 518, 152, 0, NULL),
(36141, 0, 519, 152, 0, 5.5),
(36142, 0, 520, 152, 1, 5),
(36143, 0, 521, 152, 0, NULL),
(36144, 0, 522, 152, 0, NULL),
(36145, 0, 523, 152, 1, 5),
(36146, 0, 524, 152, 0, NULL),
(36147, 0, 525, 152, 0, 5),
(36148, 0, 144, 152, 0, NULL),
(36149, 0, 145, 152, 1, 5),
(36150, 0, 146, 152, 1, 5),
(36151, 0, 147, 152, 0, NULL),
(36152, 0, 148, 152, 1, 6.5),
(36153, 0, 149, 152, 1, 17),
(36154, 0, 150, 152, 1, 5),
(36155, 0, 151, 152, 1, 4),
(36156, 0, 152, 152, 1, 4),
(36157, 0, 153, 152, 0, 5),
(36158, 0, 154, 152, 0, NULL),
(36159, 0, 155, 152, 1, 6),
(36160, 0, 156, 152, 1, 5),
(36161, 0, 157, 152, 1, 4),
(36162, 0, 158, 152, 0, 8),
(36163, 0, 159, 152, 0, 13),
(36164, 0, 160, 152, 0, NULL),
(36165, 0, 161, 152, 1, 5),
(36166, 0, 162, 152, 0, NULL),
(36167, 0, 163, 152, 0, 6),
(36168, 0, 164, 152, 0, NULL),
(36169, 0, 165, 152, 0, NULL),
(36170, 0, 362, 152, 0, NULL),
(36171, 0, 363, 152, 1, 9),
(36172, 0, 364, 152, 1, 5),
(36173, 0, 366, 152, 1, 10),
(36174, 0, 367, 152, 0, NULL),
(36175, 0, 449, 152, 0, 5.5),
(36176, 0, 450, 152, 0, NULL),
(36177, 0, 451, 152, 0, NULL),
(36178, 0, 452, 152, 1, 6),
(36179, 0, 453, 152, 1, 3),
(36180, 0, 454, 152, 1, 5),
(36181, 0, 455, 152, 1, 4),
(36182, 0, 456, 152, 0, NULL),
(36183, 0, 457, 152, 1, 7.5),
(36184, 0, 459, 152, 0, 6.5),
(36185, 0, 461, 152, 1, 6),
(36186, 0, 462, 152, 1, 13),
(36187, 0, 463, 152, 0, 5.5),
(36188, 0, 464, 152, 0, 10.5),
(36189, 0, 465, 152, 1, 5.5),
(36190, 0, 466, 152, 0, 5),
(36191, 0, 468, 152, 0, NULL),
(36192, 0, 296, 152, 1, 18),
(36193, 0, 297, 152, 1, 13),
(36194, 0, 298, 152, 1, 6),
(36195, 0, 299, 152, 1, 5),
(36196, 0, 300, 152, 1, 3),
(36197, 0, 301, 152, 0, NULL),
(36198, 0, 302, 152, 1, 10.5),
(36199, 0, 303, 152, 1, 5),
(36200, 0, 304, 152, 0, 5),
(36201, 0, 305, 152, 1, 5),
(36202, 0, 307, 152, 0, 9),
(36203, 0, 308, 152, 0, NULL),
(36204, 0, 310, 152, 0, 3),
(36205, 0, 312, 152, 1, 4.5),
(36206, 0, 313, 152, 0, 5.5),
(36207, 0, 316, 152, 1, 6),
(36208, 0, 317, 152, 0, NULL),
(36209, 0, 318, 152, 0, 3),
(36210, 0, 320, 152, 1, 10),
(36211, 0, 322, 152, 0, NULL),
(36212, 0, 324, 152, 0, NULL),
(36213, 0, 325, 152, 0, NULL),
(36214, 0, 77, 152, 0, NULL),
(36215, 0, 78, 152, 1, 4),
(36216, 0, 79, 152, 1, 5),
(36217, 0, 81, 152, 1, 6.5),
(36218, 0, 82, 152, 0, NULL),
(36219, 0, 83, 152, 1, 14),
(36220, 0, 84, 152, 0, NULL),
(36221, 0, 85, 152, 1, 5.5),
(36222, 0, 86, 152, 1, 5),
(36223, 0, 87, 152, 1, 4),
(36224, 0, 88, 152, 1, 18),
(36225, 0, 89, 152, 1, 5.5),
(36226, 0, 90, 152, 0, 5.5),
(36227, 0, 91, 152, 1, 5),
(36228, 0, 93, 152, 0, 5),
(36229, 0, 94, 152, 0, 22),
(36230, 0, 96, 152, 0, NULL),
(36231, 0, 97, 152, 1, 4.5),
(36232, 0, 98, 152, 0, NULL),
(36233, 0, 99, 152, 0, 5.5),
(36234, 0, 100, 152, 0, 5),
(36235, 0, 101, 152, 0, NULL),
(36236, 0, 229, 152, 1, 4),
(36237, 0, 230, 152, 1, 21),
(36238, 0, 231, 152, 1, 6),
(36239, 0, 232, 152, 1, 13),
(36240, 0, 236, 152, 0, NULL),
(36241, 0, 241, 152, 1, 10),
(36242, 0, 244, 152, 0, NULL),
(36243, 0, 246, 152, 0, NULL),
(36244, 0, 247, 152, 1, 9),
(36245, 0, 248, 152, 0, NULL),
(36246, 0, 250, 152, 0, NULL),
(36247, 0, 251, 152, 1, 5),
(36248, 0, 255, 152, 1, 5),
(36249, 0, 263, 152, 0, NULL),
(36250, 0, 264, 152, 1, 5),
(36251, 0, 265, 152, 1, 4),
(36252, 0, 266, 152, 0, NULL),
(36253, 0, 268, 152, 1, 3),
(36254, 0, 269, 152, 0, NULL),
(36255, 0, 270, 152, 0, NULL),
(36256, 0, 271, 152, 0, NULL),
(36257, 0, 272, 152, 0, 18),
(36258, 0, 25, 152, 1, 17),
(36259, 0, 26, 152, 1, 5),
(36260, 0, 27, 152, 1, 4),
(36261, 0, 28, 152, 0, NULL),
(36262, 0, 29, 152, 1, 13),
(36263, 0, 30, 152, 1, 6),
(36264, 0, 31, 152, 1, 5),
(36265, 0, 32, 152, 0, 6),
(36266, 0, 33, 152, 1, 18),
(36267, 0, 34, 152, 0, NULL),
(36268, 0, 35, 152, 1, 5.5),
(36269, 0, 36, 152, 1, 7),
(36270, 0, 37, 152, 0, NULL),
(36271, 0, 38, 152, 0, NULL),
(36272, 0, 40, 152, 1, 21),
(36273, 0, 41, 152, 0, NULL),
(36274, 0, 42, 152, 0, 4),
(36275, 0, 43, 152, 0, NULL),
(36276, 0, 44, 152, 0, NULL),
(36277, 0, 46, 152, 0, NULL),
(36278, 0, 47, 152, 1, 4),
(36279, 0, 48, 152, 0, NULL),
(36280, 0, 211, 152, 1, 7),
(36281, 0, 212, 152, 0, 4),
(36282, 0, 213, 152, 0, NULL),
(36283, 0, 214, 152, 1, 5.5),
(36284, 0, 215, 152, 0, 13),
(36285, 0, 216, 152, 1, 5),
(36286, 0, 217, 152, 1, 3),
(36287, 0, 219, 152, 0, NULL),
(36288, 0, 220, 152, 1, 6.5),
(36289, 0, 221, 152, 1, 17),
(36290, 0, 222, 152, 1, 3),
(36291, 0, 223, 152, 1, 7),
(36292, 0, 224, 152, 0, NULL),
(36293, 0, 225, 152, 0, NULL),
(36294, 0, 226, 152, 1, 5),
(36295, 0, 235, 152, 0, 10),
(36296, 0, 237, 152, 0, NULL),
(36297, 0, 238, 152, 1, 4),
(36298, 0, 239, 152, 1, 5),
(36299, 0, 249, 152, 0, 5.5),
(36300, 0, 252, 152, 0, NULL),
(36301, 0, 254, 152, 0, 4),
(36302, 0, 274, 152, 1, 18),
(36303, 0, 275, 152, 0, 7),
(36304, 0, 276, 152, 0, 15),
(36305, 0, 277, 152, 0, NULL),
(36306, 0, 278, 152, 1, 6.5),
(36307, 0, 279, 152, 1, 6),
(36308, 0, 280, 152, 1, 6.5),
(36309, 0, 281, 152, 0, 6),
(36310, 0, 282, 152, 0, 4),
(36311, 0, 283, 152, 1, 5),
(36312, 0, 284, 152, 1, 5),
(36313, 0, 285, 152, 1, 6),
(36314, 0, 286, 152, 1, 11.5),
(36315, 0, 287, 152, 0, NULL),
(36316, 0, 288, 152, 0, NULL),
(36317, 0, 289, 152, 0, NULL),
(36318, 0, 290, 152, 1, 5),
(36319, 0, 291, 152, 1, 5),
(36320, 0, 292, 152, 1, 4),
(36321, 0, 293, 152, 0, NULL),
(36322, 0, 294, 152, 0, 2),
(36323, 0, 295, 152, 0, NULL),
(36324, 0, 49, 152, 1, 4),
(36325, 0, 50, 152, 0, 9),
(36326, 0, 52, 152, 1, 6.5),
(36327, 0, 53, 152, 0, NULL),
(36328, 0, 54, 152, 1, 5),
(36329, 0, 55, 152, 1, 5),
(36330, 0, 56, 152, 1, 36),
(36331, 0, 57, 152, 1, 5.5),
(36332, 0, 58, 152, 1, 5),
(36333, 0, 59, 152, 1, 5),
(36334, 0, 60, 152, 0, NULL),
(36335, 0, 61, 152, 0, NULL),
(36336, 0, 62, 152, 1, 6.5),
(36337, 0, 63, 152, 0, 3),
(36338, 0, 65, 152, 0, NULL),
(36339, 0, 66, 152, 1, 10.5),
(36340, 0, 70, 152, 1, 2),
(36341, 0, 72, 152, 0, NULL),
(36342, 0, 73, 152, 0, NULL),
(36343, 0, 74, 152, 0, NULL),
(36344, 0, 75, 152, 0, 5),
(36345, 0, 76, 152, 0, NULL),
(37666, 0, 2, 153, 1, 6.5),
(37667, 0, 3, 153, 0, NULL),
(37668, 0, 8, 153, 1, 6),
(37669, 0, 9, 153, 1, 4.5),
(37670, 0, 11, 153, 1, 12),
(37671, 0, 12, 153, 1, 5.5),
(37672, 0, 13, 153, 1, 19),
(37673, 0, 14, 153, 1, 6),
(37674, 0, 121, 153, 0, NULL),
(37675, 0, 126, 153, 0, 5.5),
(37676, 0, 174, 153, 1, 19),
(37677, 0, 175, 153, 1, 4.5),
(37678, 0, 176, 153, 0, 7),
(37679, 0, 177, 153, 0, NULL),
(37680, 0, 179, 153, 1, 9.5),
(37681, 0, 471, 153, 0, NULL),
(37682, 0, 472, 153, 0, 4),
(37683, 0, 473, 153, 0, 4),
(37684, 0, 475, 153, 0, 6),
(37685, 0, 478, 153, 0, NULL),
(37686, 0, 480, 153, 1, 4),
(37687, 0, 481, 153, 0, 5),
(37688, 0, 482, 153, 0, NULL),
(37689, 0, 483, 153, 1, 8),
(37690, 0, 484, 153, 0, 8),
(37691, 0, 485, 153, 1, 5),
(37692, 0, 486, 153, 1, 4),
(37693, 0, 487, 153, 1, 6),
(37694, 0, 488, 153, 0, 4),
(37695, 0, 489, 153, 0, 4.5),
(37696, 0, 490, 153, 0, NULL),
(37697, 0, 491, 153, 1, 3),
(37698, 0, 492, 153, 0, NULL),
(37699, 0, 493, 153, 1, 6),
(37700, 0, 494, 153, 1, 4.5),
(37701, 0, 495, 153, 1, 4.5),
(37702, 0, 496, 153, 0, 19),
(37703, 0, 497, 153, 0, NULL),
(37704, 0, 498, 153, 1, 10),
(37705, 0, 499, 153, 0, NULL),
(37706, 0, 500, 153, 1, 9.5),
(37707, 0, 501, 153, 0, NULL),
(37708, 0, 502, 153, 1, 5.5),
(37709, 0, 503, 153, 0, 4),
(37710, 0, 559, 153, 0, NULL),
(37711, 0, 560, 153, 1, 4),
(37712, 0, 561, 153, 1, 5.5),
(37713, 0, 562, 153, 1, 5),
(37714, 0, 564, 153, 0, NULL),
(37715, 0, 565, 153, 1, 4.5),
(37716, 0, 566, 153, 1, 8.5),
(37717, 0, 567, 153, 0, NULL),
(37718, 0, 568, 153, 1, 20),
(37719, 0, 569, 153, 0, 9.5),
(37720, 0, 570, 153, 0, NULL),
(37721, 0, 571, 153, 1, 6),
(37722, 0, 574, 153, 1, 5.5),
(37723, 0, 575, 153, 0, 10),
(37724, 0, 576, 153, 1, 19),
(37725, 0, 577, 153, 1, 9.5),
(37726, 0, 578, 153, 0, 9),
(37727, 0, 580, 153, 0, NULL),
(37728, 0, 581, 153, 0, NULL),
(37729, 0, 582, 153, 0, 5),
(37730, 0, 583, 153, 1, 12),
(37731, 0, 584, 153, 0, 5),
(37732, 0, 526, 153, 1, 9),
(37733, 0, 527, 153, 1, 4),
(37734, 0, 528, 153, 1, 4),
(37735, 0, 529, 153, 1, 5),
(37736, 0, 530, 153, 1, 4.5),
(37737, 0, 532, 153, 1, 5.5),
(37738, 0, 533, 153, 1, 6),
(37739, 0, 534, 153, 1, 11),
(37740, 0, 535, 153, 0, NULL),
(37741, 0, 536, 153, 1, 10),
(37742, 0, 538, 153, 0, 5.5),
(37743, 0, 539, 153, 0, 7),
(37744, 0, 540, 153, 0, 6),
(37745, 0, 541, 153, 0, 5),
(37746, 0, 542, 153, 1, 6),
(37747, 0, 543, 153, 1, 6),
(37748, 0, 544, 153, 0, NULL),
(37749, 0, 547, 153, 0, NULL),
(37750, 0, 548, 153, 0, 7),
(37751, 0, 549, 153, 0, 5),
(37752, 0, 550, 153, 0, 5.5),
(37753, 0, 551, 153, 0, NULL),
(37754, 0, 102, 153, 0, 9),
(37755, 0, 103, 153, 1, 10),
(37756, 0, 104, 153, 1, 3.5),
(37757, 0, 105, 153, 1, 5.5),
(37758, 0, 106, 153, 1, 5.5),
(37759, 0, 107, 153, 0, NULL),
(37760, 0, 108, 153, 1, 6),
(37761, 0, 109, 153, 1, 4.5),
(37762, 0, 110, 153, 1, 6),
(37763, 0, 111, 153, 0, NULL),
(37764, 0, 112, 153, 1, 4),
(37765, 0, 113, 153, 0, 5),
(37766, 0, 117, 153, 1, 3),
(37767, 0, 118, 153, 0, NULL),
(37768, 0, 119, 153, 1, 19),
(37769, 0, 123, 153, 0, 5),
(37770, 0, 127, 153, 0, NULL),
(37771, 0, 128, 153, 0, 4),
(37772, 0, 129, 153, 0, NULL),
(37773, 0, 130, 153, 1, 4),
(37774, 0, 131, 153, 0, 4),
(37775, 0, 132, 153, 0, 5),
(37776, 0, 133, 153, 0, 9),
(37777, 0, 134, 153, 1, 10),
(37778, 0, 135, 153, 1, 4.5),
(37779, 0, 136, 153, 0, NULL),
(37780, 0, 137, 153, 1, 11),
(37781, 0, 138, 153, 0, 4.5),
(37782, 0, 139, 153, 1, 6),
(37783, 0, 140, 153, 0, NULL),
(37784, 0, 141, 153, 0, NULL),
(37785, 0, 142, 153, 1, 4),
(37786, 0, 143, 153, 1, 4),
(37787, 0, 166, 153, 1, 5.5),
(37788, 0, 168, 153, 1, 3.5),
(37789, 0, 169, 153, 1, 5),
(37790, 0, 171, 153, 0, 5),
(37791, 0, 172, 153, 0, 5),
(37792, 0, 173, 153, 0, NULL),
(37793, 0, 180, 153, 1, 6),
(37794, 0, 181, 153, 0, NULL),
(37795, 0, 182, 153, 0, NULL),
(37796, 0, 183, 153, 1, 5),
(37797, 0, 184, 153, 0, 19),
(37798, 0, 15, 153, 0, NULL),
(37799, 0, 16, 153, 0, NULL),
(37800, 0, 17, 153, 1, 5),
(37801, 0, 18, 153, 1, 9),
(37802, 0, 19, 153, 1, 4),
(37803, 0, 20, 153, 1, 4),
(37804, 0, 21, 153, 1, 5),
(37805, 0, 22, 153, 1, 4.5),
(37806, 0, 24, 153, 1, 6),
(37807, 0, 418, 153, 1, 38),
(37808, 0, 419, 153, 1, 7),
(37809, 0, 421, 153, 0, 5.5),
(37810, 0, 422, 153, 1, 4.5),
(37811, 0, 424, 153, 1, 5),
(37812, 0, 426, 153, 0, NULL),
(37813, 0, 430, 153, 0, NULL),
(37814, 0, 434, 153, 0, NULL),
(37815, 0, 436, 153, 0, 7),
(37816, 0, 438, 153, 0, 5),
(37817, 0, 439, 153, 0, NULL),
(37818, 0, 444, 153, 0, 5),
(37819, 0, 445, 153, 0, 4),
(37820, 0, 185, 153, 0, NULL),
(37821, 0, 186, 153, 0, 4),
(37822, 0, 187, 153, 1, 5.5),
(37823, 0, 188, 153, 1, 5),
(37824, 0, 190, 153, 1, 12),
(37825, 0, 191, 153, 0, NULL),
(37826, 0, 193, 153, 1, 19),
(37827, 0, 195, 153, 0, NULL),
(37828, 0, 196, 153, 1, 4),
(37829, 0, 197, 153, 1, 5),
(37830, 0, 198, 153, 0, 6),
(37831, 0, 199, 153, 0, NULL),
(37832, 0, 201, 153, 1, 5),
(37833, 0, 203, 153, 0, NULL),
(37834, 0, 205, 153, 0, NULL),
(37835, 0, 206, 153, 0, 9),
(37836, 0, 208, 153, 0, 6),
(37837, 0, 209, 153, 0, 7),
(37838, 0, 458, 153, 1, 4),
(37839, 0, 460, 153, 1, 4.5),
(37840, 0, 467, 153, 1, 19),
(37841, 0, 469, 153, 1, 3.5),
(37842, 0, 368, 153, 0, NULL),
(37843, 0, 374, 153, 0, NULL),
(37844, 0, 375, 153, 1, 5.5),
(37845, 0, 377, 153, 1, 5),
(37846, 0, 381, 153, 1, 4),
(37847, 0, 382, 153, 0, 6),
(37848, 0, 384, 153, 0, 4),
(37849, 0, 389, 153, 1, 7),
(37850, 0, 391, 153, 1, 4.5),
(37851, 0, 393, 153, 0, NULL),
(37852, 0, 400, 153, 1, 6),
(37853, 0, 404, 153, 1, 6),
(37854, 0, 408, 153, 0, 5),
(37855, 0, 409, 153, 1, 12),
(37856, 0, 414, 153, 1, 7),
(37857, 0, 415, 153, 0, NULL),
(37858, 0, 429, 153, 0, 9),
(37859, 0, 432, 153, 0, 4.5),
(37860, 0, 435, 153, 0, 6),
(37861, 0, 441, 153, 1, 5),
(37862, 0, 446, 153, 0, 5.5),
(37863, 0, 448, 153, 0, NULL),
(37864, 0, 326, 153, 0, NULL),
(37865, 0, 327, 153, 1, 19),
(37866, 0, 552, 153, 0, 4),
(37867, 0, 553, 153, 1, 5),
(37868, 0, 554, 153, 0, 9.5),
(37869, 0, 555, 153, 1, 6),
(37870, 0, 556, 153, 0, NULL),
(37871, 0, 557, 153, 0, 5),
(37872, 0, 558, 153, 1, 4.5),
(37873, 0, 585, 153, 1, 8),
(37874, 0, 586, 153, 0, 6),
(37875, 0, 587, 153, 1, 4),
(37876, 0, 588, 153, 1, 5),
(37877, 0, 589, 153, 1, 8),
(37878, 0, 590, 153, 0, 5),
(37879, 0, 591, 153, 1, 5.5),
(37880, 0, 592, 153, 1, 4.5),
(37881, 0, 593, 153, 0, 4),
(37882, 0, 594, 153, 1, 6),
(37883, 0, 595, 153, 0, 5),
(37884, 0, 596, 153, 0, NULL),
(37885, 0, 597, 153, 0, 8),
(37886, 0, 504, 153, 0, NULL),
(37887, 0, 505, 153, 1, 6),
(37888, 0, 506, 153, 0, NULL),
(37889, 0, 507, 153, 1, 5.5),
(37890, 0, 508, 153, 1, 4),
(37891, 0, 509, 153, 1, 5),
(37892, 0, 510, 153, 0, NULL),
(37893, 0, 511, 153, 0, 6),
(37894, 0, 512, 153, 0, 4),
(37895, 0, 513, 153, 1, 6),
(37896, 0, 514, 153, 1, 9),
(37897, 0, 515, 153, 1, 6),
(37898, 0, 516, 153, 1, 4),
(37899, 0, 517, 153, 0, 19),
(37900, 0, 518, 153, 0, NULL),
(37901, 0, 519, 153, 0, 5.5),
(37902, 0, 520, 153, 1, 19),
(37903, 0, 521, 153, 0, NULL),
(37904, 0, 522, 153, 1, 6),
(37905, 0, 523, 153, 1, 4),
(37906, 0, 524, 153, 0, 4),
(37907, 0, 525, 153, 0, 5),
(37908, 0, 144, 153, 1, 6),
(37909, 0, 145, 153, 1, 20),
(37910, 0, 146, 153, 0, NULL),
(37911, 0, 147, 153, 0, NULL),
(37912, 0, 148, 153, 1, 4),
(37913, 0, 149, 153, 1, 10),
(37914, 0, 150, 153, 1, 3.5),
(37915, 0, 151, 153, 1, 4),
(37916, 0, 152, 153, 0, NULL),
(37917, 0, 153, 153, 0, 4),
(37918, 0, 154, 153, 0, 22),
(37919, 0, 155, 153, 1, 6),
(37920, 0, 156, 153, 1, 5),
(37921, 0, 157, 153, 1, 9),
(37922, 0, 158, 153, 0, 8),
(37923, 0, 159, 153, 1, 5.5),
(37924, 0, 160, 153, 0, 4.5),
(37925, 0, 161, 153, 1, 4.5),
(37926, 0, 162, 153, 0, NULL),
(37927, 0, 163, 153, 0, 3),
(37928, 0, 164, 153, 0, NULL),
(37929, 0, 165, 153, 0, NULL),
(37930, 0, 362, 153, 1, 5.5),
(37931, 0, 363, 153, 1, 5),
(37932, 0, 364, 153, 1, 4),
(37933, 0, 366, 153, 0, NULL),
(37934, 0, 367, 153, 0, NULL),
(37935, 0, 449, 153, 0, NULL),
(37936, 0, 450, 153, 1, 12),
(37937, 0, 451, 153, 0, NULL),
(37938, 0, 452, 153, 1, 5),
(37939, 0, 453, 153, 0, NULL),
(37940, 0, 454, 153, 1, 20),
(37941, 0, 455, 153, 1, 4),
(37942, 0, 456, 153, 1, 6),
(37943, 0, 457, 153, 1, 7),
(37944, 0, 459, 153, 0, 5),
(37945, 0, 461, 153, 1, 4),
(37946, 0, 462, 153, 1, 5.5),
(37947, 0, 463, 153, 0, 4),
(37948, 0, 464, 153, 0, 7),
(37949, 0, 465, 153, 0, 5.5),
(37950, 0, 466, 153, 0, 19),
(37951, 0, 468, 153, 0, NULL),
(37952, 0, 296, 153, 1, 5),
(37953, 0, 297, 153, 1, 5.5),
(37954, 0, 298, 153, 1, 5),
(37955, 0, 299, 153, 1, 4),
(37956, 0, 300, 153, 1, 5.5),
(37957, 0, 301, 153, 0, 4),
(37958, 0, 302, 153, 1, 7),
(37959, 0, 303, 153, 1, 4.5),
(37960, 0, 304, 153, 0, NULL),
(37961, 0, 305, 153, 0, NULL),
(37962, 0, 307, 153, 0, 6),
(37963, 0, 308, 153, 0, NULL),
(37964, 0, 310, 153, 0, NULL),
(37965, 0, 312, 153, 1, 4),
(37966, 0, 313, 153, 0, 5),
(37967, 0, 316, 153, 1, 5),
(37968, 0, 317, 153, 0, NULL),
(37969, 0, 318, 153, 0, 5),
(37970, 0, 320, 153, 1, 38),
(37971, 0, 322, 153, 0, NULL),
(37972, 0, 324, 153, 1, 5),
(37973, 0, 325, 153, 0, 4),
(37974, 0, 77, 153, 0, NULL),
(37975, 0, 78, 153, 1, 4.5),
(37976, 0, 79, 153, 1, 6),
(37977, 0, 81, 153, 1, 5),
(37978, 0, 82, 153, 0, NULL),
(37979, 0, 83, 153, 1, 38),
(37980, 0, 84, 153, 1, 6),
(37981, 0, 85, 153, 1, 7),
(37982, 0, 86, 153, 1, 19),
(37983, 0, 87, 153, 1, 10),
(37984, 0, 88, 153, 1, 8),
(37985, 0, 89, 153, 1, 5),
(37986, 0, 90, 153, 0, 4.5),
(37987, 0, 91, 153, 1, 4.5),
(37988, 0, 93, 153, 0, 5),
(37989, 0, 94, 153, 0, 7),
(37990, 0, 96, 153, 0, 6),
(37991, 0, 97, 153, 0, NULL),
(37992, 0, 98, 153, 0, 22),
(37993, 0, 99, 153, 0, 3.5),
(37994, 0, 100, 153, 0, 5),
(37995, 0, 101, 153, 0, NULL),
(37996, 0, 229, 153, 1, 9),
(37997, 0, 230, 153, 1, 11),
(37998, 0, 231, 153, 1, 3),
(37999, 0, 232, 153, 1, 5.5),
(38000, 0, 236, 153, 1, 4),
(38001, 0, 241, 153, 1, 15),
(38002, 0, 244, 153, 0, NULL),
(38003, 0, 246, 153, 0, NULL),
(38004, 0, 247, 153, 1, 6),
(38005, 0, 248, 153, 0, NULL),
(38006, 0, 250, 153, 0, NULL),
(38007, 0, 251, 153, 0, 6),
(38008, 0, 255, 153, 0, 6),
(38009, 0, 263, 153, 1, 6),
(38010, 0, 264, 153, 1, 6.5),
(38011, 0, 265, 153, 1, 5),
(38012, 0, 266, 153, 0, NULL),
(38013, 0, 268, 153, 1, 5.5),
(38014, 0, 269, 153, 0, NULL),
(38015, 0, 270, 153, 0, NULL),
(38016, 0, 271, 153, 0, NULL),
(38017, 0, 272, 153, 0, 5),
(38018, 0, 25, 153, 1, 10),
(38019, 0, 26, 153, 1, 4.5),
(38020, 0, 27, 153, 1, 9),
(38021, 0, 28, 153, 0, NULL),
(38022, 0, 29, 153, 1, 5.5),
(38023, 0, 30, 153, 1, 3),
(38024, 0, 31, 153, 1, 6),
(38025, 0, 32, 153, 0, 4.5),
(38026, 0, 33, 153, 1, 6),
(38027, 0, 34, 153, 0, NULL),
(38028, 0, 35, 153, 1, 6),
(38029, 0, 36, 153, 1, 19),
(38030, 0, 37, 153, 1, 5.5),
(38031, 0, 38, 153, 0, NULL),
(38032, 0, 40, 153, 1, 11),
(38033, 0, 41, 153, 0, NULL),
(38034, 0, 42, 153, 0, 11),
(38035, 0, 43, 153, 0, NULL),
(38036, 0, 44, 153, 0, NULL),
(38037, 0, 46, 153, 0, NULL),
(38038, 0, 47, 153, 0, 4),
(38039, 0, 48, 153, 0, 5),
(38040, 0, 211, 153, 0, NULL),
(38041, 0, 212, 153, 0, 9),
(38042, 0, 213, 153, 1, 6),
(38043, 0, 214, 153, 1, 4),
(38044, 0, 215, 153, 0, 5.5),
(38045, 0, 216, 153, 0, 5),
(38046, 0, 217, 153, 0, NULL),
(38047, 0, 219, 153, 1, 4),
(38048, 0, 220, 153, 1, 4),
(38049, 0, 221, 153, 1, 10),
(38050, 0, 222, 153, 1, 8),
(38051, 0, 223, 153, 1, 19),
(38052, 0, 224, 153, 0, NULL),
(38053, 0, 225, 153, 0, NULL),
(38054, 0, 226, 153, 1, 19),
(38055, 0, 235, 153, 0, NULL),
(38056, 0, 237, 153, 1, 6),
(38057, 0, 238, 153, 0, 2),
(38058, 0, 239, 153, 1, 4.5),
(38059, 0, 249, 153, 1, 3.5),
(38060, 0, 252, 153, 0, NULL),
(38061, 0, 254, 153, 0, 9.5),
(38062, 0, 274, 153, 1, 10),
(38063, 0, 275, 153, 0, NULL),
(38064, 0, 276, 153, 0, 6.5),
(38065, 0, 277, 153, 1, 6),
(38066, 0, 278, 153, 1, 4),
(38067, 0, 279, 153, 1, 4),
(38068, 0, 280, 153, 1, 5),
(38069, 0, 281, 153, 0, 4.5),
(38070, 0, 282, 153, 0, 11),
(38071, 0, 283, 153, 0, NULL),
(38072, 0, 284, 153, 1, 4.5),
(38073, 0, 285, 153, 1, 5),
(38074, 0, 286, 153, 1, 8.5),
(38075, 0, 287, 153, 1, 5.5),
(38076, 0, 288, 153, 0, NULL),
(38077, 0, 289, 153, 0, NULL),
(38078, 0, 290, 153, 0, NULL),
(38079, 0, 291, 153, 1, 19),
(38080, 0, 292, 153, 1, 10),
(38081, 0, 293, 153, 0, NULL),
(38082, 0, 294, 153, 0, NULL),
(38083, 0, 295, 153, 0, NULL),
(38084, 0, 49, 153, 1, 9),
(38085, 0, 50, 153, 0, 6),
(38086, 0, 52, 153, 1, 4),
(38087, 0, 53, 153, 1, 4),
(38088, 0, 54, 153, 1, 4),
(38089, 0, 55, 153, 1, 4.5),
(38090, 0, 56, 153, 1, 12),
(38091, 0, 57, 153, 1, 6),
(38092, 0, 58, 153, 0, NULL),
(38093, 0, 59, 153, 1, 5),
(38094, 0, 60, 153, 1, 6),
(38095, 0, 61, 153, 0, NULL),
(38096, 0, 62, 153, 0, 5),
(38097, 0, 63, 153, 0, 5),
(38098, 0, 65, 153, 0, NULL),
(38099, 0, 66, 153, 1, 7),
(38100, 0, 70, 153, 0, NULL),
(38101, 0, 72, 153, 0, NULL),
(38102, 0, 73, 153, 0, NULL),
(38103, 0, 74, 153, 0, NULL),
(38104, 0, 75, 153, 1, 5.5),
(38105, 0, 76, 153, 0, NULL);

-- --------------------------------------------------------

--
-- Estructura de tabla para la tabla `playerweek`
--

CREATE TABLE IF NOT EXISTS `playerweek` (
  `id` bigint(20) NOT NULL auto_increment,
  `version` bigint(20) NOT NULL default '0',
  `player` bigint(20) NOT NULL,
  `week` bigint(20) NOT NULL,
  `totalPoints` double default NULL,
  `olePoints` double default NULL,
  `cleanGoal` tinyint(1) default NULL,
  `ownGoal` int(11) default NULL,
  `mom` tinyint(1) default NULL,
  `goals` int(11) default NULL,
  `penaltyGoals` int(11) default NULL,
  `freeKickGoals` int(11) default NULL,
  `missedPenalties` int(11) default NULL,
  `cachedPenalties` int(11) default NULL,
  `yellowCard` tinyint(1) default NULL,
  `redCard` tinyint(1) default NULL,
  PRIMARY KEY  (`id`),
  UNIQUE KEY `UK_PlayerWeek_player_week` (`player`,`week`),
  KEY `FK_PlayerWeek_player` (`player`),
  KEY `FK_PlayerWeek_week` (`week`)
) ENGINE=InnoDB DEFAULT CHARSET=latin1 AUTO_INCREMENT=1 ;

--
-- Volcar la base de datos para la tabla `playerweek`
--


-- --------------------------------------------------------

--
-- Estructura de tabla para la tabla `positionteamweek`
--

CREATE TABLE IF NOT EXISTS `positionteamweek` (
  `id` bigint(20) NOT NULL auto_increment,
  `version` bigint(20) NOT NULL default '0',
  `team` bigint(20) NOT NULL,
  `week` bigint(20) NOT NULL,
  `category` bigint(20) default NULL,
  `position` int(11) default NULL,
  `points` double default NULL,
  `weekPoints` double default NULL,
  PRIMARY KEY  (`id`),
  UNIQUE KEY `UK_PositionTeamWeek_team_week` (`team`,`week`),
  KEY `FK_PositionTeamWeek_team` (`team`),
  KEY `FK_PositionTeamWeek_week` (`week`),
  KEY `FK_PositionTeamWeek_category` (`category`)
) ENGINE=InnoDB  DEFAULT CHARSET=latin1 AUTO_INCREMENT=1721 ;

--
-- Volcar la base de datos para la tabla `positionteamweek`
--

INSERT INTO `positionteamweek` (`id`, `version`, `team`, `week`, `category`, `position`, `points`, `weekPoints`) VALUES
(81, 1, 52, 139, 2, 1, 79.5, 79.5),
(82, 1, 53, 139, 1, 6, 65, 65),
(83, 1, 54, 139, 2, 10, 0, 0),
(84, 1, 55, 139, 1, 2, 72, 72),
(85, 1, 56, 139, 1, 9, 59.5, 59.5),
(86, 1, 57, 139, 1, 4, 67.5, 67.5),
(87, 1, 58, 139, 1, 8, 61, 61),
(88, 1, 59, 139, 2, 9, 59.5, 59.5),
(89, 1, 60, 139, 2, 2, 68.5, 68.5),
(90, 1, 61, 139, 1, 10, 34, 34),
(91, 1, 62, 139, 2, 3, 65, 65),
(92, 1, 63, 139, 1, 1, 81.5, 81.5),
(93, 1, 64, 139, 2, 6, 64, 64),
(94, 1, 65, 139, 2, 7, 63, 63),
(95, 1, 66, 139, 2, 4, 64.5, 64.5),
(96, 1, 67, 139, 1, 7, 62.5, 62.5),
(97, 1, 68, 139, 1, 5, 66.5, 66.5),
(98, 1, 69, 139, 1, 3, 72, 72),
(99, 1, 70, 139, 2, 5, 64.5, 64.5),
(100, 1, 71, 139, 2, 8, 60.5, 60.5),
(321, 1, 52, 140, 2, 1, 178.5, 99),
(322, 1, 53, 140, 1, 6, 154.5, 89.5),
(323, 1, 54, 140, 2, 10, 96.5, 96.5),
(324, 1, 55, 140, 1, 1, 182.5, 110.5),
(325, 1, 56, 140, 1, 7, 151.5, 92),
(326, 1, 57, 140, 1, 3, 168, 100.5),
(327, 1, 58, 140, 1, 4, 160.5, 99.5),
(328, 1, 59, 140, 2, 7, 127, 67.5),
(329, 1, 60, 140, 2, 4, 131, 62.5),
(330, 1, 61, 140, 1, 10, 123, 89),
(331, 1, 62, 140, 2, 6, 130.5, 65.5),
(332, 1, 63, 140, 1, 2, 178.5, 97),
(333, 1, 64, 140, 2, 5, 131, 67),
(334, 1, 65, 140, 2, 8, 124, 61),
(335, 1, 66, 140, 2, 3, 132.5, 68),
(336, 1, 67, 140, 1, 9, 132.5, 70),
(337, 1, 68, 140, 1, 8, 142, 75.5),
(338, 1, 69, 140, 1, 5, 156, 84),
(339, 1, 70, 140, 2, 2, 143.5, 79),
(340, 1, 71, 140, 2, 9, 122, 61.5),
(461, 1, 52, 141, 2, 1, 247.5, 69),
(462, 1, 53, 141, 1, 6, 232, 77.5),
(463, 1, 54, 141, 2, 10, 175.5, 79),
(464, 1, 55, 141, 1, 4, 236, 53.5),
(465, 1, 56, 141, 1, 2, 261.5, 110),
(466, 1, 57, 141, 1, 7, 230.5, 62.5),
(467, 1, 58, 141, 1, 3, 244.5, 84),
(468, 1, 59, 141, 2, 8, 199, 72),
(469, 1, 60, 141, 2, 5, 207, 76),
(470, 1, 61, 141, 1, 5, 233.5, 110.5),
(471, 1, 62, 141, 2, 7, 202, 71.5),
(472, 1, 63, 141, 1, 1, 265, 86.5),
(473, 1, 64, 141, 2, 3, 210, 79),
(474, 1, 65, 141, 2, 4, 208, 84),
(475, 1, 66, 141, 2, 6, 206, 73.5),
(476, 1, 67, 141, 1, 10, 202, 69.5),
(477, 1, 68, 141, 1, 9, 224.5, 82.5),
(478, 1, 69, 141, 1, 8, 228, 72),
(479, 1, 70, 141, 2, 2, 222, 78.5),
(480, 1, 71, 141, 2, 9, 183.5, 61.5),
(561, 1, 52, 142, 2, 1, 310, 62.5),
(562, 1, 53, 142, 1, 4, 329, 97),
(563, 1, 54, 142, 2, 10, 237.5, 62),
(564, 1, 55, 142, 1, 8, 309.5, 73.5),
(565, 1, 56, 142, 1, 1, 350.5, 89),
(566, 1, 57, 142, 1, 7, 316, 85.5),
(567, 1, 58, 142, 1, 2, 345.5, 101),
(568, 1, 59, 142, 2, 4, 289, 90),
(569, 1, 60, 142, 2, 8, 283, 76),
(570, 1, 61, 142, 1, 5, 325, 91.5),
(571, 1, 62, 142, 2, 3, 290.5, 88.5),
(572, 1, 63, 142, 1, 3, 336.5, 71.5),
(573, 1, 64, 142, 2, 5, 287.5, 77.5),
(574, 1, 65, 142, 2, 6, 285.5, 77.5),
(575, 1, 66, 142, 2, 2, 298.5, 92.5),
(576, 1, 67, 142, 1, 10, 260.5, 58.5),
(577, 1, 68, 142, 1, 6, 316.5, 92),
(578, 1, 69, 142, 1, 9, 307, 79),
(579, 1, 70, 142, 2, 7, 285, 63),
(580, 1, 71, 142, 2, 9, 249, 65.5),
(701, 1, 52, 143, 2, 1, 399.5, 89.5),
(702, 1, 53, 143, 1, 5, 402, 73),
(703, 1, 54, 143, 2, 10, 303.5, 66),
(704, 1, 55, 143, 1, 7, 394.5, 85),
(705, 1, 56, 143, 1, 1, 423.5, 73),
(706, 1, 57, 143, 1, 8, 383.5, 67.5),
(707, 1, 58, 143, 1, 3, 411, 65.5),
(708, 1, 59, 143, 2, 5, 371, 82),
(709, 1, 60, 143, 2, 6, 361, 78),
(710, 1, 61, 143, 1, 6, 401, 76),
(711, 1, 62, 143, 2, 2, 388.5, 98),
(712, 1, 63, 143, 1, 4, 403, 66.5),
(713, 1, 64, 143, 2, 4, 376, 88.5),
(714, 1, 65, 143, 2, 8, 349, 63.5),
(715, 1, 66, 143, 2, 3, 380, 81.5),
(716, 1, 67, 143, 1, 10, 330, 69.5),
(717, 1, 68, 143, 1, 2, 412.5, 96),
(718, 1, 69, 143, 1, 9, 355.5, 48.5),
(719, 1, 70, 143, 2, 7, 354, 69),
(720, 1, 71, 143, 2, 9, 340, 91),
(781, 1, 52, 144, 2, 1, 458, 58.5),
(782, 1, 53, 144, 1, 6, 463, 61),
(783, 1, 54, 144, 2, 10, 363.5, 60),
(784, 1, 55, 144, 1, 5, 467, 72.5),
(785, 1, 56, 144, 1, 1, 499, 75.5),
(786, 1, 57, 144, 1, 8, 440, 56.5),
(787, 1, 58, 144, 1, 2, 496, 85),
(788, 1, 59, 144, 2, 5, 434, 63),
(789, 1, 60, 144, 2, 6, 433, 72),
(790, 1, 61, 144, 1, 3, 481.5, 80.5),
(791, 1, 62, 144, 2, 3, 438, 49.5),
(792, 1, 63, 144, 1, 7, 461, 58),
(793, 1, 64, 144, 2, 2, 444.5, 68.5),
(794, 1, 65, 144, 2, 8, 411, 62),
(795, 1, 66, 144, 2, 4, 435.5, 55.5),
(796, 1, 67, 144, 1, 9, 408, 78),
(797, 1, 68, 144, 1, 4, 476, 63.5),
(798, 1, 69, 144, 1, 10, 402.5, 47),
(799, 1, 70, 144, 2, 7, 415.5, 61.5),
(800, 1, 71, 144, 2, 9, 401.5, 61.5),
(861, 1, 52, 145, 2, 1, 517.5, 59.5),
(862, 1, 53, 145, 1, 5, 524.5, 61.5),
(863, 1, 54, 145, 2, 10, 421.5, 58),
(864, 1, 55, 145, 1, 6, 516.5, 49.5),
(865, 1, 56, 145, 1, 2, 552, 53),
(866, 1, 57, 145, 1, 8, 481.5, 41.5),
(867, 1, 58, 145, 1, 1, 556, 60),
(868, 1, 59, 145, 2, 4, 506, 72),
(869, 1, 60, 145, 2, 5, 502.5, 69.5),
(870, 1, 61, 145, 1, 3, 540.5, 59),
(871, 1, 62, 145, 2, 3, 507, 69),
(872, 1, 63, 145, 1, 7, 510.5, 49.5),
(873, 1, 64, 145, 2, 2, 516.5, 72),
(874, 1, 65, 145, 2, 7, 469.5, 58.5),
(875, 1, 66, 145, 2, 6, 496.5, 61),
(876, 1, 67, 145, 1, 10, 455.5, 47.5),
(877, 1, 68, 145, 1, 4, 530.5, 54.5),
(878, 1, 69, 145, 1, 9, 463.5, 61),
(879, 1, 70, 145, 2, 8, 467.5, 52),
(880, 1, 71, 145, 2, 9, 460.5, 59),
(1021, 1, 52, 146, 2, 2, 592, 74.5),
(1022, 1, 53, 146, 1, 5, 605, 80.5),
(1023, 1, 54, 146, 2, 10, 501.5, 80),
(1024, 1, 55, 146, 1, 6, 589, 72.5),
(1025, 1, 56, 146, 1, 1, 637.5, 85.5),
(1026, 1, 57, 146, 1, 8, 568.5, 87),
(1027, 1, 58, 146, 1, 2, 624.5, 68.5),
(1028, 1, 59, 146, 2, 1, 596, 90),
(1029, 1, 60, 146, 2, 5, 574, 71.5),
(1030, 1, 61, 146, 1, 4, 613, 72.5),
(1031, 1, 62, 146, 2, 6, 563.5, 56.5),
(1032, 1, 63, 146, 1, 7, 569.5, 59),
(1033, 1, 64, 146, 2, 4, 577.5, 61),
(1034, 1, 65, 146, 2, 9, 530, 60.5),
(1035, 1, 66, 146, 2, 3, 578.5, 82),
(1036, 1, 67, 146, 1, 10, 549.5, 94),
(1037, 1, 68, 146, 1, 3, 619, 88.5),
(1038, 1, 69, 146, 1, 9, 554.5, 91),
(1039, 1, 70, 146, 2, 7, 561.5, 94),
(1040, 1, 71, 146, 2, 8, 530.5, 70),
(1081, 1, 52, 147, 2, 2, 646, 54),
(1082, 1, 53, 147, 1, 5, 666.5, 61.5),
(1083, 1, 54, 147, 2, 10, 567, 65.5),
(1084, 1, 55, 147, 1, 4, 667.5, 78.5),
(1085, 1, 56, 147, 1, 2, 698.5, 61),
(1086, 1, 57, 147, 1, 7, 653, 84.5),
(1087, 1, 58, 147, 1, 3, 681.5, 57),
(1088, 1, 59, 147, 2, 1, 672.5, 76.5),
(1089, 1, 60, 147, 2, 5, 630.5, 56.5),
(1090, 1, 61, 147, 1, 6, 663.5, 50.5),
(1091, 1, 62, 147, 2, 8, 605.5, 42),
(1092, 1, 63, 147, 1, 8, 628, 58.5),
(1093, 1, 64, 147, 2, 4, 631.5, 54),
(1094, 1, 65, 147, 2, 9, 582, 52),
(1095, 1, 66, 147, 2, 3, 633.5, 55),
(1096, 1, 67, 147, 1, 9, 622.5, 73),
(1097, 1, 68, 147, 1, 1, 704, 85),
(1098, 1, 69, 147, 1, 10, 603, 48.5),
(1099, 1, 70, 147, 2, 7, 613.5, 52),
(1100, 1, 71, 147, 2, 6, 622.5, 92),
(1161, 1, 52, 148, 2, 3, 749.5, 103.5),
(1162, 1, 53, 148, 1, 7, 734.5, 68),
(1163, 1, 54, 148, 2, 9, 663.5, 96.5),
(1164, 1, 55, 148, 1, 5, 740.5, 73),
(1165, 1, 56, 148, 1, 1, 772.5, 74),
(1166, 1, 57, 148, 1, 4, 747, 94),
(1167, 1, 58, 148, 1, 2, 769, 87.5),
(1168, 1, 59, 148, 2, 1, 774, 101.5),
(1169, 1, 60, 148, 2, 6, 699.5, 69),
(1170, 1, 61, 148, 1, 6, 740.5, 77),
(1171, 1, 62, 148, 2, 4, 703.5, 98),
(1172, 1, 63, 148, 1, 8, 724.5, 96.5),
(1173, 1, 64, 148, 2, 2, 750, 118.5),
(1174, 1, 65, 148, 2, 10, 645.5, 63.5),
(1175, 1, 66, 148, 2, 5, 700.5, 67),
(1176, 1, 67, 148, 1, 9, 703.5, 81),
(1177, 1, 68, 148, 1, 3, 759.5, 55.5),
(1178, 1, 69, 148, 1, 10, 687, 84),
(1179, 1, 70, 148, 2, 8, 668.5, 55),
(1180, 1, 71, 148, 2, 7, 690.5, 68),
(1241, 1, 52, 149, 2, 2, 816.5, 67),
(1242, 1, 53, 149, 1, 7, 790, 55.5),
(1243, 1, 54, 149, 2, 8, 730.5, 67),
(1244, 1, 55, 149, 1, 5, 796.5, 56),
(1245, 1, 56, 149, 1, 1, 840.5, 68),
(1246, 1, 57, 149, 1, 6, 796, 49),
(1247, 1, 58, 149, 1, 2, 828.5, 59.5),
(1248, 1, 59, 149, 2, 1, 853.5, 79.5),
(1249, 1, 60, 149, 2, 6, 769, 69.5),
(1250, 1, 61, 149, 1, 4, 805, 64.5),
(1251, 1, 62, 149, 2, 5, 781, 77.5),
(1252, 1, 63, 149, 1, 8, 780.5, 56),
(1253, 1, 64, 149, 2, 3, 815, 65),
(1254, 1, 65, 149, 2, 10, 718, 72.5),
(1255, 1, 66, 149, 2, 4, 793, 92.5),
(1256, 1, 67, 149, 1, 9, 767.5, 64),
(1257, 1, 68, 149, 1, 3, 821.5, 62),
(1258, 1, 69, 149, 1, 10, 748.5, 61.5),
(1259, 1, 70, 149, 2, 9, 724, 55.5),
(1260, 1, 71, 149, 2, 7, 748.5, 58),
(1401, 1, 52, 150, 2, 2, 908.5, 92),
(1402, 1, 53, 150, 1, 8, 857, 67),
(1403, 1, 54, 150, 2, 8, 805.5, 75),
(1404, 1, 55, 150, 1, 4, 885.5, 89),
(1405, 1, 56, 150, 1, 3, 898, 57.5),
(1406, 1, 57, 150, 1, 7, 861, 65),
(1407, 1, 58, 150, 1, 2, 899.5, 71),
(1408, 1, 59, 150, 2, 1, 944, 90.5),
(1409, 1, 60, 150, 2, 6, 848.5, 79.5),
(1410, 1, 61, 150, 1, 1, 908.5, 103.5),
(1411, 1, 62, 150, 2, 5, 856, 75),
(1412, 1, 63, 150, 1, 6, 866, 85.5),
(1413, 1, 64, 150, 2, 4, 865, 50),
(1414, 1, 65, 150, 2, 10, 799.5, 81.5),
(1415, 1, 66, 150, 2, 3, 877.5, 84.5),
(1416, 1, 67, 150, 1, 10, 826, 58.5),
(1417, 1, 68, 150, 1, 5, 878.5, 57),
(1418, 1, 69, 150, 1, 9, 839.5, 91),
(1419, 1, 70, 150, 2, 9, 804, 80),
(1420, 1, 71, 150, 2, 7, 806, 57.5),
(1541, 1, 52, 151, 2, 2, 997.5, 89),
(1542, 1, 53, 151, 1, 6, 945, 88),
(1543, 1, 54, 151, 2, 9, 878.5, 73),
(1544, 1, 55, 151, 1, 4, 951, 65.5),
(1545, 1, 56, 151, 1, 3, 969.5, 71.5),
(1546, 1, 57, 151, 1, 5, 949, 88),
(1547, 1, 58, 151, 1, 2, 985, 85.5),
(1548, 1, 59, 151, 2, 1, 1045.5, 101.5),
(1549, 1, 60, 151, 2, 5, 922, 73.5),
(1550, 1, 61, 151, 1, 1, 1021.5, 113),
(1551, 1, 62, 151, 2, 4, 953.5, 97.5),
(1552, 1, 63, 151, 1, 9, 936, 70),
(1553, 1, 64, 151, 2, 6, 920, 55),
(1554, 1, 65, 151, 2, 8, 910, 110.5),
(1555, 1, 66, 151, 2, 3, 972.5, 95),
(1556, 1, 67, 151, 1, 10, 897.5, 71.5),
(1557, 1, 68, 151, 1, 7, 944, 65.5),
(1558, 1, 69, 151, 1, 8, 941, 101.5),
(1559, 1, 70, 151, 2, 7, 914, 110),
(1560, 1, 71, 151, 2, 10, 873, 67),
(1621, 1, 52, 152, 2, 2, 1065.5, 68),
(1622, 1, 53, 152, 1, 7, 1013.5, 68.5),
(1623, 1, 54, 152, 2, 10, 953.5, 75),
(1624, 1, 55, 152, 1, 5, 1036.5, 85.5),
(1625, 1, 56, 152, 1, 4, 1048, 78.5),
(1626, 1, 57, 152, 1, 6, 1032, 83),
(1627, 1, 58, 152, 1, 2, 1054.5, 69.5),
(1628, 1, 59, 152, 2, 1, 1118, 72.5),
(1629, 1, 60, 152, 2, 5, 1016.5, 94.5),
(1630, 1, 61, 152, 1, 1, 1102.5, 81),
(1631, 1, 62, 152, 2, 4, 1027, 73.5),
(1632, 1, 63, 152, 1, 9, 1002.5, 66.5),
(1633, 1, 64, 152, 2, 7, 994, 74),
(1634, 1, 65, 152, 2, 6, 996, 86),
(1635, 1, 66, 152, 2, 3, 1049.5, 77),
(1636, 1, 67, 152, 1, 10, 982.5, 85),
(1637, 1, 68, 152, 1, 3, 1049.5, 105.5),
(1638, 1, 69, 152, 1, 8, 1009, 68),
(1639, 1, 70, 152, 2, 8, 992.5, 78.5),
(1640, 1, 71, 152, 2, 9, 964, 91),
(1701, 1, 52, 153, 2, 3, 1162, 96.5),
(1702, 1, 53, 153, 1, 9, 1079.5, 66),
(1703, 1, 54, 153, 2, 9, 1053, 99.5),
(1704, 1, 55, 153, 1, 5, 1107.5, 71),
(1705, 1, 56, 153, 1, 4, 1119, 71),
(1706, 1, 57, 153, 1, 7, 1096.5, 64.5),
(1707, 1, 58, 153, 1, 2, 1146.5, 92),
(1708, 1, 59, 153, 2, 1, 1204.5, 86.5),
(1709, 1, 60, 153, 2, 6, 1078.5, 62),
(1710, 1, 61, 153, 1, 1, 1178, 75.5),
(1711, 1, 62, 153, 2, 4, 1101.5, 74.5),
(1712, 1, 63, 153, 1, 8, 1080, 77.5),
(1713, 1, 64, 153, 2, 8, 1072, 78),
(1714, 1, 65, 153, 2, 5, 1084.5, 88.5),
(1715, 1, 66, 153, 2, 2, 1162.5, 113),
(1716, 1, 67, 153, 1, 10, 1059, 76.5),
(1717, 1, 68, 153, 1, 3, 1135, 85.5),
(1718, 1, 69, 153, 1, 6, 1097, 88),
(1719, 1, 70, 153, 2, 7, 1074, 81.5),
(1720, 1, 71, 153, 2, 10, 1031, 67);

-- --------------------------------------------------------

--
-- Estructura de tabla para la tabla `team`
--

CREATE TABLE IF NOT EXISTS `team` (
  `id` bigint(20) NOT NULL auto_increment,
  `version` bigint(20) NOT NULL default '0',
  `name` varchar(255) NOT NULL,
  `user` bigint(20) NOT NULL,
  `category` bigint(20) NOT NULL,
  `isClosed` tinyint(1) NOT NULL,
  `tactic` varchar(255) default NULL,
  PRIMARY KEY  (`id`),
  UNIQUE KEY `UK_Team_name` (`name`),
  KEY `FK_Team_user` (`user`),
  KEY `FK_Team_category` (`category`)
) ENGINE=InnoDB  DEFAULT CHARSET=latin1 AUTO_INCREMENT=72 ;

--
-- Volcar la base de datos para la tabla `team`
--

INSERT INTO `team` (`id`, `version`, `name`, `user`, `category`, `isClosed`, `tactic`) VALUES
(52, 4, 'Ni un Pelo de Tonto', 52, 2, 1, '3-4-3'),
(53, 2, 'HRG F.C.', 53, 1, 1, '3-4-3'),
(54, 3, 'Viejita Stone', 54, 2, 1, '3-5-2'),
(55, 3, 'TRES', 55, 1, 1, '3-5-2'),
(56, 3, '15 de Octubre', 56, 1, 1, '3-5-2'),
(57, 4, 'Red Bull', 57, 1, 1, '3-4-3'),
(58, 4, 'Capussoto F.C.', 58, 1, 1, '3-4-3'),
(59, 4, 'QEE', 59, 2, 1, '4-3-3'),
(60, 5, 'GWT FC', 60, 2, 1, '3-5-2'),
(61, 5, 'Chapita de Cerveza Fóbal Clus', 61, 1, 1, '3-4-3'),
(62, 3, 'Los Super Ratones', 62, 2, 1, '3-4-3'),
(63, 3, 'La Bandita', 63, 1, 1, '3-5-2'),
(64, 4, 'Magia Oscura', 64, 2, 1, '4-4-2'),
(65, 3, 'A.C. Decano', 65, 2, 1, '3-5-2'),
(66, 4, 'La Filial', 66, 2, 1, '3-5-2'),
(67, 2, 'Hidrocarburo', 67, 1, 1, '4-4-2'),
(68, 2, 'Gran Cuñado', 68, 1, 1, '3-5-2'),
(69, 3, 'Último Recurso', 69, 1, 1, '3-4-3'),
(70, 3, 'Rompehuesos AC', 70, 2, 1, '3-4-3'),
(71, 5, 'Los Golosos', 71, 2, 1, '3-4-3');

-- --------------------------------------------------------

--
-- Estructura de tabla para la tabla `user`
--

CREATE TABLE IF NOT EXISTS `user` (
  `id` bigint(20) NOT NULL auto_increment,
  `version` bigint(20) NOT NULL default '0',
  `firstname` varchar(255) NOT NULL,
  `lastname` varchar(255) NOT NULL,
  `username` varchar(255) NOT NULL,
  `password` varchar(255) NOT NULL,
  `email` varchar(255) NOT NULL,
  PRIMARY KEY  (`id`),
  UNIQUE KEY `UK_User_username` (`username`),
  UNIQUE KEY `UK_User_firstname_lastname` (`firstname`,`lastname`)
) ENGINE=InnoDB  DEFAULT CHARSET=latin1 AUTO_INCREMENT=73 ;

--
-- Volcar la base de datos para la tabla `user`
--

INSERT INTO `user` (`id`, `version`, `firstname`, `lastname`, `username`, `password`, `email`) VALUES
(1, 3, 'prueba', 'prueba', 'prueba', 'cHJ1ZWJh', 'grandt@waretech.com.ar'),
(52, 2, 'Ricardo', 'Berl', 'Pela', 'cGVsYQ==', 'rickyberl@hotmail.com'),
(53, 4, 'Leandro', 'Soncini', 'Chochi', 'Y2hvY2hp', 'leandrosoncini@hotmail.com'),
(54, 2, 'Francisco', 'Tabellione', 'Tabe', 'anVuaW9y', 'ftabe76@hotmail.com'),
(55, 5, 'Esteban', 'Sabbione', 'Tete', 'MTI5OTg4', 'tetesabbione@hotmail.com'),
(56, 3, 'Tomas', 'Condorelli', 'Tommy', 'Y2FzY294Mg==', 'tonyvelamazan@hotmail.com'),
(57, 4, 'Martin', 'Aristia', 'Martin', 'bWFydGlu', 'm.aristia@gmail.com'),
(58, 2, 'Franco', 'Condorelli', 'Catalano', 'Y2F0YWxhbm8=', 'cachosaccardi@hotmail.com'),
(59, 5, 'Nicolas', 'Condorelli', 'Coco', 'UGluY2hhMDE=', 'ncondorelli@exiros.com'),
(60, 16, 'Augusto', 'Soncini', 'Augusto', 'U29uY2luaQ==', 'augustosoncini@hotmail.com'),
(61, 3, 'Matias', 'Condorelli', 'Pepi', 'UGVwaQ==', 'maticondorelli@gmail.com'),
(62, 9, 'Mauro', 'Pennacchioni', 'Rata', 'MTMxMTc2', 'mpennach@gmail.com'),
(63, 3, 'Emilio', 'Tabellione', 'Emi', 'MTI4MzEz', 'etabe114@hotmail.com'),
(64, 6, 'Andres', 'Garcí­a Olivares', 'Negro', 'Z28wNjE5NzY=', 'a_garciaolivares@hotmail.com'),
(65, 5, 'Guillermo', 'Vallina', 'Guillote', 'MTI3Mjkw', 'gdvallina@fibertel.com.ar'),
(66, 5, 'Mauro', 'Di Benni', 'Papucho', 'MTI5OTM0', 'patodb@hotmail.com'),
(67, 3, 'Adriano', 'Mucelli', 'Tano', 'dGFubw==', 'aumucelli@gmail.com'),
(68, 15, 'Fabian', 'Sabbione', 'Cunado', 'NTk4NDcz', 'fabiansabbione@hotmail.com'),
(69, 2, 'Sebastian', 'Fiori', 'Chocho', 'Y2hvY2hv', 'fioriseba@hotmail.com'),
(70, 3, 'Ignacio', 'Soncini', 'Iki', 'Z2F5', 'ikisoncini@hotmail.com'),
(71, 2, 'Gaston', 'Messineo', 'Vivi', 'dml2aQ==', 'gastonmessineo@hotmail.com'),
(72, 2, 'Luciano', 'Mucelli', 'Luchi', 'bHVjaGk=', 'luciano.mucelli@gmail.com');

-- --------------------------------------------------------

--
-- Estructura de tabla para la tabla `useraccess`
--

CREATE TABLE IF NOT EXISTS `useraccess` (
  `id` bigint(20) NOT NULL auto_increment,
  `version` bigint(20) NOT NULL default '0',
  `user` bigint(20) NOT NULL,
  `access` bigint(20) NOT NULL,
  PRIMARY KEY  (`id`),
  KEY `FK_UserAccess_user` (`user`),
  KEY `FK_UserAccess_access` (`access`)
) ENGINE=InnoDB  DEFAULT CHARSET=latin1 AUTO_INCREMENT=112 ;

--
-- Volcar la base de datos para la tabla `useraccess`
--

INSERT INTO `useraccess` (`id`, `version`, `user`, `access`) VALUES
(1, 0, 60, 1),
(2, 0, 60, 2),
(3, 0, 60, 3),
(4, 0, 60, 13),
(5, 0, 60, 14),
(40, 0, 59, 1),
(41, 0, 59, 2),
(42, 0, 59, 13),
(93, 0, 60, 15),
(94, 0, 60, 16),
(95, 0, 60, 17),
(96, 0, 59, 15),
(97, 0, 59, 16),
(100, 0, 55, 1),
(101, 0, 55, 2),
(102, 0, 60, 18),
(105, 0, 53, 1),
(106, 0, 53, 2),
(107, 0, 59, 17),
(108, 0, 56, 1),
(109, 0, 56, 2),
(110, 0, 69, 1),
(111, 0, 69, 2);

-- --------------------------------------------------------

--
-- Estructura de tabla para la tabla `week`
--

CREATE TABLE IF NOT EXISTS `week` (
  `id` bigint(20) NOT NULL auto_increment,
  `version` bigint(20) NOT NULL default '0',
  `number` int(11) NOT NULL,
  PRIMARY KEY  (`id`),
  UNIQUE KEY `UK_Week_number` (`number`)
) ENGINE=InnoDB  DEFAULT CHARSET=latin1 AUTO_INCREMENT=154 ;

--
-- Volcar la base de datos para la tabla `week`
--

INSERT INTO `week` (`id`, `version`, `number`) VALUES
(139, 0, 1),
(140, 0, 2),
(141, 0, 3),
(142, 0, 4),
(143, 0, 5),
(144, 0, 6),
(145, 0, 7),
(146, 0, 8),
(147, 0, 9),
(148, 0, 10),
(149, 0, 11),
(150, 0, 12),
(151, 0, 13),
(152, 0, 14),
(153, 0, 15);

--
-- Filtros para las tablas descargadas (dump)
--

--
-- Filtros para la tabla `match_`
--
ALTER TABLE `match_`
  ADD CONSTRAINT `FK_Match_awayClub` FOREIGN KEY (`awayClub`) REFERENCES `club` (`id`),
  ADD CONSTRAINT `FK_Match_homeClub` FOREIGN KEY (`homeClub`) REFERENCES `club` (`id`),
  ADD CONSTRAINT `FK_Match_week` FOREIGN KEY (`week`) REFERENCES `week` (`id`);

--
-- Filtros para la tabla `player`
--
ALTER TABLE `player`
  ADD CONSTRAINT `FK_Player_club` FOREIGN KEY (`club`) REFERENCES `club` (`id`),
  ADD CONSTRAINT `FK_Player_position` FOREIGN KEY (`position`) REFERENCES `playerposition` (`id`);

--
-- Filtros para la tabla `playermatch`
--
ALTER TABLE `playermatch`
  ADD CONSTRAINT `FK_PlayerMatch_match` FOREIGN KEY (`match_`) REFERENCES `match_` (`id`),
  ADD CONSTRAINT `FK_PlayerMatch_player` FOREIGN KEY (`player`) REFERENCES `player` (`id`);

--
-- Filtros para la tabla `playerteam`
--
ALTER TABLE `playerteam`
  ADD CONSTRAINT `FK_PlayerTeam_player` FOREIGN KEY (`player`) REFERENCES `player` (`id`),
  ADD CONSTRAINT `FK_PlayerTeam_team` FOREIGN KEY (`team`) REFERENCES `team` (`id`);

--
-- Filtros para la tabla `playerteamweek`
--
ALTER TABLE `playerteamweek`
  ADD CONSTRAINT `FK_PlayerTeamWeek_playerteam` FOREIGN KEY (`playerteam`) REFERENCES `playerteam` (`id`),
  ADD CONSTRAINT `FK_PlayerTeamWeek_week` FOREIGN KEY (`week`) REFERENCES `week` (`id`);

--
-- Filtros para la tabla `playerweek`
--
ALTER TABLE `playerweek`
  ADD CONSTRAINT `FK_PlayerWeek_player` FOREIGN KEY (`player`) REFERENCES `player` (`id`),
  ADD CONSTRAINT `FK_PlayerWeek_week` FOREIGN KEY (`week`) REFERENCES `week` (`id`);

--
-- Filtros para la tabla `positionteamweek`
--
ALTER TABLE `positionteamweek`
  ADD CONSTRAINT `FK_PositionTeamWeek_category` FOREIGN KEY (`category`) REFERENCES `category` (`id`),
  ADD CONSTRAINT `FK_PositionTeamWeek_team` FOREIGN KEY (`team`) REFERENCES `team` (`id`),
  ADD CONSTRAINT `FK_PositionTeamWeek_week` FOREIGN KEY (`week`) REFERENCES `week` (`id`);

--
-- Filtros para la tabla `team`
--
ALTER TABLE `team`
  ADD CONSTRAINT `FK_Team_category` FOREIGN KEY (`category`) REFERENCES `category` (`id`),
  ADD CONSTRAINT `FK_Team_user` FOREIGN KEY (`user`) REFERENCES `user` (`id`);

--
-- Filtros para la tabla `useraccess`
--
ALTER TABLE `useraccess`
  ADD CONSTRAINT `FK_UserAccess_access` FOREIGN KEY (`access`) REFERENCES `access` (`id`),
  ADD CONSTRAINT `FK_UserAccess_user` FOREIGN KEY (`user`) REFERENCES `user` (`id`);

SET FOREIGN_KEY_CHECKS=1;
